side,horizon_minutes,feature_count,ctx_body_atr_bucket,ctx_body_direction,train_sample_size,train_success_rate,train_avg_return_atr,train_median_return_atr,train_avg_mfe_atr,train_avg_mae_atr,test_sample_size,test_success_rate,test_avg_return_atr,test_median_return_atr,test_avg_mfe_atr,test_avg_mae_atr,baseline_train_success_rate,baseline_test_success_rate,baseline_train_avg_return_atr,baseline_test_avg_return_atr,train_success_lift,test_success_lift,train_return_lift,test_return_lift,candidate_status,feature_1,feature_2,ctx_range_atr_bucket,ctx_dist_ema20_atr_bucket,ctx_sweep_high,ctx_dist_donchian_high20_atr_bucket,ctx_dist_donchian_low20_atr_bucket,ctx_sweep_low
DOWN,5,2,Q1_LOW,-1,1403,0.45759087669280113,-0.03271499892856406,-0.06640316205477897,1.16580529140546,1.243464964723516,602,0.4717607973421927,-0.11196218927666111,-0.06175192480546633,1.0481362158861438,1.2716665282234616,0.5537287140340575,0.5668949771689498,0.16726775773193228,0.185651650524687,-0.09613783734125642,-0.09513417982675709,-0.19998275666049634,-0.2976138398013481,ROBUST_NEGATIVE,ctx_body_atr_bucket,ctx_body_direction,,,,,,
DOWN,5,2,Q1_LOW,1,1031,0.38991270611057227,-0.195421813255891,-0.23303457106293735,1.0410655986135355,1.4386568359678278,442,0.4004524886877828,-0.23592243618613176,-0.22939554851848099,0.9929779188917371,1.4958884328811273,0.5537287140340575,0.5668949771689498,0.16726775773193228,0.185651650524687,-0.16381600792348527,-0.16644248848116694,-0.3626895709878233,-0.42157408671081875,ROBUST_NEGATIVE,ctx_body_atr_bucket,ctx_body_direction,,,,,,
DOWN,5,2,Q2,1,684,0.3157894736842105,-0.5098491269030786,-0.4256841133503598,0.7743058412513124,1.695442910146467,294,0.37755102040816324,-0.279547867160524,-0.21339782499342722,0.9170530858509107,1.5443049668305249,0.5537287140340575,0.5668949771689498,0.16726775773193228,0.185651650524687,-0.23793924034984704,-0.18934395676078652,-0.6771168846350109,-0.46519951768521095,ROBUST_NEGATIVE,ctx_body_atr_bucket,ctx_body_direction,,,,,,
DOWN,5,2,Q3,-1,2256,0.6152482269503546,0.28285032913492325,0.2335977521402617,1.5292815778951558,0.9058590246028508,967,0.6359875904860393,0.2835409296027268,0.29985228951251186,1.4737498741463386,0.8527944445402471,0.5537287140340575,0.5668949771689498,0.16726775773193228,0.185651650524687,0.06151951291629709,0.06909261331708949,0.11558257140299097,0.09788927907803982,ROBUST_POSITIVE,ctx_body_atr_bucket,ctx_body_direction,,,,,,
DOWN,5,2,Q3,1,346,0.23699421965317918,-0.6196631304949285,-0.627779434980178,0.5335185380221521,1.7663122669313773,149,0.24161073825503357,-0.5008541036690906,-0.5743319533309073,0.559678623466743,1.8894338811729168,0.5537287140340575,0.5668949771689498,0.16726775773193228,0.185651650524687,-0.31673449438087836,-0.3252842389139162,-0.7869308882268607,-0.6865057541937776,ROBUST_NEGATIVE,ctx_body_atr_bucket,ctx_body_direction,,,,,,
DOWN,5,2,Q4_HIGH,-1,2543,0.7829335430593787,0.7762703185272982,0.6683127572015823,2.0855360264149176,0.45090665164785965,1091,0.766269477543538,0.7450127292991295,0.6353955375253338,1.962221787070688,0.4712806732037293,0.5537287140340575,0.5668949771689498,0.16726775773193228,0.185651650524687,0.22920482902532113,0.19937450037458826,0.609002560795366,0.5593610787744425,ROBUST_POSITIVE,ctx_body_atr_bucket,ctx_body_direction,,,,,,
DOWN,5,2,Q4_HIGH,1,93,0.11827956989247312,-0.8218867411929649,-1.0868364528996088,0.4841626544126907,2.12921822212253,40,0.175,-0.4479089561955811,-0.5399162419412724,0.459605731068652,1.709683134305358,0.5537287140340575,0.5668949771689498,0.16726775773193228,0.185651650524687,-0.4354491441415844,-0.3918949771689498,-0.9891544989248972,-0.633560606720268,ROBUST_NEGATIVE,ctx_body_atr_bucket,ctx_body_direction,,,,,,
UP,5,2,Q1_LOW,-1,1003,0.38783649052841473,-0.2571825116472974,-0.219392752203502,0.9209277157963127,1.509654994883116,430,0.35348837209302325,-0.29835383798007226,-0.25857276143478486,0.9328385643430849,1.5258707313582267,0.5402492088607594,0.5364559298569451,0.1312407600198671,0.11074128443402043,-0.1524127183323447,-0.18296755776392187,-0.3884232716671645,-0.4090951224140927,ROBUST_NEGATIVE,ctx_body_atr_bucket,ctx_body_direction,,,,,,
UP,5,2,Q1_LOW,1,1397,0.4416607015032212,-0.13893666458926784,-0.16230539913894387,1.0740338948877997,1.3302533021407945,600,0.45666666666666667,-0.08861094314196828,-0.06825600458313646,1.0895555651441042,1.269506484174792,0.5402492088607594,0.5364559298569451,0.1312407600198671,0.11074128443402043,-0.09858850735753827,-0.07978926319027846,-0.27017742460913496,-0.1993522275759887,ROBUST_NEGATIVE,ctx_body_atr_bucket,ctx_body_direction,,,,,,
UP,5,2,Q2,-1,647,0.28438948995363217,-0.512578662968545,-0.4175126903555745,0.7189180880926489,1.6827649702167782,278,0.27697841726618705,-0.4557935340198792,-0.5419401595675063,0.7647216851716194,1.6824687778300258,0.5402492088607594,0.5364559298569451,0.1312407600198671,0.11074128443402043,-0.2558597189071273,-0.2594775125907581,-0.6438194229884121,-0.5665348184538996,ROBUST_NEGATIVE,ctx_body_atr_bucket,ctx_body_direction,,,,,,
UP,5,2,Q2,1,1784,0.5072869955156951,-0.017282648885522993,-0.018853299798572247,1.2014784992220637,1.2159006866968844,765,0.4993464052287582,-0.013616800390562797,-0.06608569353672732,1.2640935246850113,1.1717348362239395,0.5402492088607594,0.5364559298569451,0.1312407600198671,0.11074128443402043,-0.03296221334506433,-0.03710952462818695,-0.1485234089053901,-0.12435808482458323,ROBUST_NEGATIVE,ctx_body_atr_bucket,ctx_body_direction,,,,,,
UP,5,2,Q3,-1,318,0.20440251572327045,-0.6554706684726095,-0.6293755357812079,0.5201791781859811,1.9109272325356466,137,0.23357664233576642,-0.8516090527230361,-0.696579298089635,0.4227145080705517,1.9945471063638647,0.5402492088607594,0.5364559298569451,0.1312407600198671,0.11074128443402043,-0.335846693137489,-0.3028792875211787,-0.7867114284924765,-0.9623503371570565,ROBUST_NEGATIVE,ctx_body_atr_bucket,ctx_body_direction,,,,,,
UP,5,2,Q3,1,2197,0.594446973145198,0.22416467640548932,0.1988483685220025,1.4178471236938288,0.9705960311950456,942,0.5817409766454352,0.21926085027335257,0.15154781569483294,1.4187822171766125,0.9870847301496948,0.5402492088607594,0.5364559298569451,0.1312407600198671,0.11074128443402043,0.054197764284438565,0.0452850467884901,0.09292391638562222,0.10851956583933214,ROBUST_POSITIVE,ctx_body_atr_bucket,ctx_body_direction,,,,,,
UP,5,2,Q4_HIGH,-1,118,0.059322033898305086,-1.0676221428913442,-1.1606485458900258,0.10000100362591285,2.2804999623528586,51,0.09803921568627451,-1.2305654995932873,-1.0151057401812393,0.09077813130650554,2.41708704016606,0.5402492088607594,0.5364559298569451,0.1312407600198671,0.11074128443402043,-0.48092717496245435,-0.43841671417067063,-1.1988629029112112,-1.3413067840273079,ROBUST_NEGATIVE,ctx_body_atr_bucket,ctx_body_direction,,,,,,
UP,5,2,Q4_HIGH,1,2619,0.7563955708285606,0.7593799486190733,0.7033816425120125,2.0028820053019203,0.4852524603029583,1123,0.7569011576135352,0.6932901193779945,0.608177172061624,1.939644677144239,0.5124638882539266,0.5402492088607594,0.5364559298569451,0.1312407600198671,0.11074128443402043,0.21614636196780113,0.22044522775659003,0.6281391885992063,0.582548834943974,ROBUST_POSITIVE,ctx_body_atr_bucket,ctx_body_direction,,,,,,
DOWN,5,2,Q1_LOW,,1253,0.4381484437350359,-0.06987741870914763,-0.11819333051910545,1.1132813938120514,1.2808171616136477,537,0.478584729981378,-0.07256595508081155,-0.06370318515931006,1.025784963748534,1.2527800399514564,0.5537287140340575,0.5668949771689498,0.16726775773193228,0.185651650524687,-0.11558027029902163,-0.08831024718757174,-0.2371451764410799,-0.25821760560549856,ROBUST_NEGATIVE,ctx_body_atr_bucket,ctx_range_atr_bucket,Q1_LOW,,,,,
DOWN,5,2,Q1_LOW,,723,0.41217150760719223,-0.22459585261745965,-0.1855880353498303,1.016445560949606,1.3796154159191643,311,0.4212218649517685,-0.2332697889014266,-0.23324694557608008,1.052105334708048,1.4408577499599124,0.5537287140340575,0.5668949771689498,0.16726775773193228,0.185651650524687,-0.1415572064268653,-0.14567311221718127,-0.39186361034939193,-0.4189214394261136,ROBUST_NEGATIVE,ctx_body_atr_bucket,ctx_range_atr_bucket,Q2,,,,,
DOWN,5,2,Q1_LOW,,359,0.4011142061281337,-0.14703037705635652,-0.08975834292276738,1.077342674356612,1.4036969174092289,155,0.3741935483870968,-0.2505856107265983,-0.20854922279794322,0.9869037721878876,1.5150070695975077,0.5537287140340575,0.5668949771689498,0.16726775773193228,0.185651650524687,-0.15261450790592385,-0.19270142878185298,-0.31429813478828883,-0.43623726125128526,ROBUST_NEGATIVE,ctx_body_atr_bucket,ctx_range_atr_bucket,Q3,,,,,
DOWN,5,2,Q2,,955,0.47958115183246075,-0.012063090074140905,-0.06461538461484063,1.1463467713335562,1.1669015549583948,410,0.4609756097560976,-0.12523789546556113,-0.03637869587483668,1.1494381844008912,1.2423804087882562,0.5537287140340575,0.5668949771689498,0.16726775773193228,0.185651650524687,-0.0741475622015968,-0.10591936741285218,-0.1793308478060732,-0.3108895459902481,ROBUST_NEGATIVE,ctx_body_atr_bucket,ctx_range_atr_bucket,Q1_LOW,,,,,
DOWN,5,2,Q2,,162,0.3950617283950617,-0.5293851234665328,-0.38283743310251445,0.9117135016838123,1.591151994057734,70,0.37142857142857144,-0.29565634329682633,-0.09811905964542685,1.1408791840981642,1.5631679669705263,0.5537287140340575,0.5668949771689498,0.16726775773193228,0.185651650524687,-0.15866698563899584,-0.19546640574037832,-0.696652881198465,-0.48130799382151335,ROBUST_NEGATIVE,ctx_body_atr_bucket,ctx_range_atr_bucket,Q4_HIGH,,,,,
DOWN,5,2,Q4_HIGH,,695,0.7165467625899281,0.5156421982197769,0.45344129554650353,1.7675038898905597,0.6655028889311785,299,0.68561872909699,0.5005814299562541,0.392392392392062,1.5288631901589296,0.6776002911679249,0.5537287140340575,0.5668949771689498,0.16726775773193228,0.185651650524687,0.16281804855587056,0.11872375192804019,0.3483744404878446,0.3149297794315671,ROBUST_POSITIVE,ctx_body_atr_bucket,ctx_range_atr_bucket,Q3,,,,,
DOWN,5,2,Q4_HIGH,,1866,0.7786709539121115,0.8114720349417699,0.7129424116300724,2.1493743457917076,0.4474081303383866,801,0.7740324594257179,0.8038539142689476,0.6959537572253012,2.082139287834494,0.43218534305570533,0.5537287140340575,0.5668949771689498,0.16726775773193228,0.185651650524687,0.22494223987805395,0.2071374822567681,0.6442042772098376,0.6182022637442606,ROBUST_POSITIVE,ctx_body_atr_bucket,ctx_range_atr_bucket,Q4_HIGH,,,,,
UP,5,2,Q1_LOW,,1241,0.4262691377921031,-0.12382362149742182,-0.16492146596887217,1.0297107085395096,1.300343476675414,532,0.4191729323308271,-0.1921266662654946,-0.1672804858377662,1.0104791811498852,1.3141053237220899,0.5402492088607594,0.5364559298569451,0.1312407600198671,0.11074128443402043,-0.11398007106865632,-0.11728299752611804,-0.25506438151728894,-0.302867950699515,ROBUST_NEGATIVE,ctx_body_atr_bucket,ctx_range_atr_bucket,Q1_LOW,,,,,
UP,5,2,Q1_LOW,,686,0.4110787172011662,-0.3008971341207019,-0.28650233811544285,0.9722263993062937,1.4988670599616258,295,0.376271186440678,-0.3074079906038848,-0.344086021505345,0.9562579617388677,1.4883586497141073,0.5402492088607594,0.5364559298569451,0.1312407600198671,0.11074128443402043,-0.12917049165959327,-0.16018474341626715,-0.432137894140569,-0.4181492750379052,ROBUST_NEGATIVE,ctx_body_atr_bucket,ctx_range_atr_bucket,Q2,,,,,
UP,5,2,Q1_LOW,,380,0.42894736842105263,-0.18605255296430742,-0.11710034625019713,1.0221205559375424,1.5118514721651335,163,0.44171779141104295,-0.0573520514256101,-0.03730017761985878,1.0401343206670541,1.41124659340383,0.5402492088607594,0.5364559298569451,0.1312407600198671,0.11074128443402043,-0.11130184043970681,-0.09473813844590218,-0.3172933129841745,-0.16809333585963052,ROBUST_NEGATIVE,ctx_body_atr_bucket,ctx_range_atr_bucket,Q3,,,,,
UP,5,2,Q2,,935,0.46951871657754013,-0.06647181181326396,-0.13079499383058324,1.1367016299832349,1.2635546847330736,402,0.4601990049751244,-0.06387905347995922,-0.07914336669894334,1.150605333906248,1.2034487762590778,0.5402492088607594,0.5364559298569451,0.1312407600198671,0.11074128443402043,-0.07073049228321932,-0.07625692488182073,-0.19771257183313107,-0.17462033791397963,ROBUST_NEGATIVE,ctx_body_atr_bucket,ctx_range_atr_bucket,Q1_LOW,,,,,
UP,5,2,Q2,,816,0.42769607843137253,-0.2803642722419357,-0.20948751853538627,1.0288250372026215,1.4342073776240174,351,0.42735042735042733,-0.25998565110419536,-0.3170394918531383,1.0595400662017922,1.3765652678752243,0.5402492088607594,0.5364559298569451,0.1312407600198671,0.11074128443402043,-0.11255313042938692,-0.10910550250651779,-0.4116050322618028,-0.3707269355382158,ROBUST_NEGATIVE,ctx_body_atr_bucket,ctx_range_atr_bucket,Q2,,,,,
UP,5,2,Q2,,525,0.46476190476190476,-0.044146880728686104,0.0054284606432851166,1.086623080191462,1.3073409628064185,225,0.4488888888888889,-0.03603776549416736,-0.06293706293716618,1.1498083736690776,1.294954367406505,0.5402492088607594,0.5364559298569451,0.1312407600198671,0.11074128443402043,-0.07548730409885468,-0.08756704096805623,-0.1753876407485532,-0.1467790499281878,ROBUST_NEGATIVE,ctx_body_atr_bucket,ctx_range_atr_bucket,Q3,,,,,
UP,5,2,Q2,,154,0.4090909090909091,-0.2059961247506912,-0.12981284451901004,1.058423793699188,1.3835856957608348,66,0.25757575757575757,-0.4352477158641941,-0.8020926197148119,0.8975968667471111,1.7050095153269846,0.5402492088607594,0.5364559298569451,0.1312407600198671,0.11074128443402043,-0.13115829976985033,-0.27888017228118755,-0.3372368847705583,-0.5459890002982145,ROBUST_NEGATIVE,ctx_body_atr_bucket,ctx_range_atr_bucket,Q4_HIGH,,,,,
UP,5,2,Q4_HIGH,,753,0.6600265604249668,0.440279175611939,0.39869812855984543,1.6236185950159139,0.7218590830275371,324,0.6574074074074074,0.2956436084983583,0.30519729902914655,1.4859618812262896,0.8291680362617562,0.5402492088607594,0.5364559298569451,0.1312407600198671,0.11074128443402043,0.11977735156420732,0.12095147755046232,0.3090384155920719,0.18490232406433788,ROBUST_POSITIVE,ctx_body_atr_bucket,ctx_range_atr_bucket,Q3,,,,,
UP,5,2,Q4_HIGH,,1889,0.7617787188988883,0.8165679793236926,0.7531502423263097,2.0673107455755537,0.46619612320713966,810,0.7506172839506173,0.7486827393872904,0.663457117728957,2.0245516999193973,0.5119599436697533,0.5402492088607594,0.5364559298569451,0.1312407600198671,0.11074128443402043,0.22152951003812882,0.2141613540936722,0.6853272193038256,0.6379414549532699,ROBUST_POSITIVE,ctx_body_atr_bucket,ctx_range_atr_bucket,Q4_HIGH,,,,,
DOWN,5,2,Q1_LOW,,520,0.43846153846153846,-0.09617389074845464,-0.23895688128164533,1.2161476439171548,1.3274483342042247,223,0.4125560538116592,-0.14751849524367897,-0.2217709179530628,1.1373422876117614,1.325262790685038,0.5537287140340575,0.5668949771689498,0.16726775773193228,0.185651650524687,-0.11526717557251909,-0.15433892335729055,-0.2634416484803869,-0.33317014576836596,ROBUST_NEGATIVE,ctx_body_atr_bucket,ctx_dist_ema20_atr_bucket,,Q1_LOW,,,,
DOWN,5,2,Q1_LOW,,716,0.4106145251396648,-0.13320407607401313,-0.1796188323192992,1.094570250539797,1.3134310027851084,307,0.4495114006514658,-0.18232914554171786,-0.17103588699398675,1.0155158241199655,1.3779880452038484,0.5537287140340575,0.5668949771689498,0.16726775773193228,0.185651650524687,-0.14311418889439276,-0.11738357651748399,-0.30047183380594544,-0.3679807960664049,ROBUST_NEGATIVE,ctx_body_atr_bucket,ctx_dist_ema20_atr_bucket,,Q2,,,,
DOWN,5,2,Q1_LOW,,706,0.4475920679886686,-0.06065652322067869,-0.11105628609301416,1.1201399404520969,1.313723474516554,303,0.46534653465346537,-0.09973891821804247,0.0016988229584159315,0.9967442810121079,1.3002204583466066,0.5537287140340575,0.5668949771689498,0.16726775773193228,0.185651650524687,-0.10613664604538897,-0.1015484425154844,-0.22792428095261097,-0.28539056874272944,ROBUST_NEGATIVE,ctx_body_atr_bucket,ctx_dist_ema20_atr_bucket,,Q3,,,,
DOWN,5,2,Q1_LOW,,520,0.41346153846153844,-0.1343841798487764,-0.017307304173916113,1.0271118015207947,1.4011979338915597,223,0.3991031390134529,-0.3296686393697509,-0.24853635505206703,0.8807346652424023,1.5043723172835683,0.5537287140340575,0.5668949771689498,0.16726775773193228,0.185651650524687,-0.1402671755725191,-0.16779183815549686,-0.3016519375807087,-0.5153202898944379,ROBUST_NEGATIVE,ctx_body_atr_bucket,ctx_dist_ema20_atr_bucket,,Q4_HIGH,,,,
DOWN,5,2,Q2,,585,0.4598290598290598,-0.18632667840731296,-0.290473407364135,1.209411620555296,1.34604142553113,252,0.46825396825396826,-0.09774921372670357,0.0026129152668883026,1.241147227119549,1.2325755118440755,0.5537287140340575,0.5668949771689498,0.16726775773193228,0.185651650524687,-0.09389965420499774,-0.09864100891498151,-0.35359443613924524,-0.28340086425139055,ROBUST_NEGATIVE,ctx_body_atr_bucket,ctx_dist_ema20_atr_bucket,,Q1_LOW,,,,
DOWN,5,2,Q2,,725,0.4675862068965517,-0.07132466905547298,-0.06619385342804746,1.1250720773034908,1.2415046534018257,312,0.5064102564102564,-0.02392485956471892,0.0376356739677933,1.2170618662800814,1.2463411045689818,0.5537287140340575,0.5668949771689498,0.16726775773193228,0.185651650524687,-0.08614250713750582,-0.06048472075869338,-0.23859242678740528,-0.20957651008940592,ROBUST_NEGATIVE,ctx_body_atr_bucket,ctx_dist_ema20_atr_bucket,,Q3,,,,
DOWN,5,2,Q2,,471,0.4182590233545648,-0.16159310672548824,-0.07449638920563616,0.9745035585060674,1.3381204791756212,203,0.39901477832512317,-0.12175998002378126,-0.05840568271505801,0.9749637948199429,1.4181527638084677,0.5537287140340575,0.5668949771689498,0.16726775773193228,0.185651650524687,-0.13546969067949277,-0.1678801988438266,-0.3288608644574205,-0.30741163054846826,ROBUST_NEGATIVE,ctx_body_atr_bucket,ctx_dist_ema20_atr_bucket,,Q4_HIGH,,,,
DOWN,5,2,Q3,,810,0.6160493827160494,0.31115068424005443,0.18928089614205582,1.6430651028465064,0.9102342456938568,348,0.6264367816091954,0.29078322830959596,0.2997756110323528,1.4625324923076861,0.8726088133430681,0.5537287140340575,0.5668949771689498,0.16726775773193228,0.185651650524687,0.06232066868199182,0.059541804440245594,0.14388292650812215,0.10513157778490897,ROBUST_POSITIVE,ctx_body_atr_bucket,ctx_dist_ema20_atr_bucket,,Q1_LOW,,,,
DOWN,5,2,Q3,,763,0.5884665792922673,0.26559857732454817,0.24319895116385892,1.4629109379576568,0.946838706710034,327,0.6085626911314985,0.2432386262548199,0.3160270880363315,1.4453015318031635,1.02972251822979,0.5537287140340575,0.5668949771689498,0.16726775773193228,0.185651650524687,0.034737865258209766,0.04166771396254876,0.09833081959261589,0.05758697573013291,ROBUST_POSITIVE,ctx_body_atr_bucket,ctx_dist_ema20_atr_bucket,,Q2,,,,
DOWN,5,2,Q3,,402,0.4900497512437811,-0.05316023313683538,0.020246936629158042,1.1172638378386772,1.217519523951518,173,0.4682080924855491,-0.10463349615941057,-0.024046719340301514,1.0109810174505756,1.1764871278858877,0.5537287140340575,0.5668949771689498,0.16726775773193228,0.185651650524687,-0.06367896279027646,-0.09868688468340064,-0.22042799086876766,-0.29028514668409755,ROBUST_NEGATIVE,ctx_body_atr_bucket,ctx_dist_ema20_atr_bucket,,Q4_HIGH,,,,
DOWN,5,2,Q4_HIGH,,1304,0.7776073619631901,0.8645940640455768,0.6976890215740255,2.2814672867988643,0.397018972492637,559,0.8085867620751341,0.8931841784204104,0.7396994667960232,2.1754376658105956,0.38115056088417976,0.5537287140340575,0.5668949771689498,0.16726775773193228,0.185651650524687,0.2238786479291326,0.24169178490618437,0.6973263063136446,0.7075325278957234,ROBUST_POSITIVE,ctx_body_atr_bucket,ctx_dist_ema20_atr_bucket,,Q1_LOW,,,,
DOWN,5,2,Q4_HIGH,,668,0.7544910179640718,0.6890859108181401,0.5927458470850007,1.8924862848376318,0.514679005117633,287,0.7212543554006968,0.6059406978356399,0.5217076700437581,1.7439188061830708,0.5463674305212787,0.5537287140340575,0.5668949771689498,0.16726775773193228,0.185651650524687,0.20076230393001426,0.15435937823174706,0.5218181530862078,0.42028904731095285,ROBUST_POSITIVE,ctx_body_atr_bucket,ctx_dist_ema20_atr_bucket,,Q2,,,,
DOWN,5,2,Q4_HIGH,,444,0.777027027027027,0.6207236700997718,0.6412381605803209,1.7972710655785673,0.5659438342924238,191,0.6910994764397905,0.4713322146999568,0.36129032258033944,1.6099163215589642,0.6869718837507698,0.5537287140340575,0.5668949771689498,0.16726775773193228,0.185651650524687,0.22329831299296943,0.12420449927084076,0.45345591236783955,0.28568056417526977,ROBUST_POSITIVE,ctx_body_atr_bucket,ctx_dist_ema20_atr_bucket,,Q3,,,,
UP,5,2,Q1_LOW,,515,0.3864077669902913,-0.2845378728183321,-0.2414494719504769,0.9236231944244361,1.5632448057813535,221,0.37104072398190047,-0.1812707275044214,-0.19481582537489392,0.9729443482275701,1.4612213553971187,0.5402492088607594,0.5364559298569451,0.1312407600198671,0.11074128443402043,-0.15384144187046817,-0.16541520587504466,-0.41577863283819916,-0.29201201193844184,ROBUST_NEGATIVE,ctx_body_atr_bucket,ctx_dist_ema20_atr_bucket,,Q1_LOW,,,,
UP,5,2,Q1_LOW,,709,0.44428772919605075,-0.22427089168609662,-0.10724637681156621,0.9999763437531402,1.4450316679580932,304,0.3848684210526316,-0.37207619826318916,-0.29833651002840733,0.898101926487889,1.531132086025377,0.5402492088607594,0.5364559298569451,0.1312407600198671,0.11074128443402043,-0.0959614796647087,-0.15158750880431354,-0.3555116517059637,-0.4828174826972096,ROBUST_NEGATIVE,ctx_body_atr_bucket,ctx_dist_ema20_atr_bucket,,Q2,,,,
UP,5,2,Q1_LOW,,653,0.41500765696784075,-0.23780846153477497,-0.19142091152822646,0.9868313996949589,1.3780589742190879,280,0.44285714285714284,-0.11193675877934717,-0.05763919402150261,1.0258794163290552,1.302560733968083,0.5402492088607594,0.5364559298569451,0.1312407600198671,0.11074128443402043,-0.1252415518929187,-0.09359878699980229,-0.36904922155464204,-0.2226780432133676,ROBUST_NEGATIVE,ctx_body_atr_bucket,ctx_dist_ema20_atr_bucket,,Q3,,,,
UP,5,2,Q2,,454,0.3986784140969163,-0.22740144221326514,-0.16061903780254516,0.9378307590054493,1.5211761382928537,195,0.4205128205128205,-0.08950061881930503,-0.12235979606719749,1.0138672765389958,1.3355818240153499,0.5402492088607594,0.5364559298569451,0.1312407600198671,0.11074128443402043,-0.14157079476384316,-0.1159431093441246,-0.35864220223313226,-0.20024190325332547,ROBUST_NEGATIVE,ctx_body_atr_bucket,ctx_dist_ema20_atr_bucket,,Q1_LOW,,,,
UP,5,2,Q2,,675,0.4325925925925926,-0.13162551551311935,-0.1266770670826631,1.064209624277918,1.3939241167773961,290,0.43448275862068964,-0.14673251911608665,-0.09935018855974867,1.0792202844032395,1.3776443987954845,0.5402492088607594,0.5364559298569451,0.1312407600198671,0.11074128443402043,-0.10765661626816686,-0.10197317123625549,-0.26286627553298647,-0.25747380355010707,ROBUST_NEGATIVE,ctx_body_atr_bucket,ctx_dist_ema20_atr_bucket,,Q2,,,,
UP,5,2,Q2,,686,0.46938775510204084,-0.17239472912707007,-0.1337706751049828,1.1218874737467472,1.282160286489717,295,0.4406779661016949,-0.16992758221329443,-0.24498198661874362,1.084502574755977,1.29610780604312,0.5402492088607594,0.5364559298569451,0.1312407600198671,0.11074128443402043,-0.0708614537587186,-0.09577796375525022,-0.30363548914693717,-0.28066886664731483,ROBUST_NEGATIVE,ctx_body_atr_bucket,ctx_dist_ema20_atr_bucket,,Q3,,,,
UP,5,2,Q2,,615,0.47317073170731705,-0.08610902289323664,-0.16689158794443243,1.1657806950252896,1.228761803716334,264,0.4696969696969697,-0.0990799104003358,-0.21915868057044263,1.2382915307117504,1.1854124439468359,0.5402492088607594,0.5364559298569451,0.1312407600198671,0.11074128443402043,-0.0670784771534424,-0.0667589601599754,-0.21734978291310375,-0.20982119483435624,ROBUST_NEGATIVE,ctx_body_atr_bucket,ctx_dist_ema20_atr_bucket,,Q4_HIGH,,,,
UP,5,2,Q3,,397,0.45591939546599497,-0.21543923301900694,0.019064911484466127,1.0240233619451093,1.491749554491277,171,0.4678362573099415,-0.20299475808025771,-0.07944455571127822,1.0056256391338538,1.3716784702147544,0.5402492088607594,0.5364559298569451,0.1312407600198671,0.11074128443402043,-0.08432981339476447,-0.06861967254700363,-0.34667999303887403,-0.3137360425142781,ROBUST_NEGATIVE,ctx_body_atr_bucket,ctx_dist_ema20_atr_bucket,,Q1_LOW,,,,
UP,5,2,Q4_HIGH,,513,0.6842105263157895,0.4276137054207103,0.4577656675749543,1.5843633119939116,0.745167881528906,221,0.6470588235294118,0.3360989903480158,0.23940924990263193,1.5358679813363114,0.8497107537181972,0.5402492088607594,0.5364559298569451,0.1312407600198671,0.11074128443402043,0.14396131745503005,0.11060289367246667,0.29637294540084325,0.2253577059139954,ROBUST_POSITIVE,ctx_body_atr_bucket,ctx_dist_ema20_atr_bucket,,Q2,,,,
UP,5,2,Q4_HIGH,,766,0.7284595300261096,0.6091344155725431,0.5567182586229154,1.8098569962146769,0.5557599839100044,329,0.7082066869300911,0.5768399667538815,0.5949851253718836,1.7772215096751218,0.5832721072529528,0.5402492088607594,0.5364559298569451,0.1312407600198671,0.11074128443402043,0.1882103211653502,0.17175075707314602,0.47789365555267604,0.46609868231986107,ROBUST_POSITIVE,ctx_body_atr_bucket,ctx_dist_ema20_atr_bucket,,Q3,,,,
UP,5,2,Q4_HIGH,,1190,0.780672268907563,0.920481107356992,0.8152509454836513,2.2546272226084687,0.3782094836375869,510,0.7901960784313725,0.8488666224510186,0.6780688238316854,2.1715740203612555,0.4220187219238933,0.5402492088607594,0.5364559298569451,0.1312407600198671,0.11074128443402043,0.24042306004680358,0.2537401485744274,0.7892403473371249,0.7381253380169982,ROBUST_POSITIVE,ctx_body_atr_bucket,ctx_dist_ema20_atr_bucket,,Q4_HIGH,,,,
DOWN,5,2,Q1_LOW,,2463,0.42590336987413724,-0.11108094575630956,-0.13132006405851293,1.1070226258972082,1.336085866195314,1056,0.4403409090909091,-0.16698595369329458,-0.1372912131200743,1.0220486025544178,1.3682861766121452,0.5537287140340575,0.5668949771689498,0.16726775773193228,0.185651650524687,-0.1278253441599203,-0.12655406807804065,-0.2783487034882418,-0.35263760421798157,ROBUST_NEGATIVE,ctx_body_atr_bucket,ctx_sweep_high,,,0,,,
DOWN,5,2,Q2,,2515,0.4572564612326044,-0.11923350604635949,-0.10677618069824399,1.1093331711530714,1.2835261967842577,1078,0.47309833024118736,-0.03986740289932687,0.005296964346701499,1.1788494072834201,1.2532553878169597,0.5537287140340575,0.5668949771689498,0.16726775773193228,0.185651650524687,-0.09647225280145316,-0.0937966469277624,-0.28650126377829177,-0.22551905342401385,ROBUST_NEGATIVE,ctx_body_atr_bucket,ctx_sweep_high,,,0,,,
DOWN,5,2,Q4_HIGH,,2636,0.7594840667678301,0.7199679692264678,0.6203002905271291,2.029758002231664,0.5101501300613855,1131,0.7453580901856764,0.7026321093019734,0.579349136199126,1.9074017215629673,0.5150059299677926,0.5537287140340575,0.5668949771689498,0.16726775773193228,0.185651650524687,0.20575535273377255,0.17846311301672668,0.5527002114945355,0.5169804587772864,ROBUST_POSITIVE,ctx_body_atr_bucket,ctx_sweep_high,,,0,,,
UP,5,2,Q1_LOW,,1932,0.38354037267080743,-0.23424676935581568,-0.2613820489296854,0.9496069975081337,1.4706506711097063,829,0.38721351025331724,-0.2404583561922235,-0.20825852782761345,0.977805371298785,1.460655254201727,0.5402492088607594,0.5364559298569451,0.1312407600198671,0.11074128443402043,-0.15670883618995202,-0.14924241960362788,-0.36548752937568274,-0.3511996406262439,ROBUST_NEGATIVE,ctx_body_atr_bucket,ctx_sweep_high,,,1,,,
UP,5,2,Q2,,1218,0.34318555008210183,-0.3837541463035424,-0.32001229209655235,0.8335273901754953,1.56580066334516,522,0.31992337164750956,-0.36994603760683714,-0.4090926704918849,0.8717750749684101,1.5866082642307182,0.5402492088607594,0.5364559298569451,0.1312407600198671,0.11074128443402043,-0.1970636587786576,-0.21653255820943557,-0.5149949063234095,-0.48068732204085757,ROBUST_NEGATIVE,ctx_body_atr_bucket,ctx_sweep_high,,,1,,,
UP,5,2,Q3,,1886,0.6304347826086957,0.32115809005549023,0.27089442353931503,1.4918144613767879,0.887960131578613,809,0.6143386897404203,0.28709087367691927,0.20685579196217127,1.47890167695547,0.9038711565928167,0.5402492088607594,0.5364559298569451,0.1312407600198671,0.11074128443402043,0.09018557374793623,0.07788275988347515,0.18991733003562314,0.17634958924289884,ROBUST_POSITIVE,ctx_body_atr_bucket,ctx_sweep_high,,,0,,,
UP,5,2,Q3,,629,0.27980922098569155,-0.5211381365916232,-0.48864791596056684,0.710348616434758,1.7027240862417865,270,0.3296296296296296,-0.5045977204079216,-0.49423956032528205,0.8075149446424388,1.7267521695102817,0.5402492088607594,0.5364559298569451,0.1312407600198671,0.11074128443402043,-0.2604399878750679,-0.20682630022731552,-0.6523788966114903,-0.615339004841942,ROBUST_NEGATIVE,ctx_body_atr_bucket,ctx_sweep_high,,,1,,,
UP,5,2,Q4_HIGH,,2522,0.7700237906423474,0.7953699047262357,0.7413877884526212,2.0402728937653563,0.4487579763820021,1081,0.7678075855689177,0.7104604654930835,0.6282324307881183,1.970876864089972,0.4925892599679231,0.5402492088607594,0.5364559298569451,0.1312407600198671,0.11074128443402043,0.22977458178158794,0.23135165571197258,0.6641291447063686,0.5997191810590631,ROBUST_POSITIVE,ctx_body_atr_bucket,ctx_sweep_high,,,0,,,
UP,5,2,Q4_HIGH,,215,0.22325581395348837,-0.6426285415420234,-0.7284768211919125,0.5274546611800426,1.8823591276839917,93,0.24731182795698925,-0.6142246272220442,-0.47056537789005226,0.5452673885161562,1.8255887713539938,0.5402492088607594,0.5364559298569451,0.1312407600198671,0.11074128443402043,-0.3169933949072711,-0.2891441018999559,-0.7738693015618905,-0.7249659116560646,ROBUST_NEGATIVE,ctx_body_atr_bucket,ctx_sweep_high,,,1,,,
DOWN,5,2,Q1_LOW,,569,0.4147627416520211,-0.19334815575275632,-0.20906099721562765,1.0760038640644904,1.3507631293268014,244,0.4057377049180328,-0.11548606892685659,-0.24443246155196663,1.1000725522065329,1.2963802552073818,0.5537287140340575,0.5668949771689498,0.16726775773193228,0.185651650524687,-0.13896597238203645,-0.16115727225091697,-0.3606159134846886,-0.30113771945154355,ROBUST_NEGATIVE,ctx_body_atr_bucket,ctx_dist_donchian_high20_atr_bucket,,,,Q1_LOW,,
DOWN,5,2,Q1_LOW,,631,0.41362916006339145,-0.1334652917033602,-0.1845047923322246,1.0721562516853307,1.3105351587201375,271,0.46863468634686345,-0.1801072103316059,-0.10066577896155197,1.0211933172766503,1.3373621203116484,0.5537287140340575,0.5668949771689498,0.16726775773193228,0.185651650524687,-0.1400995539706661,-0.09826029082208632,-0.30073304943529244,-0.3657588608562929,ROBUST_NEGATIVE,ctx_body_atr_bucket,ctx_dist_donchian_high20_atr_bucket,,,,Q2,,
DOWN,5,2,Q1_LOW,,725,0.45655172413793105,-0.01254782658780339,-0.08397200933036351,1.2148682407054703,1.3056815222497138,312,0.46794871794871795,-0.13547960859820865,-0.0461552169650748,1.0023762580365503,1.3361937146062584,0.5537287140340575,0.5668949771689498,0.16726775773193228,0.185651650524687,-0.0971769898961265,-0.09894625922023181,-0.17981558431973568,-0.32113125912289564,ROBUST_NEGATIVE,ctx_body_atr_bucket,ctx_dist_donchian_high20_atr_bucket,,,,Q3,,
DOWN,5,2,Q1_LOW,,536,0.4123134328358209,-0.12658456234758977,-0.05944842143918157,1.0409888746916813,1.3962745431903507,230,0.4,-0.2620043452619928,-0.22132632585486395,0.9539358937881286,1.5157855125808588,0.5537287140340575,0.5668949771689498,0.16726775773193228,0.185651650524687,-0.14141528119823665,-0.16689497716894974,-0.29385232007952206,-0.4476559957866798,ROBUST_NEGATIVE,ctx_body_atr_bucket,ctx_dist_donchian_high20_atr_bucket,,,,Q4_HIGH,,
DOWN,5,2,Q2,,592,0.4831081081081081,-0.21107093263124782,-0.2615715271749537,1.1569881979343877,1.2769803325500244,254,0.44881889763779526,-0.04409851493124463,-0.013622237898306664,1.1579243460386448,1.1783609105833908,0.5537287140340575,0.5668949771689498,0.16726775773193228,0.185651650524687,-0.07062060592594943,-0.11807607953115451,-0.37833869036318013,-0.22975016545593163,ROBUST_NEGATIVE,ctx_body_atr_bucket,ctx_dist_donchian_high20_atr_bucket,,,,Q1_LOW,,
DOWN,5,2,Q2,,693,0.46464646464646464,-0.06632875843760823,-0.07360861759422922,1.1164863291732159,1.2552263755783086,297,0.48484848484848486,-0.12045601704408433,-0.00864553314113716,1.167398681167814,1.2618332607799991,0.5537287140340575,0.5668949771689498,0.16726775773193228,0.185651650524687,-0.0890822493875929,-0.0820464923204649,-0.23359651616954052,-0.30610766756877134,ROBUST_NEGATIVE,ctx_body_atr_bucket,ctx_dist_donchian_high20_atr_bucket,,,,Q2,,
DOWN,5,2,Q2,,482,0.3900414937759336,-0.20615422952760304,-0.11598021930822071,0.9835128550854645,1.4017007061640447,208,0.4230769230769231,-0.11070186426778345,-0.018826920261008087,0.9676945579246745,1.3589978637562368,0.5537287140340575,0.5668949771689498,0.16726775773193228,0.185651650524687,-0.16368722025812393,-0.1438180540920267,-0.37342198725953535,-0.2963535147924704,ROBUST_NEGATIVE,ctx_body_atr_bucket,ctx_dist_donchian_high20_atr_bucket,,,,Q4_HIGH,,
DOWN,5,2,Q3,,748,0.6216577540106952,0.3406184159485077,0.20918083264330578,1.630461018781989,0.8860240516032628,321,0.616822429906542,0.2424154036032169,0.21802002224747827,1.4330812428181245,0.8906654269602633,0.5537287140340575,0.5668949771689498,0.16726775773193228,0.185651650524687,0.06792903997663768,0.04992745273759225,0.17335065821657544,0.056763753078529905,ROBUST_POSITIVE,ctx_body_atr_bucket,ctx_dist_donchian_high20_atr_bucket,,,,Q1_LOW,,
DOWN,5,2,Q3,,261,0.4061302681992337,-0.26508966003866014,-0.20573997233735336,0.9265484687842055,1.421746106996777,113,0.46017699115044247,-0.20417656636743048,0.09035901573206802,0.9924626050006862,1.314493171492697,0.5537287140340575,0.5668949771689498,0.16726775773193228,0.185651650524687,-0.14759844583482384,-0.1067179860185073,-0.43235741777059244,-0.38982821689211744,ROBUST_NEGATIVE,ctx_body_atr_bucket,ctx_dist_donchian_high20_atr_bucket,,,,Q4_HIGH,,
DOWN,5,2,Q4_HIGH,,1052,0.7661596958174905,0.8412830417031318,0.631001193681621,2.26709966977332,0.4123990256339124,452,0.7853982300884956,0.8869861540301288,0.680768690616892,2.1501472739482828,0.3965460493428763,0.5537287140340575,0.5668949771689498,0.16726775773193228,0.185651650524687,0.212430981783433,0.21850325291954587,0.6740152839711996,0.7013345035054418,ROBUST_POSITIVE,ctx_body_atr_bucket,ctx_dist_donchian_high20_atr_bucket,,,,Q1_LOW,,
DOWN,5,2,Q4_HIGH,,800,0.78,0.76479208527511,0.741932982195417,2.0183266019008785,0.4452108420836425,343,0.7900874635568513,0.7929564297883476,0.7810874704491779,1.9582775289070953,0.4099752334330021,0.5537287140340575,0.5668949771689498,0.16726775773193228,0.185651650524687,0.22627128596594248,0.22319248638790157,0.5975243275431777,0.6073047792636606,ROBUST_POSITIVE,ctx_body_atr_bucket,ctx_dist_donchian_high20_atr_bucket,,,,Q2,,
DOWN,5,2,Q4_HIGH,,736,0.7459239130434783,0.5603164190075868,0.555124429609059,1.7805098226652747,0.6577227085462696,316,0.6677215189873418,0.42225812806692725,0.3226484439099487,1.5823338652341827,0.7441193971938058,0.5537287140340575,0.5668949771689498,0.16726775773193228,0.185651650524687,0.19219519900942073,0.10082654181839201,0.3930486612756545,0.23660647754224026,ROBUST_POSITIVE,ctx_body_atr_bucket,ctx_dist_donchian_high20_atr_bucket,,,,Q3,,
UP,5,2,Q1_LOW,,599,0.4073455759599332,-0.24176842462941678,-0.17050067659025459,0.9168089048140851,1.4260364385147821,258,0.37209302325581395,-0.168000790924591,-0.13671710460314368,0.9449849428422876,1.3727976029781341,0.5402492088607594,0.5364559298569451,0.1312407600198671,0.11074128443402043,-0.13290363290082624,-0.16436290660113118,-0.3730091846492839,-0.2787420753586114,ROBUST_NEGATIVE,ctx_body_atr_bucket,ctx_dist_donchian_high20_atr_bucket,,,,Q1_LOW,,
UP,5,2,Q1_LOW,,611,0.41734860883797054,-0.18846870818301262,-0.20054054054077844,0.9848289226254595,1.408619427922186,263,0.44106463878326996,-0.2277571185447938,-0.23211747986730305,1.0555529425439338,1.4494227349873294,0.5402492088607594,0.5364559298569451,0.1312407600198671,0.11074128443402043,-0.12290060002278891,-0.09539129107367517,-0.3197094682028797,-0.33849840297881423,ROBUST_NEGATIVE,ctx_body_atr_bucket,ctx_dist_donchian_high20_atr_bucket,,,,Q2,,
UP,5,2,Q1_LOW,,616,0.4383116883116883,-0.22425579478282162,-0.14375827238082653,1.031396555970695,1.439850851069044,264,0.39015151515151514,-0.23978884216095306,-0.21524116196403875,0.9404502212389937,1.3945956793093224,0.5402492088607594,0.5364559298569451,0.1312407600198671,0.11074128443402043,-0.10193752054907113,-0.14630441470542999,-0.3554965548026887,-0.3505301265949735,ROBUST_NEGATIVE,ctx_body_atr_bucket,ctx_dist_donchian_high20_atr_bucket,,,,Q3,,
UP,5,2,Q1_LOW,,597,0.40703517587939697,-0.10934957578351236,-0.22301655140251533,1.089720627097466,1.3485398451749977,257,0.4591439688715953,-0.055827646454705684,-0.059526973159657964,1.1734603639996273,1.3095519238800233,0.5402492088607594,0.5364559298569451,0.1312407600198671,0.11074128443402043,-0.13321403298136247,-0.07731196098534981,-0.24059033580337946,-0.1665689308887261,ROBUST_NEGATIVE,ctx_body_atr_bucket,ctx_dist_donchian_high20_atr_bucket,,,,Q4_HIGH,,
UP,5,2,Q2,,543,0.4162062615101289,-0.14771934302342893,-0.1285842293906344,0.9926784483185016,1.4109866820018602,234,0.4017094017094017,-0.16961903174779913,-0.23521367358669282,0.9485207160863116,1.39633190545883,0.5402492088607594,0.5364559298569451,0.1312407600198671,0.11074128443402043,-0.12404294735063054,-0.1347465281475434,-0.278960103043296,-0.28036031618181956,ROBUST_NEGATIVE,ctx_body_atr_bucket,ctx_dist_donchian_high20_atr_bucket,,,,Q1_LOW,,
UP,5,2,Q2,,599,0.3973288814691152,-0.3110712987293203,-0.1870407481628421,0.9751151231481243,1.4964940250484704,258,0.43410852713178294,-0.13932163938019784,-0.16495077704307481,1.0938946116552326,1.3246586432145795,0.5402492088607594,0.5364559298569451,0.1312407600198671,0.11074128443402043,-0.14292032739164423,-0.10234740272516218,-0.44231205874918744,-0.25006292381421824,ROBUST_NEGATIVE,ctx_body_atr_bucket,ctx_dist_donchian_high20_atr_bucket,,,,Q2,,
UP,5,2,Q2,,624,0.4855769230769231,-0.044395414800452754,-0.08868785543924583,1.1889963140313007,1.2304975679342813,268,0.44029850746268656,-0.12501286854543192,-0.250456973282466,1.0796662787215017,1.2567745190422428,0.5402492088607594,0.5364559298569451,0.1312407600198671,0.11074128443402043,-0.05467228578383637,-0.09615742239425856,-0.17563617482031985,-0.23575415297945235,ROBUST_NEGATIVE,ctx_body_atr_bucket,ctx_dist_donchian_high20_atr_bucket,,,,Q3,,
UP,5,2,Q2,,663,0.48265460030165913,-0.11707100967713802,-0.14711033274943913,1.1495309274477044,1.2669506353731934,285,0.4807017543859649,-0.06524449367532292,-0.10814022578737294,1.2894089099831827,1.2151425292668308,0.5402492088607594,0.5364559298569451,0.1312407600198671,0.11074128443402043,-0.05759460855910031,-0.055754175470980216,-0.2483117696970051,-0.17598577810934335,ROBUST_NEGATIVE,ctx_body_atr_bucket,ctx_dist_donchian_high20_atr_bucket,,,,Q4_HIGH,,
UP,5,2,Q3,,795,0.5773584905660377,0.28402318111235497,0.18394580168352653,1.4655058251304778,0.9519216038727765,342,0.5701754385964912,0.24981799603543056,0.14615578979229754,1.5118024831714798,0.9754282373376999,0.5402492088607594,0.5364559298569451,0.1312407600198671,0.11074128443402043,0.037109281705278274,0.0337195087395461,0.15278242109248788,0.13907671160141014,ROBUST_POSITIVE,ctx_body_atr_bucket,ctx_dist_donchian_high20_atr_bucket,,,,Q4_HIGH,,
UP,5,2,Q4_HIGH,,381,0.6561679790026247,0.5659294594607421,0.6064158931769663,1.566035131951792,0.7098341033878164,164,0.6707317073170732,0.21884178097730303,0.22758133728007313,1.4499595976097406,0.8767732332355103,0.5402492088607594,0.5364559298569451,0.1312407600198671,0.11074128443402043,0.11591877014186525,0.1342757774601281,0.43468869944087507,0.1081004965432826,ROBUST_POSITIVE,ctx_body_atr_bucket,ctx_dist_donchian_high20_atr_bucket,,,,Q1_LOW,,
UP,5,2,Q4_HIGH,,495,0.6989898989898989,0.5292005134382067,0.5472312703584165,1.7418390103542516,0.6865394417856537,213,0.6525821596244131,0.3810854060438208,0.3525179856117325,1.582093519111365,0.7648682043373378,0.5402492088607594,0.5364559298569451,0.1312407600198671,0.11074128443402043,0.1587406901291395,0.116126229767468,0.39795975341833967,0.27034412160980037,ROBUST_POSITIVE,ctx_body_atr_bucket,ctx_dist_donchian_high20_atr_bucket,,,,Q2,,
UP,5,2,Q4_HIGH,,650,0.6938461538461539,0.5240516462719413,0.4579773135110326,1.7323613181077402,0.6564084039931775,279,0.6594982078853047,0.48844400482874456,0.3821700069108257,1.653075036317376,0.7083434643256881,0.5402492088607594,0.5364559298569451,0.1312407600198671,0.11074128443402043,0.15359694498539445,0.12304227802835954,0.3928108862520743,0.37770272039472413,ROBUST_POSITIVE,ctx_body_atr_bucket,ctx_dist_donchian_high20_atr_bucket,,,,Q3,,
UP,5,2,Q4_HIGH,,1209,0.7799834574028123,0.869115970132746,0.7771459518008051,2.2074312071428737,0.4094551083603371,519,0.8092485549132948,0.8813785398324594,0.7258989056801173,2.2155854825675565,0.3875255248655723,0.5402492088607594,0.5364559298569451,0.1312407600198671,0.11074128443402043,0.23973424854205283,0.2727926250563497,0.7378752101128789,0.770637255398439,ROBUST_POSITIVE,ctx_body_atr_bucket,ctx_dist_donchian_high20_atr_bucket,,,,Q4_HIGH,,
DOWN,5,2,Q1_LOW,,645,0.4449612403100775,-0.10393625673707507,-0.16597938144298705,1.1931416181973602,1.3258458876745138,277,0.4332129963898917,-0.1429419282177938,-0.23324694557608008,1.1505652820845287,1.3944580734191518,0.5537287140340575,0.5668949771689498,0.16726775773193228,0.185651650524687,-0.10876747372398005,-0.13368198077905807,-0.2712040144690073,-0.3285935787424808,ROBUST_NEGATIVE,ctx_body_atr_bucket,ctx_dist_donchian_low20_atr_bucket,,,,,Q1_LOW,
DOWN,5,2,Q1_LOW,,613,0.3964110929853181,-0.14576836358772274,-0.2555339805824155,1.1456107786764678,1.3747051299060833,263,0.45627376425855515,-0.07494046274320805,-0.02688430148821376,1.0412772648985629,1.3089328304777954,0.5537287140340575,0.5668949771689498,0.16726775773193228,0.185651650524687,-0.15731762104873942,-0.11062121291039462,-0.313036121319655,-0.26059211326789505,ROBUST_NEGATIVE,ctx_body_atr_bucket,ctx_dist_donchian_low20_atr_bucket,,,,,Q2,
DOWN,5,2,Q1_LOW,,624,0.44551282051282054,-0.04391416459602247,-0.07238842890925186,1.075958281199915,1.3014911702418208,268,0.4141791044776119,-0.2973593838332525,-0.1461890847031035,0.8680976425757175,1.4273203414039715,0.5537287140340575,0.5668949771689498,0.16726775773193228,0.185651650524687,-0.108215893521237,-0.15271587269133785,-0.21118192232795474,-0.48301103435793946,ROBUST_NEGATIVE,ctx_body_atr_bucket,ctx_dist_donchian_low20_atr_bucket,,,,,Q3,
DOWN,5,2,Q1_LOW,,579,0.4162348877374784,-0.1671116946541681,-0.09925558312645727,1.0063513930421284,1.3545187901357651,249,0.4538152610441767,-0.1250799936588303,-0.06476312011483938,1.0189164557801014,1.3153470043984377,0.5537287140340575,0.5668949771689498,0.16726775773193228,0.185651650524687,-0.13749382629657914,-0.11307971612477308,-0.3343794523861004,-0.3107316441835173,ROBUST_NEGATIVE,ctx_body_atr_bucket,ctx_dist_donchian_low20_atr_bucket,,,,,Q4_HIGH,
DOWN,5,2,Q2,,673,0.46953937592867756,-0.15600234882308328,-0.2803630600778652,1.2104660173238035,1.317707613672019,289,0.4844290657439446,-0.009332188257848215,0.08230107075365317,1.2243279514431427,1.2000167030844024,0.5537287140340575,0.5668949771689498,0.16726775773193228,0.185651650524687,-0.08418933810537998,-0.08246591142500515,-0.32327010655501554,-0.1949838387825352,ROBUST_NEGATIVE,ctx_body_atr_bucket,ctx_dist_donchian_low20_atr_bucket,,,,,Q1_LOW,
DOWN,5,2,Q2,,548,0.4543795620437956,-0.06802857924218443,-0.06818260103506393,1.0607988163885063,1.2529555469789448,235,0.39148936170212767,-0.2156516221364493,-0.18768619662362732,0.9764874812928642,1.3517101734735406,0.5537287140340575,0.5668949771689498,0.16726775773193228,0.185651650524687,-0.09934915199026195,-0.1754056154668221,-0.23529633697411673,-0.4013032726611363,ROBUST_NEGATIVE,ctx_body_atr_bucket,ctx_dist_donchian_low20_atr_bucket,,,,,Q4_HIGH,
DOWN,5,2,Q3,,854,0.6182669789227166,0.29016328931578106,0.19335379846791373,1.6513670704385,0.9348161356718113,367,0.6239782016348774,0.257829494495623,0.18869709151105393,1.4546541709438119,0.900945876536936,0.5537287140340575,0.5668949771689498,0.16726775773193228,0.185651650524687,0.0645382648886591,0.05708322446592762,0.12289553158384878,0.07217784397093599,ROBUST_POSITIVE,ctx_body_atr_bucket,ctx_dist_donchian_low20_atr_bucket,,,,,Q1_LOW,
DOWN,5,2,Q4_HIGH,,1313,0.789032749428789,0.8696260792109894,0.7225433526011484,2.2633191235872037,0.38202678449796174,563,0.7939609236234458,0.8680248169204895,0.7396994667960232,2.121743629191691,0.40877618922989123,0.5537287140340575,0.5668949771689498,0.16726775773193228,0.185651650524687,0.23530403539473144,0.22706594645449607,0.7023583214790572,0.6823731663958025,ROBUST_POSITIVE,ctx_body_atr_bucket,ctx_dist_donchian_low20_atr_bucket,,,,,Q1_LOW,
DOWN,5,2,Q4_HIGH,,557,0.7091561938958707,0.5089026077026638,0.46194456665201067,1.7845997141149543,0.6815446762947375,240,0.725,0.5709371490357404,0.39560495728184064,1.7614026234351499,0.5817644286574305,0.5537287140340575,0.5668949771689498,0.16726775773193228,0.185651650524687,0.15542747986181316,0.1581050228310502,0.34163484997073157,0.3852854985110534,ROBUST_POSITIVE,ctx_body_atr_bucket,ctx_dist_donchian_low20_atr_bucket,,,,,Q2,
DOWN,5,2,Q4_HIGH,,442,0.7601809954751131,0.705805570593201,0.6412381605803209,1.8602418521241135,0.5488347719039385,190,0.6789473684210526,0.4696798740842066,0.33021999938910496,1.67054268658557,0.6822359826147524,0.5537287140340575,0.5668949771689498,0.16726775773193228,0.185651650524687,0.20645228144105554,0.11205239125210287,0.5385378128612688,0.2840282235595196,ROBUST_POSITIVE,ctx_body_atr_bucket,ctx_dist_donchian_low20_atr_bucket,,,,,Q3,
DOWN,5,2,Q4_HIGH,,323,0.7275541795665634,0.4822745437108355,0.5250354753698226,1.7322170018087835,0.6919672841491259,139,0.6690647482014388,0.6081430533487814,0.5041551246542086,1.622582715141318,0.5793251857602111,0.5537287140340575,0.5668949771689498,0.16726775773193228,0.185651650524687,0.17382546553250589,0.10216977103248903,0.3150067859789032,0.42249140282409436,ROBUST_POSITIVE,ctx_body_atr_bucket,ctx_dist_donchian_low20_atr_bucket,,,,,Q4_HIGH,
UP,5,2,Q1_LOW,,569,0.36379613356766255,-0.34053390060888944,-0.3996737357253374,0.9351409668618441,1.5851579890970815,245,0.3306122448979592,-0.3619665442858957,-0.3002560819458324,0.8961600449755674,1.5699517361387687,0.5402492088607594,0.5364559298569451,0.1312407600198671,0.11074128443402043,-0.1764530752930969,-0.20584368495898592,-0.4717746606287565,-0.4727078287199161,ROBUST_NEGATIVE,ctx_body_atr_bucket,ctx_dist_donchian_low20_atr_bucket,,,,,Q1_LOW,
UP,5,2,Q1_LOW,,671,0.46795827123695977,-0.15126737492494766,-0.029448885148923343,1.0705824692043526,1.4302528570558886,288,0.4479166666666667,-0.1428180107054267,-0.07941173241373903,1.0060828374565096,1.3887934373089275,0.5402492088607594,0.5364559298569451,0.1312407600198671,0.11074128443402043,-0.07229093762379968,-0.08853926319027844,-0.28250813494481475,-0.25355929513944714,ROBUST_NEGATIVE,ctx_body_atr_bucket,ctx_dist_donchian_low20_atr_bucket,,,,,Q2,
UP,5,2,Q1_LOW,,613,0.4192495921696574,-0.21644215503665268,-0.14150635800434028,0.9534232172047145,1.3504686521511997,263,0.43346007604562736,-0.19651894915393464,-0.2130249543518271,1.0170134659465582,1.4119795297986668,0.5402492088607594,0.5364559298569451,0.1312407600198671,0.11074128443402043,-0.12099961669110204,-0.10299585381131776,-0.34768291505651977,-0.30726023358795507,ROBUST_NEGATIVE,ctx_body_atr_bucket,ctx_dist_donchian_low20_atr_bucket,,,,,Q3,
UP,5,2,Q2,,464,0.3577586206896552,-0.2175844844903284,-0.21912587896391764,0.9722383473298527,1.5342474382250613,200,0.395,-0.17396956245651676,-0.21300014481454932,0.9904853317769294,1.3642875261742362,0.5402492088607594,0.5364559298569451,0.1312407600198671,0.11074128443402043,-0.18249058817110425,-0.1414559298569451,-0.3488252445101955,-0.28471084689053716,ROBUST_NEGATIVE,ctx_body_atr_bucket,ctx_dist_donchian_low20_atr_bucket,,,,,Q1_LOW,
UP,5,2,Q2,,725,0.48413793103448277,-0.06530899939253679,-0.044935805991513506,1.1423331088722368,1.3459609370132946,311,0.4437299035369775,-0.06753164474234305,-0.07722616233272282,1.1116688308695322,1.3305899613541314,0.5402492088607594,0.5364559298569451,0.1312407600198671,0.11074128443402043,-0.05611127782627667,-0.09272602631996762,-0.19654975941240388,-0.17827292917636348,ROBUST_NEGATIVE,ctx_body_atr_bucket,ctx_dist_donchian_low20_atr_bucket,,,,,Q2,
UP,5,2,Q2,,625,0.4544,-0.23443355548386213,-0.1812860310421302,1.0384055540416208,1.2905903022200655,268,0.44029850746268656,-0.1225590633808972,-0.23051238953927308,1.2418433582345305,1.3261672236316404,0.5402492088607594,0.5364559298569451,0.1312407600198671,0.11074128443402043,-0.08584920886075942,-0.09615742239425856,-0.3656743155037292,-0.23330034781491762,ROBUST_NEGATIVE,ctx_body_atr_bucket,ctx_dist_donchian_low20_atr_bucket,,,,,Q3,
UP,5,2,Q2,,616,0.4594155844155844,-0.1333760114222113,-0.1714796708991092,1.0811858320421728,1.2625018197118134,265,0.4867924528301887,-0.12817808203727782,-0.20805253153634304,1.1971233464142255,1.1618976645102324,0.5402492088607594,0.5364559298569451,0.1312407600198671,0.11074128443402043,-0.08083362444517506,-0.04966347702675644,-0.2646167714420784,-0.23891936647129824,ROBUST_NEGATIVE,ctx_body_atr_bucket,ctx_dist_donchian_low20_atr_bucket,,,,,Q4_HIGH,
UP,5,2,Q3,,331,0.4078549848942598,-0.20986818758748943,-0.08211143695008093,1.0393424401735005,1.5576838382013258,143,0.4825174825174825,-0.17070901492037896,0.014752370916739987,1.0370313111463154,1.3550836974559606,0.5402492088607594,0.5364559298569451,0.1312407600198671,0.11074128443402043,-0.13239422396649964,-0.053938447339462625,-0.34110894760735655,-0.28145029935439936,ROBUST_NEGATIVE,ctx_body_atr_bucket,ctx_dist_donchian_low20_atr_bucket,,,,,Q1_LOW,
UP,5,2,Q4_HIGH,,862,0.6879350348027842,0.4874435121278135,0.5020272879113982,1.6609054670529373,0.7117003875137039,370,0.6594594594594595,0.37130332393745413,0.24157904614037162,1.6186739603025486,0.7732857617489673,0.5402492088607594,0.5364559298569451,0.1312407600198671,0.11074128443402043,0.14768582594202473,0.12300352960251437,0.3562027521079464,0.2605620395034337,ROBUST_POSITIVE,ctx_body_atr_bucket,ctx_dist_donchian_low20_atr_bucket,,,,,Q2,
UP,5,2,Q4_HIGH,,852,0.75,0.744624767397774,0.7298109010011726,1.943107422361776,0.5049130906327924,366,0.7650273224043715,0.5628494238526675,0.6399837700188524,1.8618345321114727,0.5894431179186105,0.5402492088607594,0.5364559298569451,0.1312407600198671,0.11074128443402043,0.20975079113924056,0.22857139254742642,0.6133840073779069,0.452108139418647,ROBUST_POSITIVE,ctx_body_atr_bucket,ctx_dist_donchian_low20_atr_bucket,,,,,Q3,
UP,5,2,Q4_HIGH,,955,0.774869109947644,0.8863253889536705,0.7523590333717223,2.2061600714750336,0.3816818677325425,410,0.7780487804878049,0.9166583578986034,0.6701444026940595,2.171781415764354,0.3670436010755907,0.5402492088607594,0.5364559298569451,0.1312407600198671,0.11074128443402043,0.23461990108688457,0.24159285063085978,0.7550846289338035,0.805917073464583,ROBUST_POSITIVE,ctx_body_atr_bucket,ctx_dist_donchian_low20_atr_bucket,,,,,Q4_HIGH,
DOWN,5,2,Q1_LOW,,1985,0.4040302267002519,-0.17096228622440637,-0.1855880353498303,1.0524259963292393,1.4032182665952002,852,0.4096244131455399,-0.22909019219188345,-0.1937086394213252,0.9761652019453761,1.4436575098249054,0.5537287140340575,0.5668949771689498,0.16726775773193228,0.185651650524687,-0.14969848733380564,-0.1572705640234099,-0.33823004395633866,-0.41474184271657044,ROBUST_NEGATIVE,ctx_body_atr_bucket,ctx_sweep_low,,,,,,1
DOWN,5,2,Q2,,1290,0.362015503875969,-0.39799856281057283,-0.3329655903649007,0.87119827359957,1.556340161338709,553,0.4050632911392405,-0.19060678819694493,-0.1606886657100415,0.988915264429212,1.4209204521117902,0.5537287140340575,0.5668949771689498,0.16726775773193228,0.185651650524687,-0.19171321015808857,-0.16183168602970927,-0.5652663205425051,-0.3762584387216319,ROBUST_NEGATIVE,ctx_body_atr_bucket,ctx_sweep_low,,,,,,1
DOWN,5,2,Q3,,1937,0.6391326794011358,0.35419092938847285,0.2960199004976237,1.6025343984802387,0.8391059191103141,831,0.6690734055354994,0.3706549859001434,0.3937373151639111,1.5614261781032122,0.7748328118692605,0.5537287140340575,0.5668949771689498,0.16726775773193228,0.185651650524687,0.08540396536707828,0.10217842836654967,0.18692317165654057,0.1850033353754564,ROBUST_POSITIVE,ctx_body_atr_bucket,ctx_sweep_low,,,,,,0
DOWN,5,2,Q3,,665,0.35037593984962406,-0.39618904383454456,-0.4378109452736527,0.7981205411839392,1.550524287847812,285,0.3298245614035088,-0.3766761140429295,-0.3742574257425524,0.7395103625820324,1.6161649004513778,0.5537287140340575,0.5668949771689498,0.16726775773193228,0.185651650524687,-0.20335277418443348,-0.23707041576544097,-0.5634568015664768,-0.5623277645676165,ROBUST_NEGATIVE,ctx_body_atr_bucket,ctx_sweep_low,,,,,,1
DOWN,5,2,Q4_HIGH,,2450,0.7942857142857143,0.8145403481040262,0.6926554240347613,2.131998062930075,0.41355793646706446,1050,0.780952380952381,0.7876855791040234,0.680768690616892,2.003191356681485,0.4149804914927441,0.5537287140340575,0.5668949771689498,0.16726775773193228,0.185651650524687,0.24055700025165672,0.2140574037834312,0.647272590372094,0.6020339285793364,ROBUST_POSITIVE,ctx_body_atr_bucket,ctx_sweep_low,,,,,,0
DOWN,5,2,Q4_HIGH,,186,0.2903225806451613,-0.5525006855275445,-0.6300241644062394,0.6361181047540355,1.8137205908505176,81,0.30864197530864196,-0.33847038153660225,-0.39630271519338567,0.7734480838504775,1.739863695376544,0.5537287140340575,0.5668949771689498,0.16726775773193228,0.185651650524687,-0.26340613338889624,-0.2582530018603078,-0.7197684432594768,-0.5241220320612893,ROBUST_NEGATIVE,ctx_body_atr_bucket,ctx_sweep_low,,,,,,1
UP,5,2,Q1_LOW,,2425,0.4181443298969072,-0.18919385286503354,-0.1890226005279719,1.007645391184002,1.4062444729380321,1040,0.41442307692307695,-0.17836358258585214,-0.17889191967106588,1.0235934000375837,1.3815903141624426,0.5402492088607594,0.5364559298569451,0.1312407600198671,0.11074128443402043,-0.12210487896385225,-0.12203285293386817,-0.3204346128849006,-0.2891048670198726,ROBUST_NEGATIVE,ctx_body_atr_bucket,ctx_sweep_low,,,,,,0
UP,5,2,Q2,,2431,0.44755244755244755,-0.15053058796550137,-0.13419602204666506,1.071608618342947,1.3406756279391323,1043,0.44103547459252157,-0.12814787724313986,-0.19939232814279997,1.1343444576012898,1.3066507950388568,0.5402492088607594,0.5364559298569451,0.1312407600198671,0.11074128443402043,-0.09269676130831189,-0.09542045526442355,-0.28177134798536846,-0.2388891616771603,ROBUST_NEGATIVE,ctx_body_atr_bucket,ctx_sweep_low,,,,,,0
UP,5,2,Q4_HIGH,,2737,0.7278041651443186,0.6841171022578663,0.6318625799928926,1.9236084276117749,0.5593933313091604,1174,0.7248722316865417,0.6015452532151828,0.5480984970013272,1.8528811593439285,0.6027972971512281,0.5402492088607594,0.5364559298569451,0.1312407600198671,0.11074128443402043,0.18755495628355912,0.18841630182959657,0.5528763422379992,0.4908039687811624,ROBUST_POSITIVE,ctx_body_atr_bucket,ctx_sweep_low,,,,,,0
DOWN,5,2,,-1,2090,0.6167464114832536,0.2629762074884176,0.2543293894661509,1.5284910288290794,0.9078883000224641,896,0.6350446428571429,0.36431611089399507,0.30433147241601877,1.5242401543036619,0.858712106222464,0.5537287140340575,0.5668949771689498,0.16726775773193228,0.185651650524687,0.06301769744919605,0.06814966568819314,0.09570844975648532,0.17866446036930808,ROBUST_POSITIVE,ctx_body_direction,ctx_range_atr_bucket,Q3,,,,,
DOWN,5,2,,-1,2358,0.7442748091603053,0.7041941773569312,0.6054786801912736,2.029954116216047,0.5512699369282255,1011,0.744807121661721,0.6986187790497478,0.580322956550634,1.9781541290390974,0.5288360055595738,0.5537287140340575,0.5668949771689498,0.16726775773193228,0.185651650524687,0.19054609512624776,0.17791214449277126,0.536926419624999,0.5129671285250608,ROBUST_POSITIVE,ctx_body_direction,ctx_range_atr_bucket,Q4_HIGH,,,,,
DOWN,5,2,,1,782,0.3670076726342711,-0.2569633563406947,-0.3113751788627349,0.9324407806899984,1.4751672859447027,336,0.43452380952380953,-0.13272283429532314,-0.18830208449226943,0.9882558387521903,1.381134177132269,0.5537287140340575,0.5668949771689498,0.16726775773193228,0.185651650524687,-0.18672104139978646,-0.13237116764514023,-0.42423111407262704,-0.31837448482001013,ROBUST_NEGATIVE,ctx_body_direction,ctx_range_atr_bucket,Q1_LOW,,,,,
DOWN,5,2,,1,656,0.3475609756097561,-0.4043686806402192,-0.31225398153381523,0.8403742554912027,1.6066018114279805,282,0.40070921985815605,-0.21911246510236565,-0.15324071187674543,0.9898687543598749,1.4918907123027154,0.5537287140340575,0.5668949771689498,0.16726775773193228,0.185651650524687,-0.20616773842430147,-0.1661857573107937,-0.5716364383721515,-0.4047641156270526,ROBUST_NEGATIVE,ctx_body_direction,ctx_range_atr_bucket,Q2,,,,,
DOWN,5,2,,1,484,0.2768595041322314,-0.5186145415204806,-0.6410327027529842,0.7255637225344861,1.6908386865564453,208,0.25,-0.5614372288360768,-0.5396091208286241,0.611117554950163,1.7770056590986032,0.5537287140340575,0.5668949771689498,0.16726775773193228,0.185651650524687,-0.2768692099018261,-0.31689497716894977,-0.6858822992524128,-0.7470888793607638,ROBUST_NEGATIVE,ctx_body_direction,ctx_range_atr_bucket,Q3,,,,,
DOWN,5,2,,1,231,0.24242424242424243,-0.5179580402962788,-0.7347629796840259,0.8710631046641809,1.9232713503965262,100,0.26,-0.6003153614194269,-0.616598824061565,0.7172253716632477,1.9267615506852982,0.5537287140340575,0.5668949771689498,0.16726775773193228,0.185651650524687,-0.3113044716098151,-0.30689497716894976,-0.685225798028211,-0.7859670119441139,ROBUST_NEGATIVE,ctx_body_direction,ctx_range_atr_bucket,Q4_HIGH,,,,,
UP,5,2,,-1,765,0.38562091503267976,-0.2566738058641471,-0.2604202549086999,0.8982442551343006,1.4282578514205158,328,0.3445121951219512,-0.327892002929693,-0.293562087476446,0.8691043963365926,1.4873802034362278,0.5402492088607594,0.5364559298569451,0.1312407600198671,0.11074128443402043,-0.1546282938280797,-0.19194373473499393,-0.3879145658840142,-0.43863328736371343,ROBUST_NEGATIVE,ctx_body_direction,ctx_range_atr_bucket,Q1_LOW,,,,,
UP,5,2,,-1,625,0.2912,-0.5648192130984889,-0.5190600522193329,0.7071128328833228,1.804361220854197,268,0.26865671641791045,-0.537276513877776,-0.4505265137501313,0.7164751119484138,1.708832516636167,0.5402492088607594,0.5364559298569451,0.1312407600198671,0.11074128443402043,-0.24904920886075943,-0.2677992134390347,-0.696059973118356,-0.6480177983117964,ROBUST_NEGATIVE,ctx_body_direction,ctx_range_atr_bucket,Q2,,,,,
UP,5,2,,-1,478,0.2824267782426778,-0.4908887983967115,-0.43335752298024866,0.6627867900118852,1.7228648781486136,206,0.25728155339805825,-0.6083221181566295,-0.6615643793928343,0.6447146885788057,1.8631669538600248,0.5402492088607594,0.5364559298569451,0.1312407600198671,0.11074128443402043,-0.25782243061808163,-0.2791743764588869,-0.6221295584165786,-0.7190634025906499,ROBUST_NEGATIVE,ctx_body_direction,ctx_range_atr_bucket,Q3,,,,,
UP,5,2,,-1,218,0.1651376146788991,-0.6361527581451784,-0.560151435171709,0.5339449002479663,1.9894383199632646,94,0.26595744680851063,-0.6265629515667374,-0.859829002902613,0.745692925753334,2.0518263817527598,0.5402492088607594,0.5364559298569451,0.1312407600198671,0.11074128443402043,-0.37511159418186035,-0.2704984830484345,-0.7673935181650454,-0.7373042360007578,ROBUST_NEGATIVE,ctx_body_direction,ctx_range_atr_bucket,Q4_HIGH,,,,,
UP,5,2,,1,2118,0.597261567516525,0.2624324282129974,0.24317433700130048,1.459354924619725,0.966629970413834,908,0.5936123348017621,0.1852822650410315,0.18903678641912688,1.4030570822675141,1.0016068223223134,0.5402492088607594,0.5364559298569451,0.1312407600198671,0.11074128443402043,0.057012358655765594,0.057156404944816996,0.1311916681931303,0.07454098060701109,ROBUST_POSITIVE,ctx_body_direction,ctx_range_atr_bucket,Q3,,,,,
UP,5,2,,1,2312,0.7396193771626297,0.7253495193080518,0.6675213782170869,1.9773355323793764,0.5540075859487765,991,0.7134207870837538,0.6498306122960661,0.5549374130739213,1.9218208462882493,0.6130808825567398,0.5402492088607594,0.5364559298569451,0.1312407600198671,0.11074128443402043,0.19937016830187027,0.17696485722680866,0.5941087592881847,0.5390893278620457,ROBUST_POSITIVE,ctx_body_direction,ctx_range_atr_bucket,Q4_HIGH,,,,,
DOWN,5,2,,-1,2791,0.6689358652812611,0.5113950856866847,0.35677676537584346,1.8719400921749447,0.7267790662292913,1197,0.6800334168755221,0.5098042222555429,0.45570663370416653,1.7540094309580911,0.703343363196471,0.5537287140340575,0.5668949771689498,0.16726775773193228,0.185651650524687,0.1152071512472036,0.11313843970657234,0.3441273279547524,0.3241525717308559,ROBUST_POSITIVE,ctx_body_direction,ctx_dist_ema20_atr_bucket,,Q1_LOW,,,,
DOWN,5,2,,-1,2277,0.6108915239350022,0.3087976222853271,0.2536806342013673,1.5168142266232707,0.8670653957558727,976,0.6127049180327869,0.27908786033164357,0.2709642181753219,1.4562868565376783,0.888945132635989,0.5537287140340575,0.5668949771689498,0.16726775773193228,0.185651650524687,0.05716280990094469,0.04580994086383716,0.1415298645533948,0.09343620980695658,ROBUST_POSITIVE,ctx_body_direction,ctx_dist_ema20_atr_bucket,,Q2,,,,
DOWN,5,2,,1,422,0.35308056872037913,-0.4909094495192981,-0.6739392379336783,0.9994241839448692,1.6147141734489212,181,0.3259668508287293,-0.3302892778796579,-0.6189143816453531,1.0145895005420362,1.568225123297172,0.5537287140340575,0.5668949771689498,0.16726775773193228,0.185651650524687,-0.20064814531367842,-0.24092812634022048,-0.6581772072512304,-0.5159409284043449,ROBUST_NEGATIVE,ctx_body_direction,ctx_dist_ema20_atr_bucket,,Q1_LOW,,,,
DOWN,5,2,,1,592,0.3277027027027027,-0.3347491579240339,-0.4334013335409602,0.8647489086824782,1.5609747633582447,254,0.39763779527559057,-0.21001152913162577,-0.2016602759805216,0.9525350958125847,1.594875083709776,0.5537287140340575,0.5668949771689498,0.16726775773193228,0.185651650524687,-0.22602601133135486,-0.1692571818933592,-0.5020169156559662,-0.39566317965631276,ROBUST_NEGATIVE,ctx_body_direction,ctx_dist_ema20_atr_bucket,,Q2,,,,
DOWN,5,2,,1,611,0.3044189852700491,-0.3958613099900577,-0.3724304715840755,0.7964592311148724,1.6406757228076185,262,0.3893129770992366,-0.23734066833740763,-0.22132632585486395,0.8446888625772702,1.4312235464830614,0.5537287140340575,0.5668949771689498,0.16726775773193228,0.185651650524687,-0.24930972876400842,-0.17758200006971314,-0.56312906772199,-0.42299231886209465,ROBUST_NEGATIVE,ctx_body_direction,ctx_dist_ema20_atr_bucket,,Q3,,,,
DOWN,5,2,,1,529,0.332703213610586,-0.37082152882176767,-0.22521511410369807,0.7665183692351376,1.607614986490796,228,0.32894736842105265,-0.44466811686771224,-0.5041132726903363,0.7463521802676212,1.7320420409518946,0.5537287140340575,0.5668949771689498,0.16726775773193228,0.185651650524687,-0.22102550042347152,-0.2379476087478971,-0.5380892865536999,-0.6303197673923993,ROBUST_NEGATIVE,ctx_body_direction,ctx_dist_ema20_atr_bucket,,Q4_HIGH,,,,
UP,5,2,,-1,548,0.29927007299270075,-0.39765494190141454,-0.33125140109285645,0.725536728544293,1.7626019577149117,235,0.2851063829787234,-0.5216523281360951,-0.5285338015803035,0.6953220792441773,1.7965949842373108,0.5402492088607594,0.5364559298569451,0.1312407600198671,0.11074128443402043,-0.2409791358680587,-0.2513495468782217,-0.5288957019212817,-0.6323936125701155,ROBUST_NEGATIVE,ctx_body_direction,ctx_dist_ema20_atr_bucket,,Q1_LOW,,,,
UP,5,2,,-1,592,0.3141891891891892,-0.5103505128379062,-0.4658991721439668,0.7545441707519333,1.7291790763803077,255,0.29411764705882354,-0.574442300813453,-0.3882450331126419,0.7435055373043006,1.818257781068953,0.5402492088607594,0.5364559298569451,0.1312407600198671,0.11074128443402043,-0.22606001967157024,-0.24233828279812158,-0.6415912728577733,-0.6851835852474735,ROBUST_NEGATIVE,ctx_body_direction,ctx_dist_ema20_atr_bucket,,Q2,,,,
UP,5,2,,-1,550,0.3090909090909091,-0.5145892138743839,-0.36282756998356785,0.7005700683816558,1.6177015201608542,236,0.326271186440678,-0.3677781867550697,-0.4052425450476286,0.7862568274293593,1.56534289529236,0.5402492088607594,0.5364559298569451,0.1312407600198671,0.11074128443402043,-0.23115829976985036,-0.21018474341626714,-0.645829973894251,-0.4785194711890901,ROBUST_NEGATIVE,ctx_body_direction,ctx_dist_ema20_atr_bucket,,Q3,,,,
UP,5,2,,-1,396,0.3106060606060606,-0.3291502119293601,-0.40971965983222847,0.8123511418040157,1.5199655405852641,170,0.28823529411764703,-0.4068639637592044,-0.652598080320896,0.8968370851656128,1.550490138121178,0.5402492088607594,0.5364559298569451,0.1312407600198671,0.11074128443402043,-0.22964314825469884,-0.2482206357392981,-0.4603909719492272,-0.5176052481932248,ROBUST_NEGATIVE,ctx_body_direction,ctx_dist_ema20_atr_bucket,,Q4_HIGH,,,,
UP,5,2,,1,2272,0.6188380281690141,0.26173323583840974,0.24870568623635075,1.474740719426512,0.8938553364192191,974,0.5954825462012321,0.23542034071232196,0.14690313574484876,1.4925106362874725,0.9260449602208626,0.5402492088607594,0.5364559298569451,0.1312407600198671,0.11074128443402043,0.07858881930825468,0.059026616344286964,0.13049247581854265,0.12467905627830153,ROBUST_POSITIVE,ctx_body_direction,ctx_dist_ema20_atr_bucket,,Q3,,,,
UP,5,2,,1,2692,0.6474739970282318,0.4995083193137321,0.3588012124473394,1.764520133878064,0.7336618057449226,1155,0.6588744588744588,0.47835427861550767,0.3339222614840716,1.754012473857142,0.7335095812039371,0.5402492088607594,0.5364559298569451,0.1312407600198671,0.11074128443402043,0.10722478816747238,0.12241852901751371,0.368267559293865,0.36761299418148724,ROBUST_POSITIVE,ctx_body_direction,ctx_dist_ema20_atr_bucket,,Q4_HIGH,,,,
DOWN,5,2,,-1,8034,0.6155090863828728,0.31861953628864675,0.25406199886588987,1.5692902835667537,0.8764653361148885,3444,0.622822299651568,0.32329918229971477,0.29823836450628116,1.5220868652854576,0.8608264614058919,0.5537287140340575,0.5668949771689498,0.16726775773193228,0.185651650524687,0.06178037234881528,0.055927322482618225,0.15135177855671447,0.13764753177502778,ROBUST_POSITIVE,ctx_body_direction,ctx_sweep_high,,,0,,,
DOWN,5,2,,1,2155,0.32761020881670533,-0.38850325775004235,-0.41457179377938586,0.8500472214858731,1.605712649291496,924,0.36363636363636365,-0.3061033455988757,-0.32226092687587293,0.8777303006818695,1.5767424777750036,0.5537287140340575,0.5668949771689498,0.16726775773193228,0.185651650524687,-0.22611850521735222,-0.20325861353258612,-0.5557710154819746,-0.49175499612356266,ROBUST_NEGATIVE,ctx_body_direction,ctx_sweep_high,,,0,,,
UP,5,2,,-1,2075,0.3089156626506024,-0.44259649045315624,-0.3920653442236802,0.7440893823645606,1.6665029183830868,890,0.2943820224719101,-0.5104103186590416,-0.5091203185265029,0.7388815369612065,1.7211326733880397,0.5402492088607594,0.5364559298569451,0.1312407600198671,0.11074128443402043,-0.23133354621015706,-0.24207390738503504,-0.5738372504730234,-0.621151603093062,ROBUST_NEGATIVE,ctx_body_direction,ctx_sweep_high,,,1,,,
UP,5,2,,1,6101,0.6667759383707589,0.4442717986781854,0.41263157894687463,1.661898849637245,0.7717257575275254,2615,0.6604206500956022,0.40481730375679276,0.2933526011560873,1.6386330852134656,0.775025987636479,0.5402492088607594,0.5364559298569451,0.1312407600198671,0.11074128443402043,0.12652672950999944,0.12396472023865712,0.3130310386583183,0.29407601932277233,ROBUST_POSITIVE,ctx_body_direction,ctx_sweep_high,,,0,,,
UP,5,2,,1,1897,0.38956246705324193,-0.24390310614209038,-0.2660185594345472,0.9783267151755429,1.4403078714630129,814,0.40417690417690416,-0.15787602017176888,-0.1927180513699709,1.0561960991858539,1.3844746047212482,0.5402492088607594,0.5364559298569451,0.1312407600198671,0.11074128443402043,-0.1506867418075175,-0.13227902568004096,-0.3751438661619575,-0.2686173046057893,ROBUST_NEGATIVE,ctx_body_direction,ctx_sweep_high,,,1,,,
DOWN,5,2,,-1,2464,0.6611201298701299,0.4890300445360005,0.32194951477772105,1.8134086212359353,0.720717110053694,1057,0.6499526963103122,0.45996647349627884,0.3944984904395249,1.6886694669563507,0.7389299658899072,0.5537287140340575,0.5668949771689498,0.16726775773193228,0.185651650524687,0.10739141583607237,0.0830577191413624,0.32176228680406826,0.2743148229715918,ROBUST_POSITIVE,ctx_body_direction,ctx_dist_donchian_high20_atr_bucket,,,,Q1_LOW,,
DOWN,5,2,,-1,2299,0.6272292301000435,0.33733951944155066,0.3306867804685926,1.571307893482038,0.853038941773688,986,0.6693711967545639,0.4167230093138434,0.4098864442729863,1.5747462056199681,0.7735959549450622,0.5537287140340575,0.5668949771689498,0.16726775773193228,0.185651650524687,0.07350051606598595,0.10247621958561415,0.17007176170961838,0.23107135878915638,ROBUST_POSITIVE,ctx_body_direction,ctx_dist_donchian_high20_atr_bucket,,,,Q2,,
DOWN,5,2,,1,488,0.35040983606557374,-0.5588299093288144,-0.6082832295629443,0.9084743580172351,1.6398305062673495,210,0.32857142857142857,-0.32352254609097536,-0.3876643165605816,0.9018606745760367,1.5297242384805145,0.5537287140340575,0.5668949771689498,0.16726775773193228,0.185651650524687,-0.2033188779684838,-0.2383235485975212,-0.7260976670607466,-0.5091741966156623,ROBUST_NEGATIVE,ctx_body_direction,ctx_dist_donchian_high20_atr_bucket,,,,Q1_LOW,,
DOWN,5,2,,1,540,0.3148148148148148,-0.3726906520445328,-0.4322117818249392,0.7755007798604212,1.5121255747417948,232,0.3706896551724138,-0.3602064837525785,-0.36209323291332834,0.9203535524864993,1.6384892452662008,0.5537287140340575,0.5668949771689498,0.16726775773193228,0.185651650524687,-0.23891389921924272,-0.19620532199653595,-0.539958409776465,-0.5458581342772655,ROBUST_NEGATIVE,ctx_body_direction,ctx_dist_donchian_high20_atr_bucket,,,,Q2,,
DOWN,5,2,,1,553,0.35804701627486435,-0.14871579779590396,-0.1851168511686345,0.9778021885195977,1.5505130969594896,238,0.42016806722689076,-0.14380637329021945,-0.07300620642599609,0.9560157115989527,1.4951978311132061,0.5537287140340575,0.5668949771689498,0.16726775773193228,0.185651650524687,-0.1956816977591932,-0.146726909942059,-0.31598355552783625,-0.3294580238149064,ROBUST_NEGATIVE,ctx_body_direction,ctx_dist_donchian_high20_atr_bucket,,,,Q3,,
DOWN,5,2,,1,572,0.2972027972027972,-0.48239628605884116,-0.4464866872953741,0.7543120025320265,1.7153775339019801,246,0.3170731707317073,-0.4154390096285611,-0.5009460636263218,0.7241181764106629,1.6446233352443147,0.5537287140340575,0.5668949771689498,0.16726775773193228,0.185651650524687,-0.25652591683126036,-0.24982180643724244,-0.6496640437907735,-0.6010906601532481,ROBUST_NEGATIVE,ctx_body_direction,ctx_dist_donchian_high20_atr_bucket,,,,Q4_HIGH,,
UP,5,2,,-1,563,0.32149200710479575,-0.3195354941834268,-0.27540983606562264,0.7779346778144274,1.6570567407790537,242,0.2809917355371901,-0.5761067847369103,-0.5327442199772191,0.6416827432875799,1.7404406044162015,0.5402492088607594,0.5364559298569451,0.1312407600198671,0.11074128443402043,-0.2187572017559637,-0.25546419431975503,-0.4507762542032939,-0.6868480691709308,ROBUST_NEGATIVE,ctx_body_direction,ctx_dist_donchian_high20_atr_bucket,,,,Q1_LOW,,
UP,5,2,,-1,518,0.28185328185328185,-0.5544306229314776,-0.5393846863207288,0.672835729595639,1.7169840551307376,223,0.336322869955157,-0.33274134332340777,-0.32467013194718936,0.8918164950267393,1.692726548997706,0.5402492088607594,0.5364559298569451,0.1312407600198671,0.11074128443402043,-0.2583959270074776,-0.20013305990178815,-0.6856713829513447,-0.4434826277574282,ROBUST_NEGATIVE,ctx_body_direction,ctx_dist_donchian_high20_atr_bucket,,,,Q2,,
UP,5,2,,-1,614,0.3257328990228013,-0.4571207308182194,-0.3449901124582332,0.7446569543982712,1.6452112823341734,264,0.2916666666666667,-0.5706664917496999,-0.6767706441618093,0.7185893269760155,1.7425201274437676,0.5402492088607594,0.5364559298569451,0.1312407600198671,0.11074128443402043,-0.21451630983795816,-0.24478926319027844,-0.5883614908380865,-0.6814077761837203,ROBUST_NEGATIVE,ctx_body_direction,ctx_dist_donchian_high20_atr_bucket,,,,Q3,,
UP,5,2,,-1,390,0.3,-0.45223605205703776,-0.40971965983222847,0.7894243689560638,1.6235652234606015,168,0.27976190476190477,-0.4168495406657633,-0.4662749923235405,0.8739969789076605,1.641196833235632,0.5402492088607594,0.5364559298569451,0.1312407600198671,0.11074128443402043,-0.24024920886075946,-0.25669402509504036,-0.5834768120769048,-0.5275908250997837,ROBUST_NEGATIVE,ctx_body_direction,ctx_dist_donchian_high20_atr_bucket,,,,Q4_HIGH,,
UP,5,2,,1,1891,0.6160761501850872,0.26972916326868823,0.2236344898658792,1.4905074251853396,0.9104208361531988,811,0.5696670776818742,0.2445619559131704,0.10886150234736576,1.4131194790358819,0.9249487020587946,0.5402492088607594,0.5364559298569451,0.1312407600198671,0.11074128443402043,0.07582694132432777,0.033211147824929066,0.13848840324882114,0.13382067147914997,ROBUST_POSITIVE,ctx_body_direction,ctx_dist_donchian_high20_atr_bucket,,,,Q3,,
UP,5,2,,1,2870,0.6452961672473868,0.4621450270995058,0.36414939333791574,1.7241201010196119,0.7798616596239879,1231,0.6620633631194152,0.45733273521757856,0.38564009934532134,1.7624291231099292,0.7759896911025872,0.5402492088607594,0.5364559298569451,0.1312407600198671,0.11074128443402043,0.10504695838662736,0.12560743326247004,0.3309042670796387,0.34659145078355813,ROBUST_POSITIVE,ctx_body_direction,ctx_dist_donchian_high20_atr_bucket,,,,Q4_HIGH,,
DOWN,5,2,,-1,3003,0.666999666999667,0.484386130242734,0.3631361760661926,1.8440476173528548,0.7567701485230426,1287,0.6588966588966589,0.4445828590086004,0.42258522727289666,1.6850635802623433,0.7651672541854663,0.5537287140340575,0.5668949771689498,0.16726775773193228,0.185651650524687,0.1132709529656094,0.09200168172770917,0.31711837251080177,0.2589312084839134,ROBUST_POSITIVE,ctx_body_direction,ctx_dist_donchian_low20_atr_bucket,,,,,Q1_LOW,
DOWN,5,2,,-1,1898,0.5958904109589042,0.2708916407927874,0.1992465951154504,1.5079106706307275,0.9320222796470808,814,0.6167076167076168,0.27726659572104617,0.2434290030214561,1.4737100733549564,0.8979394536242692,0.5537287140340575,0.5668949771689498,0.16726775773193228,0.185651650524687,0.042161696924846614,0.04981263953866699,0.1036238830608551,0.09161494519635918,ROBUST_POSITIVE,ctx_body_direction,ctx_dist_donchian_low20_atr_bucket,,,,,Q2,
DOWN,5,2,,1,474,0.3649789029535865,-0.4290380413138467,-0.6102190456245553,0.9457618170981823,1.5565272771649197,204,0.36764705882352944,-0.2809663138452809,-0.41146659001578995,0.9929270159438962,1.5642012810806782,0.5537287140340575,0.5668949771689498,0.16726775773193228,0.185651650524687,-0.18874981108047106,-0.19924791834542033,-0.596305799045779,-0.46661796436996794,ROBUST_NEGATIVE,ctx_body_direction,ctx_dist_donchian_low20_atr_bucket,,,,,Q1_LOW,
DOWN,5,2,,1,604,0.3079470198675497,-0.41151600840929636,-0.41149185965721946,0.8621927390746118,1.6857341302508,260,0.35,-0.2845423303481772,-0.26280490265987655,0.8764973594411755,1.5486174624805638,0.5537287140340575,0.5668949771689498,0.16726775773193228,0.185651650524687,-0.24578169416650786,-0.2168949771689498,-0.5787837661412286,-0.47019398087286424,ROBUST_NEGATIVE,ctx_body_direction,ctx_dist_donchian_low20_atr_bucket,,,,,Q2,
DOWN,5,2,,1,542,0.3118081180811808,-0.4027294938908624,-0.40663524592049843,0.7874664722446948,1.6370531943943083,233,0.351931330472103,-0.35756585388423595,-0.37963991998201635,0.7590150800338278,1.6357674519315468,0.5537287140340575,0.5668949771689498,0.16726775773193228,0.185651650524687,-0.24192059595287674,-0.21496364669684676,-0.5699972516227947,-0.5432175044089229,ROBUST_NEGATIVE,ctx_body_direction,ctx_dist_donchian_low20_atr_bucket,,,,,Q3,
DOWN,5,2,,1,533,0.34146341463414637,-0.321638912818857,-0.24166866458891814,0.8254418531566681,1.5275355728026117,229,0.36681222707423583,-0.2786917337617274,-0.22822822822811076,0.8722915737215243,1.5585709829199101,0.5537287140340575,0.5668949771689498,0.16726775773193228,0.185651650524687,-0.21226529939991118,-0.20008275009471393,-0.4889066705507893,-0.4643433842864144,ROBUST_NEGATIVE,ctx_body_direction,ctx_dist_donchian_low20_atr_bucket,,,,,Q4_HIGH,
UP,5,2,,-1,613,0.28874388254486133,-0.435093470543471,-0.426699177080171,0.7691086767305607,1.8003170271678381,264,0.2840909090909091,-0.5598736464193065,-0.4435782647661552,0.7116615415279854,1.7906840508372988,0.5402492088607594,0.5364559298569451,0.1312407600198671,0.11074128443402043,-0.2515053263158981,-0.252365020766036,-0.5663342305633381,-0.6706149308533269,ROBUST_NEGATIVE,ctx_body_direction,ctx_dist_donchian_low20_atr_bucket,,,,,Q1_LOW,
UP,5,2,,-1,532,0.325187969924812,-0.42526014664515954,-0.3449901124582332,0.7710573143730896,1.651877539148274,228,0.36403508771929827,-0.24998362644842445,-0.3106440105073044,0.8432456815204168,1.6433675385067126,0.5402492088607594,0.5364559298569451,0.1312407600198671,0.11074128443402043,-0.21506123893594742,-0.17242084213764686,-0.5565009066650266,-0.36072491088244485,ROBUST_NEGATIVE,ctx_body_direction,ctx_dist_donchian_low20_atr_bucket,,,,,Q2,
UP,5,2,,-1,489,0.310838445807771,-0.5168919362725592,-0.4427971336795023,0.6618629721713053,1.6266673632452877,211,0.2890995260663507,-0.6053848947077068,-0.6388308977034562,0.7017208316606843,1.753150183165351,0.5402492088607594,0.5364559298569451,0.1312407600198671,0.11074128443402043,-0.22941076305298846,-0.24735640379059443,-0.6481326962924263,-0.7161261791417273,ROBUST_NEGATIVE,ctx_body_direction,ctx_dist_donchian_low20_atr_bucket,,,,,Q3,
UP,5,2,,-1,451,0.3082039911308204,-0.40022195345966555,-0.4169068203650025,0.7680682302985267,1.555948084333927,194,0.26288659793814434,-0.5138840076051566,-0.6700742661416701,0.8370347902526314,1.5627458064552415,0.5402492088607594,0.5364559298569451,0.1312407600198671,0.11074128443402043,-0.23204521772993902,-0.2735693319188008,-0.5314627134795327,-0.624625292039177,ROBUST_NEGATIVE,ctx_body_direction,ctx_dist_donchian_low20_atr_bucket,,,,,Q4_HIGH,
UP,5,2,,1,809,0.4289245982694685,-0.13393898291941936,-0.14190687361405885,1.124194341459938,1.3921919080644036,347,0.4610951008645533,-0.061730156112937355,-0.08080808080846856,1.1162179158950762,1.2445303709675302,0.5402492088607594,0.5364559298569451,0.1312407600198671,0.11074128443402043,-0.11132461059129095,-0.07536082899239183,-0.2651797429392865,-0.1724714405469578,ROBUST_NEGATIVE,ctx_body_direction,ctx_dist_donchian_low20_atr_bucket,,,,,Q1_LOW,
UP,5,2,,1,2555,0.6046966731898239,0.2443104643933274,0.2754524361950019,1.4224777953162278,1.0004647475102049,1096,0.5748175182481752,0.16475636460139678,0.11479330972030792,1.387833591992884,1.0205829001384974,0.5402492088607594,0.5364559298569451,0.1312407600198671,0.11074128443402043,0.06444746432906445,0.03836158839123005,0.11306970437346031,0.054015080167376356,ROBUST_POSITIVE,ctx_body_direction,ctx_dist_donchian_low20_atr_bucket,,,,,Q2,
UP,5,2,,1,2262,0.614500442086649,0.2875234846921375,0.28498194474336913,1.5086328702202079,0.8700164342058427,970,0.6319587628865979,0.26911958487213195,0.23950312453160366,1.5566075029221162,0.9022526006111341,0.5402492088607594,0.5364559298569451,0.1312407600198671,0.11074128443402043,0.07425123322588956,0.09550283302965279,0.15628272467227042,0.15837830043811152,ROBUST_POSITIVE,ctx_body_direction,ctx_dist_donchian_low20_atr_bucket,,,,,Q3,
UP,5,2,,1,2370,0.639662447257384,0.45350376981660484,0.3121170228526169,1.69611355150747,0.7595229493088277,1017,0.6509341199606686,0.509110185305229,0.306443679291481,1.7155780343771936,0.7048212783583551,0.5402492088607594,0.5364559298569451,0.1312407600198671,0.11074128443402043,0.09941323839662453,0.11447819010372351,0.3222630097967377,0.3983689008712086,ROBUST_POSITIVE,ctx_body_direction,ctx_dist_donchian_low20_atr_bucket,,,,,Q4_HIGH,
DOWN,5,2,,-1,6083,0.6758178530330429,0.48140277013605937,0.4097013429545224,1.7392546169373404,0.7179267925915511,2607,0.68162639048715,0.47323634937597175,0.43115942028965654,1.6791509734598382,0.7083914228634222,0.5537287140340575,0.5668949771689498,0.16726775773193228,0.185651650524687,0.12208913899898532,0.11473141331820025,0.3141350124041271,0.2875846988512848,ROBUST_POSITIVE,ctx_body_direction,ctx_sweep_low,,,,,,0
DOWN,5,2,,-1,1951,0.43208610968733985,-0.1750372217053238,-0.17461197339256082,1.0520883688499576,1.361200312662076,837,0.42891278375149344,-0.17607031736023263,-0.11814345991579821,1.0032120333960648,1.3579234345111701,0.5537287140340575,0.5668949771689498,0.16726775773193228,0.185651650524687,-0.1216426043467177,-0.13798219341745632,-0.3423049794372561,-0.3617219678849196,ROBUST_NEGATIVE,ctx_body_direction,ctx_sweep_low,,,,,,1
DOWN,5,2,,1,2149,0.3271288971614705,-0.39560505249511196,-0.4153846153848317,0.8353713725118065,1.6076447878303237,921,0.36264929424538545,-0.30966199696901137,-0.3216485078162114,0.8712566349186559,1.5811982329514314,0.5537287140340575,0.5668949771689498,0.16726775773193228,0.185651650524687,-0.22659981687258707,-0.20424568292356432,-0.5628728102270443,-0.49531364749369833,ROBUST_NEGATIVE,ctx_body_direction,ctx_sweep_low,,,,,,1
UP,5,2,,-1,2088,0.3103448275862069,-0.43812279054735526,-0.3920326721118452,0.7494646263616475,1.6617616774390356,896,0.29464285714285715,-0.49694042222154494,-0.5091203185265029,0.7573765364773387,1.71276326826592,0.5402492088607594,0.5364559298569451,0.1312407600198671,0.11074128443402043,-0.22990438127455254,-0.24181307271408797,-0.5693635505672223,-0.6076817066555653,ROBUST_NEGATIVE,ctx_body_direction,ctx_sweep_low,,,,,,0
UP,5,2,,1,7998,0.6020255063765941,0.2831959657457333,0.2509358037102315,1.5011774004572846,0.9272802202159438,3429,0.5972586759988335,0.2662300630661657,0.16358080172559034,1.4970787267535643,0.9267515204042395,0.5402492088607594,0.5364559298569451,0.1312407600198671,0.11074128443402043,0.06177629751583469,0.06080274614188841,0.1519552057258662,0.15548877863214527,ROBUST_POSITIVE,ctx_body_direction,ctx_sweep_low,,,,,,0
DOWN,5,2,,,442,0.47058823529411764,-0.1443593983497785,-0.24595475728528043,1.214633670888406,1.30729989879586,190,0.4631578947368421,-0.09276027021814945,0.017040946871134822,1.1442011152498899,1.1863469083668385,0.5537287140340575,0.5668949771689498,0.16726775773193228,0.185651650524687,-0.0831404787399399,-0.10373708243210766,-0.31162715608171077,-0.27841192074283644,ROBUST_NEGATIVE,ctx_range_atr_bucket,ctx_dist_ema20_atr_bucket,Q1_LOW,Q1_LOW,,,,
DOWN,5,2,,,815,0.4662576687116564,-0.0019208203370348735,-0.0794223826715726,1.1383660573509569,1.205549010043817,350,0.4542857142857143,-0.14245314287389024,-0.027834337842526292,1.0014387820354849,1.2462717054069095,0.5537287140340575,0.5668949771689498,0.16726775773193228,0.185651650524687,-0.08747104532240113,-0.11260926288323547,-0.16918857806896714,-0.32810479339857723,ROBUST_NEGATIVE,ctx_range_atr_bucket,ctx_dist_ema20_atr_bucket,Q1_LOW,Q3,,,,
DOWN,5,2,,,467,0.41541755888650966,-0.20797321899863,-0.08473436449239875,0.9830182611117959,1.3971729014664045,201,0.46766169154228854,-0.1718963826537537,-0.058318146316010705,1.0291744528334934,1.3299957317196553,0.5537287140340575,0.5668949771689498,0.16726775773193228,0.185651650524687,-0.13831115514754788,-0.09923328562666123,-0.3752409767305623,-0.3575480331784407,ROBUST_NEGATIVE,ctx_range_atr_bucket,ctx_dist_ema20_atr_bucket,Q2,Q4_HIGH,,,,
DOWN,5,2,,,1327,0.7483044461190655,0.8031398295974274,0.629305312317586,2.2133006832425006,0.4986756470448956,570,0.7824561403508772,0.8345653791725609,0.6580680603221584,2.1704508457216503,0.4280484401907214,0.5537287140340575,0.5668949771689498,0.16726775773193228,0.185651650524687,0.194575732085008,0.21556116318192742,0.6358720718654951,0.6489137286478739,ROBUST_POSITIVE,ctx_range_atr_bucket,ctx_dist_ema20_atr_bucket,Q4_HIGH,Q1_LOW,,,,
DOWN,5,2,,,585,0.6888888888888889,0.5664922436346935,0.47874938935009576,1.8342114539872851,0.7240879862517334,252,0.6706349206349206,0.5294162937525545,0.4480344435878703,1.7469868814776612,0.6778490186278029,0.5537287140340575,0.5668949771689498,0.16726775773193228,0.185651650524687,0.13516017485483134,0.10373994346597082,0.3992244859027613,0.3437646432278675,ROBUST_POSITIVE,ctx_range_atr_bucket,ctx_dist_ema20_atr_bucket,Q4_HIGH,Q2,,,,
DOWN,5,2,,,415,0.6819277108433734,0.4039214603712646,0.545808966861711,1.5829808119968736,0.8156969250519521,179,0.6312849162011173,0.23796423762227395,0.24624012235549628,1.4918345603851546,0.9094213558976694,0.5537287140340575,0.5668949771689498,0.16726775773193228,0.185651650524687,0.1281989968093159,0.0643899390321675,0.2366537026393323,0.05231258709758696,ROBUST_POSITIVE,ctx_range_atr_bucket,ctx_dist_ema20_atr_bucket,Q4_HIGH,Q3,,,,
UP,5,2,,,361,0.4099722991689751,-0.16646535284137198,-0.19890710382484766,0.996931608246073,1.3839831816862815,156,0.358974358974359,-0.2679860377383466,-0.29201995236320266,0.909412229431702,1.4496910862931618,0.5402492088607594,0.5364559298569451,0.1312407600198671,0.11074128443402043,-0.13027690969178435,-0.17748157088258615,-0.29770611286123905,-0.37872732217236704,ROBUST_NEGATIVE,ctx_range_atr_bucket,ctx_dist_ema20_atr_bucket,Q1_LOW,Q1_LOW,,,,
UP,5,2,,,747,0.4819277108433735,-0.026075936287396646,0.004127966976354243,1.094412143842784,1.2476800090020395,321,0.45794392523364486,-0.17136004594054832,-0.09035172636325883,1.0343372615773105,1.2975943887311763,0.5402492088607594,0.5364559298569451,0.1312407600198671,0.11074128443402043,-0.05832149801738595,-0.07851200462330027,-0.15731669630726375,-0.28210133037456875,ROBUST_NEGATIVE,ctx_range_atr_bucket,ctx_dist_ema20_atr_bucket,Q1_LOW,Q2,,,,
UP,5,2,,,786,0.45165394402035625,-0.10838337237097907,-0.06574167145390317,1.0711901523647656,1.2390790063545614,337,0.47477744807121663,-0.03884183528384079,-0.06995627732739759,1.1878617618357827,1.1518234111973933,0.5402492088607594,0.5364559298569451,0.1312407600198671,0.11074128443402043,-0.0885952648404032,-0.06167848178572849,-0.23962413239084618,-0.1495831197178612,ROBUST_NEGATIVE,ctx_range_atr_bucket,ctx_dist_ema20_atr_bucket,Q1_LOW,Q3,,,,
UP,5,2,,,450,0.42444444444444446,-0.2983283891249339,-0.11346898073172386,0.9512559047935073,1.5617304785657284,193,0.41450777202072536,-0.21589311610416306,-0.21430674124207605,0.9918738998058007,1.3564845826053116,0.5402492088607594,0.5364559298569451,0.1312407600198671,0.11074128443402043,-0.11580476441631499,-0.12194815783621976,-0.42956914914480104,-0.3266344005381835,ROBUST_NEGATIVE,ctx_range_atr_bucket,ctx_dist_ema20_atr_bucket,Q2,Q1_LOW,,,,
UP,5,2,,,695,0.4302158273381295,-0.23158867947986467,-0.13512064343183672,1.0598688158786922,1.4172599671943082,299,0.45484949832775917,-0.14262363946814205,-0.0637605725439257,1.1094013650145802,1.3487649088149964,0.5402492088607594,0.5364559298569451,0.1312407600198671,0.11074128443402043,-0.11003338152262992,-0.08160643152918595,-0.3628294394997318,-0.2533649239021625,ROBUST_NEGATIVE,ctx_range_atr_bucket,ctx_dist_ema20_atr_bucket,Q2,Q2,,,,
UP,5,2,,,467,0.44539614561027835,-0.0803566235037121,0.051950656905009225,1.0079252188989203,1.4072663650963437,201,0.44776119402985076,-0.24712141857054473,-0.0700700700701664,0.9477830075330478,1.4522878463661701,0.5402492088607594,0.5364559298569451,0.1312407600198671,0.11074128443402043,-0.0948530632504811,-0.08869473582709436,-0.2115973835235792,-0.35786270300456513,ROBUST_NEGATIVE,ctx_range_atr_bucket,ctx_dist_ema20_atr_bucket,Q3,Q1_LOW,,,,
UP,5,2,,,458,0.6331877729257642,0.3474887097859576,0.3893801538839655,1.4965251075182973,0.862892597512439,197,0.6040609137055838,0.2702277178530184,0.21575342465751432,1.4487813021365363,0.9478209152983824,0.5402492088607594,0.5364559298569451,0.1312407600198671,0.11074128443402043,0.09293856406500478,0.06760498384863867,0.2162479497660905,0.15948643341899799,ROBUST_POSITIVE,ctx_range_atr_bucket,ctx_dist_ema20_atr_bucket,Q4_HIGH,Q2,,,,
UP,5,2,,,638,0.7147335423197492,0.5580241225948105,0.48791658690610645,1.7664656791751285,0.6526833879432669,274,0.6204379562043796,0.3439987176647202,0.33413592619946275,1.655195767822826,0.8441122947318983,0.5402492088607594,0.5364559298569451,0.1312407600198671,0.11074128443402043,0.17448433345898973,0.08398202634743446,0.4267833625749434,0.23325743323069975,ROBUST_POSITIVE,ctx_range_atr_bucket,ctx_dist_ema20_atr_bucket,Q4_HIGH,Q3,,,,
UP,5,2,,,1079,0.7655236329935126,0.9329234028930558,0.8345349041674814,2.256791200919463,0.4039407956116936,463,0.775377969762419,0.8986361537626067,0.6802259887004753,2.2453055865834526,0.4322238010906095,0.5402492088607594,0.5364559298569451,0.1312407600198671,0.11074128443402043,0.22527442413275311,0.2389220399054739,0.8016826428731887,0.7878948693285863,ROBUST_POSITIVE,ctx_range_atr_bucket,ctx_dist_ema20_atr_bucket,Q4_HIGH,Q4_HIGH,,,,
DOWN,5,2,,,2496,0.469150641025641,-0.01881914906436246,-0.0617407313088668,1.154292238059647,1.2027874696656449,1071,0.4752567693744164,-0.08639378633836567,-0.04294478527596979,1.0829214985620599,1.2207970404646518,0.5537287140340575,0.5668949771689498,0.16726775773193228,0.185651650524687,-0.08457807300841652,-0.09163820779453336,-0.18608690679629475,-0.27204543686305266,ROBUST_NEGATIVE,ctx_range_atr_bucket,ctx_sweep_high,Q1_LOW,,0,,,
DOWN,5,2,,,2590,0.698069498069498,0.5887959325033036,0.5124963066580495,1.9199906867195409,0.6838242490992272,1110,0.7045045045045045,0.5965154479216211,0.5016831112205424,1.879916996609104,0.630986256523075,0.5537287140340575,0.5668949771689498,0.16726775773193228,0.185651650524687,0.14434078403544048,0.13760952733555476,0.4215281747713714,0.4108637973969341,ROBUST_POSITIVE,ctx_range_atr_bucket,ctx_sweep_high,Q4_HIGH,,0,,,
UP,5,2,,,1439,0.39749826268241834,-0.19446220895825,-0.2542837559971257,0.9629487763356475,1.37618596211,618,0.38673139158576053,-0.23786064357990522,-0.2146205437958782,0.9605037152793869,1.3999012450998738,0.5402492088607594,0.5364559298569451,0.1312407600198671,0.11074128443402043,-0.1427509461783411,-0.1497245382711846,-0.3257029689781171,-0.34860192801392564,ROBUST_NEGATIVE,ctx_range_atr_bucket,ctx_sweep_high,Q1_LOW,,1,,,
UP,5,2,,,1199,0.3427856547122602,-0.431828900901163,-0.38302934179247966,0.8288940816499472,1.617955650804265,515,0.3300970873786408,-0.40092820954338376,-0.3709311127928612,0.859303265931614,1.5668957689564669,0.5402492088607594,0.5364559298569451,0.1312407600198671,0.11074128443402043,-0.19746355414849925,-0.20635884247830433,-0.5630696609210301,-0.5116694939774042,ROBUST_NEGATIVE,ctx_range_atr_bucket,ctx_sweep_high,Q2,,1,,,
UP,5,2,,,1676,0.6599045346062052,0.3982965038130234,0.35285673415975183,1.5955252343149477,0.8219055503689091,719,0.650904033379694,0.27625623397061005,0.2583446404343071,1.496113447767001,0.8664523466879607,0.5402492088607594,0.5364559298569451,0.1312407600198671,0.11074128443402043,0.1196553257454458,0.11444810352274892,0.26705574379315633,0.16551494953658963,ROBUST_POSITIVE,ctx_range_atr_bucket,ctx_sweep_high,Q3,,0,,,
UP,5,2,,,923,0.30985915492957744,-0.40327834748570013,-0.3930003645643321,0.7781729153391822,1.6428856178753004,397,0.3350125944584383,-0.34068557700413876,-0.3996346197762298,0.87384074247788,1.652698415054214,0.5402492088607594,0.5364559298569451,0.1312407600198671,0.11074128443402043,-0.230390053931182,-0.20144333539850684,-0.5345191075055672,-0.4514268614381592,ROBUST_NEGATIVE,ctx_range_atr_bucket,ctx_sweep_high,Q3,,1,,,
UP,5,2,,,2099,0.7765602667937113,0.8381714956708072,0.7717222049203653,2.0829596756076842,0.44309565388789335,900,0.7511111111111111,0.7522721580845125,0.6373497851599669,2.0298135945214892,0.5036619947649214,0.5402492088607594,0.5364559298569451,0.1312407600198671,0.11074128443402043,0.23631105793295182,0.21465518125416594,0.7069307356509401,0.6415308736504921,ROBUST_POSITIVE,ctx_range_atr_bucket,ctx_sweep_high,Q4_HIGH,,0,,,
UP,5,2,,,431,0.2668213457076566,-0.5362309952752633,-0.4798328108673949,0.7179175650203038,1.8499199211955284,186,0.3064516129032258,-0.44134888394895067,-0.6445688230850097,0.8292722540217373,1.8122990914852655,0.5402492088607594,0.5364559298569451,0.1312407600198671,0.11074128443402043,-0.27342786315310286,-0.2300043169537193,-0.6674717552951304,-0.5520901683829711,ROBUST_NEGATIVE,ctx_range_atr_bucket,ctx_sweep_high,Q4_HIGH,,1,,,
DOWN,5,2,,,515,0.4640776699029126,-0.10951976165865077,-0.15933412604043826,1.1470241704038127,1.2064675570301622,221,0.45701357466063347,-0.08986551566550614,0.005225830533776605,1.0886553880901118,1.1545230716974073,0.5537287140340575,0.5668949771689498,0.16726775773193228,0.185651650524687,-0.08965104413114494,-0.1098814025083163,-0.27678751939058305,-0.2755171661901931,ROBUST_NEGATIVE,ctx_range_atr_bucket,ctx_dist_donchian_high20_atr_bucket,Q1_LOW,,,Q1_LOW,,
DOWN,5,2,,,492,0.4451219512195122,-0.042234403227150094,-0.025151675868739183,1.122661174277739,1.28743832411723,212,0.41509433962264153,-0.19744260546654938,-0.23724856796491356,1.004452666132349,1.4131823123926774,0.5537287140340575,0.5668949771689498,0.16726775773193228,0.185651650524687,-0.10860676281454534,-0.15180063754630824,-0.20950216095908236,-0.38309425599123637,ROBUST_NEGATIVE,ctx_range_atr_bucket,ctx_dist_donchian_high20_atr_bucket,Q1_LOW,,,Q4_HIGH,,
DOWN,5,2,,,424,0.39858490566037735,-0.22620095519470818,-0.11991550985067002,0.9571892717331826,1.4092667995495556,183,0.453551912568306,-0.20396439080401654,-0.007282184655555436,1.0322327392118875,1.4019149053787008,0.5537287140340575,0.5668949771689498,0.16726775773193228,0.185651650524687,-0.1551438083736802,-0.11334306460064375,-0.39346871292664043,-0.38961604132870353,ROBUST_NEGATIVE,ctx_range_atr_bucket,ctx_dist_donchian_high20_atr_bucket,Q2,,,Q4_HIGH,,
DOWN,5,2,,,305,0.39344262295081966,-0.20669289098675173,-0.08505018489154764,0.9342310687209282,1.4573791313327247,132,0.3939393939393939,-0.13998912041148256,-0.02005949297231735,0.8689377500182958,1.4132529604178812,0.5537287140340575,0.5668949771689498,0.16726775773193228,0.185651650524687,-0.16028609108323788,-0.17295558322955584,-0.373960648718684,-0.32564077093616955,ROBUST_NEGATIVE,ctx_range_atr_bucket,ctx_dist_donchian_high20_atr_bucket,Q3,,,Q4_HIGH,,
DOWN,5,2,,,1077,0.7335190343546889,0.7686727263737588,0.5858585858585134,2.1911856532728042,0.5267747736169263,462,0.7683982683982684,0.8612495535102782,0.6306295179813377,2.1685637936439908,0.4354958121718337,0.5537287140340575,0.5668949771689498,0.16726775773193228,0.185651650524687,0.17979032032063136,0.20150329122931865,0.6014049686418266,0.6755979029855912,ROBUST_POSITIVE,ctx_range_atr_bucket,ctx_dist_donchian_high20_atr_bucket,Q4_HIGH,,,Q1_LOW,,
DOWN,5,2,,,764,0.7329842931937173,0.6569243328833019,0.6369203199722961,1.9108184845795722,0.5807590887647408,328,0.7408536585365854,0.6547160686043009,0.5602100604313442,1.903359153171059,0.5191293680821825,0.5537287140340575,0.5668949771689498,0.16726775773193228,0.185651650524687,0.17925557915965973,0.1739586813676356,0.4896565751513696,0.46906441807961385,ROBUST_POSITIVE,ctx_range_atr_bucket,ctx_dist_donchian_high20_atr_bucket,Q4_HIGH,,,Q2,,
DOWN,5,2,,,642,0.6666666666666666,0.4059925292366232,0.4013163388384968,1.7024054664644432,0.8819333094484059,276,0.6086956521739131,0.25998199215317014,0.24002697451160704,1.5163117745761465,0.9673704775351705,0.5537287140340575,0.5668949771689498,0.16726775773193228,0.185651650524687,0.11293795263260908,0.04180067500496332,0.23872477150469093,0.07433034162848315,ROBUST_POSITIVE,ctx_range_atr_bucket,ctx_dist_donchian_high20_atr_bucket,Q4_HIGH,,,Q3,,
DOWN,5,2,,,105,0.2761904761904762,-0.6569602858698423,-0.4990234375003118,0.6321068955148968,1.7341010931062493,45,0.35555555555555557,-0.4326583790722255,-0.45877888927206406,0.7704357464294473,1.618736066990859,0.5537287140340575,0.5668949771689498,0.16726775773193228,0.185651650524687,-0.27753823784358134,-0.2113394216133942,-0.8242280436017746,-0.6183100295969125,ROBUST_NEGATIVE,ctx_range_atr_bucket,ctx_dist_donchian_high20_atr_bucket,Q4_HIGH,,,Q4_HIGH,,
UP,5,2,,,499,0.4589178356713427,-0.07984851399300727,-0.10869565217386905,1.0246226324700523,1.2371320219795494,215,0.3767441860465116,-0.2654549816508217,-0.21292775665423005,0.8846334535027288,1.3398293409097903,0.5402492088607594,0.5364559298569451,0.1312407600198671,0.11074128443402043,-0.08133137318941674,-0.15971174381043352,-0.21108927401287436,-0.37619626608484213,ROBUST_NEGATIVE,ctx_range_atr_bucket,ctx_dist_donchian_high20_atr_bucket,Q1_LOW,,,Q1_LOW,,
UP,5,2,,,643,0.43390357698289267,-0.14744798567051104,-0.10822368421037683,1.0376765774284296,1.309718283017744,276,0.4673913043478261,-0.16404926609311343,-0.16944719438489758,1.0628985323321893,1.2954649135534446,0.5402492088607594,0.5364559298569451,0.1312407600198671,0.11074128443402043,-0.10634563187786678,-0.06906462550911902,-0.27868874569037816,-0.27479055052713386,ROBUST_NEGATIVE,ctx_range_atr_bucket,ctx_dist_donchian_high20_atr_bucket,Q1_LOW,,,Q2,,
UP,5,2,,,545,0.44770642201834865,-0.22812961378655455,-0.08060453400496458,0.9829678427918422,1.4075260344767389,234,0.42735042735042733,-0.1707609271449554,-0.2048130649040898,1.0103891839580286,1.2887535387602789,0.5402492088607594,0.5364559298569451,0.1312407600198671,0.11074128443402043,-0.0925427868424108,-0.10910550250651779,-0.3593703738064217,-0.2815022115789758,ROBUST_NEGATIVE,ctx_range_atr_bucket,ctx_dist_donchian_high20_atr_bucket,Q2,,,Q1_LOW,,
UP,5,2,,,612,0.43137254901960786,-0.18068489137362106,-0.18981879788754408,1.0720072417606077,1.3429678919481114,263,0.49429657794676807,-0.08413278935566607,-0.07722616233272282,1.1862661103379446,1.3114603775642275,0.5402492088607594,0.5364559298569451,0.1312407600198671,0.11074128443402043,-0.10887665984115158,-0.042159351910177056,-0.31192565139348816,-0.1948740737896865,ROBUST_NEGATIVE,ctx_range_atr_bucket,ctx_dist_donchian_high20_atr_bucket,Q2,,,Q2,,
UP,5,2,,,633,0.4976303317535545,-0.16315158790386228,-0.08860759493644456,1.1615100881683125,1.3169915814725275,272,0.4742647058823529,-0.06890744807210931,-0.14109951337271842,1.104557680167764,1.2053667672675419,0.5402492088607594,0.5364559298569451,0.1312407600198671,0.11074128443402043,-0.04261887710720497,-0.0621912239745922,-0.29439234792372937,-0.17964873250612973,ROBUST_NEGATIVE,ctx_range_atr_bucket,ctx_dist_donchian_high20_atr_bucket,Q2,,,Q3,,
UP,5,2,,,822,0.5790754257907542,0.26918783323660284,0.16999554800074362,1.5084934540315373,0.9620319348152269,353,0.5807365439093485,0.173149164760564,0.2293154136913888,1.4643900252552855,1.015071950708055,0.5402492088607594,0.5364559298569451,0.1312407600198671,0.11074128443402043,0.03882621692999477,0.044280614052403355,0.13794707321673574,0.06240788032654357,ROBUST_POSITIVE,ctx_range_atr_bucket,ctx_dist_donchian_high20_atr_bucket,Q3,,,Q4_HIGH,,
UP,5,2,,,449,0.6191536748329621,0.3813243130440113,0.36411609498683345,1.6277315641257277,0.8710325087106683,193,0.6113989637305699,0.3467323643026621,0.23066361556100984,1.5861985265162952,0.8690949751951993,0.5402492088607594,0.5364559298569451,0.1312407600198671,0.11074128443402043,0.07890446597220269,0.07494303387362478,0.2500835530241442,0.23599107986864165,ROBUST_POSITIVE,ctx_range_atr_bucket,ctx_dist_donchian_high20_atr_bucket,Q4_HIGH,,,Q2,,
UP,5,2,,,601,0.6455906821963394,0.4506411983393503,0.32613636363624676,1.620607180219685,0.7830848296840034,258,0.5968992248062015,0.2870171066650755,0.1735471578280382,1.5577580080324689,0.9423742261008189,0.5402492088607594,0.5364559298569451,0.1312407600198671,0.11074128443402043,0.10534147333557997,0.060443294949256376,0.31940043831948317,0.1762758222310551,ROBUST_POSITIVE,ctx_range_atr_bucket,ctx_dist_donchian_high20_atr_bucket,Q4_HIGH,,,Q3,,
UP,5,2,,,1064,0.7857142857142857,0.9170375583523476,0.8379342023030754,2.245292686189779,0.4007319184318991,457,0.7833698030634574,0.8921389298976969,0.7159212333995862,2.2457471114285794,0.427280007542565,0.5402492088607594,0.5364559298569451,0.1312407600198671,0.11074128443402043,0.24546507685352625,0.24691387320651226,0.7857967983324805,0.7813976454636765,ROBUST_POSITIVE,ctx_range_atr_bucket,ctx_dist_donchian_high20_atr_bucket,Q4_HIGH,,,Q4_HIGH,,
DOWN,5,2,,,599,0.4991652754590985,-0.011436049821403383,-0.1158150851581994,1.2806046633794808,1.2265147843462134,258,0.4689922480620155,-0.07416590770868532,-0.11023585865563093,1.1869130234337586,1.2571696535608097,0.5537287140340575,0.5668949771689498,0.16726775773193228,0.185651650524687,-0.054563438574959044,-0.09790272910693426,-0.17870380755333568,-0.2598175582333723,ROBUST_NEGATIVE,ctx_range_atr_bucket,ctx_dist_donchian_low20_atr_bucket,Q1_LOW,,,,Q1_LOW,
DOWN,5,2,,,613,0.44861337683523655,-0.038639035903486156,-0.08509406657020915,1.1429277683922032,1.2314450728271165,263,0.5057034220532319,-0.03810500391199368,0.11997363216886865,1.0786758186466117,1.1491883448336797,0.5537287140340575,0.5668949771689498,0.16726775773193228,0.185651650524687,-0.10511533719882099,-0.06119155511571783,-0.20590679363541844,-0.22375665443668066,ROBUST_NEGATIVE,ctx_range_atr_bucket,ctx_dist_donchian_low20_atr_bucket,Q1_LOW,,,,Q2,
DOWN,5,2,,,598,0.46321070234113715,-0.05180361762509348,-0.049962739383680094,1.0940930830157218,1.1978572403013183,257,0.45136186770428016,-0.13296078829490257,-0.06476312011483938,1.0361617766742444,1.2537418495864918,0.5537287140340575,0.5668949771689498,0.16726775773193228,0.185651650524687,-0.0905180116929204,-0.1155331094646696,-0.21907137535702575,-0.31861243881958956,ROBUST_NEGATIVE,ctx_range_atr_bucket,ctx_dist_donchian_low20_atr_bucket,Q1_LOW,,,,Q4_HIGH,
DOWN,5,2,,,1250,0.7688,0.8147622283491622,0.696136201378575,2.232848437582976,0.46643133097122647,537,0.7877094972067039,0.8702453970744407,0.702422145328638,2.16310856939048,0.4157018744628491,0.5537287140340575,0.5668949771689498,0.16726775773193228,0.185651650524687,0.2150712859659425,0.22081452003775415,0.64749447061723,0.6845937465497537,ROBUST_POSITIVE,ctx_range_atr_bucket,ctx_dist_donchian_low20_atr_bucket,Q4_HIGH,,,,Q1_LOW,
DOWN,5,2,,,611,0.6268412438625205,0.439553780523479,0.25501909705227926,1.6986451300675531,0.887071806937861,262,0.6145038167938931,0.2598262691572496,0.21508446990080687,1.58211793483788,0.8819083098035136,0.5537287140340575,0.5668949771689498,0.16726775773193228,0.185651650524687,0.07311252982846295,0.04760883962494333,0.2722860227915467,0.07417461863256261,ROBUST_POSITIVE,ctx_range_atr_bucket,ctx_dist_donchian_low20_atr_bucket,Q4_HIGH,,,,Q2,
DOWN,5,2,,,410,0.6853658536585366,0.49716855166578894,0.5389914953180704,1.6853906260239122,0.7738833891183301,177,0.6271186440677966,0.37812305194195595,0.30520791279772447,1.615663741135734,0.7980319685013146,0.5537287140340575,0.5668949771689498,0.16726775773193228,0.185651650524687,0.1316371396244791,0.06022366689884684,0.32990079393385663,0.19247140141726896,ROBUST_POSITIVE,ctx_range_atr_bucket,ctx_dist_donchian_low20_atr_bucket,Q4_HIGH,,,,Q3,
UP,5,2,,,438,0.4155251141552511,-0.18989946829072485,-0.17754849681765145,1.049486822395923,1.4113127325307502,189,0.37566137566137564,-0.37294513533830015,-0.36548869786698546,0.9002785461484516,1.4599992687367451,0.5402492088607594,0.5364559298569451,0.1312407600198671,0.11074128443402043,-0.12472409470550833,-0.16079455419556948,-0.32114022831059197,-0.4836864197723206,ROBUST_NEGATIVE,ctx_range_atr_bucket,ctx_dist_donchian_low20_atr_bucket,Q1_LOW,,,,Q1_LOW,
UP,5,2,,,440,0.3568181818181818,-0.29179103329106654,-0.3673932703726609,0.9687262013455796,1.5509809572685929,189,0.38095238095238093,-0.2540402223314327,-0.18158236057072785,0.9894079268333927,1.37491359098248,0.5402492088607594,0.5364559298569451,0.1312407600198671,0.11074128443402043,-0.18343102704257763,-0.1555035489045642,-0.42303179331093366,-0.3647815067654531,ROBUST_NEGATIVE,ctx_range_atr_bucket,ctx_dist_donchian_low20_atr_bucket,Q2,,,,Q1_LOW,
UP,5,2,,,775,0.49806451612903224,-0.12373335111534431,-0.03503893214688643,1.1711284340767079,1.3508365273190341,333,0.5045045045045045,-0.04327915220519305,-0.07922136713445108,1.1549769471129365,1.2679739530997853,0.5402492088607594,0.5364559298569451,0.1312407600198671,0.11074128443402043,-0.0421846927317272,-0.031951425352440666,-0.2549741111352114,-0.15402043663921347,ROBUST_NEGATIVE,ctx_range_atr_bucket,ctx_dist_donchian_low20_atr_bucket,Q2,,,,Q2,
UP,5,2,,,660,0.5015151515151515,-0.12184783005588609,-0.021329580347985072,1.0899208731056147,1.2034062284204055,283,0.4911660777385159,-0.0916988958740891,-0.12462908011913834,1.1885016195990692,1.2877876059660247,0.5402492088607594,0.5364559298569451,0.1312407600198671,0.11074128443402043,-0.038734057345607975,-0.04528985211842923,-0.2530885900757532,-0.2024401803081095,ROBUST_NEGATIVE,ctx_range_atr_bucket,ctx_dist_donchian_low20_atr_bucket,Q2,,,,Q3,
UP,5,2,,,406,0.37192118226600984,-0.2599991346692979,-0.16982039928995385,0.9233904298173777,1.6191924300735658,174,0.3850574712643678,-0.31473030974100974,-0.1928005148938267,0.9121422489197007,1.6040651839061448,0.5402492088607594,0.5364559298569451,0.1312407600198671,0.11074128443402043,-0.1683280265947496,-0.15139845859257733,-0.391239894689165,-0.42547159417503017,ROBUST_NEGATIVE,ctx_range_atr_bucket,ctx_dist_donchian_low20_atr_bucket,Q3,,,,Q1_LOW,
UP,5,2,,,787,0.6454891994917408,0.3584041350646638,0.3860021208904484,1.5547850107587742,0.8557767040059435,338,0.5946745562130178,0.2753445609126553,0.18145940343550315,1.5265208633843268,0.9147811838106235,0.5402492088607594,0.5364559298569451,0.1312407600198671,0.11074128443402043,0.10523999063098133,0.05821862635607267,0.2271633750447967,0.16460327647863487,ROBUST_POSITIVE,ctx_range_atr_bucket,ctx_dist_donchian_low20_atr_bucket,Q4_HIGH,,,,Q2,
UP,5,2,,,744,0.7352150537634409,0.6582923166967146,0.6789064167716792,1.8943025910258802,0.5863653960401884,320,0.721875,0.5650394487840859,0.6739945732976056,1.8676626706676527,0.6954443844716881,0.5402492088607594,0.5364559298569451,0.1312407600198671,0.11074128443402043,0.19496584490268143,0.18541907014305492,0.5270515566768476,0.4542981643500654,ROBUST_POSITIVE,ctx_range_atr_bucket,ctx_dist_donchian_low20_atr_bucket,Q4_HIGH,,,,Q3,
UP,5,2,,,850,0.7611764705882353,0.9422367646997701,0.801550248993403,2.243493948513446,0.41139751222446236,365,0.7643835616438356,0.9310844955726914,0.6282324307881183,2.239010991820417,0.3850011412965781,0.5402492088607594,0.5364559298569451,0.1312407600198671,0.11074128443402043,0.2209272617274759,0.22792763178689046,0.8109960046799031,0.8203432111386709,ROBUST_POSITIVE,ctx_range_atr_bucket,ctx_dist_donchian_low20_atr_bucket,Q4_HIGH,,,,Q4_HIGH,
DOWN,5,2,,,1470,0.408843537414966,-0.16259631039543715,-0.20923527323233737,1.0242632174234663,1.3789236616934308,631,0.4500792393026941,-0.13542407034368933,-0.06476312011483938,0.9946681738354929,1.322104548285309,0.5537287140340575,0.5668949771689498,0.16726775773193228,0.185651650524687,-0.14488517661909156,-0.11681573786625565,-0.32986406812736946,-0.3210757208683763,ROBUST_NEGATIVE,ctx_range_atr_bucket,ctx_sweep_low,Q1_LOW,,,,,1
DOWN,5,2,,,1301,0.6003074558032283,0.27642613983024716,0.22974068071298087,1.4891618418617012,0.9294107713250578,558,0.6344086021505376,0.30155752439512823,0.3262726033593498,1.4298883250147365,0.8792956540845875,0.5537287140340575,0.5668949771689498,0.16726775773193228,0.185651650524687,0.04657874176917076,0.06751362498158786,0.10915838209831488,0.11590587387044124,ROBUST_POSITIVE,ctx_range_atr_bucket,ctx_sweep_low,Q2,,,,,0
DOWN,5,2,,,1250,0.3816,-0.33270504191723993,-0.27447843101889635,0.9003720017511972,1.4971208718060944,536,0.39738805970149255,-0.2598623480918954,-0.20142431795004756,0.9614084788047759,1.4619318483892452,0.5537287140340575,0.5668949771689498,0.16726775773193228,0.185651650524687,-0.17212871403405755,-0.16950691746745722,-0.4999727996491722,-0.44551399861658236,ROBUST_NEGATIVE,ctx_range_atr_bucket,ctx_sweep_low,Q2,,,,,1
DOWN,5,2,,,1635,0.671559633027523,0.3938203780168188,0.37160217460862016,1.6628999094858816,0.7721328033734961,702,0.688034188034188,0.4741051432817842,0.44689835711984327,1.6336660275000954,0.7252586086291438,0.5537287140340575,0.5668949771689498,0.16726775773193228,0.185651650524687,0.11783091899346543,0.12113921086523827,0.2265526202848865,0.2884534927570972,ROBUST_POSITIVE,ctx_range_atr_bucket,ctx_sweep_low,Q3,,,,,0
DOWN,5,2,,,943,0.34676564156945916,-0.36522026951839376,-0.43219849971136726,0.8791615960255605,1.5426146354842478,405,0.33827160493827163,-0.32015638607161484,-0.3177094379641248,0.855168897840897,1.5820809433343286,0.5537287140340575,0.5668949771689498,0.16726775773193228,0.185651650524687,-0.20696307246459839,-0.22862337223067813,-0.5324880272503261,-0.5058080365963018,ROBUST_NEGATIVE,ctx_range_atr_bucket,ctx_sweep_low,Q3,,,,,1
DOWN,5,2,,,2126,0.7850423330197555,0.8277540036596309,0.6952681680498847,2.1613894148027493,0.4298391114249998,912,0.7807017543859649,0.7982173040632026,0.6850653155263982,2.083215994884482,0.4282164281837252,0.5537287140340575,0.5668949771689498,0.16726775773193228,0.185651650524687,0.2313136189856979,0.21380677721701513,0.6604862459276987,0.6125656535385156,ROBUST_POSITIVE,ctx_range_atr_bucket,ctx_sweep_low,Q4_HIGH,,,,,0
DOWN,5,2,,,463,0.30669546436285094,-0.47817755845320303,-0.5657994443039221,0.8548931614518426,1.808906158212291,199,0.33668341708542715,-0.3983385484704879,-0.439414114514008,0.8475443612171896,1.6563048505638904,0.5537287140340575,0.5668949771689498,0.16726775773193228,0.185651650524687,-0.2470332496712066,-0.23021156008352262,-0.6454453161851353,-0.5839901989951749,ROBUST_NEGATIVE,ctx_range_atr_bucket,ctx_sweep_low,Q4_HIGH,,,,,1
UP,5,2,,,2466,0.45660989456609896,-0.07340476842832494,-0.12571188389062038,1.0953086793574578,1.2476202593135404,1057,0.45411542100283825,-0.08263013622104082,-0.09150326797377462,1.1041735375588504,1.2222193022420103,0.5402492088607594,0.5364559298569451,0.1312407600198671,0.11074128443402043,-0.08363931429466048,-0.08234050885410688,-0.20464552844819203,-0.19337142065506124,ROBUST_NEGATIVE,ctx_range_atr_bucket,ctx_sweep_low,Q1_LOW,,,,,0
UP,5,2,,,2513,0.477516912057302,-0.12673913256627337,-0.09408602150529008,1.1266854395172115,1.2932731979227687,1077,0.4735376044568245,-0.0801570724938381,-0.09242529534379211,1.145961504137546,1.245732084422218,0.5402492088607594,0.5364559298569451,0.1312407600198671,0.11074128443402043,-0.06273229680345743,-0.0629183254001206,-0.25797989258614046,-0.19089835692785853,ROBUST_NEGATIVE,ctx_range_atr_bucket,ctx_sweep_low,Q2,,,,,0
UP,5,2,,,2531,0.6878704069537732,0.6017413790860203,0.5440956651719626,1.8471091509627129,0.6851921858541874,1085,0.6792626728110599,0.553136433036152,0.4853953930182908,1.8318879657650131,0.7221523202338259,0.5402492088607594,0.5364559298569451,0.1312407600198671,0.11074128443402043,0.14762119809301377,0.14280674295411477,0.47050061906615326,0.4423951486021316,ROBUST_POSITIVE,ctx_range_atr_bucket,ctx_sweep_low,Q4_HIGH,,,,,0
DOWN,5,2,,,3220,0.6245341614906832,0.3704670635338674,0.24875591465035554,1.7522024111732344,0.8540251013758823,1381,0.6364952932657495,0.4131066850134888,0.32807269249211013,1.6619509616640764,0.8005957149305606,0.5537287140340575,0.5668949771689498,0.16726775773193228,0.185651650524687,0.07080544745662565,0.06960031609679973,0.2031993058019351,0.2274550344888018,ROBUST_POSITIVE,ctx_dist_ema20_atr_bucket,ctx_sweep_high,,Q1_LOW,0,,,
DOWN,5,2,,,1614,0.46220570012391576,-0.08164068830837476,0.013710235968547063,1.0846250516203209,1.2893244783258557,692,0.4407514450867052,-0.12424235683308868,-0.06359672170733467,1.0221217871031651,1.3115476136240345,0.5537287140340575,0.5668949771689498,0.16726775773193228,0.185651650524687,-0.09152301391014178,-0.12614353208224455,-0.24890844604030704,-0.30989400735777567,ROBUST_NEGATIVE,ctx_dist_ema20_atr_bucket,ctx_sweep_high,,Q4_HIGH,0,,,
UP,5,2,,,646,0.6269349845201239,0.3072117102411985,0.5047678180521131,1.4105857615041255,0.9799480802767806,277,0.5956678700361011,0.1675401367888392,0.08638838475501877,1.3339653989279305,0.9831251507032124,0.5402492088607594,0.5364559298569451,0.1312407600198671,0.11074128443402043,0.08668577565936442,0.059211940179155986,0.17597095022133138,0.05679885235481877,ROBUST_POSITIVE,ctx_dist_ema20_atr_bucket,ctx_sweep_high,,Q1_LOW,0,,,
UP,5,2,,,987,0.3221884498480243,-0.42797667209122026,-0.33421750663153105,0.787341652802536,1.727543590606655,424,0.33726415094339623,-0.35038059502039975,-0.35478735968616526,0.8504869141562557,1.6034303559733647,0.5402492088607594,0.5364559298569451,0.1312407600198671,0.11074128443402043,-0.21806075901273514,-0.1991917789135489,-0.5592174321110873,-0.4611218794544202,ROBUST_NEGATIVE,ctx_dist_ema20_atr_bucket,ctx_sweep_high,,Q1_LOW,1,,,
UP,5,2,,,1352,0.6301775147928994,0.32339164580007734,0.31521427696277393,1.4843874252121727,0.9006045276052933,580,0.6379310344827587,0.28509736420165555,0.23994603627903793,1.4857272889326691,0.9089275360154829,0.5402492088607594,0.5364559298569451,0.1312407600198671,0.11074128443402043,0.08992830593213996,0.10147510462581355,0.19215088578021025,0.17435607976763512,ROBUST_POSITIVE,ctx_dist_ema20_atr_bucket,ctx_sweep_high,,Q2,0,,,
UP,5,2,,,1201,0.36636136552872606,-0.34165509485412626,-0.2905593520626776,0.8740694669764114,1.5603345455975328,515,0.34951456310679613,-0.39561366274280907,-0.3002560819458324,0.846422461463177,1.614474884497678,0.5402492088607594,0.5364559298569451,0.1312407600198671,0.11074128443402043,-0.1738878433320334,-0.186941366750149,-0.4728958548739933,-0.5063549471768295,ROBUST_NEGATIVE,ctx_dist_ema20_atr_bucket,ctx_sweep_high,,Q2,1,,,
UP,5,2,,,1808,0.6720132743362832,0.3877630185421454,0.36020984743523243,1.6061568728363969,0.7790325791165844,775,0.6503225806451612,0.3471554406659626,0.2284722222221271,1.6051818206820738,0.7932743884572961,0.5402492088607594,0.5364559298569451,0.1312407600198671,0.11074128443402043,0.13176406547552377,0.11386665078821612,0.2565222585222783,0.23641415623194217,ROBUST_POSITIVE,ctx_dist_ema20_atr_bucket,ctx_sweep_high,,Q3,0,,,
UP,5,2,,,1019,0.35525024533856725,-0.37336388534716103,-0.32101076275137946,0.8195636899946583,1.4848889815389765,438,0.3493150684931507,-0.3210558529809299,-0.3457276523589313,0.9010523634147733,1.5362866671219126,0.5402492088607594,0.5364559298569451,0.1312407600198671,0.11074128443402043,-0.1849989635221922,-0.18714086136379443,-0.5046046453670281,-0.43179713741495035,ROBUST_NEGATIVE,ctx_dist_ema20_atr_bucket,ctx_sweep_high,,Q3,1,,,
UP,5,2,,,2307,0.6948417858690941,0.6000605784884789,0.49515116942371346,1.8739036900419521,0.6333979736532339,990,0.696969696969697,0.5854718445529045,0.43734476641026504,1.8644210112331636,0.6218841465418119,0.5402492088607594,0.5364559298569451,0.1312407600198671,0.11074128443402043,0.15459257700833462,0.1605137671127519,0.46881981846861187,0.47473056011888404,ROBUST_POSITIVE,ctx_dist_ema20_atr_bucket,ctx_sweep_high,,Q4_HIGH,0,,,
UP,5,2,,,786,0.3320610687022901,-0.22800308932515528,-0.40987563237784574,0.9418669672112019,1.441160533687281,338,0.3727810650887574,-0.25568216815892053,-0.36692946693531014,1.0385024394009157,1.4501614405196142,0.5402492088607594,0.5364559298569451,0.1312407600198671,0.11074128443402043,-0.20818814015846937,-0.1636748647681877,-0.3592438493450224,-0.36642345259294096,ROBUST_NEGATIVE,ctx_dist_ema20_atr_bucket,ctx_sweep_high,,Q4_HIGH,1,,,
DOWN,5,2,,,2473,0.6170642943792964,0.35815217647665387,0.211834639286713,1.7471131094524746,0.848641020725599,1060,0.619811320754717,0.4009250368111123,0.2966634642722745,1.6427587136640438,0.8166875209849738,0.5537287140340575,0.5668949771689498,0.16726775773193228,0.185651650524687,0.0633355803452389,0.052916343585767245,0.1908844187447216,0.2152733862864253,ROBUST_POSITIVE,ctx_dist_ema20_atr_bucket,ctx_dist_donchian_high20_atr_bucket,,Q1_LOW,,Q1_LOW,,
DOWN,5,2,,,735,0.6476190476190476,0.40065435004323924,0.33949191685917507,1.7589583607406591,0.8766312402246995,315,0.692063492063492,0.44498539564699424,0.4860449285230259,1.7284422891141633,0.7421221826634232,0.5537287140340575,0.5668949771689498,0.16726775773193228,0.185651650524687,0.0938903335849901,0.12516851489454228,0.23338659231130696,0.2593337451223072,ROBUST_POSITIVE,ctx_dist_ema20_atr_bucket,ctx_dist_donchian_high20_atr_bucket,,Q1_LOW,,Q2,,
DOWN,5,2,,,462,0.43722943722943725,-0.18508622381380144,-0.21012941507769384,1.0152656224762595,1.3256636416679448,199,0.4824120603015075,-0.03551327505308687,0.05712620227314999,1.1503723062662405,1.2155892076549393,0.5537287140340575,0.5668949771689498,0.16726775773193228,0.185651650524687,-0.1164992768046203,-0.08448291686744225,-0.3523539815457337,-0.22116492557777387,ROBUST_NEGATIVE,ctx_dist_ema20_atr_bucket,ctx_dist_donchian_high20_atr_bucket,,Q3,,Q4_HIGH,,
DOWN,5,2,,,847,0.39315230224321135,-0.17165418505526456,-0.06611981108642902,0.9817441633951475,1.4449889706315635,363,0.3691460055096419,-0.3374889269182099,-0.3025540275048542,0.8393550791632113,1.5563737652953509,0.5537287140340575,0.5668949771689498,0.16726775773193228,0.185651650524687,-0.1605764117908462,-0.19774897165930788,-0.33892194278719684,-0.5231405774428969,ROBUST_NEGATIVE,ctx_dist_ema20_atr_bucket,ctx_dist_donchian_high20_atr_bucket,,Q4_HIGH,,Q4_HIGH,,
UP,5,2,,,1348,0.456973293768546,-0.11645027718601275,0.03810090046184347,1.0535826028606288,1.3987319195570687,579,0.4386873920552677,-0.12596785022668786,-0.10197710717992912,1.0292593104962922,1.3136094552405826,0.5402492088607594,0.5364559298569451,0.1312407600198671,0.11074128443402043,-0.08327591509221344,-0.09776853780167744,-0.24769103720587984,-0.23670913466070828,ROBUST_NEGATIVE,ctx_dist_ema20_atr_bucket,ctx_dist_donchian_high20_atr_bucket,,Q1_LOW,,Q1_LOW,,
UP,5,2,,,282,0.36879432624113473,-0.2735648878838337,-0.27950402641602756,0.9432885707345475,1.6118377067881169,122,0.45081967213114754,-0.17705114227338198,-0.09850440683286074,1.0776011522257694,1.5248629828738982,0.5402492088607594,0.5364559298569451,0.1312407600198671,0.11074128443402043,-0.17145488261962472,-0.08563625772579758,-0.40480564790370077,-0.2877924267074024,ROBUST_NEGATIVE,ctx_dist_ema20_atr_bucket,ctx_dist_donchian_high20_atr_bucket,,Q1_LOW,,Q2,,
UP,5,2,,,539,0.4935064935064935,-0.09283962563083675,0.02248995983933566,1.1703989076272743,1.3846053695330696,231,0.3939393939393939,-0.3212904841326111,-0.33397807865884604,1.0043239137578077,1.5038214423198977,0.5402492088607594,0.5364559298569451,0.1312407600198671,0.11074128443402043,-0.04674271535426594,-0.1425165359175512,-0.22408038565070384,-0.4320317685666315,ROBUST_NEGATIVE,ctx_dist_ema20_atr_bucket,ctx_dist_donchian_high20_atr_bucket,,Q2,,Q3,,
UP,5,2,,,2530,0.6130434782608696,0.41397223333092764,0.266099288316464,1.6823713988327158,0.8213439852593799,1085,0.6377880184331797,0.43664013708916705,0.3030098072368013,1.733399569793854,0.7966556968391989,0.5402492088607594,0.5364559298569451,0.1312407600198671,0.11074128443402043,0.07279426940011013,0.10133208857623455,0.2827314733110605,0.3258988526551466,ROBUST_POSITIVE,ctx_dist_ema20_atr_bucket,ctx_dist_donchian_high20_atr_bucket,,Q4_HIGH,,Q4_HIGH,,
DOWN,5,2,,,2639,0.6441834028040925,0.4262288435364525,0.3044917257683377,1.8122220122505035,0.8003316695423475,1132,0.6378091872791519,0.41708442558406744,0.35425026984751234,1.6658711471036534,0.8010025003736702,0.5537287140340575,0.5668949771689498,0.16726775773193228,0.185651650524687,0.09045468877003493,0.07091421011020216,0.25896108580452026,0.23143277505938045,ROBUST_POSITIVE,ctx_dist_ema20_atr_bucket,ctx_dist_donchian_low20_atr_bucket,,Q1_LOW,,,Q1_LOW,
DOWN,5,2,,,536,0.5970149253731343,0.3794702662001174,0.33013986988221694,1.4380469598623005,0.7883240630142827,231,0.6103896103896104,0.29791661245240675,0.3300294669167386,1.455396928564771,0.9572780680110747,0.5537287140340575,0.5668949771689498,0.16726775773193228,0.185651650524687,0.04328621133907673,0.043494633220660606,0.21220250846818514,0.11226496192771976,ROBUST_POSITIVE,ctx_dist_ema20_atr_bucket,ctx_dist_donchian_low20_atr_bucket,,Q2,,,Q3,
DOWN,5,2,,,323,0.4458204334365325,-0.058760131556829694,0.014961261020557282,1.0462940059009207,1.3719824474844315,139,0.4028776978417266,-0.3643242656273239,-0.3025540275048542,0.9117327546499616,1.5987100727041959,0.5537287140340575,0.5668949771689498,0.16726775773193228,0.185651650524687,-0.10790828059752505,-0.16401727932722315,-0.22602788928876197,-0.5499759161520109,ROBUST_NEGATIVE,ctx_dist_ema20_atr_bucket,ctx_dist_donchian_low20_atr_bucket,,Q4_HIGH,,,Q3,
DOWN,5,2,,,1283,0.46297739672642246,-0.09110648553183738,0.012286090390511005,1.089351462829212,1.2731439118724512,551,0.4537205081669691,-0.06352085286523283,-0.0295047418334828,1.050561015255013,1.2411613769990808,0.5537287140340575,0.5668949771689498,0.16726775773193228,0.185651650524687,-0.09075131730763508,-0.11317446900198064,-0.2583742432637697,-0.2491725033899198,ROBUST_NEGATIVE,ctx_dist_ema20_atr_bucket,ctx_dist_donchian_low20_atr_bucket,,Q4_HIGH,,,Q4_HIGH,
UP,5,2,,,871,0.3467278989667049,-0.310998108109554,-0.264676616915377,0.883872941440916,1.632335949460275,374,0.3663101604278075,-0.34773209545211864,-0.3260182508967697,0.8702026245075553,1.5578505562364091,0.5402492088607594,0.5364559298569451,0.1312407600198671,0.11074128443402043,-0.19352130989405453,-0.17014576942913762,-0.44223886812942104,-0.45847337988613907,ROBUST_NEGATIVE,ctx_dist_ema20_atr_bucket,ctx_dist_donchian_low20_atr_bucket,,Q1_LOW,,,Q1_LOW,
UP,5,2,,,539,0.4007421150278293,-0.20021156944811533,-0.1899480887210302,1.0888007158293127,1.4830902176997258,232,0.4267241379310345,-0.13568809177331786,-0.1706710601653308,1.105151810616178,1.3363312806282202,0.5402492088607594,0.5364559298569451,0.1312407600198671,0.11074128443402043,-0.13950709383293014,-0.10973179192591065,-0.3314523294679824,-0.2464293762073383,ROBUST_NEGATIVE,ctx_dist_ema20_atr_bucket,ctx_dist_donchian_low20_atr_bucket,,Q2,,,Q1_LOW,
UP,5,2,,,718,0.6044568245125348,0.38000467138274396,0.26149384060264247,1.6460615974691237,0.845970477253307,308,0.6493506493506493,0.2649965921309064,0.2560124593241689,1.614466933736408,0.9323629620360994,0.5402492088607594,0.5364559298569451,0.1312407600198671,0.11074128443402043,0.06420761565177535,0.11289471949370422,0.24876391136287687,0.154255307696886,ROBUST_POSITIVE,ctx_dist_ema20_atr_bucket,ctx_dist_donchian_low20_atr_bucket,,Q4_HIGH,,,Q3,
UP,5,2,,,2349,0.6028097062579821,0.39349181420756496,0.21082825385446904,1.6357658819973147,0.83413210868431,1007,0.6047666335650447,0.4049555294056731,0.21825813221405313,1.6578101328636698,0.804592221613202,0.5402492088607594,0.5364559298569451,0.1312407600198671,0.11074128443402043,0.06256049739722269,0.06831070370809955,0.2622510541876979,0.29421424497165266,ROBUST_POSITIVE,ctx_dist_ema20_atr_bucket,ctx_dist_donchian_low20_atr_bucket,,Q4_HIGH,,,Q4_HIGH,
DOWN,5,2,,,2374,0.7135636057287279,0.656003806662043,0.497162627773893,2.0240981676269625,0.5979082215183082,1018,0.7269155206286837,0.6394705512076975,0.5444756385711309,1.883187216473821,0.591360535911578,0.5537287140340575,0.5668949771689498,0.16726775773193228,0.185651650524687,0.15983489169467036,0.16002054345973393,0.4887360489301108,0.45381890068301045,ROBUST_POSITIVE,ctx_dist_ema20_atr_bucket,ctx_sweep_low,,Q1_LOW,,,,0
DOWN,5,2,,,846,0.3817966903073286,-0.4065730975157048,-0.5203202733781911,1.0054166043526187,1.551007276586255,363,0.36639118457300274,-0.27815135279382636,-0.39631988676567925,1.003773990184104,1.4379950669835353,0.5537287140340575,0.5668949771689498,0.16726775773193228,0.185651650524687,-0.17193202372672894,-0.20050379259594703,-0.5738408552476371,-0.4638030033185133,ROBUST_NEGATIVE,ctx_dist_ema20_atr_bucket,ctx_sweep_low,,Q1_LOW,,,,1
DOWN,5,2,,,1764,0.6672335600907029,0.4598571229770906,0.4086103752374576,1.6632973783611265,0.7358821772086573,756,0.671957671957672,0.42273605206831993,0.4136842594662691,1.5835097751597451,0.7369938172512438,0.5537287140340575,0.5668949771689498,0.16726775773193228,0.185651650524687,0.11350484605664535,0.10506269478872221,0.29258936524515833,0.23708440154363294,ROBUST_POSITIVE,ctx_dist_ema20_atr_bucket,ctx_sweep_low,,Q2,,,,0
DOWN,5,2,,,1115,0.36771300448430494,-0.28160902862737824,-0.32227488151668626,0.9282363624262482,1.4544925755172287,478,0.40585774058577406,-0.21116998824148006,-0.19840438793322807,0.9853360513744222,1.5065937643578875,0.5537287140340575,0.5668949771689498,0.16726775773193228,0.185651650524687,-0.1860157095497526,-0.1610372365831757,-0.4488767863593105,-0.39682163876616705,ROBUST_NEGATIVE,ctx_dist_ema20_atr_bucket,ctx_sweep_low,,Q2,,,,1
DOWN,5,2,,,1298,0.6656394453004623,0.3732618632732249,0.3966350471487339,1.5560335550573174,0.7810602729025058,557,0.6463195691202872,0.32118501483179246,0.29514563106805186,1.5305343915301857,0.83730509535965,0.5537287140340575,0.5668949771689498,0.16726775773193228,0.185651650524687,0.11191073126640472,0.07942459195133744,0.20599410554129263,0.13553336430710547,ROBUST_POSITIVE,ctx_dist_ema20_atr_bucket,ctx_sweep_low,,Q3,,,,0
DOWN,5,2,,,1204,0.3853820598006645,-0.2585524839164543,-0.2391575236399643,0.9404540141163699,1.472212284537412,517,0.4274661508704062,-0.17673109292669092,-0.0998322147646125,0.9277288810156904,1.3694521374552426,0.5537287140340575,0.5668949771689498,0.16726775773193228,0.185651650524687,-0.16834665423339307,-0.13942882629854358,-0.4258202416483866,-0.3623827434513779,ROBUST_NEGATIVE,ctx_dist_ema20_atr_bucket,ctx_sweep_low,,Q3,,,,1
DOWN,5,2,,,961,0.36940686784599375,-0.25791846278750696,-0.1418355184744179,0.88225333752125,1.5249719821543564,413,0.3583535108958838,-0.34861599415877,-0.23974763406946398,0.8068707995704849,1.5901091673333276,0.5537287140340575,0.5668949771689498,0.16726775773193228,0.185651650524687,-0.1843218461880638,-0.20854146627306597,-0.4251862205194392,-0.534267644683457,ROBUST_NEGATIVE,ctx_dist_ema20_atr_bucket,ctx_sweep_low,,Q4_HIGH,,,,1
UP,5,2,,,1633,0.4402939375382731,-0.14986239806433718,-0.03503893214688643,1.0296132270526166,1.4433062015912372,701,0.4450784593437946,-0.11609367888345025,-0.09305760708931372,1.051499401677795,1.33151653960995,0.5402492088607594,0.5364559298569451,0.1312407600198671,0.11074128443402043,-0.09995527132248633,-0.09137747051315054,-0.2811031580842043,-0.22683496331747066,ROBUST_NEGATIVE,ctx_dist_ema20_atr_bucket,ctx_sweep_low,,Q1_LOW,,,,0
UP,5,2,,,3094,0.6034259857789269,0.39053937697070323,0.22300165597916735,1.6419125643413386,0.8372087826149427,1327,0.6126601356443104,0.36925173118738014,0.21344421344402512,1.6428910329472706,0.8360943506085944,0.5402492088607594,0.5364559298569451,0.1312407600198671,0.11074128443402043,0.06317677691816748,0.07620420578736531,0.2592986169508361,0.2585104467533597,ROBUST_POSITIVE,ctx_dist_ema20_atr_bucket,ctx_sweep_low,,Q4_HIGH,,,,0
DOWN,5,2,,,2962,0.6070222822417286,0.31266898737708565,0.18529433461645092,1.6600659938381022,0.8798816199844329,1270,0.5992125984251968,0.3291898930840908,0.22344270503783537,1.5583130441994535,0.8627557909801555,0.5537287140340575,0.5668949771689498,0.16726775773193228,0.185651650524687,0.05329356820767106,0.03231762125624704,0.14540122964515337,0.1435382425594038,ROBUST_POSITIVE,ctx_sweep_high,ctx_dist_donchian_high20_atr_bucket,,,0,Q1_LOW,,
DOWN,5,2,,,1328,0.40737951807228917,-0.18822413940135196,-0.10179244734747792,0.9865331865081088,1.4064070366633883,570,0.41228070175438597,-0.2032991980021417,-0.12539942990628647,0.9659739041285428,1.4129106584555176,0.5537287140340575,0.5668949771689498,0.16726775773193228,0.185651650524687,-0.14634919596176837,-0.1546142754145638,-0.3554918971332842,-0.3889508485268287,ROBUST_NEGATIVE,ctx_sweep_high,ctx_dist_donchian_high20_atr_bucket,,,0,Q4_HIGH,,
UP,5,2,,,955,0.6429319371727749,0.35284147345454175,0.45871153420422667,1.441984310400521,0.8582901455919086,410,0.6341463414634146,0.29527233657382856,0.2286818235893902,1.399940590520186,0.9034553509314139,0.5402492088607594,0.5364559298569451,0.1312407600198671,0.11074128443402043,0.10268272831201541,0.09769041160646952,0.22160071343467466,0.18453105213980814,ROBUST_POSITIVE,ctx_sweep_high,ctx_dist_donchian_high20_atr_bucket,,,0,Q1_LOW,,
UP,5,2,,,1267,0.6298342541436464,0.3241106668220251,0.31070496083478005,1.5524552500545112,0.8993947510191854,544,0.6378676470588235,0.2533509991023908,0.16981852225249022,1.517713709540583,0.8734585098986614,0.5402492088607594,0.5364559298569451,0.1312407600198671,0.11074128443402043,0.08958504528288691,0.10141171720187836,0.19286990680215801,0.14260971466837036,ROBUST_POSITIVE,ctx_sweep_high,ctx_dist_donchian_high20_atr_bucket,,,0,Q2,,
UP,5,2,,,1428,0.6694677871148459,0.4063561706807683,0.3409898020138338,1.6246046054346028,0.7671007688840473,612,0.6290849673202614,0.36255089655648,0.18789679582717095,1.5272761812174773,0.7633014315004693,0.5402492088607594,0.5364559298569451,0.1312407600198671,0.11074128443402043,0.12921857825408645,0.0926290374633163,0.27511541066090117,0.25180961212245956,ROBUST_POSITIVE,ctx_sweep_high,ctx_dist_donchian_high20_atr_bucket,,,0,Q3,,
UP,5,2,,,2463,0.6934632561916362,0.56284557682408,0.48899755501225417,1.8313726546463382,0.6831623224348866,1056,0.696969696969697,0.5554776554201027,0.4876626124481119,1.8534219970193,0.6632508211707913,0.5402492088607594,0.5364559298569451,0.1312407600198671,0.11074128443402043,0.15321404733087673,0.1605137671127519,0.4316048168042129,0.4447363709860823,ROBUST_POSITIVE,ctx_sweep_high,ctx_dist_donchian_high20_atr_bucket,,,0,Q4_HIGH,,
UP,5,2,,,1073,0.34389561975768873,-0.37656858963505796,-0.26638477801287225,0.804285860903217,1.6173696532355513,460,0.3282608695652174,-0.3561823748961024,-0.3292886735214251,0.8031998916064504,1.5111103089829414,0.5402492088607594,0.5364559298569451,0.1312407600198671,0.11074128443402043,-0.1963535891030707,-0.20819506029172774,-0.5078093496549251,-0.4669236593301228,ROBUST_NEGATIVE,ctx_sweep_high,ctx_dist_donchian_high20_atr_bucket,,,1,Q1_LOW,,
UP,5,2,,,1033,0.3339787028073572,-0.3764725601258996,-0.39206534422416156,0.8151547946329557,1.5736638609278235,444,0.36486486486486486,-0.3577702352803387,-0.32273671375927326,0.882895877499075,1.6166812585744588,0.5402492088607594,0.5364559298569451,0.1312407600198671,0.11074128443402043,-0.20627050605340225,-0.17159106499208027,-0.5077133201457666,-0.4685115197143591,ROBUST_NEGATIVE,ctx_sweep_high,ctx_dist_donchian_high20_atr_bucket,,,1,Q2,,
UP,5,2,,,1085,0.3778801843317972,-0.32702723271967754,-0.28093645484956753,0.884601236323698,1.5210035841154874,465,0.3333333333333333,-0.36989112440073424,-0.4871134020620826,0.8677552551355956,1.5990829032027871,0.5402492088607594,0.5364559298569451,0.1312407600198671,0.11074128443402043,-0.16236902452896224,-0.2031225965236118,-0.45826799273954466,-0.48063240883475467,ROBUST_NEGATIVE,ctx_sweep_high,ctx_dist_donchian_high20_atr_bucket,,,1,Q3,,
UP,5,2,,,803,0.32004981320049813,-0.31768597828815615,-0.4065439672796818,0.9152068423104156,1.521223318679843,345,0.3884057971014493,-0.2150160219681096,-0.25046267735959443,1.1007370308934028,1.4779830073853584,0.5402492088607594,0.5364559298569451,0.1312407600198671,0.11074128443402043,-0.2201993956602613,-0.14805013275549583,-0.4489267383080232,-0.32575730640213,ROBUST_NEGATIVE,ctx_sweep_high,ctx_dist_donchian_high20_atr_bucket,,,1,Q4_HIGH,,
DOWN,5,2,,,3486,0.6239242685025818,0.35330239440471967,0.2573417897295791,1.7164675342904947,0.8715397551294318,1495,0.6207357859531772,0.352513282752366,0.3119170984456281,1.594352335357734,0.8679546674472665,0.5537287140340575,0.5668949771689498,0.16726775773193228,0.185651650524687,0.07019555446852421,0.05384080878422748,0.18603463667278738,0.166861632227679,ROBUST_POSITIVE,ctx_sweep_high,ctx_dist_donchian_low20_atr_bucket,,,0,,Q1_LOW,
UP,5,2,,,1986,0.6530715005035247,0.361626619730504,0.3806433132527892,1.5429070842343051,0.8794732036034656,852,0.6302816901408451,0.29041159676650025,0.18824663683879223,1.5167256912365588,0.8903076251976961,0.5402492088607594,0.5364559298569451,0.1312407600198671,0.11074128443402043,0.11282229164276525,0.0938257602839,0.23038585971063688,0.17967031233247982,ROBUST_POSITIVE,ctx_sweep_high,ctx_dist_donchian_low20_atr_bucket,,,0,,Q2,
UP,5,2,,,1817,0.6763896532746285,0.4397937375842334,0.4549675023211069,1.6555155508288246,0.7428345914311578,780,0.6782051282051282,0.3597138840049973,0.38686478469960084,1.6666668407434366,0.7712490203598849,0.5402492088607594,0.5364559298569451,0.1312407600198671,0.11074128443402043,0.13614044441386908,0.14174919834818311,0.3085529775643663,0.2489725995709769,ROBUST_POSITIVE,ctx_sweep_high,ctx_dist_donchian_low20_atr_bucket,,,0,,Q3,
UP,5,2,,,1983,0.6883509833585476,0.5650210825347902,0.44799999999955825,1.8213941033976957,0.6479224834484193,850,0.6964705882352941,0.6359018827265668,0.45182186234823707,1.845325430471704,0.5824761431850142,0.5402492088607594,0.5364559298569451,0.1312407600198671,0.11074128443402043,0.14810177449778816,0.16001465837834894,0.43378032251492316,0.5251605982925464,ROBUST_POSITIVE,ctx_sweep_high,ctx_dist_donchian_low20_atr_bucket,,,0,,Q4_HIGH,
UP,5,2,,,1106,0.3227848101265823,-0.39080619373616504,-0.3598791968218755,0.8594900463047309,1.6964705961240778,474,0.3227848101265823,-0.4127154347954588,-0.38520711067008495,0.835402909110691,1.6189758551091118,0.5402492088607594,0.5364559298569451,0.1312407600198671,0.11074128443402043,-0.21746439873417717,-0.21367111973036285,-0.5220469537560322,-0.5234567192294792,ROBUST_NEGATIVE,ctx_sweep_high,ctx_dist_donchian_low20_atr_bucket,,,1,,Q1_LOW,
UP,5,2,,,1104,0.38405797101449274,-0.2954015842649084,-0.20634458704885764,0.8928144512523332,1.5330090071414815,474,0.3670886075949367,-0.26234374664029636,-0.281113205306231,0.8789038682449216,1.5648082561401295,0.5402492088607594,0.5364559298569451,0.1312407600198671,0.11074128443402043,-0.1561912378462667,-0.1693673222620084,-0.42664234428477554,-0.3730850310743168,ROBUST_NEGATIVE,ctx_sweep_high,ctx_dist_donchian_low20_atr_bucket,,,1,,Q2,
UP,5,2,,,941,0.33475026567481403,-0.4287467917348607,-0.4308176100628633,0.776164458366649,1.5192509529192595,404,0.36386138613861385,-0.33858658393351676,-0.3620911435678874,0.9118568739204163,1.5810957888195474,0.5402492088607594,0.5364559298569451,0.1312407600198671,0.11074128443402043,-0.20549894318594542,-0.17259454371833127,-0.5599875517547278,-0.4493278683675372,ROBUST_NEGATIVE,ctx_sweep_high,ctx_dist_donchian_low20_atr_bucket,,,1,,Q3,
UP,5,2,,,843,0.33807829181494664,-0.284334946236167,-0.39067770622501485,0.8792920312523047,1.4666360476652582,362,0.35359116022099446,-0.3135008143281465,-0.40737048513866875,0.9824491266341904,1.4272221074871942,0.5402492088607594,0.5364559298569451,0.1312407600198671,0.11074128443402043,-0.2021709170458128,-0.18286476963595066,-0.4155757062560341,-0.42424209876216695,ROBUST_NEGATIVE,ctx_sweep_high,ctx_dist_donchian_low20_atr_bucket,,,1,,Q4_HIGH,
DOWN,5,2,,,6090,0.6752052545155993,0.4821467766344828,0.40850564569378334,1.743226087158338,0.7191348595809051,2611,0.6821141325162773,0.4750634335370696,0.434599156118056,1.681142551079804,0.7070879565369087,0.5537287140340575,0.5668949771689498,0.16726775773193228,0.185651650524687,0.12147654048154177,0.11521915534732752,0.31487901890255054,0.2894117830123826,ROBUST_POSITIVE,ctx_sweep_high,ctx_sweep_low,,,0,,,0
DOWN,5,2,,,4127,0.37630239883692757,-0.2939053953287904,-0.3003786285234718,0.9366777654953702,1.4941097472122156,1770,0.3926553672316384,-0.24939025443184082,-0.22132632585486395,0.9312333368608735,1.4760610091713942,0.5537287140340575,0.5668949771689498,0.16726775773193228,0.185651650524687,-0.17742631519712998,-0.17423960993731136,-0.4611731530607227,-0.43504190495652784,ROBUST_NEGATIVE,ctx_sweep_high,ctx_sweep_low,,,0,,,1
UP,5,2,,,6115,0.6663941128372853,0.44350178135382107,0.4122497055359352,1.6615422055693139,0.7725798028904456,2621,0.6596718809614651,0.4076366835939747,0.29020100502506857,1.6430689735540636,0.7734973925126721,0.5402492088607594,0.5364559298569451,0.1312407600198671,0.11074128443402043,0.1261449039765259,0.12321595110452,0.31226102133395395,0.2968953991599543,ROBUST_POSITIVE,ctx_sweep_high,ctx_sweep_low,,,0,,,0
UP,5,2,,,3996,0.3465965965965966,-0.34848092224198296,-0.3394019957429098,0.8533224545637329,1.558172003459007,1714,0.34947491248541424,-0.33887986192620695,-0.339969251918249,0.8960372590713319,1.5619110822611117,0.5402492088607594,0.5364559298569451,0.1312407600198671,0.11074128443402043,-0.19365261226416286,-0.1869810173715309,-0.4797216822618501,-0.4496211463602274,ROBUST_NEGATIVE,ctx_sweep_high,ctx_sweep_low,,,1,,,0
DOWN,5,2,,,2223,0.6329284750337382,0.3859059516440032,0.24345146379043894,1.7819357124476678,0.824885212919395,953,0.6159496327387198,0.36743317437086814,0.2861878453037772,1.6102287422088366,0.8349984247526703,0.5537287140340575,0.5668949771689498,0.16726775773193228,0.185651650524687,0.07919976099968062,0.04905465556977007,0.21863819391207093,0.18178152384618115,ROBUST_POSITIVE,ctx_dist_donchian_high20_atr_bucket,ctx_dist_donchian_low20_atr_bucket,,,,Q1_LOW,Q1_LOW,
DOWN,5,2,,,1112,0.6034172661870504,0.2892646496477596,0.2620496596276455,1.598431137010448,0.953198375258499,477,0.649895178197065,0.3688933806020441,0.36187399030664097,1.5988535502625045,0.8887319892170022,0.5537287140340575,0.5668949771689498,0.16726775773193228,0.185651650524687,0.04968855215299284,0.08300020102811523,0.12199689191582733,0.18324173007735708,ROBUST_POSITIVE,ctx_dist_donchian_high20_atr_bucket,ctx_dist_donchian_low20_atr_bucket,,,,Q2,Q1_LOW,
DOWN,5,2,,,477,0.40461215932914046,-0.17160199022671524,-0.14141414141435313,0.9934912328147485,1.412100152779825,205,0.40487804878048783,-0.23658206928801168,-0.12255106294290127,0.9206197707909628,1.4288512465884102,0.5537287140340575,0.5668949771689498,0.16726775773193228,0.185651650524687,-0.14911655470491708,-0.16201692838846193,-0.33886974795864755,-0.42223371981269864,ROBUST_NEGATIVE,ctx_dist_donchian_high20_atr_bucket,ctx_dist_donchian_low20_atr_bucket,,,,Q4_HIGH,Q3,
DOWN,5,2,,,784,0.4094387755102041,-0.14381140370482354,-0.040213780947539364,1.0076881038891956,1.394508002406399,337,0.41543026706231456,-0.233381624124463,-0.12453053963228995,0.9569413824660813,1.4265193252520147,0.5537287140340575,0.5668949771689498,0.16726775773193228,0.185651650524687,-0.14428993852385347,-0.1514647101066352,-0.31107916143675585,-0.41903327464914997,ROBUST_NEGATIVE,ctx_dist_donchian_high20_atr_bucket,ctx_dist_donchian_low20_atr_bucket,,,,Q4_HIGH,Q4_HIGH,
UP,5,2,,,856,0.3726635514018692,-0.2444812293343307,-0.214882535147584,0.9360772976946,1.5574918591415727,368,0.37771739130434784,-0.2855848759769192,-0.26466372182142717,0.9127321283019478,1.4700938238242371,0.5402492088607594,0.5364559298569451,0.1312407600198671,0.11074128443402043,-0.16758565745889026,-0.15873853855259729,-0.37572198935419776,-0.3963261604109396,ROBUST_NEGATIVE,ctx_dist_donchian_high20_atr_bucket,ctx_dist_donchian_low20_atr_bucket,,,,Q1_LOW,Q1_LOW,
UP,5,2,,,490,0.3448979591836735,-0.3392829053073036,-0.365061590145376,0.9562836925023576,1.6066748586623654,211,0.41706161137440756,-0.23871629634332509,-0.19414483821296208,1.042058569836978,1.4791036501820032,0.5402492088607594,0.5364559298569451,0.1312407600198671,0.11074128443402043,-0.19535124967708595,-0.11939431848253756,-0.4705236653271707,-0.3494575807773455,ROBUST_NEGATIVE,ctx_dist_donchian_high20_atr_bucket,ctx_dist_donchian_low20_atr_bucket,,,,Q2,Q1_LOW,
UP,5,2,,,85,0.4470588235294118,-0.14553160062833206,-0.13419602204666506,1.2293562651561012,1.5061976230023135,37,0.32432432432432434,-0.24943277448325754,-0.09035172636325883,1.020393304308211,1.5145934172779576,0.5402492088607594,0.5364559298569451,0.1312407600198671,0.11074128443402043,-0.09319038533134766,-0.21213160553262078,-0.27677236064819916,-0.36017405891727794,ROBUST_NEGATIVE,ctx_dist_donchian_high20_atr_bucket,ctx_dist_donchian_low20_atr_bucket,,,,Q3,Q1_LOW,
UP,5,2,,,1021,0.6052889324191969,0.286684842815257,0.25582627118662804,1.538681774339331,0.9395857062681623,439,0.6195899772209568,0.20859433596817017,0.20265379975882175,1.5700043527498615,0.9755499808024709,0.5402492088607594,0.5364559298569451,0.1312407600198671,0.11074128443402043,0.06503972355843746,0.08313404736401164,0.15544408279538993,0.09785305153414975,ROBUST_POSITIVE,ctx_dist_donchian_high20_atr_bucket,ctx_dist_donchian_low20_atr_bucket,,,,Q4_HIGH,Q3,
UP,5,2,,,2091,0.6040172166427547,0.38229772066614626,0.2199371608112739,1.648110904664104,0.8528324938026509,897,0.633221850613155,0.4938825392293936,0.36302521008401234,1.7383176391284898,0.767721676189305,0.5402492088607594,0.5364559298569451,0.1312407600198671,0.11074128443402043,0.0637680077819952,0.09676592075620982,0.25105696064627914,0.3831412547953732,ROBUST_POSITIVE,ctx_dist_donchian_high20_atr_bucket,ctx_dist_donchian_low20_atr_bucket,,,,Q4_HIGH,Q4_HIGH,
DOWN,5,2,,,2029,0.7116806308526368,0.6583442831977718,0.46063454759106004,1.988843674119488,0.5783133431806907,871,0.7060849598163031,0.6049975752530642,0.49907805777538927,1.839951092824457,0.6091974902454567,0.5537287140340575,0.5668949771689498,0.16726775773193228,0.185651650524687,0.15795191681857923,0.13918998264735338,0.4910765254658396,0.4193459247283772,ROBUST_POSITIVE,ctx_dist_donchian_high20_atr_bucket,ctx_sweep_low,,,,Q1_LOW,,0
DOWN,5,2,,,932,0.38197424892703863,-0.4383605386589799,-0.4929188849225484,0.9517349084254066,1.5302801626103502,400,0.36,-0.2749617794895145,-0.3245251145067588,0.927987221476857,1.4291982851710678,0.5537287140340575,0.5668949771689498,0.16726775773193228,0.185651650524687,-0.17175446510701892,-0.20689497716894978,-0.6056282963909122,-0.4606134300142015,ROBUST_NEGATIVE,ctx_dist_donchian_high20_atr_bucket,ctx_sweep_low,,,,Q1_LOW,,1
DOWN,5,2,,,1838,0.6789989118607181,0.4713823202347592,0.47838952588945166,1.7215686610243983,0.7248259390954834,788,0.7258883248730964,0.5466152431281969,0.5107411643711137,1.7036879162394194,0.6349918430568451,0.5537287140340575,0.5668949771689498,0.16726775773193228,0.185651650524687,0.1252701978266606,0.15899334770414664,0.30411456250282687,0.36096359260350985,ROBUST_POSITIVE,ctx_dist_donchian_high20_atr_bucket,ctx_sweep_low,,,,Q2,,0
DOWN,5,2,,,1007,0.3634558093346574,-0.28251277749664555,-0.33081719724331415,0.8678137742577288,1.4399043068708997,433,0.4018475750577367,-0.2739382055382253,-0.23406940063079698,0.9733973325821482,1.517484826702098,0.5537287140340575,0.5668949771689498,0.16726775773193228,0.185651650524687,-0.19027290469940017,-0.16504740211121305,-0.44978053522857786,-0.45958985606291225,ROBUST_NEGATIVE,ctx_dist_donchian_high20_atr_bucket,ctx_sweep_low,,,,Q2,,1
DOWN,5,2,,,1908,0.6582809224318659,0.3896814975034652,0.36647957890424265,1.6000460253000244,0.8015709050454747,818,0.6100244498777506,0.2751678805235401,0.24436554055397147,1.4959673841028989,0.8863442809839248,0.5537287140340575,0.5668949771689498,0.16726775773193228,0.185651650524687,0.10455220839780832,0.04312947270880085,0.22241373977153292,0.08951622999885309,ROBUST_POSITIVE,ctx_dist_donchian_high20_atr_bucket,ctx_sweep_low,,,,Q3,,0
DOWN,5,2,,,1171,0.3996584116140051,-0.2087275678349315,-0.22771084337347364,1.0143565708264757,1.4738677515980418,503,0.4393638170974155,-0.14777668552446957,-0.05782469022496739,0.9802609516841507,1.4057716039376742,0.5537287140340575,0.5668949771689498,0.16726775773193228,0.185651650524687,-0.15407030242005243,-0.12753116007153426,-0.37599532556686377,-0.33342833604915656,ROBUST_NEGATIVE,ctx_dist_donchian_high20_atr_bucket,ctx_sweep_low,,,,Q3,,1
DOWN,5,2,,,1015,0.35960591133004927,-0.2684549417715582,-0.1712865608868745,0.9055558509906827,1.538502989640369,436,0.3532110091743119,-0.32452420287037326,-0.2568234960328729,0.8264881046418348,1.5579842476811263,0.5537287140340575,0.5668949771689498,0.16726775773193228,0.185651650524687,-0.19412280270400828,-0.21368396799463785,-0.4357226995034905,-0.5101758533950602,ROBUST_NEGATIVE,ctx_dist_donchian_high20_atr_bucket,ctx_sweep_low,,,,Q4_HIGH,,1
UP,5,2,,,2028,0.48471400394477315,-0.03326802762490254,0.058812299260843345,1.1057675970985623,1.2604045610370687,870,0.4724137931034483,-0.048746165474672434,-0.04958638266547856,1.0816605178367913,1.2235996703366396,0.5402492088607594,0.5364559298569451,0.1312407600198671,0.11074128443402043,-0.05553520491598629,-0.06404213675349685,-0.16450878764476962,-0.15948744990869285,ROBUST_NEGATIVE,ctx_dist_donchian_high20_atr_bucket,ctx_sweep_low,,,,Q1_LOW,,0
UP,5,2,,,3266,0.6019595835884874,0.3478935420944578,0.2309920797744375,1.607457057575998,0.8887663361131416,1401,0.6202712348322627,0.36214873891252747,0.27208210503326397,1.664950105093925,0.864923109219003,0.5402492088607594,0.5364559298569451,0.1312407600198671,0.11074128443402043,0.061710374727728,0.08381530497531753,0.21665278207459068,0.25140745447850704,ROBUST_POSITIVE,ctx_dist_donchian_high20_atr_bucket,ctx_sweep_low,,,,Q4_HIGH,,0
DOWN,5,2,,,2517,0.708382995629718,0.6069944960266259,0.4841307437236541,1.977966730419635,0.6375540471417295,1080,0.7074074074074074,0.5789929318569785,0.5035303206148065,1.8098995873654948,0.6387854355941803,0.5537287140340575,0.5668949771689498,0.16726775773193228,0.185651650524687,0.15465428159566041,0.1405124302384576,0.43972673829469366,0.3933412813322915,ROBUST_POSITIVE,ctx_dist_donchian_low20_atr_bucket,ctx_sweep_low,,,,,Q1_LOW,0
DOWN,5,2,,,968,0.40702479338842973,-0.2907353486824159,-0.3965347748949772,1.0459906367990872,1.4667786111182608,416,0.3894230769230769,-0.2717937278133068,-0.35950437317782213,1.0130043621490528,1.4935728643147554,0.5537287140340575,0.5668949771689498,0.16726775773193228,0.185651650524687,-0.14670392064562782,-0.17747190024587284,-0.45800310641434816,-0.4574453783379938,ROBUST_NEGATIVE,ctx_dist_donchian_low20_atr_bucket,ctx_sweep_low,,,,,Q1_LOW,1
DOWN,5,2,,,1414,0.6633663366336634,0.4509734343013939,0.36772756224168124,1.6747449864118398,0.7658984776321233,606,0.6782178217821783,0.42421802015661464,0.39872955523421316,1.642046390003271,0.7565730952259119,0.5537287140340575,0.5668949771689498,0.16726775773193228,0.185651650524687,0.10963762259960586,0.1113228446132285,0.28370567656946166,0.23856636963192765,ROBUST_POSITIVE,ctx_dist_donchian_low20_atr_bucket,ctx_sweep_low,,,,,Q2,0
DOWN,5,2,,,1098,0.3451730418943534,-0.35270257512971537,-0.40383493479760774,0.9220422992394008,1.577146546039884,471,0.39278131634819535,-0.21329728491081434,-0.19468711000194897,0.9423543466043164,1.4370039751090693,0.5537287140340575,0.5668949771689498,0.16726775773193228,0.185651650524687,-0.20855567213970416,-0.1741136608207544,-0.5199703328616476,-0.39894893543550136,ROBUST_NEGATIVE,ctx_dist_donchian_low20_atr_bucket,ctx_sweep_low,,,,,Q2,1
DOWN,5,2,,,1204,0.6627906976744186,0.4618890352967833,0.43850164062320063,1.5845486348147264,0.6918801812139311,516,0.6453488372093024,0.3822108149933887,0.32804808832087373,1.5535557013973271,0.8042491367238107,0.5537287140340575,0.5668949771689498,0.16726775773193228,0.185651650524687,0.10906198364036102,0.0784538600403526,0.294621277564851,0.19655916446870172,ROBUST_POSITIVE,ctx_dist_donchian_low20_atr_bucket,ctx_sweep_low,,,,,Q3,0
DOWN,5,2,,,1060,0.3915094339622642,-0.22916029105997737,-0.21311796680663303,0.9262027528281774,1.4448696404078192,455,0.3912087912087912,-0.33644844124973566,-0.2366863905323306,0.8548180896063636,1.561646630865399,0.5537287140340575,0.5668949771689498,0.16726775773193228,0.185651650524687,-0.16221928007179337,-0.17568618596015856,-0.3964280487919096,-0.5221000917744226,ROBUST_NEGATIVE,ctx_dist_donchian_low20_atr_bucket,ctx_sweep_low,,,,,Q3,1
DOWN,5,2,,,953,0.6274921301154249,0.2543433608454398,0.2672241410653149,1.4606051614974531,0.8719864589644055,409,0.6503667481662592,0.3251937055188678,0.29445506692194595,1.4785855003154507,0.7534238621263849,0.5537287140340575,0.5668949771689498,0.16726775773193228,0.185651650524687,0.07376341608136738,0.0834717709973094,0.08707560311350751,0.1395420549941808,ROBUST_POSITIVE,ctx_dist_donchian_low20_atr_bucket,ctx_sweep_low,,,,,Q4_HIGH,0
DOWN,5,2,,,1000,0.369,-0.2900284055021775,-0.1797682515502529,0.8727568724639746,1.4816302562741661,429,0.38694638694638694,-0.20074010510852533,-0.1281337047351369,0.8864755951500769,1.4111278179076714,0.5537287140340575,0.5668949771689498,0.16726775773193228,0.185651650524687,-0.18472871403405755,-0.17994859022256282,-0.4572961632341098,-0.3863917556332123,ROBUST_NEGATIVE,ctx_dist_donchian_low20_atr_bucket,ctx_sweep_low,,,,,Q4_HIGH,1
UP,5,2,,,1432,0.3680167597765363,-0.27475302138783964,-0.2419660157443411,0.9650646028541623,1.5748733439563967,615,0.38699186991869916,-0.2587671559034408,-0.22175290390686198,0.9526801318926246,1.4673450981697365,0.5402492088607594,0.5364559298569451,0.1312407600198671,0.11074128443402043,-0.17223244908422314,-0.14946405993824596,-0.4059937814077067,-0.3695084403374612,ROBUST_NEGATIVE,ctx_dist_donchian_low20_atr_bucket,ctx_sweep_low,,,,,Q1_LOW,0
UP,5,2,,,2826,0.5842179759377212,0.3110596841908738,0.16782632228546362,1.5421128938740691,0.8918047295894385,1212,0.5932343234323433,0.3537269678191285,0.18352907802395296,1.5835229794040664,0.8355803891566841,0.5402492088607594,0.5364559298569451,0.1312407600198671,0.11074128443402043,0.043968767076961734,0.056778393575398156,0.17981892417100673,0.24298568338510806,ROBUST_POSITIVE,ctx_dist_donchian_low20_atr_bucket,ctx_sweep_low,,,,,Q4_HIGH,0
DOWN,15,2,Q1_LOW,1,424,0.4410377358490566,-0.17086291651222424,-0.3388352459047703,2.2589298628358536,2.485617902948649,182,0.45054945054945056,-0.011323081936286719,-0.11095154691371818,2.023924338781408,2.2616975856468335,0.5401197604790419,0.5586592178770949,0.17709119188986513,0.2725384205696048,-0.09908202462998528,-0.10810976732764438,-0.3479541084020894,-0.28386150250589154,ROBUST_NEGATIVE,ctx_body_atr_bucket,ctx_body_direction,,,,,,
DOWN,15,2,Q2,1,275,0.38181818181818183,-0.47101571741646087,-0.46038619075474496,1.6313906407257908,2.5093850915559623,118,0.4152542372881356,-0.09816217468787136,-0.20616345093459937,1.8368016382309835,2.314582237204837,0.5401197604790419,0.5586592178770949,0.17709119188986513,0.2725384205696048,-0.15830157866086003,-0.14340498058895934,-0.648106909306326,-0.3707005952574762,ROBUST_NEGATIVE,ctx_body_atr_bucket,ctx_body_direction,,,,,,
DOWN,15,2,Q3,1,135,0.37037037037037035,-0.4390811279658273,-0.8012291146532244,1.7102226043878879,2.8098091753099035,59,0.3220338983050847,-0.3066467114848107,-0.15194971024457105,1.3970982206656772,2.4952421487748966,0.5401197604790419,0.5586592178770949,0.17709119188986513,0.2725384205696048,-0.16974939010867152,-0.23662531957201022,-0.6161723198556924,-0.5791851320544155,ROBUST_NEGATIVE,ctx_body_atr_bucket,ctx_body_direction,,,,,,
DOWN,15,2,Q4_HIGH,-1,1030,0.6922330097087379,0.8201389501633661,0.6745704398575962,3.107963349522545,1.317785744068592,442,0.6877828054298643,0.8547440589545631,0.7443991148259864,3.037832212893572,1.3293909021014283,0.5401197604790419,0.5586592178770949,0.17709119188986513,0.2725384205696048,0.15211324922969605,0.12912358755276931,0.643047758273501,0.5822056383849583,ROBUST_POSITIVE,ctx_body_atr_bucket,ctx_body_direction,,,,,,
UP,15,2,Q1_LOW,-1,424,0.4056603773584906,-0.332609187753104,-0.15372320835377706,1.7796524091648824,2.489447907329583,182,0.45054945054945056,-0.1828234337996022,-0.03638767039097256,1.9092728154145313,2.210134964862933,0.5155309414880809,0.5182481751824818,0.09264736964809409,0.05422955999432733,-0.10987056412959029,-0.06769872463303123,-0.42525655740119805,-0.23705299379392952,ROBUST_NEGATIVE,ctx_body_atr_bucket,ctx_body_direction,,,,,,
UP,15,2,Q2,-1,252,0.4087301587301587,-0.3424828625070871,-0.16785599485699362,1.8427750181833642,2.7921062425629444,109,0.3302752293577982,-0.7451387044563615,-0.58942632170974,1.768380290637466,2.6244460587256158,0.5155309414880809,0.5182481751824818,0.09264736964809409,0.05422955999432733,-0.10680078275792215,-0.1879729458246836,-0.4351302321551812,-0.7993682644506889,ROBUST_NEGATIVE,ctx_body_atr_bucket,ctx_body_direction,,,,,,
UP,15,2,Q2,1,723,0.4578146611341632,-0.17051416515563503,-0.18448326917388838,2.0999708805685637,2.272765580571588,311,0.4662379421221865,-0.09028016104877744,-0.06405990016619635,2.1570325507428953,2.2765989108665736,0.5155309414880809,0.5182481751824818,0.09264736964809409,0.05422955999432733,-0.05771628035391768,-0.052010233060295286,-0.2631615348037291,-0.14450972104310478,ROBUST_NEGATIVE,ctx_body_atr_bucket,ctx_body_direction,,,,,,
UP,15,2,Q3,1,934,0.5578158458244111,0.2215283745144764,0.14023574244023157,2.437550819494593,2.0292667118845347,401,0.5610972568578554,0.1822765706044665,0.30873087308714237,2.4639704112999827,1.9790319570619725,0.5155309414880809,0.5182481751824818,0.09264736964809409,0.05422955999432733,0.042284904336330253,0.0428490816753736,0.12888100486638232,0.12804701061013918,ROBUST_POSITIVE,ctx_body_atr_bucket,ctx_body_direction,,,,,,
UP,15,2,Q4_HIGH,1,1047,0.667621776504298,0.7774164925149702,0.7644588045236822,2.886228093066363,1.3544730109733092,450,0.6466666666666666,0.48145793716516033,0.35705441361707857,2.7413316977907844,1.597285586430304,0.5155309414880809,0.5182481751824818,0.09264736964809409,0.05422955999432733,0.15209083501621712,0.12841849148418483,0.6847691228668762,0.427228377170833,ROBUST_POSITIVE,ctx_body_atr_bucket,ctx_body_direction,,,,,,
DOWN,15,2,Q1_LOW,,294,0.46598639455782315,-0.06613613773022395,-0.14011779059730262,2.2445159482858745,2.3445478691189607,127,0.4645669291338583,-0.08331047585878244,-0.11121495327107515,1.885246697824888,2.148380403684382,0.5401197604790419,0.5586592178770949,0.17709119188986513,0.2725384205696048,-0.07413336592121872,-0.09409228874323666,-0.24322732962008908,-0.35584889642838724,ROBUST_NEGATIVE,ctx_body_atr_bucket,ctx_range_atr_bucket,Q2,,,,,
DOWN,15,2,Q4_HIGH,,277,0.6570397111913358,0.45064431723455334,0.5183121019110113,2.7154656914218283,1.5969871427572855,120,0.675,0.6415171458571749,0.7449845300816514,2.619002519465458,1.445247989739522,0.5401197604790419,0.5586592178770949,0.17709119188986513,0.2725384205696048,0.11691995071229389,0.1163407821229051,0.27355312534468823,0.3689787252875701,ROBUST_POSITIVE,ctx_body_atr_bucket,ctx_range_atr_bucket,Q3,,,,,
DOWN,15,2,Q4_HIGH,,760,0.6855263157894737,0.9132686592711884,0.6563604765666602,3.2019850061821766,1.2745084623963034,326,0.6779141104294478,0.8603470809775767,0.6769102172100367,3.094094200327955,1.3211065486606397,0.5401197604790419,0.5586592178770949,0.17709119188986513,0.2725384205696048,0.14540655531043178,0.11925489255235289,0.7361774673813233,0.587808660407972,ROBUST_POSITIVE,ctx_body_atr_bucket,ctx_range_atr_bucket,Q4_HIGH,,,,,
UP,15,2,Q1_LOW,,516,0.4127906976744186,-0.3725790178265305,-0.30803053950704334,1.8300429917488308,2.567686746654801,222,0.4864864864864865,-0.12223444778770638,-0.029963906537035616,1.8072325778670464,2.06499634956199,0.5155309414880809,0.5182481751824818,0.09264736964809409,0.05422955999432733,-0.10274024381366226,-0.03176168869599527,-0.46522638747462464,-0.17646400778203372,ROBUST_NEGATIVE,ctx_body_atr_bucket,ctx_range_atr_bucket,Q1_LOW,,,,,
UP,15,2,Q1_LOW,,288,0.4305555555555556,-0.25079317930856404,-0.21036742107052137,1.9577048763504423,2.5754218539568905,124,0.3387096774193548,-0.5295954237600027,-0.3810369739926768,1.6769294822509604,2.5252794474482547,0.5155309414880809,0.5182481751824818,0.09264736964809409,0.05422955999432733,-0.0849753859325253,-0.17953849776312697,-0.3434405489566581,-0.58382498375433,ROBUST_NEGATIVE,ctx_body_atr_bucket,ctx_range_atr_bucket,Q2,,,,,
UP,15,2,Q2,,362,0.43646408839779005,-0.07979799765580536,-0.22502847985928276,2.1274102283664558,2.3224495995089462,156,0.4551282051282051,-0.08274727686854952,-0.14519188819712392,2.0742545642487378,2.2851033260920572,0.5155309414880809,0.5182481751824818,0.09264736964809409,0.05422955999432733,-0.07906685309029082,-0.06311997005427666,-0.17244536730389945,-0.13697683686287684,ROBUST_NEGATIVE,ctx_body_atr_bucket,ctx_range_atr_bucket,Q1_LOW,,,,,
UP,15,2,Q2,,343,0.45481049562682213,-0.03409288717110734,-0.01437371663275693,2.0878418239213583,2.3421607717544197,147,0.38095238095238093,-0.5885213738558537,-0.42301629006819513,1.8874697774146167,2.4778910593953065,0.5155309414880809,0.5182481751824818,0.09264736964809409,0.05422955999432733,-0.06072044586125874,-0.13729579423010085,-0.12674025681920142,-0.642750933850181,ROBUST_NEGATIVE,ctx_body_atr_bucket,ctx_range_atr_bucket,Q2,,,,,
UP,15,2,Q2,,201,0.472636815920398,-0.18799198107361204,-0.12493802677231741,2.031390766898673,2.378342618369196,87,0.4367816091954023,-0.46766791455715145,-0.457516339869422,1.8378826160300994,2.3015941853601265,0.5155309414880809,0.5182481751824818,0.09264736964809409,0.05422955999432733,-0.04289412556768285,-0.08146656598707946,-0.2806393507217061,-0.5218974745514788,ROBUST_NEGATIVE,ctx_body_atr_bucket,ctx_range_atr_bucket,Q3,,,,,
UP,15,2,Q4_HIGH,,763,0.6631716906946264,0.8108958258592353,0.888342351205054,2.925212708037226,1.3198786558500273,328,0.6524390243902439,0.5371308649607212,0.45212455971961396,2.7869371912735503,1.518672432939106,0.5155309414880809,0.5182481751824818,0.09264736964809409,0.05422955999432733,0.14764074920654557,0.13419084920776214,0.7182484562111412,0.48290130496639383,ROBUST_POSITIVE,ctx_body_atr_bucket,ctx_range_atr_bucket,Q4_HIGH,,,,,
DOWN,15,2,Q1_LOW,,193,0.49740932642487046,-0.11998796920496188,0.0,2.384090921087666,2.375372626148319,83,0.46987951807228917,-0.12737228019352,-0.5471360381859673,2.013262438175633,2.2301698443194145,0.5401197604790419,0.5586592178770949,0.17709119188986513,0.2725384205696048,-0.04271043405417141,-0.08877969980480577,-0.297079161094827,-0.39991070076312485,ROBUST_NEGATIVE,ctx_body_atr_bucket,ctx_dist_ema20_atr_bucket,,Q1_LOW,,,,
DOWN,15,2,Q1_LOW,,242,0.39669421487603307,-0.49770927236657575,-0.5006010255476103,1.7465705209513709,2.607026979894828,105,0.4380952380952381,-0.08264573208493872,-0.06980802792322761,1.70676358439094,2.2796923552982484,0.5401197604790419,0.5586592178770949,0.17709119188986513,0.2725384205696048,-0.1434255456030088,-0.12056397978185684,-0.6748004642564409,-0.3551841526545435,ROBUST_NEGATIVE,ctx_body_atr_bucket,ctx_dist_ema20_atr_bucket,,Q4_HIGH,,,,
DOWN,15,2,Q2,,303,0.4884488448844885,-0.1266963469267119,-0.09719222462199274,2.0237931027376774,2.253246778282845,130,0.5076923076923077,-0.029167217388866608,-0.22473825289796864,2.2208839780512344,2.162701555311358,0.5401197604790419,0.5586592178770949,0.17709119188986513,0.2725384205696048,-0.05167091559455339,-0.05096691018478727,-0.30378753881657705,-0.30170563795847144,ROBUST_NEGATIVE,ctx_body_atr_bucket,ctx_dist_ema20_atr_bucket,,Q3,,,,
DOWN,15,2,Q4_HIGH,,464,0.7219827586206896,1.1372947622807994,0.7752735678921308,3.5926073630022497,1.1067991179920411,200,0.71,1.0179947403287988,0.887291251938292,3.3308208957501044,1.190188797401019,0.5401197604790419,0.5586592178770949,0.17709119188986513,0.2725384205696048,0.18186299814164775,0.15134078212290503,0.9602035703909343,0.7454563197591939,ROBUST_POSITIVE,ctx_body_atr_bucket,ctx_dist_ema20_atr_bucket,,Q1_LOW,,,,
DOWN,15,2,Q4_HIGH,,286,0.6328671328671329,0.643239953912538,0.5288479151042347,2.804767727485046,1.4485804194302758,123,0.6910569105691057,0.7162199554194264,0.7123329283111328,2.8212753763145346,1.3291958062812184,0.5401197604790419,0.5586592178770949,0.17709119188986513,0.2725384205696048,0.09274737238809105,0.13239769269201074,0.46614876202267286,0.4436815348498216,ROBUST_POSITIVE,ctx_body_atr_bucket,ctx_dist_ema20_atr_bucket,,Q2,,,,
DOWN,15,2,Q4_HIGH,,202,0.6782178217821783,0.42209951872041457,0.5211881365171076,2.741129943159938,1.631177800024977,87,0.632183908045977,0.6655844723029888,0.583622828784178,2.6020910152442913,1.5487537598344665,0.5401197604790419,0.5586592178770949,0.17709119188986513,0.2725384205696048,0.1380980613031364,0.07352469016888208,0.24500832683054943,0.39304605173338397,ROBUST_POSITIVE,ctx_body_atr_bucket,ctx_dist_ema20_atr_bucket,,Q3,,,,
UP,15,2,Q1_LOW,,244,0.4262295081967213,-0.21728028590163198,-0.175640923672573,1.8245187465641006,2.6410265722802917,105,0.45714285714285713,-0.4255707969252008,-0.4467205042347584,1.8022025949950213,2.3553055050792886,0.5155309414880809,0.5182481751824818,0.09264736964809409,0.05422955999432733,-0.08930143329135959,-0.061105318039624656,-0.30992765554972607,-0.4798003569195281,ROBUST_NEGATIVE,ctx_body_atr_bucket,ctx_dist_ema20_atr_bucket,,Q1_LOW,,,,
UP,15,2,Q1_LOW,,305,0.43934426229508194,-0.33283485094527177,-0.2196904557178416,1.9078372786868103,2.644636263861795,132,0.42424242424242425,-0.35009941116984655,-0.05386415634203022,1.7163454137792304,2.317455306064297,0.5155309414880809,0.5182481751824818,0.09264736964809409,0.05422955999432733,-0.07618667919299893,-0.09400575094005753,-0.4254822205933658,-0.4043289711641739,ROBUST_NEGATIVE,ctx_body_atr_bucket,ctx_dist_ema20_atr_bucket,,Q2,,,,
UP,15,2,Q1_LOW,,213,0.40375586854460094,-0.3989829474589547,-0.4649169791108234,1.8015796628420224,2.4645166772628047,92,0.45652173913043476,-0.18001082745153124,-0.45032147927846294,2.1246905320601495,2.1614697924127633,0.5155309414880809,0.5182481751824818,0.09264736964809409,0.05422955999432733,-0.11177507294347994,-0.06172643605204703,-0.49163031710704874,-0.23424038744585857,ROBUST_NEGATIVE,ctx_body_atr_bucket,ctx_dist_ema20_atr_bucket,,Q4_HIGH,,,,
UP,15,2,Q2,,212,0.4669811320754717,-0.2500189325826102,0.2051110497512667,1.9897989951937864,2.6498266477326626,91,0.4725274725274725,-0.15109836736816026,-0.06422968773113384,2.1103781263934596,2.4624743786780368,0.5155309414880809,0.5182481751824818,0.09264736964809409,0.05422955999432733,-0.04854980941260917,-0.04572070265500927,-0.34266630223070427,-0.2053279273624876,ROBUST_NEGATIVE,ctx_body_atr_bucket,ctx_dist_ema20_atr_bucket,,Q1_LOW,,,,
UP,15,2,Q2,,295,0.43728813559322033,-0.0952659892508752,-0.16125221500271855,2.1346498121957582,2.4326656857569824,127,0.4409448818897638,-0.25590479847968967,0.10100200400818007,1.923722389765736,2.3164495688696993,0.5155309414880809,0.5182481751824818,0.09264736964809409,0.05422955999432733,-0.07824280589486055,-0.07730329329271801,-0.1879133588989693,-0.310134358474017,ROBUST_NEGATIVE,ctx_body_atr_bucket,ctx_dist_ema20_atr_bucket,,Q2,,,,
UP,15,2,Q2,,252,0.47619047619047616,-0.25326652897163315,-0.11219291069898296,2.031855162717089,2.2699641787969838,109,0.3853211009174312,-0.5294900008214093,-0.6502879078694287,1.8094790256377726,2.393317811060772,0.5155309414880809,0.5182481751824818,0.09264736964809409,0.05422955999432733,-0.03934046529760471,-0.13292707426505057,-0.3459138986197272,-0.5837195608157366,ROBUST_NEGATIVE,ctx_body_atr_bucket,ctx_dist_ema20_atr_bucket,,Q3,,,,
UP,15,2,Q2,,216,0.39814814814814814,-0.2480814004871951,-0.31931423078228666,2.0113764987574054,2.3145925838829373,93,0.43010752688172044,-0.1763889501253677,-0.22164547106172347,2.3076833664741496,2.262136200588715,0.5155309414880809,0.5182481751824818,0.09264736964809409,0.05422955999432733,-0.11738279333993273,-0.08814064830076135,-0.3407287701352892,-0.23061851011969503,ROBUST_NEGATIVE,ctx_body_atr_bucket,ctx_dist_ema20_atr_bucket,,Q4_HIGH,,,,
UP,15,2,Q3,,201,0.417910447761194,-0.3617350152078034,-0.20363176438698782,1.8514926419855915,2.5503168823460065,87,0.47126436781609193,-0.22135134581942012,0.2907644719400355,1.9653583911916344,2.2687446829839195,0.5155309414880809,0.5182481751824818,0.09264736964809409,0.05422955999432733,-0.09762049372688686,-0.04698380736638985,-0.45438238485589744,-0.27558090581374745,ROBUST_NEGATIVE,ctx_body_atr_bucket,ctx_dist_ema20_atr_bucket,,Q1_LOW,,,,
UP,15,2,Q3,,281,0.5836298932384342,0.5064390628264301,0.1858150145168991,2.7042644841209493,1.8194788514631333,121,0.6033057851239669,0.856708954059521,0.06588809482307448,3.0820345333494386,1.879688759600311,0.5155309414880809,0.5182481751824818,0.09264736964809409,0.05422955999432733,0.0680989517503533,0.08505760994148515,0.4137916931783361,0.8024793940651936,ROBUST_POSITIVE,ctx_body_atr_bucket,ctx_dist_ema20_atr_bucket,,Q4_HIGH,,,,
UP,15,2,Q4_HIGH,,224,0.6607142857142857,0.6585878216194495,0.8457117923352213,2.524188158978844,1.3847825663963487,96,0.5833333333333334,0.27647930100376433,0.07613298994181136,2.5275169560912176,1.8338339893444566,0.5155309414880809,0.5182481751824818,0.09264736964809409,0.05422955999432733,0.14518334422620482,0.06508515815085159,0.5659404519713555,0.222249741009437,ROBUST_POSITIVE,ctx_body_atr_bucket,ctx_dist_ema20_atr_bucket,,Q2,,,,
UP,15,2,Q4_HIGH,,292,0.6404109589041096,0.689836421695131,0.49686374469524297,2.8859262534977494,1.4567460427632228,126,0.6428571428571429,0.3934599756142824,0.4056681760023535,2.540489791466127,1.5942280044950206,0.5155309414880809,0.5182481751824818,0.09264736964809409,0.05422955999432733,0.12488001741602872,0.12460896767466112,0.597189052047037,0.3392304156199551,ROBUST_POSITIVE,ctx_body_atr_bucket,ctx_dist_ema20_atr_bucket,,Q3,,,,
UP,15,2,Q4_HIGH,,444,0.6824324324324325,0.9575060117323009,0.767246823864632,3.1157660847556494,1.264108046935297,191,0.675392670157068,0.5887668606558802,0.4110535405873656,2.9097558175532083,1.5465278383458039,0.5155309414880809,0.5182481751824818,0.09264736964809409,0.05422955999432733,0.16690149094435158,0.15714449497458627,0.8648586420842068,0.5345373006615529,ROBUST_POSITIVE,ctx_body_atr_bucket,ctx_dist_ema20_atr_bucket,,Q4_HIGH,,,,
DOWN,15,2,Q2,,1032,0.47093023255813954,-0.09577536846805124,-0.15017038364409022,2.076133771550756,2.1958574801973434,443,0.48758465011286684,-0.05120569774523482,-0.17933884297543948,2.1527313393063188,2.1950154349279836,0.5401197604790419,0.5586592178770949,0.17709119188986513,0.2725384205696048,-0.06918952792090233,-0.0710745677642281,-0.27286656035791634,-0.3237441183148396,ROBUST_NEGATIVE,ctx_body_atr_bucket,ctx_sweep_high,,,0,,,
DOWN,15,2,Q4_HIGH,,1072,0.6744402985074627,0.7599223830543274,0.6245890337095917,3.051629555041414,1.3841328327510174,460,0.6760869565217391,0.7921184189640352,0.7087189112793595,2.9754961106183275,1.3660208557679685,0.5401197604790419,0.5586592178770949,0.17709119188986513,0.2725384205696048,0.1343205380284208,0.11742773864464418,0.5828311911644622,0.5195799983944305,ROBUST_POSITIVE,ctx_body_atr_bucket,ctx_sweep_high,,,0,,,
UP,15,2,Q1_LOW,,826,0.41041162227602906,-0.3564963202148928,-0.2851884312005658,1.7923066478981284,2.5863559696609792,355,0.4563380281690141,-0.27305451581875695,-0.03233789803649335,1.8077600965862626,2.2965714537214468,0.5155309414880809,0.5182481751824818,0.09264736964809409,0.05422955999432733,-0.10511931921205181,-0.0619101470134677,-0.4491436898629869,-0.3272840758130843,ROBUST_NEGATIVE,ctx_body_atr_bucket,ctx_sweep_high,,,1,,,
UP,15,2,Q2,,480,0.4041666666666667,-0.4072425533712785,-0.36958321245729164,1.8207339648406147,2.660547575690833,206,0.3883495145631068,-0.5566876463667739,-0.348031311925658,1.948043667924212,2.6061806555362317,0.5155309414880809,0.5182481751824818,0.09264736964809409,0.05422955999432733,-0.1113642748214142,-0.129898660619375,-0.49988992301937263,-0.6109172063611013,ROBUST_NEGATIVE,ctx_body_atr_bucket,ctx_sweep_high,,,1,,,
UP,15,2,Q3,,800,0.57,0.2840082009794568,0.208247936239233,2.52515882731006,1.951400358487275,343,0.5860058309037901,0.4274800588999459,0.4724205061648021,2.5631356853691263,1.8400247969702024,0.5155309414880809,0.5182481751824818,0.09264736964809409,0.05422955999432733,0.05446905851191908,0.06775765572130832,0.1913608313313627,0.37325049890561857,ROBUST_POSITIVE,ctx_body_atr_bucket,ctx_sweep_high,,,0,,,
UP,15,2,Q3,,274,0.38686131386861317,-0.41187351325656296,-0.396433948486402,1.700794052873494,2.6673366893590025,118,0.423728813559322,-0.10793081064729092,-0.5114666591916754,2.6582951146639107,2.8136775390661457,0.5155309414880809,0.5182481751824818,0.09264736964809409,0.05422955999432733,-0.1286696276194677,-0.09451936162315977,-0.504520882904657,-0.16216037064161826,ROBUST_NEGATIVE,ctx_body_atr_bucket,ctx_sweep_high,,,1,,,
UP,15,2,Q4_HIGH,,1005,0.6766169154228856,0.8118324583550662,0.7935856796568839,2.9315120994937516,1.3208454643212337,432,0.6458333333333334,0.4422323134286036,0.35705441361707857,2.7346527383165777,1.615981133319169,0.5155309414880809,0.5182481751824818,0.09264736964809409,0.05422955999432733,0.16108597393480473,0.12758515815085159,0.7191850887069722,0.38800275343427626,ROBUST_POSITIVE,ctx_body_atr_bucket,ctx_sweep_high,,,0,,,
DOWN,15,2,Q1_LOW,,230,0.4043478260869565,-0.4906908805539429,-0.5122068735214845,1.9432274484562997,2.7048191601569296,99,0.4444444444444444,-0.062372906599400445,0.12109978375027643,1.801938348885838,2.3130337596175257,0.5401197604790419,0.5586592178770949,0.17709119188986513,0.2725384205696048,-0.13577193439208535,-0.11421477343265052,-0.667782072443808,-0.33491132716900524,ROBUST_NEGATIVE,ctx_body_atr_bucket,ctx_dist_donchian_high20_atr_bucket,,,,Q4_HIGH,,
DOWN,15,2,Q2,,318,0.49056603773584906,-0.09092660896243475,-0.11597208839733131,2.1241643486406243,2.243989341698165,137,0.5036496350364964,-0.28799454304246963,-0.2488197722856052,2.2857981211775775,2.3595370876519963,0.5401197604790419,0.5586592178770949,0.17709119188986513,0.2725384205696048,-0.04955372274319281,-0.05500958284059854,-0.26801780085229987,-0.5605329636120744,ROBUST_NEGATIVE,ctx_body_atr_bucket,ctx_dist_donchian_high20_atr_bucket,,,,Q3,,
DOWN,15,2,Q4_HIGH,,373,0.6970509383378016,1.1324772581392548,0.7186950263873869,3.6237567661186607,1.1416671867589665,161,0.6832298136645962,0.8938379406691574,0.7772870662462023,3.2031064554896145,1.2668622642530944,0.5401197604790419,0.5586592178770949,0.17709119188986513,0.2725384205696048,0.15693117785875976,0.12457059578750129,0.9553860662493897,0.6212995200995526,ROBUST_POSITIVE,ctx_body_atr_bucket,ctx_dist_donchian_high20_atr_bucket,,,,Q1_LOW,,
DOWN,15,2,Q4_HIGH,,345,0.7188405797101449,0.9857331083273612,0.9728413560592404,3.092453343296782,1.1931565498785086,149,0.738255033557047,0.9307762709645492,0.679264555668954,3.016298163979028,1.1015717791192592,0.5401197604790419,0.5586592178770949,0.17709119188986513,0.2725384205696048,0.17872081923110306,0.1795958156799521,0.8086419164374961,0.6582378503949444,ROBUST_POSITIVE,ctx_body_atr_bucket,ctx_dist_donchian_high20_atr_bucket,,,,Q2,,
UP,15,2,Q1_LOW,,259,0.4517374517374517,-0.13844206614255927,-0.1885521885523021,1.853418607523747,2.455758172920889,112,0.48214285714285715,-0.12768027733031023,-0.043739485700470836,1.7736759817895964,2.104794084130405,0.5155309414880809,0.5182481751824818,0.09264736964809409,0.05422955999432733,-0.06379348975062915,-0.036105318039624634,-0.23108943579065336,-0.18190983732463756,ROBUST_NEGATIVE,ctx_body_atr_bucket,ctx_dist_donchian_high20_atr_bucket,,,,Q1_LOW,,
UP,15,2,Q1_LOW,,274,0.40145985401459855,-0.2064542175060138,-0.13984093565361305,1.8599549937870712,2.463640462244684,118,0.3813559322033898,-0.43639432079828944,-0.43281139988614425,1.7584716346977394,2.27008440193116,0.5155309414880809,0.5182481751824818,0.09264736964809409,0.05422955999432733,-0.11407108747348232,-0.13689224297909197,-0.2991015871541079,-0.49062388079261676,ROBUST_NEGATIVE,ctx_body_atr_bucket,ctx_dist_donchian_high20_atr_bucket,,,,Q2,,
UP,15,2,Q1_LOW,,238,0.4495798319327731,-0.582222883936004,-0.28612586107106186,1.8051539685957676,2.723277073768012,103,0.44660194174757284,-0.3324208465489286,0.0056338028170243,1.9868802152290288,2.4313513080325393,0.5155309414880809,0.5182481751824818,0.09264736964809409,0.05422955999432733,-0.06595110955530775,-0.07164623343490895,-0.674870253584098,-0.38665040654325594,ROBUST_NEGATIVE,ctx_body_atr_bucket,ctx_dist_donchian_high20_atr_bucket,,,,Q3,,
UP,15,2,Q2,,250,0.46,-0.01985664691006113,0.1914221113690754,2.1362093455895916,2.5074234232976664,108,0.4444444444444444,-0.2124389346031358,-0.3268081117627398,1.97504724718047,2.386040523740243,0.5155309414880809,0.5182481751824818,0.09264736964809409,0.05422955999432733,-0.055530941488080854,-0.07380373073803737,-0.11250401655815521,-0.2666684945974631,ROBUST_NEGATIVE,ctx_body_atr_bucket,ctx_dist_donchian_high20_atr_bucket,,,,Q1_LOW,,
UP,15,2,Q2,,254,0.42913385826771655,-0.16598299541982073,-0.17774468826745324,2.032123473856536,2.3920872141248473,110,0.44545454545454544,-0.22956005835507168,-0.0797657570462522,1.9836445604778479,2.278940649542044,0.5155309414880809,0.5182481751824818,0.09264736964809409,0.05422955999432733,-0.08639708322036432,-0.07279362972793635,-0.2586303650679148,-0.28378961834939903,ROBUST_NEGATIVE,ctx_body_atr_bucket,ctx_dist_donchian_high20_atr_bucket,,,,Q2,,
UP,15,2,Q2,,226,0.4336283185840708,-0.40921057073241973,-0.2837637916853605,1.8763646105857412,2.405214236552557,97,0.422680412371134,-0.42482081678850686,-0.3553546592491732,1.9054501050451311,2.4660176043574173,0.5155309414880809,0.5182481751824818,0.09264736964809409,0.05422955999432733,-0.08190262290401007,-0.09556776281134777,-0.5018579403805138,-0.4790503767828342,ROBUST_NEGATIVE,ctx_body_atr_bucket,ctx_dist_donchian_high20_atr_bucket,,,,Q3,,
UP,15,2,Q2,,244,0.45081967213114754,-0.2596330743839373,-0.25582711480051135,2.1237555530595063,2.393505931013083,106,0.42452830188679247,-0.2502465976149459,-0.4764337897695706,2.2400726977407253,2.1819598215403584,0.5155309414880809,0.5182481751824818,0.09264736964809409,0.05422955999432733,-0.06471126935693333,-0.09371987329568932,-0.3522804440320314,-0.3044761576092732,ROBUST_NEGATIVE,ctx_body_atr_bucket,ctx_dist_donchian_high20_atr_bucket,,,,Q4_HIGH,,
UP,15,2,Q3,,320,0.590625,0.45092442244460307,0.23267121711810856,2.595171279934614,1.8247316518221695,138,0.6231884057971014,0.9487970247287524,0.3829822679139099,3.1869675567247593,1.935237370590845,0.5155309414880809,0.5182481751824818,0.09264736964809409,0.05422955999432733,0.07509405851191908,0.10494023061461966,0.358277052796509,0.894567464734425,ROBUST_POSITIVE,ctx_body_atr_bucket,ctx_dist_donchian_high20_atr_bucket,,,,Q4_HIGH,,
UP,15,2,Q4_HIGH,,204,0.6421568627450981,0.8261330319662747,0.6137191582005053,2.706653168755194,1.3159219596213765,88,0.6363636363636364,0.6237076593370626,0.40461739243796496,2.727319279845265,1.5443430604488209,0.5155309414880809,0.5182481751824818,0.09264736964809409,0.05422955999432733,0.12662592125701722,0.11811546118115457,0.7334856623181807,0.5694780993427353,ROBUST_POSITIVE,ctx_body_atr_bucket,ctx_dist_donchian_high20_atr_bucket,,,,Q2,,
UP,15,2,Q4_HIGH,,252,0.6547619047619048,0.7565967219298392,0.7041921915589315,2.7877607223466763,1.436031557489186,109,0.5963302752293578,0.2212512986901582,0.08655332302928723,2.280585559316603,1.6145370208791567,0.5155309414880809,0.5182481751824818,0.09264736964809409,0.05422955999432733,0.1392309632738239,0.07808210004687599,0.6639493522817451,0.16702173869583087,ROBUST_POSITIVE,ctx_body_atr_bucket,ctx_dist_donchian_high20_atr_bucket,,,,Q3,,
UP,15,2,Q4_HIGH,,462,0.6601731601731602,0.7784477861999591,0.6136131497228572,3.0522595924338423,1.3954340751542533,199,0.6984924623115578,0.6135531925775545,0.5674859853382539,2.958691387723271,1.566417378732215,0.5155309414880809,0.5182481751824818,0.09264736964809409,0.05422955999432733,0.14464221868507932,0.18024428712907603,0.6858004165518651,0.5593236325832271,ROBUST_POSITIVE,ctx_body_atr_bucket,ctx_dist_donchian_high20_atr_bucket,,,,Q4_HIGH,,
DOWN,15,2,Q1_LOW,,251,0.47410358565737054,-0.23488947167382462,-0.2667969704372489,1.9796896021162613,2.405178444089138,108,0.4537037037037037,-0.17477707863870665,-0.21610744113385727,1.8149813678658953,2.2046823714630124,0.5401197604790419,0.5586592178770949,0.17709119188986513,0.2725384205696048,-0.06601617482167133,-0.10495551417339122,-0.4119806635636898,-0.4473154992083115,ROBUST_NEGATIVE,ctx_body_atr_bucket,ctx_dist_donchian_low20_atr_bucket,,,,,Q3,
DOWN,15,2,Q2,,277,0.45126353790613716,-0.0978652110298967,-0.23462145110420018,2.15341598005687,2.170381821363548,120,0.5083333333333333,-0.053894625373883724,0.04517673088588998,2.2622661310209105,2.2380725314592946,0.5401197604790419,0.5586592178770949,0.17709119188986513,0.2725384205696048,-0.08885622257290471,-0.050325884543761634,-0.27495640291976187,-0.32643304594348854,ROBUST_NEGATIVE,ctx_body_atr_bucket,ctx_dist_donchian_low20_atr_bucket,,,,,Q2,
DOWN,15,2,Q2,,232,0.5086206896551724,-0.15358831116968485,-0.18282236247034261,1.83270191239348,2.144953222164238,100,0.39,-0.3817543256729368,-0.5522712238935761,1.6049082617147823,2.2834014223771595,0.5401197604790419,0.5586592178770949,0.17709119188986513,0.2725384205696048,-0.03149907082386949,-0.16865921787709492,-0.33067950305954996,-0.6542927462425416,ROBUST_NEGATIVE,ctx_body_atr_bucket,ctx_dist_donchian_low20_atr_bucket,,,,,Q4_HIGH,
DOWN,15,2,Q4_HIGH,,494,0.7226720647773279,1.1347309432365196,0.9060608180047862,3.5202158482702752,1.1176790608982252,213,0.7089201877934272,1.0429545202538668,0.8855858969931372,3.3165847855808437,1.1677691727350525,0.5401197604790419,0.5586592178770949,0.17709119188986513,0.2725384205696048,0.18255230429828606,0.1502609699163323,0.9576397513466545,0.770416099684262,ROBUST_POSITIVE,ctx_body_atr_bucket,ctx_dist_donchian_low20_atr_bucket,,,,,Q1_LOW,
DOWN,15,2,Q4_HIGH,,224,0.6071428571428571,0.4722192117751905,0.3113005572903368,2.7330099380403206,1.6500031812740066,97,0.6597938144329897,0.335668570910663,0.723770907247493,2.5075966461696795,1.6035212562026953,0.5401197604790419,0.5586592178770949,0.17709119188986513,0.2725384205696048,0.06702309666381523,0.10113459655589474,0.29512801988532533,0.06313015034105818,ROBUST_POSITIVE,ctx_body_atr_bucket,ctx_dist_donchian_low20_atr_bucket,,,,,Q2,
DOWN,15,2,Q4_HIGH,,189,0.6666666666666666,0.5697239280099576,0.49666110183632123,2.809927565937367,1.4739253506562768,81,0.5925925925925926,0.626698870776689,0.3766275691380634,2.6215624871245304,1.568211490770982,0.5401197604790419,0.5586592178770949,0.17709119188986513,0.2725384205696048,0.12654690618762476,0.03393337471549762,0.39263273612009253,0.35416045020708414,ROBUST_POSITIVE,ctx_body_atr_bucket,ctx_dist_donchian_low20_atr_bucket,,,,,Q3,
DOWN,15,2,Q4_HIGH,,163,0.6380368098159509,0.30154533287787066,0.5685902118335981,2.504787001036769,1.7163767055083727,71,0.676056338028169,0.7095154025762987,0.6886202584406363,2.641150029955736,1.419478887389825,0.5401197604790419,0.5586592178770949,0.17709119188986513,0.2725384205696048,0.09791704933690903,0.11739712015107406,0.12445414098800553,0.43697698200669394,ROBUST_POSITIVE,ctx_body_atr_bucket,ctx_dist_donchian_low20_atr_bucket,,,,,Q4_HIGH,
UP,15,2,Q1_LOW,,251,0.40239043824701193,-0.17884924995790843,-0.28571428571404706,1.9419377179984478,2.5540628526402807,108,0.4351851851851852,-0.48522071346668255,-0.48903731053034577,1.6859631886169713,2.4169621389431177,0.5155309414880809,0.5182481751824818,0.09264736964809409,0.05422955999432733,-0.11314050324106895,-0.08306298999729661,-0.2714966196060025,-0.5394502734610099,ROBUST_NEGATIVE,ctx_body_atr_bucket,ctx_dist_donchian_low20_atr_bucket,,,,,Q1_LOW,
UP,15,2,Q1_LOW,,223,0.3991031390134529,-0.2089920778471577,-0.2682677567705587,1.835634712068743,2.400847170482624,96,0.4270833333333333,-0.39829135918796016,-0.7097214057598841,1.8343704829858585,2.1621746483797253,0.5155309414880809,0.5182481751824818,0.09264736964809409,0.05422955999432733,-0.11642780247462797,-0.09116484184914847,-0.3016394474952518,-0.4525209191822875,ROBUST_NEGATIVE,ctx_body_atr_bucket,ctx_dist_donchian_low20_atr_bucket,,,,,Q4_HIGH,
UP,15,2,Q2,,210,0.43333333333333335,-0.3074040107458141,-0.3898325031758776,2.11173787354401,2.69441973532335,90,0.45555555555555555,-0.2728648561912776,-0.2325903002349003,1.9697383736906577,2.443504445657017,0.5155309414880809,0.5182481751824818,0.09264736964809409,0.05422955999432733,-0.08219760815474753,-0.06269261962692624,-0.4000513803939082,-0.3270944161856049,ROBUST_NEGATIVE,ctx_body_atr_bucket,ctx_dist_donchian_low20_atr_bucket,,,,,Q1_LOW,
UP,15,2,Q2,,300,0.47333333333333333,-0.17519260644853296,-0.056949156619566524,2.0620656051883843,2.394258174897608,129,0.43410852713178294,-0.11390578192383952,-0.21243582430118502,1.9883946990920531,2.2402856649733844,0.5155309414880809,0.5182481751824818,0.09264736964809409,0.05422955999432733,-0.042197608154747546,-0.08413964805069885,-0.267839976096627,-0.16813534191816684,ROBUST_NEGATIVE,ctx_body_atr_bucket,ctx_dist_donchian_low20_atr_bucket,,,,,Q2,
UP,15,2,Q2,,230,0.4391304347826087,-0.2082545116130935,-0.2837637916853605,1.947438780944698,2.2952540877776504,100,0.44,-0.23823316772693023,-0.30016918242856205,2.1475554886951365,2.428582497697649,0.5155309414880809,0.5182481751824818,0.09264736964809409,0.05422955999432733,-0.07640050670547216,-0.07824817518248178,-0.30090188126118755,-0.2924627277212576,ROBUST_NEGATIVE,ctx_body_atr_bucket,ctx_dist_donchian_low20_atr_bucket,,,,,Q3,
UP,15,2,Q2,,235,0.425531914893617,-0.22890355321444839,-0.16470588235296915,2.0387974790357104,2.3439496619316618,101,0.39603960396039606,-0.3663977729262594,-0.3553546592491732,2.0653558942359025,2.240539220487798,0.5155309414880809,0.5182481751824818,0.09264736964809409,0.05422955999432733,-0.08999902659446385,-0.12220857122208573,-0.3215509228625425,-0.42062733292058674,ROBUST_NEGATIVE,ctx_body_atr_bucket,ctx_dist_donchian_low20_atr_bucket,,,,,Q4_HIGH,
UP,15,2,Q3,,265,0.5773584905660377,0.3896442908031372,0.1858150145168991,2.612306918149999,1.84128194113566,114,0.5964912280701754,1.1224543438624655,0.12519496992077436,3.18293936816075,1.8084502552608404,0.5155309414880809,0.5182481751824818,0.09264736964809409,0.05422955999432733,0.061827549077956845,0.07824305288769362,0.29699692115504317,1.068224783868138,ROBUST_POSITIVE,ctx_body_atr_bucket,ctx_dist_donchian_low20_atr_bucket,,,,,Q4_HIGH,
UP,15,2,Q4_HIGH,,331,0.6555891238670695,0.7579493862186569,0.8389202017203831,2.876459101254099,1.3544394692510826,143,0.7062937062937062,0.5116958082695491,0.550264550264068,2.7854748453187614,1.457096373005346,0.5155309414880809,0.5182481751824818,0.09264736964809409,0.05422955999432733,0.1400581823789886,0.18804553111122446,0.6653020165705629,0.45746624827522175,ROBUST_POSITIVE,ctx_body_atr_bucket,ctx_dist_donchian_low20_atr_bucket,,,,,Q3,
UP,15,2,Q4_HIGH,,363,0.6556473829201102,0.8019605807467239,0.5768876611418104,2.9672494419599524,1.3359472784857036,156,0.6666666666666666,0.5214313287971512,0.2422209407265266,2.791318924430966,1.5143453869281127,0.5155309414880809,0.5182481751824818,0.09264736964809409,0.05422955999432733,0.14011644143202928,0.14841849148418484,0.7093132110986299,0.4672017688028238,ROBUST_POSITIVE,ctx_body_atr_bucket,ctx_dist_donchian_low20_atr_bucket,,,,,Q4_HIGH,
DOWN,15,2,Q1_LOW,,795,0.4540880503144654,-0.16772689936345225,-0.31536388140162824,2.164033842800118,2.425847323074216,341,0.44868035190615835,-0.05338533516353337,-0.10040983606580635,1.9063350051315096,2.211943153992065,0.5401197604790419,0.5586592178770949,0.17709119188986513,0.2725384205696048,-0.08603171016457645,-0.10997886597093659,-0.3448180912533174,-0.3259237557331382,ROBUST_NEGATIVE,ctx_body_atr_bucket,ctx_sweep_low,,,,,,1
DOWN,15,2,Q2,,534,0.41198501872659177,-0.2839312576512195,-0.3521037557039146,1.8427803336710828,2.390066728165587,230,0.4217391304347826,-0.21850200686939625,-0.2841803986136787,1.8889545465542108,2.379175955389583,0.5401197604790419,0.5586592178770949,0.17709119188986513,0.2725384205696048,-0.1281347417524501,-0.13692008744231232,-0.4610224495410846,-0.49104042743900106,ROBUST_NEGATIVE,ctx_body_atr_bucket,ctx_sweep_low,,,,,,1
DOWN,15,2,Q3,,813,0.5953259532595326,0.39651096985561557,0.39235412474846504,2.572958795304466,1.7616022766372654,349,0.6131805157593123,0.4033597445626382,0.41186913517620705,2.4671866788725567,1.7532494145092332,0.5401197604790419,0.5586592178770949,0.17709119188986513,0.2725384205696048,0.05520619278049077,0.05452129788221738,0.21941977796575043,0.13082132399303337,ROBUST_POSITIVE,ctx_body_atr_bucket,ctx_sweep_low,,,,,,0
DOWN,15,2,Q3,,265,0.39622641509433965,-0.5722440302597676,-0.6354538956399917,1.7897467415195598,2.8060296003394396,114,0.41228070175438597,-0.2676496684061448,-0.2034255653077717,1.6409386543480091,2.357340677644332,0.5401197604790419,0.5586592178770949,0.17709119188986513,0.2725384205696048,-0.14389334538470222,-0.14637851612270897,-0.7493352221496327,-0.5401880889757495,ROBUST_NEGATIVE,ctx_body_atr_bucket,ctx_sweep_low,,,,,,1
DOWN,15,2,Q4_HIGH,,997,0.695085255767302,0.8466289727521317,0.6895019440844116,3.15747247668708,1.2926410242755622,428,0.6962616822429907,0.9221951677701475,0.7782346195216108,3.0877012208237997,1.2725428535749936,0.5401197604790419,0.5586592178770949,0.17709119188986513,0.2725384205696048,0.1549654952882601,0.13760246436589574,0.6695377808622666,0.6496567472005428,ROBUST_POSITIVE,ctx_body_atr_bucket,ctx_sweep_low,,,,,,0
UP,15,2,Q1_LOW,,1013,0.42349457058242845,-0.3338296304668407,-0.255758538522645,1.8675782873920133,2.5681369839651427,435,0.4666666666666667,-0.1984646515883101,-0.08673205988634188,1.8760404136124111,2.1928897605015267,0.5155309414880809,0.5182481751824818,0.09264736964809409,0.05422955999432733,-0.09203637090565242,-0.05158150851581511,-0.42647700011493483,-0.25269421158263744,ROBUST_NEGATIVE,ctx_body_atr_bucket,ctx_sweep_low,,,,,,0
UP,15,2,Q2,,976,0.4456967213114754,-0.2088186820314706,-0.16395551386842167,2.036167023271636,2.4040492313387976,419,0.4295942720763723,-0.27464830064083046,-0.23639010189227194,2.049999550073238,2.3736399039929594,0.5155309414880809,0.5182481751824818,0.09264736964809409,0.05422955999432733,-0.06983422017660545,-0.08865390310610949,-0.3014660516795647,-0.3288778606351578,ROBUST_NEGATIVE,ctx_body_atr_bucket,ctx_sweep_low,,,,,,0
UP,15,2,Q4_HIGH,,1088,0.6534926470588235,0.7253311991874652,0.7079861253411404,2.8238916997051544,1.4074469581866382,467,0.6274089935760171,0.4057473290517435,0.23097392229939387,2.6696414563047957,1.6619705098106994,0.5155309414880809,0.5182481751824818,0.09264736964809409,0.05422955999432733,0.1379617055707426,0.10916081839353531,0.6326838295393712,0.35151776905741616,ROBUST_POSITIVE,ctx_body_atr_bucket,ctx_sweep_low,,,,,,0
DOWN,15,2,,-1,972,0.668724279835391,0.7906355318533371,0.6334507282827118,3.1151306615705305,1.411051090458018,417,0.657074340527578,0.7080762067656255,0.5354241877255543,2.961713197147318,1.4683537784755798,0.5401197604790419,0.5586592178770949,0.17709119188986513,0.2725384205696048,0.1286045193563491,0.09841512265048302,0.613544339963472,0.43553778619602074,ROBUST_POSITIVE,ctx_body_direction,ctx_range_atr_bucket,Q4_HIGH,,,,,
DOWN,15,2,,1,265,0.4377358490566038,-0.14839259155274967,-0.4340853202181989,2.1427818802979,2.5089520586214977,114,0.41228070175438597,-0.25003033449440265,-0.24921951648145096,1.9205304056304826,2.468273887647212,0.5401197604790419,0.5586592178770949,0.17709119188986513,0.2725384205696048,-0.10238391142243808,-0.14637851612270897,-0.3254837834426148,-0.5225687550640075,ROBUST_NEGATIVE,ctx_body_direction,ctx_range_atr_bucket,Q2,,,,,
DOWN,15,2,,1,95,0.29473684210526313,-0.31582372263787306,-1.0296662546353232,2.0440781122880534,2.7331109584053657,42,0.30952380952380953,-1.2056944089559158,-1.3856328267259168,1.259037337755148,2.8152681157236086,0.5401197604790419,0.5586592178770949,0.17709119188986513,0.2725384205696048,-0.24538291837377874,-0.2491354083532854,-0.49291491452773817,-1.4782328295255207,ROBUST_NEGATIVE,ctx_body_direction,ctx_range_atr_bucket,Q4_HIGH,,,,,
UP,15,2,,-1,268,0.376865671641791,-0.18129211884502922,-0.36671579566977275,1.8016198886655974,2.6992189710946803,116,0.3275862068965517,-0.8271113341336284,-0.4682864544438943,1.5095320447091227,2.651138483762563,0.5155309414880809,0.5182481751824818,0.09264736964809409,0.05422955999432733,-0.13866526984628985,-0.19066196828593007,-0.27393948849312333,-0.8813408941279557,ROBUST_NEGATIVE,ctx_body_direction,ctx_range_atr_bucket,Q2,,,,,
UP,15,2,,-1,182,0.4175824175824176,-0.27371795520981773,-0.07271249781016956,1.6045820102253525,2.393139028651733,78,0.41025641025641024,-0.32848855687485984,-0.40097293231781395,1.9553007875882058,2.6193552022216973,0.5155309414880809,0.5182481751824818,0.09264736964809409,0.05422955999432733,-0.09794852390566328,-0.10799176492607154,-0.36636532485791184,-0.38271811686918716,ROBUST_NEGATIVE,ctx_body_direction,ctx_range_atr_bucket,Q3,,,,,
UP,15,2,,-1,96,0.2604166666666667,-1.3686724800623873,-1.0581024281189886,1.4669698664060877,3.339373827506275,42,0.3333333333333333,-0.5332834380795176,-0.9639556373484821,2.127523403033854,2.8463745259820974,0.5155309414880809,0.5182481751824818,0.09264736964809409,0.05422955999432733,-0.2551142748214142,-0.18491484184914847,-1.4613198497104813,-0.5875129980738449,ROBUST_NEGATIVE,ctx_body_direction,ctx_range_atr_bucket,Q4_HIGH,,,,,
UP,15,2,,1,956,0.6485355648535565,0.6662625006787786,0.7192080899627986,2.810405260280803,1.4410776487214514,410,0.6487804878048781,0.4352690373596161,0.4520067806332191,2.7521270409764518,1.6659266196155535,0.5155309414880809,0.5182481751824818,0.09264736964809409,0.05422955999432733,0.13300462336547558,0.13053231262239628,0.5736151310306845,0.38103947736528876,ROBUST_POSITIVE,ctx_body_direction,ctx_range_atr_bucket,Q4_HIGH,,,,,
DOWN,15,2,,-1,1012,0.6156126482213439,0.5214684176464283,0.32151301884803557,2.967767519833923,1.7141177025131287,434,0.6451612903225806,0.641446255925363,0.4485025203738998,2.802481371509738,1.4490328478859553,0.5401197604790419,0.5586592178770949,0.17709119188986513,0.2725384205696048,0.075492887742302,0.08650207244548569,0.34437722575656315,0.36890783535575816,ROBUST_POSITIVE,ctx_body_direction,ctx_dist_ema20_atr_bucket,,Q1_LOW,,,,
DOWN,15,2,,-1,940,0.575531914893617,0.41004151740508704,0.2353997549121552,2.5760037458577942,1.7051987544599818,403,0.5930521091811415,0.36224641802275476,0.4352331606217578,2.480611531241184,1.8185476547614898,0.5401197604790419,0.5586592178770949,0.17709119188986513,0.2725384205696048,0.035412154414575125,0.03439289130404655,0.2329503255152219,0.08970799745314995,ROBUST_POSITIVE,ctx_body_direction,ctx_dist_ema20_atr_bucket,,Q2,,,,
DOWN,15,2,,1,159,0.4591194968553459,-0.10077852803332062,-0.4610591900310114,2.3896201052504584,2.3819554466554353,69,0.3333333333333333,-0.4300716230949044,-0.999354005167974,2.017632869987361,2.5721076385644115,0.5401197604790419,0.5586592178770949,0.17709119188986513,0.2725384205696048,-0.08100026362369595,-0.22532588454376162,-0.27786971992318577,-0.7026100436645092,ROBUST_NEGATIVE,ctx_body_direction,ctx_dist_ema20_atr_bucket,,Q1_LOW,,,,
DOWN,15,2,,1,222,0.3783783783783784,-0.5233508595510399,-0.5796996246813318,1.7234891073315914,2.5969223043973373,96,0.3958333333333333,-0.2282169840487448,-0.5093664882693896,1.7368478126911164,2.373809620016988,0.5401197604790419,0.5586592178770949,0.17709119188986513,0.2725384205696048,-0.16174138210066347,-0.16282588454376162,-0.700442051440905,-0.5007554046183496,ROBUST_NEGATIVE,ctx_body_direction,ctx_dist_ema20_atr_bucket,,Q2,,,,
DOWN,15,2,,1,235,0.37446808510638296,-0.6892871206986942,-0.5978462681028055,1.499637677374774,2.760586724563161,102,0.35294117647058826,-0.21258920414812624,-0.11025939595894657,1.6464739224792475,2.5833732730671843,0.5401197604790419,0.5586592178770949,0.17709119188986513,0.2725384205696048,-0.1656516753726589,-0.20571804140650668,-0.8663783125885594,-0.4851276247177311,ROBUST_NEGATIVE,ctx_body_direction,ctx_dist_ema20_atr_bucket,,Q4_HIGH,,,,
UP,15,2,,-1,253,0.40711462450592883,-0.3894149108106211,-0.11498397435893128,1.7488648657685881,2.7469268087731655,109,0.43119266055045874,-0.4829164875153683,-0.4168618266980157,1.8534783471262655,2.599821307748656,0.5155309414880809,0.5182481751824818,0.09264736964809409,0.05422955999432733,-0.10841631698215204,-0.08705551463202305,-0.48206228045871513,-0.5371460475096956,ROBUST_NEGATIVE,ctx_body_direction,ctx_dist_ema20_atr_bucket,,Q1_LOW,,,,
UP,15,2,,-1,247,0.3603238866396761,-0.34441181955094674,-0.28571428571404706,1.719810703342236,2.634933957322923,107,0.38317757009345793,-0.5564873359474917,-0.33650083845747736,1.7327766529556983,2.638559532720184,0.5155309414880809,0.5182481751824818,0.09264736964809409,0.05422955999432733,-0.15520705484840475,-0.13507060508902385,-0.43705918919904085,-0.610716895941819,ROBUST_NEGATIVE,ctx_body_direction,ctx_dist_ema20_atr_bucket,,Q2,,,,
UP,15,2,,-1,206,0.41262135922330095,-0.3350271924455928,-0.36235019568779925,1.9042417679423507,2.5550361298720627,89,0.3146067415730337,-0.7403054315924693,-0.6456536164566617,1.4377060302669329,2.4678258955698364,0.5155309414880809,0.5182481751824818,0.09264736964809409,0.05422955999432733,-0.10290958226477992,-0.20364143360944809,-0.4276745620936869,-0.7945349915867966,ROBUST_NEGATIVE,ctx_body_direction,ctx_dist_ema20_atr_bucket,,Q3,,,,
UP,15,2,,1,1003,0.5832502492522432,0.4576491056674377,0.2370062370061091,2.689367074452813,1.7203459241832528,431,0.5939675174013921,0.35496894754791086,0.17510677242234454,2.6413831744803846,1.7871949627384347,0.5155309414880809,0.5182481751824818,0.09264736964809409,0.05422955999432733,0.06771930776416235,0.0757193422189103,0.3650017360193436,0.30073938755358354,ROBUST_POSITIVE,ctx_body_direction,ctx_dist_ema20_atr_bucket,,Q4_HIGH,,,,
DOWN,15,2,,-1,3288,0.5769464720194647,0.3129032631421102,0.24048200985441792,2.5493410428062884,1.8315657796503033,1410,0.5985815602836879,0.3883813737406682,0.3167922533771498,2.5145158836878827,1.7258309612706952,0.5401197604790419,0.5586592178770949,0.17709119188986513,0.2725384205696048,0.03682671154042283,0.03992234240659298,0.13581207125224506,0.11584295317106341,ROBUST_POSITIVE,ctx_body_direction,ctx_sweep_high,,,0,,,
DOWN,15,2,,1,877,0.4047890535917902,-0.33076592689187884,-0.5380392156860349,1.9537021133604329,2.5586730295593867,376,0.4095744680851064,-0.12349535147229893,-0.16440863828512098,1.8286665159246098,2.336621620664522,0.5401197604790419,0.5586592178770949,0.17709119188986513,0.2725384205696048,-0.13533070688725168,-0.14908474979198855,-0.507857118781744,-0.3960337720419037,ROBUST_NEGATIVE,ctx_body_direction,ctx_sweep_high,,,0,,,
UP,15,2,,-1,850,0.3870588235294118,-0.372297633841595,-0.28665543702051305,1.7370369938702694,2.636828985841383,365,0.3863013698630137,-0.3237446356864369,-0.46544502617815053,1.9652207908857993,2.5291489189136813,0.5155309414880809,0.5182481751824818,0.09264736964809409,0.05422955999432733,-0.12847211795866909,-0.13194680531946806,-0.46494500348968903,-0.37797419568076424,ROBUST_NEGATIVE,ctx_body_direction,ctx_sweep_high,,,1,,,
UP,15,2,,1,2480,0.5907258064516129,0.4058200392926123,0.3341710761195277,2.607107713245839,1.7776310163891242,1064,0.5808270676691729,0.3049375586302947,0.19487458627551268,2.5092331417563187,1.8000380707034427,0.5155309414880809,0.5182481751824818,0.09264736964809409,0.05422955999432733,0.075194864963532,0.06257889248669113,0.3131726696445182,0.2507079986359674,ROBUST_POSITIVE,ctx_body_direction,ctx_sweep_high,,,0,,,
UP,15,2,,1,805,0.4186335403726708,-0.3760357876086192,-0.37573529411790557,1.822315313068124,2.58796947540771,346,0.47398843930635837,-0.3233885107786624,-0.06540301325350872,1.9937569056824997,2.41874317743648,0.5155309414880809,0.5182481751824818,0.09264736964809409,0.05422955999432733,-0.09689740111541006,-0.04425973587612342,-0.4686831572567133,-0.3776180707729897,ROBUST_NEGATIVE,ctx_body_direction,ctx_sweep_high,,,1,,,
DOWN,15,2,,-1,919,0.5930359085963003,0.5339361665880743,0.2407362557519947,2.879800846169732,1.6490097125471168,394,0.6040609137055838,0.527316526891841,0.3666083582124572,2.6636558247940387,1.5977082349540208,0.5401197604790419,0.5586592178770949,0.17709119188986513,0.2725384205696048,0.05291614811725842,0.04540169582848885,0.3568449746982092,0.25477810632223624,ROBUST_POSITIVE,ctx_body_direction,ctx_dist_donchian_high20_atr_bucket,,,,Q1_LOW,,
DOWN,15,2,,-1,952,0.6113445378151261,0.39359554095856353,0.35787799197292747,2.594081419602158,1.7301833445415162,409,0.6454767726161369,0.49871141673119057,0.4737003998767228,2.5534527402437917,1.5688478708751612,0.5401197604790419,0.5586592178770949,0.17709119188986513,0.2725384205696048,0.07122477733608423,0.08681755473904196,0.2165043490686984,0.22617299616158576,ROBUST_POSITIVE,ctx_body_direction,ctx_dist_donchian_high20_atr_bucket,,,,Q2,,
DOWN,15,2,,1,191,0.43455497382198954,-0.1920340202384042,-0.512912912912885,2.1804417482787963,2.3484888447538843,82,0.4024390243902439,-0.04516472058462794,-0.4503369504828001,1.9152784849066018,2.1715194661939665,0.5401197604790419,0.5586592178770949,0.17709119188986513,0.2725384205696048,-0.10556478665705232,-0.156220193486851,-0.3691252121282693,-0.31770314115423276,ROBUST_NEGATIVE,ctx_body_direction,ctx_dist_donchian_high20_atr_bucket,,,,Q1_LOW,,
DOWN,15,2,,1,206,0.41262135922330095,-0.6146965683130484,-0.5932359460125793,1.731734268572403,2.600194071103555,89,0.3595505617977528,-0.2444417244684367,-0.5765526403187881,1.8362913924486188,2.410641903553637,0.5401197604790419,0.5586592178770949,0.17709119188986513,0.2725384205696048,-0.1274984012557409,-0.19910865607934214,-0.7917877602029135,-0.5169801450380416,ROBUST_NEGATIVE,ctx_body_direction,ctx_dist_donchian_high20_atr_bucket,,,,Q2,,
DOWN,15,2,,1,251,0.3466135458167331,-0.6452796984760212,-0.6034973566492909,1.6374617329461385,2.8105424848311693,108,0.3611111111111111,-0.18598690800284914,-0.08721005885826517,1.6833070356075728,2.5224579015663893,0.5401197604790419,0.5586592178770949,0.17709119188986513,0.2725384205696048,-0.19350621466230877,-0.19754810676598383,-0.8223708903658863,-0.458525328572454,ROBUST_NEGATIVE,ctx_body_direction,ctx_dist_donchian_high20_atr_bucket,,,,Q4_HIGH,,
UP,15,2,,-1,249,0.42168674698795183,-0.28953369480347246,-0.002323265847831438,1.8079537999707007,2.7105302365384922,107,0.411214953271028,-0.5659920377751331,-0.45828933474188954,1.6437396661141948,2.563733801464223,0.5155309414880809,0.5182481751824818,0.09264736964809409,0.05422955999432733,-0.09384419450012904,-0.10703322191145376,-0.3821810644515665,-0.6202215977694604,ROBUST_NEGATIVE,ctx_body_direction,ctx_dist_donchian_high20_atr_bucket,,,,Q1_LOW,,
UP,15,2,,-1,219,0.3515981735159817,-0.4138129492404867,-0.4024426571343994,1.6777343013288568,2.6135653888089947,94,0.35106382978723405,-0.47186565082287646,-0.48052524746403846,1.9950249144405499,2.4283825967344725,0.5155309414880809,0.5182481751824818,0.09264736964809409,0.05422955999432733,-0.16393276797209916,-0.16718434539524774,-0.5064603188885808,-0.5260952108172038,ROBUST_NEGATIVE,ctx_body_direction,ctx_dist_donchian_high20_atr_bucket,,,,Q2,,
UP,15,2,,-1,238,0.3739495798319328,-0.5358368098068143,-0.5468489955341009,1.6756315432298732,2.6168120634768166,103,0.34951456310679613,-0.9032459836792227,-0.6934801016087723,1.5871237010674828,2.856201100966262,0.5155309414880809,0.5182481751824818,0.09264736964809409,0.05422955999432733,-0.1415813616561481,-0.16873361207568566,-0.6284841794549083,-0.95747554367355,ROBUST_NEGATIVE,ctx_body_direction,ctx_dist_donchian_high20_atr_bucket,,,,Q3,,
UP,15,2,,1,1116,0.5725806451612904,0.2999152170973851,0.15892905760954007,2.6093121067879728,1.8422757602051463,479,0.6200417536534447,0.3786667365491454,0.3367088607598487,2.7028154112348455,1.8466910831355805,0.5155309414880809,0.5182481751824818,0.09264736964809409,0.05422955999432733,0.057049703673209495,0.10179357847096293,0.20726784744929103,0.3244371765548181,ROBUST_POSITIVE,ctx_body_direction,ctx_dist_donchian_high20_atr_bucket,,,,Q4_HIGH,,
DOWN,15,2,,-1,1145,0.6192139737991267,0.5597549900766517,0.4138972809667493,2.964104807572013,1.6795316489554983,492,0.6443089430894309,0.5993065523057834,0.5024275649522985,2.775307985885571,1.5492757998732007,0.5401197604790419,0.5586592178770949,0.17709119188986513,0.2725384205696048,0.07909421332008482,0.08564972521233594,0.38266379818678664,0.32676813173617864,ROBUST_POSITIVE,ctx_body_direction,ctx_dist_donchian_low20_atr_bucket,,,,,Q1_LOW,
DOWN,15,2,,1,177,0.4576271186440678,-0.3423874099594585,-0.448522550544205,2.1420374934583863,2.6711722497107613,76,0.39473684210526316,-0.1359317617526817,-0.683225272335652,2.0843788074991068,2.4146702315939996,0.5401197604790419,0.5586592178770949,0.17709119188986513,0.2725384205696048,-0.08249264183497407,-0.16392237577183177,-0.5194786018493236,-0.4084701823222865,ROBUST_NEGATIVE,ctx_body_direction,ctx_dist_donchian_low20_atr_bucket,,,,,Q1_LOW,
DOWN,15,2,,1,235,0.3617021276595745,-0.5978363090926738,-0.7232255354890766,1.7921381742347273,2.6480282533719337,101,0.4158415841584158,-0.1364437671751038,0.0903225806451987,1.8976091929904082,2.3606845826540095,0.5401197604790419,0.5586592178770949,0.17709119188986513,0.2725384205696048,-0.17841763281946738,-0.14281763371867912,-0.7749275009825389,-0.4089821877447086,ROBUST_NEGATIVE,ctx_body_direction,ctx_dist_donchian_low20_atr_bucket,,,,,Q2,
DOWN,15,2,,1,233,0.4034334763948498,-0.22512694258048294,-0.27709454265966904,1.8257828237109481,2.54472514150383,101,0.4158415841584158,-0.2312181132523816,-0.13223140495854635,1.554704422401262,2.219809006542012,0.5401197604790419,0.5586592178770949,0.17709119188986513,0.2725384205696048,-0.1366862840841921,-0.14281763371867912,-0.40221813447034804,-0.5037565338219864,ROBUST_NEGATIVE,ctx_body_direction,ctx_dist_donchian_low20_atr_bucket,,,,,Q3,
DOWN,15,2,,1,230,0.41304347826086957,-0.10481830106256687,-0.5733008287924547,2.1416807964916336,2.3991723497241577,100,0.4,-0.11394415156136907,-0.11025939595894657,1.7559181047524013,2.365664600353427,0.5401197604790419,0.5586592178770949,0.17709119188986513,0.2725384205696048,-0.1270762822181723,-0.15865921787709492,-0.281909492952432,-0.38648257213097387,ROBUST_NEGATIVE,ctx_body_direction,ctx_dist_donchian_low20_atr_bucket,,,,,Q4_HIGH,
UP,15,2,,-1,273,0.3882783882783883,-0.4306582826651287,-0.28403630539249297,1.772834866707991,2.723157020324192,117,0.4017094017094017,-0.6910960233985501,-0.47401337071375077,1.6179948603836467,2.6782673963340957,0.5155309414880809,0.5182481751824818,0.09264736964809409,0.05422955999432733,-0.1272525532096926,-0.11653877347308006,-0.5233056523132228,-0.7453255833928775,ROBUST_NEGATIVE,ctx_body_direction,ctx_dist_donchian_low20_atr_bucket,,,,,Q1_LOW,
UP,15,2,,-1,224,0.38392857142857145,-0.5685824882788948,-0.3044851535117481,1.5089421752761858,2.7167155305636683,96,0.3958333333333333,-0.3298545931290288,-0.1981755156878997,1.9725358913148838,2.286866535096521,0.5155309414880809,0.5182481751824818,0.09264736964809409,0.05422955999432733,-0.13160237005950942,-0.12241484184914847,-0.6612298579269889,-0.38408415312335614,ROBUST_NEGATIVE,ctx_body_direction,ctx_dist_donchian_low20_atr_bucket,,,,,Q2,
UP,15,2,,-1,182,0.3956043956043956,-0.21858138355215143,-0.41776284916259265,1.8668600862790878,2.5195109037051924,79,0.3670886075949367,-0.34876088370555575,-0.5135566188195934,1.9074646955331092,2.692499473296923,0.5155309414880809,0.5182481751824818,0.09264736964809409,0.05422955999432733,-0.11992654588368529,-0.15115956758754506,-0.3112287532002455,-0.40299044369988307,ROBUST_NEGATIVE,ctx_body_direction,ctx_dist_donchian_low20_atr_bucket,,,,,Q3,
UP,15,2,,1,884,0.5599547511312217,0.23461271322352917,0.22204203925930438,2.3922634288920412,1.834473459075688,379,0.604221635883905,0.2588823954541585,0.25298156848572395,2.5349862168949446,1.8106109766739784,0.5155309414880809,0.5182481751824818,0.09264736964809409,0.05422955999432733,0.044423809643140855,0.0859734607014232,0.14196534357543508,0.20465283545983115,ROBUST_POSITIVE,ctx_body_direction,ctx_dist_donchian_low20_atr_bucket,,,,,Q3,
UP,15,2,,1,908,0.5616740088105727,0.34232715998760327,0.1577358833407979,2.546448805932579,1.7785602587367442,390,0.5820512820512821,0.31171405667193,0.06364580179761359,2.51906337058051,1.7655146970526392,0.5155309414880809,0.5182481751824818,0.09264736964809409,0.05422955999432733,0.04614306732249185,0.06380310686880031,0.24967979033950918,0.25748449667760265,ROBUST_POSITIVE,ctx_body_direction,ctx_dist_donchian_low20_atr_bucket,,,,,Q4_HIGH,
DOWN,15,2,,-1,2500,0.6164,0.4860507909096501,0.4115639910396065,2.7189165330154994,1.6536703095605463,1072,0.6380597014925373,0.5605728613347779,0.5121922383310757,2.7006013856846396,1.5715542488920808,0.5401197604790419,0.5586592178770949,0.17709119188986513,0.2725384205696048,0.07628023952095808,0.07940048361544239,0.308959599019785,0.2880344407651731,ROBUST_POSITIVE,ctx_body_direction,ctx_sweep_low,,,,,,0
DOWN,15,2,,-1,788,0.45685279187817257,-0.2224371239505632,-0.22119676908584074,2.0311164792116885,2.3835591025010454,338,0.46153846153846156,-0.19034604960462298,-0.1505930695786903,1.878239470815086,2.2440338384537775,0.5401197604790419,0.5586592178770949,0.17709119188986513,0.2725384205696048,-0.0832669686008693,-0.09712075633863337,-0.39952831584042836,-0.4628844701742278,ROBUST_NEGATIVE,ctx_body_direction,ctx_sweep_low,,,,,,1
DOWN,15,2,,1,872,0.4036697247706422,-0.33933985493377317,-0.5254760642994599,1.9276956698090388,2.567668604058243,375,0.408,-0.1294214650785162,-0.17073170731714,1.8193986300701672,2.3470221420080595,0.5401197604790419,0.5586592178770949,0.17709119188986513,0.2725384205696048,-0.13645003570839964,-0.15065921787709496,-0.5164310468236383,-0.401959885648121,ROBUST_NEGATIVE,ctx_body_direction,ctx_sweep_low,,,,,,1
UP,15,2,,-1,858,0.38694638694638694,-0.37024638821980976,-0.28665543702051305,1.7525663461026368,2.6363507749442427,368,0.3858695652173913,-0.2990014194747409,-0.46186718046002007,1.9971630169529317,2.513398121395432,0.5155309414880809,0.5182481751824818,0.09264736964809409,0.05422955999432733,-0.12858455454169393,-0.1323786099650905,-0.4628937578679039,-0.35323097946906823,ROBUST_NEGATIVE,ctx_body_direction,ctx_sweep_low,,,,,,0
UP,15,2,,1,3286,0.5486914181375533,0.2135655885673622,0.15253231592735922,2.4150342210460147,1.9756882304731793,1409,0.5542938254080908,0.15224237192448842,0.12361020274709723,2.3821522056119115,1.953054981997767,0.5155309414880809,0.5182481751824818,0.09264736964809409,0.05422955999432733,0.033160476649472415,0.036045650225609016,0.12091821891926813,0.09801281193016109,ROBUST_POSITIVE,ctx_body_direction,ctx_sweep_low,,,,,,0
DOWN,15,2,,,224,0.4642857142857143,-0.3736729128388817,-0.1463101430506646,1.7861438182418046,2.420683544456938,97,0.41237113402061853,-0.33205941738871464,-0.322851153039889,1.64531628257298,2.2364257560435283,0.5401197604790419,0.5586592178770949,0.17709119188986513,0.2725384205696048,-0.07583404619332756,-0.1462880838564764,-0.5507641047287468,-0.6045978379583195,ROBUST_NEGATIVE,ctx_range_atr_bucket,ctx_dist_ema20_atr_bucket,Q2,Q4_HIGH,,,,
DOWN,15,2,,,487,0.6899383983572895,0.9983022987643735,0.5839091806517129,3.510862718661098,1.2777742876474065,210,0.6666666666666666,0.7636891531882026,0.44724452396618614,3.0829521317179407,1.3169577040569935,0.5401197604790419,0.5586592178770949,0.17709119188986513,0.2725384205696048,0.14981863787824767,0.10800744878957169,0.8212111068745084,0.4911507326185978,ROBUST_POSITIVE,ctx_range_atr_bucket,ctx_dist_ema20_atr_bucket,Q4_HIGH,Q1_LOW,,,,
DOWN,15,2,,,252,0.5992063492063492,0.7686158231235029,0.38866346779814354,2.929386139996462,1.4780679129635845,109,0.6697247706422018,0.6795566656268279,0.6542989653939508,2.774999361695996,1.428448228310385,0.5401197604790419,0.5586592178770949,0.17709119188986513,0.2725384205696048,0.05908658872730732,0.11106555276510688,0.5915246312336377,0.4070182450572231,ROBUST_POSITIVE,ctx_range_atr_bucket,ctx_dist_ema20_atr_bucket,Q4_HIGH,Q2,,,,
UP,15,2,,,161,0.4720496894409938,-0.12070769920714709,-0.1627296587928439,1.8864427665295302,2.4301764027089527,69,0.42028985507246375,-0.6012481563810549,-0.47401337071375077,1.7087651213384216,2.578740383938663,0.5155309414880809,0.5182481751824818,0.09264736964809409,0.05422955999432733,-0.04348125204708708,-0.09795832011001804,-0.2133550688552412,-0.6554777163753822,ROBUST_NEGATIVE,ctx_range_atr_bucket,ctx_dist_ema20_atr_bucket,Q1_LOW,Q1_LOW,,,,
UP,15,2,,,214,0.4439252336448598,-0.0043407903138439445,0.1189360779166069,2.1129474516636146,2.743005295095492,92,0.40217391304347827,-0.37019983372395415,-0.42834828401841163,1.920808965480285,2.3895539707048243,0.5155309414880809,0.5182481751824818,0.09264736964809409,0.05422955999432733,-0.07160570784322107,-0.11607426213900351,-0.09698815996193803,-0.4244293937182815,ROBUST_NEGATIVE,ctx_range_atr_bucket,ctx_dist_ema20_atr_bucket,Q2,Q1_LOW,,,,
UP,15,2,,,322,0.4472049689440994,-0.30556634845559505,-0.20849235299984817,1.9915223667162578,2.534290379238546,138,0.42028985507246375,-0.47441119296743006,-0.02539161041490258,1.8724853834050041,2.4232437052245985,0.5155309414880809,0.5182481751824818,0.09264736964809409,0.05422955999432733,-0.06832597254398148,-0.09795832011001804,-0.3982137181036891,-0.5286407529617574,ROBUST_NEGATIVE,ctx_range_atr_bucket,ctx_dist_ema20_atr_bucket,Q2,Q2,,,,
UP,15,2,,,221,0.46153846153846156,-0.03112526544404214,-0.19796119697480838,2.2072068367932722,2.099798265335676,95,0.4631578947368421,-0.3962987571561821,-0.2508398656216271,2.1768673688065827,2.2087916326394894,0.5155309414880809,0.5182481751824818,0.09264736964809409,0.05422955999432733,-0.05399247994961931,-0.05509028044563968,-0.12377263509213622,-0.45052831715050945,ROBUST_NEGATIVE,ctx_range_atr_bucket,ctx_dist_ema20_atr_bucket,Q2,Q4_HIGH,,,,
UP,15,2,,,241,0.6514522821576764,0.6161810397113334,0.613138686131079,2.7969987733093005,1.466360937385027,104,0.625,0.3676756166045756,0.45305756419760757,2.7399217009944588,1.8801043905709256,0.5155309414880809,0.5182481751824818,0.09264736964809409,0.05422955999432733,0.1359213406695955,0.10675182481751821,0.5235336700632394,0.31344605661024827,ROBUST_POSITIVE,ctx_range_atr_bucket,ctx_dist_ema20_atr_bucket,Q4_HIGH,Q3,,,,
UP,15,2,,,432,0.6597222222222222,0.8119483228976567,0.6727587653233055,3.0410856415930994,1.3706801983168513,186,0.6666666666666666,0.4937075878440342,0.3509630436077744,2.9862146075333986,1.5105373035467509,0.5155309414880809,0.5182481751824818,0.09264736964809409,0.05422955999432733,0.14419128073414134,0.14841849148418484,0.7193009532495627,0.43947802784970685,ROBUST_POSITIVE,ctx_range_atr_bucket,ctx_dist_ema20_atr_bucket,Q4_HIGH,Q4_HIGH,,,,
DOWN,15,2,,,1068,0.6329588014981273,0.6833938728385239,0.5248921678659646,3.009741358897674,1.537796395056529,458,0.631004366812227,0.5529660265598682,0.3666083582124572,2.8288310563479317,1.5706668941878572,0.5401197604790419,0.5586592178770949,0.17709119188986513,0.2725384205696048,0.09283904101908547,0.07234514893513211,0.5063026809486588,0.28042760599026334,ROBUST_POSITIVE,ctx_range_atr_bucket,ctx_sweep_high,Q4_HIGH,,0,,,
UP,15,2,,,508,0.3937007874015748,-0.29834859017552284,-0.32613264817530563,1.8374547834048705,2.6924431187635456,218,0.37155963302752293,-0.711913108350223,-0.4017611909572214,1.7885570230743322,2.6252589683724694,0.5155309414880809,0.5182481751824818,0.09264736964809409,0.05422955999432733,-0.12183015408650605,-0.14668854215495886,-0.3909959598236169,-0.7661426683445504,ROBUST_NEGATIVE,ctx_range_atr_bucket,ctx_sweep_high,Q2,,1,,,
UP,15,2,,,378,0.4444444444444444,-0.2108224749055072,-0.15124626212291217,1.7934384065520776,2.4247114837145882,162,0.4444444444444444,-0.3561270481740157,-0.26801808738353883,1.9906638200215345,2.5174911236684476,0.5155309414880809,0.5182481751824818,0.09264736964809409,0.05422955999432733,-0.07108649704363645,-0.07380373073803737,-0.30346984455360126,-0.410356608168343,ROBUST_NEGATIVE,ctx_range_atr_bucket,ctx_sweep_high,Q3,,1,,,
UP,15,2,,,861,0.6736353077816493,0.8071052632826434,0.8431904503531562,2.943922877957694,1.30854235938978,370,0.6702702702702703,0.5885812908311248,0.5419323143096202,2.894444798294756,1.548081436898311,0.5155309414880809,0.5182481751824818,0.09264736964809409,0.05422955999432733,0.1581043662935684,0.15202209508778852,0.7144578936345494,0.5343517308367974,ROBUST_POSITIVE,ctx_range_atr_bucket,ctx_sweep_high,Q4_HIGH,,0,,,
UP,15,2,,,191,0.35602094240837695,-0.8861147027741543,-0.562761282023797,1.583400228325383,2.9186124362564843,82,0.35365853658536583,-0.9979025314997901,-0.8073186139182147,1.673329132078258,2.97472786999964,0.5155309414880809,0.5182481751824818,0.09264736964809409,0.05422955999432733,-0.15950999907970392,-0.16458963859711595,-0.9787620724222483,-1.0521320914941175,ROBUST_NEGATIVE,ctx_range_atr_bucket,ctx_sweep_high,Q4_HIGH,,1,,,
DOWN,15,2,,,269,0.5092936802973977,-0.3134702760996187,-0.20272572402052824,2.145072121457919,2.2982083855134094,116,0.46551724137931033,-0.30990338897622194,-0.10813441718636213,1.8342384048378184,2.218672279985503,0.5401197604790419,0.5586592178770949,0.17709119188986513,0.2725384205696048,-0.030826080181644122,-0.0931419764977846,-0.49056146798948386,-0.5824418095458268,ROBUST_NEGATIVE,ctx_range_atr_bucket,ctx_dist_donchian_high20_atr_bucket,Q1_LOW,,,Q2,,
DOWN,15,2,,,214,0.4672897196261682,-0.07159750022978839,-0.2423521602241691,2.104841438721871,2.2715858820932917,92,0.43478260869565216,-0.17269682458949348,-0.10300094838078594,1.8158351107812722,2.235799930193568,0.5401197604790419,0.5586592178770949,0.17709119188986513,0.2725384205696048,-0.07283004085287365,-0.12387660918144278,-0.24868869211965353,-0.4452352451590983,ROBUST_NEGATIVE,ctx_range_atr_bucket,ctx_dist_donchian_high20_atr_bucket,Q1_LOW,,,Q4_HIGH,,
DOWN,15,2,,,179,0.4301675977653631,-0.582150727223534,-0.5367762128325715,1.78644842886875,2.7024166448779647,78,0.44871794871794873,-0.1686815139902688,-0.22656558663519943,1.7872899218998828,2.2681648118436524,0.5401197604790419,0.5586592178770949,0.17709119188986513,0.2725384205696048,-0.10995216271367875,-0.1099412691591462,-0.7592419191133991,-0.4412199345598736,ROBUST_NEGATIVE,ctx_range_atr_bucket,ctx_dist_donchian_high20_atr_bucket,Q2,,,Q4_HIGH,,
DOWN,15,2,,,395,0.6455696202531646,0.9824942377409658,0.5484975275769192,3.481264852878684,1.310039561733516,170,0.6352941176470588,0.5801239551881577,0.3388785152492321,2.9452723981651032,1.407489260875324,0.5401197604790419,0.5586592178770949,0.17709119188986513,0.2725384205696048,0.10544985977412269,0.07663489976996385,0.8054030458511007,0.3075855346185529,ROBUST_POSITIVE,ctx_range_atr_bucket,ctx_dist_donchian_high20_atr_bucket,Q4_HIGH,,,Q1_LOW,,
DOWN,15,2,,,330,0.693939393939394,0.8047603725875563,0.6363866527354273,2.98392176421494,1.3544686855607615,142,0.7464788732394366,0.9879896094725837,0.6823155343576345,3.1607227181288278,1.1921637452471763,0.5401197604790419,0.5586592178770949,0.17709119188986513,0.2725384205696048,0.1538196334603521,0.1878196553623417,0.6276691806976912,0.7154511889029789,ROBUST_POSITIVE,ctx_range_atr_bucket,ctx_dist_donchian_high20_atr_bucket,Q4_HIGH,,,Q2,,
UP,15,2,,,254,0.46062992125984253,-0.39987455657531795,-0.15432470341883248,1.8637531089934514,2.5017445400322824,109,0.47706422018348627,-0.2875917322149139,-0.03699788583523137,2.03806791534418,2.2981941950281755,0.5155309414880809,0.5182481751824818,0.09264736964809409,0.05422955999432733,-0.05490102022823834,-0.04118395499899552,-0.49252192622341207,-0.34182129220924123,ROBUST_NEGATIVE,ctx_range_atr_bucket,ctx_dist_donchian_high20_atr_bucket,Q1_LOW,,,Q3,,
UP,15,2,,,249,0.42971887550200805,-0.021492555353982805,-0.002323265847831438,2.0141025352989153,2.494706192448114,107,0.4205607476635514,-0.3924281696290889,-0.22871287128708034,1.864780664250921,2.3599362115033746,0.5155309414880809,0.5182481751824818,0.09264736964809409,0.05422955999432733,-0.08581206598607283,-0.09768742751893039,-0.1141399250020769,-0.4466577296234162,ROBUST_NEGATIVE,ctx_range_atr_bucket,ctx_dist_donchian_high20_atr_bucket,Q2,,,Q1_LOW,,
UP,15,2,,,184,0.5706521739130435,0.5760266308751223,0.30291097945513495,2.5996404430291005,1.5232189315152145,80,0.5875,0.39713089117063544,0.03761565418530093,2.6266257203011896,1.6640463611031184,0.5155309414880809,0.5182481751824818,0.09264736964809409,0.05422955999432733,0.055121232424962585,0.06925182481751824,0.48337926122702823,0.3429013311763081,ROBUST_POSITIVE,ctx_range_atr_bucket,ctx_dist_donchian_high20_atr_bucket,Q4_HIGH,,,Q2,,
UP,15,2,,,432,0.6689814814814815,0.7446756335021937,0.6500730310735108,3.0245495271227614,1.4162122014132532,186,0.6827956989247311,0.4893103206939244,0.43221070811751616,2.9371170109428495,1.5890071955610752,0.5155309414880809,0.5182481751824818,0.09264736964809409,0.05422955999432733,0.15345053999340064,0.16454752374224935,0.6520282638540996,0.43508076069959706,ROBUST_POSITIVE,ctx_range_atr_bucket,ctx_dist_donchian_high20_atr_bucket,Q4_HIGH,,,Q4_HIGH,,
DOWN,15,2,,,218,0.4954128440366973,-0.042579419401362506,-0.14991208837924375,2.3517511984395694,2.2360640519566815,94,0.43617021276595747,-0.30312437914029694,-0.22496952321749575,1.8010997179327577,2.376051660843496,0.5401197604790419,0.5586592178770949,0.17709119188986513,0.2725384205696048,-0.04470691644234459,-0.12248900511113747,-0.21967061129122764,-0.5756627997099018,ROBUST_NEGATIVE,ctx_range_atr_bucket,ctx_dist_donchian_low20_atr_bucket,Q1_LOW,,,,Q1_LOW,
DOWN,15,2,,,249,0.4979919678714859,-0.043999332652794,-0.20272572402052824,1.9127401284247232,2.0370132633377946,108,0.48148148148148145,-0.05108996150666329,-0.03255813953485617,1.8466085717371596,2.0459998678552678,0.5401197604790419,0.5586592178770949,0.17709119188986513,0.2725384205696048,-0.04212779260755595,-0.07717773639561348,-0.22109052454265915,-0.3236283820762681,ROBUST_NEGATIVE,ctx_range_atr_bucket,ctx_dist_donchian_low20_atr_bucket,Q1_LOW,,,,Q4_HIGH,
DOWN,15,2,,,471,0.6985138004246284,1.0829897135760478,0.8455918168532657,3.551982538107644,1.2275094657662982,202,0.698019801980198,0.9721366577558503,0.7113260516606916,3.2280040762707647,1.2035465677132278,0.5401197604790419,0.5586592178770949,0.17709119188986513,0.2725384205696048,0.15839403994558654,0.13936058410310304,0.9058985216861827,0.6995982371862455,ROBUST_POSITIVE,ctx_range_atr_bucket,ctx_dist_donchian_low20_atr_bucket,Q4_HIGH,,,,Q1_LOW,
UP,15,2,,,184,0.44565217391304346,-0.030924902568375517,-0.3158746505808695,2.1266062870466245,2.4086847155468503,79,0.4177215189873418,-0.4958553368008364,-0.49452736318420787,1.7138282965766276,2.414841860180116,0.5155309414880809,0.5182481751824818,0.09264736964809409,0.05422955999432733,-0.06987876757503741,-0.10052665619514001,-0.1235722722164696,-0.5500848967951637,ROBUST_NEGATIVE,ctx_range_atr_bucket,ctx_dist_donchian_low20_atr_bucket,Q1_LOW,,,,Q1_LOW,
UP,15,2,,,204,0.36764705882352944,-0.18546864376743008,-0.3989891068036021,2.0484700211061866,2.7925495887882335,88,0.4659090909090909,-0.4346236073672186,-0.027649769585298342,1.8761197000800103,2.38197653079839,0.5155309414880809,0.5182481751824818,0.09264736964809409,0.05422955999432733,-0.14788388266455144,-0.0523390842733909,-0.27811601341552417,-0.48885316736154594,ROBUST_NEGATIVE,ctx_range_atr_bucket,ctx_dist_donchian_low20_atr_bucket,Q2,,,,Q1_LOW,
UP,15,2,,,292,0.6541095890410958,0.7935005650512081,0.8338257972499528,2.844431800076603,1.2935975597700897,126,0.7142857142857143,0.4128890488797191,0.7441437842137648,2.90956795694885,1.6760017394223123,0.5155309414880809,0.5182481751824818,0.09264736964809409,0.05422955999432733,0.13857864755301497,0.19603753910323252,0.7008531954031141,0.3586594888853918,ROBUST_POSITIVE,ctx_range_atr_bucket,ctx_dist_donchian_low20_atr_bucket,Q4_HIGH,,,,Q3,
UP,15,2,,,348,0.6551724137931034,0.7270532858996093,0.6136131497228572,2.9849220531431073,1.423643922702429,150,0.6466666666666666,0.49457480538864007,0.14073018179134342,2.916273801085808,1.462347792035963,0.5155309414880809,0.5182481751824818,0.09264736964809409,0.05422955999432733,0.13964147230502255,0.12841849148418483,0.6344059162515152,0.44034524539431275,ROBUST_POSITIVE,ctx_range_atr_bucket,ctx_dist_donchian_low20_atr_bucket,Q4_HIGH,,,,Q4_HIGH,
DOWN,15,2,,,606,0.4504950495049505,-0.2500245485104455,-0.46644757757491184,1.991367532609122,2.3648757121763553,260,0.4307692307692308,-0.041448975381997925,-0.12145977275745379,1.7841022977378977,2.156275841596497,0.5401197604790419,0.5586592178770949,0.17709119188986513,0.2725384205696048,-0.08962471097409136,-0.12788998710786414,-0.42711574040031064,-0.31398739595160274,ROBUST_NEGATIVE,ctx_range_atr_bucket,ctx_sweep_low,Q1_LOW,,,,,1
DOWN,15,2,,,553,0.5804701627486437,0.2995679261819758,0.30450058557809423,2.429022758648602,1.8518127010399659,238,0.6050420168067226,0.4465233825830809,0.34104171894417756,2.503331953152998,1.673779840503823,0.5401197604790419,0.5586592178770949,0.17709119188986513,0.2725384205696048,0.04035040226960185,0.04638279892962771,0.12247673429211067,0.17398496201347607,ROBUST_POSITIVE,ctx_range_atr_bucket,ctx_sweep_low,Q2,,,,,0
DOWN,15,2,,,494,0.4473684210526316,-0.1931446825025301,-0.26661258086028283,2.0270461663986605,2.4608615617204874,213,0.4131455399061033,-0.2946314173455722,-0.29103508012127666,1.7848792661138442,2.460440648874449,0.5401197604790419,0.5586592178770949,0.17709119188986513,0.2725384205696048,-0.09275133942641028,-0.14551367797099163,-0.37023587439239525,-0.567169837915177,ROBUST_NEGATIVE,ctx_range_atr_bucket,ctx_sweep_low,Q2,,,,,1
DOWN,15,2,,,669,0.5814648729446936,0.30508091626241135,0.2403169014080701,2.598017839193841,1.7997839112816987,287,0.6550522648083623,0.5238229160684374,0.640991112308379,2.557255439404033,1.6139425850619455,0.5401197604790419,0.5586592178770949,0.17709119188986513,0.2725384205696048,0.04134511246565176,0.09639304693126738,0.12798972437254622,0.25128449549883264,ROBUST_POSITIVE,ctx_range_atr_bucket,ctx_sweep_low,Q3,,,,,0
DOWN,15,2,,,875,0.696,0.9201154338810559,0.71539456662351,3.2234794471639994,1.2572352403108809,375,0.68,0.8342400618527482,0.6077998528331089,3.068073515856482,1.3456109672605974,0.5401197604790419,0.5586592178770949,0.17709119188986513,0.2725384205696048,0.15588023952095809,0.12134078212290511,0.7430242419911908,0.5617016412831435,ROBUST_POSITIVE,ctx_range_atr_bucket,ctx_sweep_low,Q4_HIGH,,,,,0
DOWN,15,2,,,193,0.3626943005181347,-0.34730250468913804,-0.5890818082276672,2.100819332608125,2.752873280466381,83,0.37349397590361444,-0.8167294949365975,-0.8511530398321654,1.6081708337592742,2.719789112453679,0.5401197604790419,0.5586592178770949,0.17709119188986513,0.2725384205696048,-0.17742545996090714,-0.1851652419734805,-0.5243936965790031,-1.0892679155062024,ROBUST_NEGATIVE,ctx_range_atr_bucket,ctx_sweep_low,Q4_HIGH,,,,,1
UP,15,2,,,1034,0.4738878143133462,-0.06417626894604447,-0.06272854550107845,2.1512054665946683,2.363237708272223,444,0.4436936936936937,-0.3227685818522352,-0.16603793226831448,2.0002810307612844,2.298909840889268,0.5155309414880809,0.5182481751824818,0.09264736964809409,0.05422955999432733,-0.04164312717473467,-0.07455448148878807,-0.15682363859413856,-0.37699814184656255,ROBUST_NEGATIVE,ctx_range_atr_bucket,ctx_sweep_low,Q2,,,,,0
UP,15,2,,,1052,0.6121673003802282,0.47733015034392245,0.5064667902316087,2.6855143970367705,1.6203248852828385,452,0.6216814159292036,0.3527997241575654,0.39694197231234,2.699432433735656,1.7616061602530728,0.5155309414880809,0.5182481751824818,0.09264736964809409,0.05422955999432733,0.09663635889214728,0.10343324074672178,0.3846827806958284,0.29857016416323806,ROBUST_POSITIVE,ctx_range_atr_bucket,ctx_sweep_low,Q4_HIGH,,,,,0
DOWN,15,2,,,1174,0.5945485519591142,0.4321980018158205,0.2319757983157297,2.892582462453791,1.8098750194940878,504,0.6031746031746031,0.5096683196870212,0.260694141557555,2.6980465405257688,1.5953421046813647,0.5401197604790419,0.5586592178770949,0.17709119188986513,0.2725384205696048,0.05442879148007229,0.0445153852975082,0.25510680992595536,0.2371298991174164,ROBUST_POSITIVE,ctx_dist_ema20_atr_bucket,ctx_sweep_high,,Q1_LOW,0,,,
UP,15,2,,,475,0.391578947368421,-0.35058744145992177,-0.28740783576695783,1.7445828325706794,2.730350993324807,204,0.47549019607843135,-0.35802704143979036,-0.10467081632094563,1.9042452911711658,2.4263189750551044,0.5155309414880809,0.5182481751824818,0.09264736964809409,0.05422955999432733,-0.12395199411965985,-0.042757979104050436,-0.4432348111080159,-0.4122566014341177,ROBUST_NEGATIVE,ctx_dist_ema20_atr_bucket,ctx_sweep_high,,Q1_LOW,1,,,
UP,15,2,,,606,0.5841584158415841,0.4630118730112984,0.3845214478043222,2.5043758291496125,1.786615989002057,260,0.5884615384615385,0.43215388166312463,0.5001915769474794,2.5771113333909335,1.8020423229409586,0.5155309414880809,0.5182481751824818,0.09264736964809409,0.05422955999432733,0.06862747435350325,0.0702133632790567,0.37036450336320437,0.3779243216687973,ROBUST_POSITIVE,ctx_dist_ema20_atr_bucket,ctx_sweep_high,,Q2,0,,,
UP,15,2,,,503,0.4115308151093439,-0.4176181878008674,-0.34993966557486117,1.7762577985273706,2.703174018796479,217,0.37327188940092165,-0.7145970186717059,-0.25574112734866905,1.6160484072574797,2.709891760412167,0.5155309414880809,0.5182481751824818,0.09264736964809409,0.05422955999432733,-0.10400012637873696,-0.14497628578156013,-0.5102655574489615,-0.7688265786660332,ROBUST_NEGATIVE,ctx_dist_ema20_atr_bucket,ctx_sweep_high,,Q2,1,,,
UP,15,2,,,715,0.5776223776223777,0.25554445302240697,0.20339817778876926,2.561849733667736,1.8579003856136767,307,0.5765472312703583,0.2801694215689271,0.20839363241672787,2.5258443134282085,1.820268272635667,0.5155309414880809,0.5182481751824818,0.09264736964809409,0.05422955999432733,0.062091436134296796,0.058299056087876555,0.16289708337431288,0.22593986157459978,ROBUST_POSITIVE,ctx_dist_ema20_atr_bucket,ctx_sweep_high,,Q3,0,,,
UP,15,2,,,386,0.43523316062176165,-0.2791601711199214,-0.29555017246377235,1.8760268439778,2.3964802893910537,166,0.41566265060240964,-0.4630777810485382,-0.38918547465868414,1.7369514690863934,2.3632635329849347,0.5155309414880809,0.5182481751824818,0.09264736964809409,0.05422955999432733,-0.08029778086631922,-0.10258552458007214,-0.3718075407680155,-0.5173073410428656,ROBUST_NEGATIVE,ctx_dist_ema20_atr_bucket,ctx_sweep_high,,Q3,1,,,
UP,15,2,,,857,0.617269544924154,0.6123889998512014,0.3920723825940074,2.8315646603568343,1.5802069735113415,368,0.6141304347826086,0.4166283233248059,0.17675692603433396,2.659395174763618,1.6900192796877154,0.5155309414880809,0.5182481751824818,0.09264736964809409,0.05422955999432733,0.1017386034360731,0.09588225960012686,0.5197416302031074,0.3623987633304786,ROBUST_POSITIVE,ctx_dist_ema20_atr_bucket,ctx_sweep_high,,Q4_HIGH,0,,,
DOWN,15,2,,,179,0.4692737430167598,-0.016124837962138646,-0.0948557089085547,2.164586751462291,2.3283469847135905,77,0.4935064935064935,-0.07081663519815201,0.120793787748087,1.9963097642751537,2.021125223113283,0.5401197604790419,0.5586592178770949,0.17709119188986513,0.2725384205696048,-0.07084601746228208,-0.06515272437060143,-0.19321602985200378,-0.3433550557677568,ROBUST_NEGATIVE,ctx_dist_ema20_atr_bucket,ctx_dist_donchian_high20_atr_bucket,,Q3,,Q4_HIGH,,
UP,15,2,,,648,0.4645061728395062,-0.2108935193440907,-0.01783555396375659,1.9555191087585668,2.544386233942323,278,0.46402877697841727,-0.21271598609721445,-0.15911393609586713,1.8986941016068124,2.258412824853379,0.5155309414880809,0.5182481751824818,0.09264736964809409,0.05422955999432733,-0.05102476864857469,-0.05421939820406452,-0.3035408889921848,-0.2669455460915418,ROBUST_NEGATIVE,ctx_dist_ema20_atr_bucket,ctx_dist_donchian_high20_atr_bucket,,Q1_LOW,,Q1_LOW,,
UP,15,2,,,236,0.4830508474576271,-0.5296775246486901,-0.218928603182553,1.8918030954963025,2.793126037012645,102,0.43137254901960786,-0.5970390439558892,-0.308397942937943,2.0451125762407694,2.9558736380640154,0.5155309414880809,0.5182481751824818,0.09264736964809409,0.05422955999432733,-0.032480094030453766,-0.08687562616287392,-0.6223248942967842,-0.6512686039502166,ROBUST_NEGATIVE,ctx_dist_ema20_atr_bucket,ctx_dist_donchian_high20_atr_bucket,,Q2,,Q3,,
UP,15,2,,,961,0.5577523413111343,0.338516833708029,0.12426035502955743,2.5840671780374262,1.8562872397192487,412,0.5776699029126213,0.5032112288603281,0.2216172710311938,2.837506227174321,1.914508309549849,0.5155309414880809,0.5182481751824818,0.09264736964809409,0.05422955999432733,0.042221399823053396,0.05942172773013954,0.2458694640599349,0.44898166886600077,ROBUST_POSITIVE,ctx_dist_ema20_atr_bucket,ctx_dist_donchian_high20_atr_bucket,,Q4_HIGH,,Q4_HIGH,,
DOWN,15,2,,,973,0.6073997944501541,0.519065400696983,0.26666666666671185,2.9864434826909316,1.7516298092579388,418,0.6267942583732058,0.6420977824854155,0.34967964478433555,2.8038970756832007,1.5251936686693472,0.5401197604790419,0.5586592178770949,0.17709119188986513,0.2725384205696048,0.06728003397111226,0.06813504049611085,0.34197420880711793,0.3695593619158107,ROBUST_POSITIVE,ctx_dist_ema20_atr_bucket,ctx_dist_donchian_low20_atr_bucket,,Q1_LOW,,,Q1_LOW,
DOWN,15,2,,,140,0.45714285714285713,-0.05828118819549779,0.07024388503354564,1.8562762138189717,2.4010885070154124,61,0.3442622950819672,-0.4735088819264619,-0.5580589254770315,1.718860430554272,2.723099530039238,0.5401197604790419,0.5586592178770949,0.17709119188986513,0.2725384205696048,-0.08297690333618474,-0.21439692279512773,-0.23537238008536293,-0.7460473024960668,ROBUST_NEGATIVE,ctx_dist_ema20_atr_bucket,ctx_dist_donchian_low20_atr_bucket,,Q4_HIGH,,,Q3,
UP,15,2,,,402,0.4079601990049751,-0.3099430673242952,-0.30188361278026465,1.9324178546918866,2.7210524868223622,173,0.45664739884393063,-0.48544163784769345,-0.40988106129920393,1.7848516903733662,2.4890205496519804,0.5155309414880809,0.5182481751824818,0.09264736964809409,0.05422955999432733,-0.10757074248310577,-0.061600776338551155,-0.4025904369723893,-0.5396711978420208,ROBUST_NEGATIVE,ctx_dist_ema20_atr_bucket,ctx_dist_donchian_low20_atr_bucket,,Q1_LOW,,,Q1_LOW,
UP,15,2,,,266,0.5827067669172933,0.4667954859186593,0.29223895163855906,2.6880760088992717,1.7569003922721773,115,0.6260869565217392,0.3764248668387287,0.6620808254516315,2.7077992547834446,1.9138284127418128,0.5155309414880809,0.5182481751824818,0.09264736964809409,0.05422955999432733,0.06717582542921241,0.1078387813392574,0.3741481162705652,0.3221953068444014,ROBUST_POSITIVE,ctx_dist_ema20_atr_bucket,ctx_dist_donchian_low20_atr_bucket,,Q4_HIGH,,,Q3,
UP,15,2,,,879,0.5472127417519909,0.33770460553557496,0.11905394631965574,2.5285861464959924,1.8294997131800104,377,0.5517241379310345,0.40046043542883925,-0.04614370468045492,2.697918623215701,1.8619963363744392,0.5155309414880809,0.5182481751824818,0.09264736964809409,0.05422955999432733,0.03168180026390999,0.03347596274855269,0.24505723588748088,0.3462308754345119,ROBUST_POSITIVE,ctx_dist_ema20_atr_bucket,ctx_dist_donchian_low20_atr_bucket,,Q4_HIGH,,,Q4_HIGH,
DOWN,15,2,,,863,0.6500579374275782,0.7046408652512458,0.42682926829293544,3.157299603427372,1.5489220822000307,370,0.6756756756756757,0.7602315775892026,0.523024305674562,2.955504321457647,1.322680217202567,0.5401197604790419,0.5586592178770949,0.17709119188986513,0.2725384205696048,0.10993817694853636,0.11701645779858072,0.5275496733613807,0.48769315701959776,ROBUST_POSITIVE,ctx_dist_ema20_atr_bucket,ctx_sweep_low,,Q1_LOW,,,,0
DOWN,15,2,,,311,0.44694533762057875,-0.27526424969546964,-0.36230661040791234,2.1873706653252256,2.5110799386789577,134,0.3880597014925373,-0.2948528470933353,-0.7666035736455445,1.919021147257021,2.401405935915931,0.5401197604790419,0.5586592178770949,0.17709119188986513,0.2725384205696048,-0.09317442285846311,-0.17059951638455761,-0.4523554415853348,-0.5673912676629401,ROBUST_NEGATIVE,ctx_dist_ema20_atr_bucket,ctx_sweep_low,,Q1_LOW,,,,1
DOWN,15,2,,,742,0.601078167115903,0.5223459074564705,0.448023477603917,2.6673053070792805,1.5919062315765165,318,0.6383647798742138,0.4499305180463001,0.6185066679896429,2.5905525648637378,1.6677539443047553,0.5401197604790419,0.5586592178770949,0.17709119188986513,0.2725384205696048,0.06095840663686114,0.07970556199711887,0.34525471556660536,0.17739209747669527,ROBUST_POSITIVE,ctx_dist_ema20_atr_bucket,ctx_sweep_low,,Q2,,,,0
DOWN,15,2,,,423,0.41843971631205673,-0.305429543702503,-0.48419943820209366,1.938861230529805,2.412561425444069,182,0.4175824175824176,-0.10497885511622526,-0.09541602483468627,1.9157589375328046,2.3330454240027416,0.5401197604790419,0.5586592178770949,0.17709119188986513,0.2725384205696048,-0.12168004416698514,-0.14107680029467734,-0.4825207355923682,-0.37751727568583004,ROBUST_NEGATIVE,ctx_dist_ema20_atr_bucket,ctx_sweep_low,,Q2,,,,1
DOWN,15,2,,,571,0.626970227670753,0.33839720561171854,0.44680851063836785,2.541564253406961,1.759627906760363,246,0.5934959349593496,0.40736778378480404,0.1589374740263546,2.623480034307487,1.831850472274379,0.5401197604790419,0.5586592178770949,0.17709119188986513,0.2725384205696048,0.08685046719171119,0.034836717082254665,0.1613060137218534,0.13482936321519923,ROBUST_POSITIVE,ctx_dist_ema20_atr_bucket,ctx_sweep_low,,Q3,,,,0
DOWN,15,2,,,498,0.44176706827309237,-0.14505934942728402,-0.269480959445392,2.1630335962854836,2.5181099701195513,214,0.4953271028037383,-0.09035990767636737,-0.035615499282858086,1.8518596963436875,2.09825675191129,0.5401197604790419,0.5586592178770949,0.17709119188986513,0.2725384205696048,-0.0983526922059495,-0.06333211507335662,-0.32215054131714915,-0.3628983282459722,ROBUST_NEGATIVE,ctx_dist_ema20_atr_bucket,ctx_sweep_low,,Q3,,,,1
DOWN,15,2,,,436,0.41743119266055045,-0.39769101849260885,-0.3891854767616732,1.672735060296396,2.4801613769561954,188,0.39361702127659576,-0.30301035024439754,-0.26059056592812124,1.658677983142182,2.4742153843168504,0.5401197604790419,0.5586592178770949,0.17709119188986513,0.2725384205696048,-0.12268856781849141,-0.16504219660049918,-0.574782210382474,-0.5755487708140024,ROBUST_NEGATIVE,ctx_dist_ema20_atr_bucket,ctx_sweep_low,,Q4_HIGH,,,,1
UP,15,2,,,785,0.45605095541401275,-0.21102326985516281,-0.06977572089727697,1.9563672800119805,2.5055299279250858,337,0.47774480712166173,-0.22191393499910875,-0.06422968773113384,1.9726551953402396,2.2523123576289423,0.5155309414880809,0.5182481751824818,0.09264736964809409,0.05422955999432733,-0.059479986074068125,-0.040503368060820055,-0.3036706395032569,-0.2761434949934361,ROBUST_NEGATIVE,ctx_dist_ema20_atr_bucket,ctx_sweep_low,,Q1_LOW,,,,0
UP,15,2,,,1155,0.5558441558441558,0.37027107835264234,0.17023740590622538,2.5663850909058947,1.8113654774134151,496,0.5665322580645161,0.371695736676109,0.08612084299170839,2.6937360792534504,1.889853827935526,0.5155309414880809,0.5182481751824818,0.09264736964809409,0.05422955999432733,0.04031321435607493,0.04828408288203434,0.2776237087045482,0.3174661766817817,ROBUST_POSITIVE,ctx_dist_ema20_atr_bucket,ctx_sweep_low,,Q4_HIGH,,,,0
DOWN,15,2,,,576,0.4340277777777778,-0.30548090195591154,-0.40578248280637796,1.896017933358374,2.4631536664644518,247,0.4493927125506073,-0.006642899118161886,-0.04721753794240878,1.8659504559046265,2.166564296643092,0.5401197604790419,0.5586592178770949,0.17709119188986513,0.2725384205696048,-0.10609198270126408,-0.10926650532648763,-0.4825720938457767,-0.2791813196877667,ROBUST_NEGATIVE,ctx_sweep_high,ctx_dist_donchian_high20_atr_bucket,,,0,Q4_HIGH,,
UP,15,2,,,557,0.5583482944344704,0.4604776471836759,0.2968697408280642,2.458570721022404,1.7522410135273576,240,0.5875,0.4263124505740588,0.48242303810260156,2.5556438749180095,1.8007669408631588,0.5155309414880809,0.5182481751824818,0.09264736964809409,0.05422955999432733,0.04281735294638955,0.06925182481751824,0.36783027753558184,0.3720828905797315,ROBUST_POSITIVE,ctx_sweep_high,ctx_dist_donchian_high20_atr_bucket,,,0,Q2,,
UP,15,2,,,547,0.5868372943327239,0.33507176873982,0.25573491928622416,2.685281919938477,1.84042536723574,235,0.5702127659574469,0.2970671550365483,0.12361020274709723,2.5219314926655234,1.7065916129681682,0.5155309414880809,0.5182481751824818,0.09264736964809409,0.05422955999432733,0.07130635284464304,0.05196459077496507,0.2424243990917259,0.24283759504222097,ROBUST_POSITIVE,ctx_sweep_high,ctx_dist_donchian_high20_atr_bucket,,,0,Q3,,
UP,15,2,,,947,0.6061246040126715,0.45099937371271526,0.31689571544027334,2.7285681094236116,1.6996212818669187,406,0.6280788177339901,0.40642719666276733,0.3409544041083852,2.700093475606064,1.8016663480599056,0.5155309414880809,0.5182481751824818,0.09264736964809409,0.05422955999432733,0.09059366252459067,0.10983064255150832,0.3583520040646212,0.35219763666844,ROBUST_POSITIVE,ctx_sweep_high,ctx_dist_donchian_high20_atr_bucket,,,0,Q4_HIGH,,
UP,15,2,,,480,0.40208333333333335,-0.32144425277980876,-0.2619891060104385,1.7770852795296266,2.678633407891766,207,0.47342995169082125,-0.31734485001203283,-0.03835616438369927,1.766763112514963,2.3051967000543616,0.5155309414880809,0.5182481751824818,0.09264736964809409,0.05422955999432733,-0.11344760815474753,-0.044818223491660536,-0.4140916224279029,-0.37157441000636016,ROBUST_NEGATIVE,ctx_sweep_high,ctx_dist_donchian_high20_atr_bucket,,,1,Q1_LOW,,
UP,15,2,,,437,0.37986270022883295,-0.38706420236015554,-0.4024426571343994,1.7647342894424456,2.6081995110841167,188,0.3670212765957447,-0.6116507228193704,-0.381862127335169,1.6948102618532186,2.4790019290314342,0.5155309414880809,0.5182481751824818,0.09264736964809409,0.05422955999432733,-0.13566824125924792,-0.1512268985867371,-0.47971157200824965,-0.6658802828136977,ROBUST_NEGATIVE,ctx_sweep_high,ctx_dist_donchian_high20_atr_bucket,,,1,Q2,,
UP,15,2,,,423,0.4302600472813239,-0.41655985371639936,-0.2672053496797403,1.7213433723968043,2.577638540179926,182,0.38461538461538464,-0.8605670583006982,-0.5284276781647876,1.7010107560569336,2.89758795719624,0.5155309414880809,0.5182481751824818,0.09264736964809409,0.05422955999432733,-0.08527089420675699,-0.13363279056709715,-0.5092072233644934,-0.9147966182950256,ROBUST_NEGATIVE,ctx_sweep_high,ctx_dist_donchian_high20_atr_bucket,,,1,Q3,,
DOWN,15,2,,,1325,0.5977358490566038,0.44006413016934814,0.25848719475834686,2.8569235591377375,1.813799224193812,569,0.6098418277680141,0.4921691975293536,0.26147859922155087,2.6782472766443246,1.6708220510873477,0.5401197604790419,0.5586592178770949,0.17709119188986513,0.2725384205696048,0.05761608857756195,0.05118260989091916,0.262972938279483,0.2196307769597488,ROBUST_POSITIVE,ctx_sweep_high,ctx_dist_donchian_low20_atr_bucket,,,0,,Q1_LOW,
UP,15,2,,,719,0.5924895688456189,0.35194386356826607,0.30850096027498214,2.530520444977927,1.706125129989836,309,0.6213592233009708,0.29863617039062373,0.38274605103265125,2.541863987388834,1.7400705282799642,0.5155309414880809,0.5182481751824818,0.09264736964809409,0.05422955999432733,0.076958627357538,0.10311104811848903,0.25929649392017196,0.2444066103962964,ROBUST_POSITIVE,ctx_sweep_high,ctx_dist_donchian_low20_atr_bucket,,,0,,Q3,
UP,15,2,,,751,0.596537949400799,0.5028548151507403,0.34690265486690763,2.721520517975893,1.64317303500684,322,0.6055900621118012,0.4267479790569106,0.12163645328187517,2.5996898972211424,1.6513636845459372,0.5155309414880809,0.5182481751824818,0.09264736964809409,0.05422955999432733,0.08100700791271809,0.08734188692931943,0.4102074455026462,0.37251841906258326,ROBUST_POSITIVE,ctx_sweep_high,ctx_dist_donchian_low20_atr_bucket,,,0,,Q4_HIGH,
UP,15,2,,,494,0.3825910931174089,-0.4369462722191195,-0.3824810267288139,1.8546182449682005,2.773024172165461,212,0.44339622641509435,-0.5190379741132682,-0.3216431568969409,1.7391398445158852,2.4866394318258136,0.5155309414880809,0.5182481751824818,0.09264736964809409,0.05422955999432733,-0.13293984837067196,-0.07485194876738743,-0.5295936418672136,-0.5732675341075956,ROBUST_NEGATIVE,ctx_sweep_high,ctx_dist_donchian_low20_atr_bucket,,,1,,Q1_LOW,
UP,15,2,,,482,0.42738589211618255,-0.507716409255391,-0.3423147071627992,1.6079622594469345,2.7002826166426455,207,0.42028985507246375,-0.430904764373742,-0.08673205988634188,1.8279052429075446,2.490422620978962,0.5155309414880809,0.5182481751824818,0.09264736964809409,0.05422955999432733,-0.08814504937189832,-0.09795832011001804,-0.600363778903485,-0.4851343243680693,ROBUST_NEGATIVE,ctx_sweep_high,ctx_dist_donchian_low20_atr_bucket,,,1,,Q2,
UP,15,2,,,351,0.41595441595441596,-0.2020884222401177,-0.2539042821156451,1.8695988399801025,2.3977174531488497,151,0.423841059602649,-0.24948374618945182,-0.23538011695907793,2.0816180948893424,2.549669208540793,0.5155309414880809,0.5182481751824818,0.09264736964809409,0.05422955999432733,-0.09957652553366492,-0.09440711557983278,-0.29473579188821175,-0.3037133061837792,ROBUST_NEGATIVE,ctx_sweep_high,ctx_dist_donchian_low20_atr_bucket,,,1,,Q3,
DOWN,15,2,,,2505,0.6159680638722554,0.4863279019872035,0.40614793467827265,2.725821500327024,1.6540147020485092,1074,0.638733705772812,0.5626668737720657,0.5176151363683821,2.7056284294192565,1.5669481106625969,0.5401197604790419,0.5586592178770949,0.17709119188986513,0.2725384205696048,0.07584830339321358,0.08007448789571703,0.30923671009733833,0.2901284532024609,ROBUST_POSITIVE,ctx_sweep_high,ctx_sweep_low,,,0,,,0
DOWN,15,2,,,1670,0.4293413173652695,-0.28413824785242975,-0.40726344031090533,1.9788867020331682,2.4833896565637468,716,0.43156424581005587,-0.16877827379302562,-0.1582392750444273,1.8381555844775868,2.3046785511798817,0.5401197604790419,0.5586592178770949,0.17709119188986513,0.2725384205696048,-0.11077844311377238,-0.12709497206703907,-0.4612294397422949,-0.44131669436263044,ROBUST_NEGATIVE,ctx_sweep_high,ctx_sweep_low,,,0,,,1
UP,15,2,,,2489,0.590598633989554,0.40481311955112237,0.3336738168198091,2.6107496979960816,1.7787521327328697,1067,0.5791940018744143,0.31054970020560724,0.18135554013429753,2.516776039022348,1.8006338395188675,0.5155309414880809,0.5182481751824818,0.09264736964809409,0.05422955999432733,0.07506769250147316,0.06094582669193249,0.31216574990302826,0.2563201402112799,ROBUST_POSITIVE,ctx_sweep_high,ctx_sweep_low,,,0,,,0
UP,15,2,,,1664,0.4026442307692308,-0.37702986135377436,-0.3429345092056352,1.7884874196343634,2.6150610991224394,714,0.42857142857142855,-0.32242482197621064,-0.22092149947765805,1.9527362406861501,2.467223011003798,0.5155309414880809,0.5182481751824818,0.09264736964809409,0.05422955999432733,-0.11288671071885009,-0.08967674661105324,-0.4696772310018684,-0.37665438197053797,ROBUST_NEGATIVE,ctx_sweep_high,ctx_sweep_low,,,1,,,0
DOWN,15,2,,,833,0.5978391356542617,0.5950240644244663,0.2622478386169271,2.9963303806581982,1.7289136288328875,358,0.5893854748603352,0.4381636080617179,0.2119289959604584,2.632835676148194,1.678151252342277,0.5401197604790419,0.5586592178770949,0.17709119188986513,0.2725384205696048,0.057719375175219856,0.030726256983240274,0.4179328725346012,0.16562518749211308,ROBUST_POSITIVE,ctx_dist_donchian_high20_atr_bucket,ctx_dist_donchian_low20_atr_bucket,,,,Q1_LOW,Q1_LOW,
DOWN,15,2,,,183,0.44808743169398907,-0.24646773121141366,-0.16018306636156673,1.863300807862053,2.5968782381992495,79,0.46835443037974683,-0.06966046611348051,-0.0375838926174187,1.8745084797051867,2.2375608975904213,0.5401197604790419,0.5586592178770949,0.17709119188986513,0.2725384205696048,-0.0920323287850528,-0.0903047874973481,-0.4235589231012788,-0.3421988866830853,ROBUST_NEGATIVE,ctx_dist_donchian_high20_atr_bucket,ctx_dist_donchian_low20_atr_bucket,,,,Q4_HIGH,Q3,
UP,15,2,,,389,0.4087403598971722,-0.35710885883488425,-0.28740783576695783,1.9595256492175237,2.7548758085482477,168,0.44047619047619047,-0.44148779125968396,-0.45250491948832394,1.722153126749445,2.4214493095123735,0.5155309414880809,0.5182481751824818,0.09264736964809409,0.05422955999432733,-0.10679058159090865,-0.07777198470629132,-0.44975622848297836,-0.4957173512540113,ROBUST_NEGATIVE,ctx_dist_donchian_high20_atr_bucket,ctx_dist_donchian_low20_atr_bucket,,,,Q1_LOW,Q1_LOW,
UP,15,2,,,410,0.5780487804878048,0.28365441414979453,0.3867588186673085,2.5769065190628693,1.8957169450655256,177,0.632768361581921,0.2222524073771782,0.42142540947341284,2.6068583986226646,1.9674133079259497,0.5155309414880809,0.5182481751824818,0.09264736964809409,0.05422955999432733,0.06251783899972396,0.11452018639943917,0.19100704450170045,0.16802284738285087,ROBUST_POSITIVE,ctx_dist_donchian_high20_atr_bucket,ctx_dist_donchian_low20_atr_bucket,,,,Q4_HIGH,Q3,
DOWN,15,2,,,756,0.626984126984127,0.691635784404412,0.3490777409435252,3.0874384315629193,1.5139658728506675,325,0.6492307692307693,0.6751666009659366,0.5505882352941687,2.848700766400441,1.4414161103395207,0.5401197604790419,0.5586592178770949,0.17709119188986513,0.2725384205696048,0.08686436650508511,0.09057155135367434,0.5145445925145469,0.4026281803963318,ROBUST_POSITIVE,ctx_dist_donchian_high20_atr_bucket,ctx_sweep_low,,,,Q1_LOW,,0
DOWN,15,2,,,357,0.4369747899159664,-0.17285848830057438,-0.34602538410144945,2.0834905607133596,2.3213168085455265,153,0.39869281045751637,-0.1347044624690885,-0.37045203969117413,1.8461247437350101,2.244292707302751,0.5401197604790419,0.5586592178770949,0.17709119188986513,0.2725384205696048,-0.10314497056307548,-0.15996640741957857,-0.3499496801904395,-0.40724288303869327,ROBUST_NEGATIVE,ctx_dist_donchian_high20_atr_bucket,ctx_sweep_low,,,,Q1_LOW,,1
DOWN,15,2,,,769,0.64629388816645,0.5979123265040788,0.5400731626204732,2.7431472649923325,1.5251451944597698,330,0.6818181818181818,0.5792965895808643,0.5306342165368345,2.6404242558287434,1.4426808395253101,0.5401197604790419,0.5586592178770949,0.17709119188986513,0.2725384205696048,0.10617412768740808,0.12315896394108683,0.42082113461421367,0.30675816901125946,ROBUST_POSITIVE,ctx_dist_donchian_high20_atr_bucket,ctx_sweep_low,,,,Q2,,0
DOWN,15,2,,,392,0.42857142857142855,-0.5463856215958675,-0.4459238532021718,1.8390184900949704,2.602475332924195,168,0.43452380952380953,-0.09238841788269696,-0.2211928375578932,1.9872835534898794,2.2733469242403084,0.5401197604790419,0.5586592178770949,0.17709119188986513,0.2725384205696048,-0.11154833190761332,-0.1241354083532854,-0.7234768134857326,-0.3649268384523018,ROBUST_NEGATIVE,ctx_dist_donchian_high20_atr_bucket,ctx_sweep_low,,,,Q2,,1
DOWN,15,2,,,854,0.5936768149882904,0.2934398910508814,0.39245746294656925,2.4920354170212033,1.8340084418224518,366,0.5956284153005464,0.387183457663282,0.2958266569668222,2.6374616299141818,1.8300082017627453,0.5401197604790419,0.5586592178770949,0.17709119188986513,0.2725384205696048,0.053557054509248525,0.036969197423451505,0.11634869916101628,0.11464503709367718,ROBUST_POSITIVE,ctx_dist_donchian_high20_atr_bucket,ctx_sweep_low,,,,Q3,,0
DOWN,15,2,,,451,0.401330376940133,-0.44400032627113,-0.5380392156860349,1.7793553461452387,2.6217967190477207,194,0.4329896907216495,-0.061136504805101945,-0.06746215349646997,1.8221787218118308,2.293126807324404,0.5401197604790419,0.5586592178770949,0.17709119188986513,0.2725384205696048,-0.13878938353890885,-0.12566952715544544,-0.6210915181609952,-0.3336749253747068,ROBUST_NEGATIVE,ctx_dist_donchian_high20_atr_bucket,ctx_sweep_low,,,,Q4_HIGH,,1
UP,15,2,,,1269,0.5563435776201734,0.26486455564726524,0.1537254901961014,2.5426910093242476,1.913510059331324,544,0.5900735294117647,0.43659294602786447,0.20061777624611363,2.7132236180093288,1.9055484223737238,0.5155309414880809,0.5182481751824818,0.09264736964809409,0.05422955999432733,0.04081263613209252,0.07182535422928293,0.17221718599917116,0.38236338603353714,ROBUST_POSITIVE,ctx_dist_donchian_high20_atr_bucket,ctx_sweep_low,,,,Q4_HIGH,,0
DOWN,15,2,,,954,0.6477987421383647,0.6943452069361908,0.5423920144550858,3.121385129883382,1.5417402899790213,410,0.6804878048780488,0.7233253141220611,0.5494386043391651,2.9429572877548598,1.3893959157107025,0.5401197604790419,0.5586592178770949,0.17709119188986513,0.2725384205696048,0.10767898165932288,0.12182858700095389,0.5172540150463257,0.4507868935524563,ROBUST_POSITIVE,ctx_dist_donchian_low20_atr_bucket,ctx_sweep_low,,,,,Q1_LOW,0
DOWN,15,2,,,371,0.46900269541778977,-0.21661187814488767,-0.19457691783629988,2.177278807565844,2.5135932801723104,159,0.4276729559748428,-0.09733618582911545,-0.3051922314705889,1.994730042597208,2.3960128937119496,0.5401197604790419,0.5586592178770949,0.17709119188986513,0.2725384205696048,-0.0711170650612521,-0.13098626190225215,-0.3937030700347528,-0.3698746063987203,ROBUST_NEGATIVE,ctx_dist_donchian_low20_atr_bucket,ctx_sweep_low,,,,,Q1_LOW,1
DOWN,15,2,,,446,0.4349775784753363,-0.2793243359956206,-0.21118975344417823,1.8835156551086158,2.5146509391522796,192,0.421875,-0.4609975486115605,-0.30233057467822544,1.588849906250901,2.381249593669438,0.5401197604790419,0.5586592178770949,0.17709119188986513,0.2725384205696048,-0.10514218200370556,-0.13678421787709494,-0.4564155278854858,-0.7335359691811654,ROBUST_NEGATIVE,ctx_dist_donchian_low20_atr_bucket,ctx_sweep_low,,,,,Q3,1
DOWN,15,2,,,431,0.419953596287703,-0.15097755692011805,-0.4111282843899199,1.942686120839066,2.357677894749641,186,0.43010752688172044,-0.15727260713745803,-0.19463076353672665,1.7430033907513574,2.203359466575889,0.5401197604790419,0.5586592178770949,0.17709119188986513,0.2725384205696048,-0.12016616419133885,-0.1285516909953745,-0.32806874880998316,-0.4298110277070628,ROBUST_NEGATIVE,ctx_dist_donchian_low20_atr_bucket,ctx_sweep_low,,,,,Q4_HIGH,1
UP,15,2,,,642,0.40498442367601245,-0.33776457378419644,-0.35745330690907207,1.957165630720018,2.667970647717261,276,0.4673913043478261,-0.31713067141154955,-0.05221117309391954,1.8967367062130802,2.364465384168917,0.5155309414880809,0.5182481751824818,0.09264736964809409,0.05422955999432733,-0.11054651781206842,-0.050856870834655676,-0.4304119434322905,-0.3713602314058769,ROBUST_NEGATIVE,ctx_dist_donchian_low20_atr_bucket,ctx_sweep_low,,,,,Q1_LOW,0
DOWN,30,2,Q3,1,86,0.37209302325581395,-1.0235601155188832,-0.6430010930455081,2.032176572422564,3.816109071004021,37,0.4864864864864865,-1.3269405328767674,-1.1519619500594602,2.4581927441695184,4.3144323332535155,0.5433604336043361,0.5521601685985248,0.29064199025315085,0.27913311980511907,-0.1712674103485221,-0.06567368211203828,-1.3142021057720341,-1.6060736526818864,ROBUST_NEGATIVE,ctx_body_atr_bucket,ctx_body_direction,,,,,,
DOWN,30,2,Q4_HIGH,-1,557,0.6696588868940754,0.8507008543426973,1.054883720930359,4.177618689981471,2.244890479277752,240,0.6458333333333334,1.0873424910420648,1.1573943511514977,4.16728498352104,2.2175182765743906,0.5433604336043361,0.5521601685985248,0.29064199025315085,0.27913311980511907,0.12629845328973932,0.09367316473480858,0.5600588640895464,0.8082093712369458,ROBUST_POSITIVE,ctx_body_atr_bucket,ctx_body_direction,,,,,,
UP,30,2,Q2,-1,135,0.4666666666666667,-0.03165265928244865,-0.31087289433382775,3.3973291422708627,3.6453238296615535,58,0.3620689655172414,-0.988864573474455,-1.4264367554270052,2.208655736834294,3.681396773570326,0.5105808194506979,0.49159663865546216,0.03322131917105112,-0.06515374093385339,-0.04391415278403121,-0.12952767313822078,-0.06487397845349976,-0.9237108325406016,ROBUST_NEGATIVE,ctx_body_atr_bucket,ctx_body_direction,,,,,,
UP,30,2,Q2,1,386,0.44559585492227977,-0.24969948993669028,-0.297420596873704,2.924234091088821,3.4220000974652973,166,0.4578313253012048,-0.19764244906436312,-0.7167414702538613,2.958656424759288,3.3757929713153163,0.5105808194506979,0.49159663865546216,0.03322131917105112,-0.06515374093385339,-0.06498496452841812,-0.033765313354257365,-0.2829208091077414,-0.13248870813050972,ROBUST_NEGATIVE,ctx_body_atr_bucket,ctx_body_direction,,,,,,
UP,30,2,Q3,-1,82,0.3170731707317073,-0.7944463912299553,-0.6905456651162002,2.432986295532663,3.750343545730961,36,0.4444444444444444,-0.6288736942916326,-0.30347805538446493,2.293654341311879,3.8327365768425747,0.5105808194506979,0.49159663865546216,0.03322131917105112,-0.06515374093385339,-0.19350764871899057,-0.04715219421101774,-0.8276677104010064,-0.5637199533577792,ROBUST_NEGATIVE,ctx_body_atr_bucket,ctx_body_direction,,,,,,
UP,30,2,Q4_HIGH,1,623,0.6243980738362761,0.8662105363078582,0.764705882352602,3.949758708453632,2.3377761885610613,267,0.5730337078651685,0.3741736859355528,0.23946243127645633,3.9311404916513486,2.897555614726204,0.5105808194506979,0.49159663865546216,0.03322131917105112,-0.06515374093385339,0.11381725438557821,0.08143706920970634,0.8329892171368071,0.4393274268694062,ROBUST_POSITIVE,ctx_body_atr_bucket,ctx_body_direction,,,,,,
DOWN,30,2,Q2,,168,0.4583333333333333,-0.22212788835561761,-0.22835239572530358,3.071352922659245,3.125527966787358,72,0.5138888888888888,-0.012493991016687071,0.7777540067375928,3.0805225838845782,3.1490069811887924,0.5433604336043361,0.5521601685985248,0.29064199025315085,0.27913311980511907,-0.08502710027100274,-0.03827127970963595,-0.5127698786087684,-0.29162711082180615,ROBUST_NEGATIVE,ctx_body_atr_bucket,ctx_range_atr_bucket,Q2,,,,,
DOWN,30,2,Q4_HIGH,,417,0.6618705035971223,0.9359124034017305,1.0181460120973147,4.25232189882229,2.2057642574123464,180,0.6777777777777778,1.319987748627577,1.52752438432707,4.401499902376611,1.9678994883846908,0.5433604336043361,0.5521601685985248,0.29064199025315085,0.27913311980511907,0.11851006999278624,0.12561760917925302,0.6452704131485797,1.040854628822458,ROBUST_POSITIVE,ctx_body_atr_bucket,ctx_range_atr_bucket,Q4_HIGH,,,,,
UP,30,2,Q2,,114,0.47368421052631576,-0.25473373861821114,-0.18966393560311076,2.8238398281005903,3.48200643091995,49,0.4489795918367347,-0.7676368577811188,-0.7219512195124076,2.2824031920904497,2.9860810364317483,0.5105808194506979,0.49159663865546216,0.03322131917105112,-0.06515374093385339,-0.036896608924382124,-0.042617046818727466,-0.2879550577892622,-0.7024831168472654,ROBUST_NEGATIVE,ctx_body_atr_bucket,ctx_range_atr_bucket,Q3,,,,,
UP,30,2,Q4_HIGH,,449,0.6369710467706013,1.0478321809232767,0.7770360480643256,4.075588654845112,2.2099139974931306,193,0.5803108808290155,0.40443114569807614,0.23946243127645633,4.003727975264234,2.931845989057268,0.5105808194506979,0.49159663865546216,0.03322131917105112,-0.06515374093385339,0.12639022731990346,0.08871424217355334,1.0146108617522256,0.46958488663192954,ROBUST_POSITIVE,ctx_body_atr_bucket,ctx_range_atr_bucket,Q4_HIGH,,,,,
DOWN,30,2,Q2,,167,0.46706586826347307,-0.06665460458444743,-0.21383647798751662,3.1094807451767554,3.0123607099969,72,0.4305555555555556,-0.3367598775363435,-0.5934381266561071,2.542386671102935,3.1298244230906516,0.5433604336043361,0.5521601685985248,0.29064199025315085,0.27913311980511907,-0.07629456534086299,-0.12160461304296921,-0.3572965948375983,-0.6158929973414626,ROBUST_NEGATIVE,ctx_body_atr_bucket,ctx_dist_ema20_atr_bucket,,Q3,,,,
DOWN,30,2,Q4_HIGH,,254,0.6811023622047244,1.2193621842077131,1.0980374575605367,4.498528280665073,1.9813198461813146,110,0.6545454545454545,1.1668851265210634,1.6093667045883633,4.572773044453157,2.3169893188129884,0.5433604336043361,0.5521601685985248,0.29064199025315085,0.27913311980511907,0.13774192860038836,0.10238528594692975,0.9287201939545623,0.8877520067159443,ROBUST_POSITIVE,ctx_body_atr_bucket,ctx_dist_ema20_atr_bucket,,Q1_LOW,,,,
DOWN,30,2,Q4_HIGH,,154,0.6623376623376623,0.7686281959642718,0.4986050374232758,4.428791010550547,2.481764453047072,66,0.6666666666666666,1.0503760319843833,1.1573943511514977,3.953039562308995,2.1555276586063177,0.5433604336043361,0.5521601685985248,0.29064199025315085,0.27913311980511907,0.11897722873332628,0.11450649806814184,0.47798620571112094,0.7712429121792643,ROBUST_POSITIVE,ctx_body_atr_bucket,ctx_dist_ema20_atr_bucket,,Q2,,,,
UP,30,2,Q1_LOW,,150,0.41333333333333333,-0.5210598336511201,-0.4391744270572019,2.711749723100197,3.738258424634252,65,0.4153846153846154,-0.7203762849205271,-0.4015236388081648,2.3502655889275683,3.5191760159797556,0.5105808194506979,0.49159663865546216,0.03322131917105112,-0.06515374093385339,-0.09724748611736456,-0.07621202327084675,-0.5542811528221712,-0.6552225439866737,ROBUST_NEGATIVE,ctx_body_atr_bucket,ctx_dist_ema20_atr_bucket,,Q2,,,,
UP,30,2,Q2,,163,0.4723926380368098,-0.13304867252999297,-0.09406952965217688,3.197065845618302,3.4294617821532807,70,0.45714285714285713,-0.5836926061452797,-0.8142557846811351,2.6783922406899503,3.7475666937403447,0.5105808194506979,0.49159663865546216,0.03322131917105112,-0.06515374093385339,-0.03818818141388808,-0.03445378151260503,-0.1662699917010441,-0.5185388652114263,ROBUST_NEGATIVE,ctx_body_atr_bucket,ctx_dist_ema20_atr_bucket,,Q2,,,,
UP,30,2,Q2,,149,0.46308724832214765,-0.1783716377483785,-0.28393574297194785,2.923578274524972,3.536284053514207,64,0.296875,-1.3423322485908615,-1.3139250814331112,2.139193386678188,3.8024591148910827,0.5105808194506979,0.49159663865546216,0.03322131917105112,-0.06515374093385339,-0.04749357112855024,-0.19472163865546216,-0.21159295691942961,-1.2771785076570081,ROBUST_NEGATIVE,ctx_body_atr_bucket,ctx_dist_ema20_atr_bucket,,Q3,,,,
UP,30,2,Q4_HIGH,,278,0.6510791366906474,0.9372191640719854,0.7170889724649927,4.1896273023346104,2.2837260427561703,120,0.5916666666666667,0.8327465079882732,0.0052946728805257125,4.4187789290746045,2.6843284928908435,0.5105808194506979,0.49159663865546216,0.03322131917105112,-0.06515374093385339,0.14049831723994954,0.10007002801120451,0.9039978449009343,0.8979002489221266,ROBUST_POSITIVE,ctx_body_atr_bucket,ctx_dist_ema20_atr_bucket,,Q4_HIGH,,,,
DOWN,30,2,Q4_HIGH,,581,0.6609294320137694,0.8430980719227711,1.0181460120973147,4.180739417971857,2.276139408323333,249,0.6385542168674698,1.0357925485972286,1.1264367816092031,4.08260783279391,2.235842132242266,0.5433604336043361,0.5521601685985248,0.29064199025315085,0.27913311980511907,0.11756899840943336,0.08639404826894503,0.5524560816696202,0.7566594287921096,ROBUST_POSITIVE,ctx_body_atr_bucket,ctx_sweep_high,,,0,,,
UP,30,2,Q1_LOW,,409,0.4547677261613692,-0.4138130201597462,-0.264786795048223,2.808937243561727,3.536389691981105,176,0.4318181818181818,-0.5116321743704187,-0.6096252376109843,2.5420500584224723,3.394312823389006,0.5105808194506979,0.49159663865546216,0.03322131917105112,-0.06515374093385339,-0.05581309328932871,-0.059778456837280336,-0.4470343393307973,-0.44647843343656535,ROBUST_NEGATIVE,ctx_body_atr_bucket,ctx_sweep_high,,,1,,,
UP,30,2,Q2,,251,0.47808764940239046,-0.18636743485339682,-0.1714079942380045,3.0950879488358067,3.3444811731792154,108,0.4444444444444444,-0.17098547856782578,-0.7167414702538613,3.0142829310024544,3.24039989328698,0.5105808194506979,0.49159663865546216,0.03322131917105112,-0.06515374093385339,-0.03249317004830743,-0.04715219421101774,-0.21958875402444794,-0.1058317376339724,ROBUST_NEGATIVE,ctx_body_atr_bucket,ctx_sweep_high,,,0,,,
UP,30,2,Q2,,270,0.43703703703703706,-0.1296476841615628,-0.34782432695684584,3.057525728690672,3.5591646883962933,116,0.39655172413793105,-0.7807790635150507,-0.9472016633226705,2.402510466903004,3.76302562001172,0.5105808194506979,0.49159663865546216,0.03322131917105112,-0.06515374093385339,-0.07354378241366083,-0.09504491451753111,-0.16286900333261392,-0.7156253225811973,ROBUST_NEGATIVE,ctx_body_atr_bucket,ctx_sweep_high,,,1,,,
UP,30,2,Q4_HIGH,,595,0.6302521008403361,0.9176118694683358,0.7707537339353886,4.009167692947344,2.287708055436443,255,0.5882352941176471,0.45153101536927126,0.2445652173911775,3.995710075858947,2.827284584730776,0.5105808194506979,0.49159663865546216,0.03322131917105112,-0.06515374093385339,0.11967128138963823,0.09663865546218492,0.8843905502972847,0.5166847563031246,ROBUST_POSITIVE,ctx_body_atr_bucket,ctx_sweep_high,,,0,,,
DOWN,30,2,Q4_HIGH,,193,0.6787564766839378,1.1875391683129235,1.1059311059312333,4.552104401527602,2.0200952394812552,84,0.6428571428571429,1.2142046620439768,1.687722276992657,4.468900862250581,2.3455229951867884,0.5433604336043361,0.5521601685985248,0.29064199025315085,0.27913311980511907,0.13539604307960174,0.09069697425861811,0.8968971780597726,0.9350715422388578,ROBUST_POSITIVE,ctx_body_atr_bucket,ctx_dist_donchian_high20_atr_bucket,,,,Q1_LOW,,
DOWN,30,2,Q4_HIGH,,187,0.679144385026738,0.8820659571533834,0.9346260387810741,4.161855532094978,2.2599406886472995,81,0.691358024691358,1.3829728955506961,1.2505507710795827,4.497669395610901,2.0228553246584378,0.5433604336043361,0.5521601685985248,0.29064199025315085,0.27913311980511907,0.13578395142240196,0.1391978560928332,0.5914239669002326,1.1038397757455771,ROBUST_POSITIVE,ctx_body_atr_bucket,ctx_dist_donchian_high20_atr_bucket,,,,Q2,,
UP,30,2,Q1_LOW,,128,0.453125,-0.5745187349245617,-0.3906095510977371,2.697492787926226,3.61783265982966,55,0.43636363636363634,-0.1471344456675826,-0.02383654937550846,2.74902490473624,3.325388748563047,0.5105808194506979,0.49159663865546216,0.03322131917105112,-0.06515374093385339,-0.05745581945069789,-0.05523300229182582,-0.6077400540956128,-0.08198070473372922,ROBUST_NEGATIVE,ctx_body_atr_bucket,ctx_dist_donchian_high20_atr_bucket,,,,Q2,,
UP,30,2,Q1_LOW,,122,0.39344262295081966,-0.5110345875987158,-0.30793702573372017,2.784117881922765,3.8646267021284704,53,0.41509433962264153,-0.6563777930386999,-1.2375690607733973,2.477066549566877,3.275647087351256,0.5105808194506979,0.49159663865546216,0.03322131917105112,-0.06515374093385339,-0.11713819649987822,-0.07650229903282063,-0.5442559067697669,-0.5912240521048465,ROBUST_NEGATIVE,ctx_body_atr_bucket,ctx_dist_donchian_high20_atr_bucket,,,,Q3,,
UP,30,2,Q2,,125,0.408,-0.054550931823301785,-0.31087289433382775,2.821267169674255,3.453664821293144,55,0.4,-1.5438971385846834,-0.9899248946692832,2.183502986836999,3.959931204999353,0.5105808194506979,0.49159663865546216,0.03322131917105112,-0.06515374093385339,-0.10258081945069791,-0.09159663865546214,-0.0877722509943529,-1.47874339765083,ROBUST_NEGATIVE,ctx_body_atr_bucket,ctx_dist_donchian_high20_atr_bucket,,,,Q3,,
UP,30,2,Q4_HIGH,,280,0.6535714285714286,1.048814438527867,0.7497604286111668,4.306071656419931,2.3150755291731775,120,0.625,1.0277528889463483,0.2718552582684838,4.643365260389293,2.64070935818883,0.5105808194506979,0.49159663865546216,0.03322131917105112,-0.06515374093385339,0.1429906091207307,0.13340336134453784,1.015593119356816,1.0929066298802017,ROBUST_POSITIVE,ctx_body_atr_bucket,ctx_dist_donchian_high20_atr_bucket,,,,Q4_HIGH,,
DOWN,30,2,Q1_LOW,,121,0.45454545454545453,-0.43563909608082024,-0.709376820034909,2.996171006046388,3.135860501021806,53,0.4339622641509434,-0.18362881129852285,0.512646281615878,2.805787566678993,3.4728744052962264,0.5433604336043361,0.5521601685985248,0.29064199025315085,0.27913311980511907,-0.08881497905888153,-0.11819790444758138,-0.726281086333971,-0.46276193110364194,ROBUST_NEGATIVE,ctx_body_atr_bucket,ctx_dist_donchian_low20_atr_bucket,,,,,Q2,
DOWN,30,2,Q2,,125,0.496,-0.49099115006450567,0.02730375426618648,3.229529977113365,3.5221042122301607,54,0.4444444444444444,-0.29022151887317627,-1.0439771750773796,3.085312539466657,3.0768839668261507,0.5433604336043361,0.5521601685985248,0.29064199025315085,0.27913311980511907,-0.04736043360433606,-0.10771572415408037,-0.7816331403176565,-0.5693546386782953,ROBUST_NEGATIVE,ctx_body_atr_bucket,ctx_dist_donchian_low20_atr_bucket,,,,,Q1_LOW,
DOWN,30,2,Q4_HIGH,,251,0.6972111553784861,1.3775556885517832,1.1466913465990969,4.524076729196229,2.0052947011781126,109,0.6238532110091743,0.9307751097966157,1.1264367816092031,4.348350316767508,2.455388755116055,0.5433604336043361,0.5521601685985248,0.29064199025315085,0.27913311980511907,0.15385072177415005,0.07169304241064955,1.0869136982986323,0.6516419899914967,ROBUST_POSITIVE,ctx_body_atr_bucket,ctx_dist_donchian_low20_atr_bucket,,,,,Q1_LOW,
DOWN,30,2,Q4_HIGH,,125,0.648,0.6306949910362414,0.48742746615085925,4.391103251184033,2.580430297145759,55,0.6181818181818182,0.9063046988847597,1.2189163795801399,4.1552966696721425,2.45518530475821,0.5433604336043361,0.5521601685985248,0.29064199025315085,0.27913311980511907,0.10463956639566396,0.06602164958329337,0.34005300078309053,0.6271715790796406,ROBUST_POSITIVE,ctx_body_atr_bucket,ctx_dist_donchian_low20_atr_bucket,,,,,Q2,
DOWN,30,2,Q4_HIGH,,98,0.6530612244897959,0.47082382603229317,1.1078313194333491,3.502325145173275,2.2670691127024307,42,0.6190476190476191,1.6691922463171882,1.1150333571728197,4.063743443802551,1.5800531733592802,0.5433604336043361,0.5521601685985248,0.29064199025315085,0.27913311980511907,0.10970079088545981,0.06688745044909428,0.18018183577914232,1.3900591265120692,ROBUST_POSITIVE,ctx_body_atr_bucket,ctx_dist_donchian_low20_atr_bucket,,,,,Q4_HIGH,
UP,30,2,Q1_LOW,,161,0.4658385093167702,-0.38201281848952795,-0.40999813467650953,2.9658558708710347,3.573377232519105,69,0.43478260869565216,-0.46397634237153806,-0.15526802218100247,2.525709435289722,3.1959403001554425,0.5105808194506979,0.49159663865546216,0.03322131917105112,-0.06515374093385339,-0.04474231013392771,-0.05681402995981,-0.41523413766057904,-0.39882260143768467,ROBUST_NEGATIVE,ctx_body_atr_bucket,ctx_dist_donchian_low20_atr_bucket,,,,,Q2,
UP,30,2,Q2,,109,0.44954128440366975,-0.09988493576709598,-0.19826517967764593,3.0682306939886743,3.504061535596926,47,0.40425531914893614,-0.7306525321268305,-1.0693196405647238,2.4537444739331327,4.002318137318572,0.5105808194506979,0.49159663865546216,0.03322131917105112,-0.06515374093385339,-0.06103953504702814,-0.08734131950652602,-0.1331062549381471,-0.6654987911929771,ROBUST_NEGATIVE,ctx_body_atr_bucket,ctx_dist_donchian_low20_atr_bucket,,,,,Q1_LOW,
UP,30,2,Q4_HIGH,,196,0.6020408163265306,0.5354162840722105,0.42503463701080557,3.907834172090723,2.5197938218818137,85,0.5294117647058824,0.8022972774606849,0.2991452991457901,4.50731831458853,3.155143009380884,0.5105808194506979,0.49159663865546216,0.03322131917105112,-0.06515374093385339,0.09145999687583273,0.0378151260504202,0.5021949649011594,0.8674510183945383,ROBUST_POSITIVE,ctx_body_atr_bucket,ctx_dist_donchian_low20_atr_bucket,,,,,Q3,
UP,30,2,Q4_HIGH,,217,0.6082949308755761,0.8332159567725241,0.6233630172867995,3.8788995720659916,2.2949257498533724,93,0.6236559139784946,0.45090252586859525,0.12302284710061884,3.618921790370444,2.2141335035152196,0.5105808194506979,0.49159663865546216,0.03322131917105112,-0.06515374093385339,0.09771411142487818,0.13205927532303247,0.799994637601473,0.5160562668024486,ROBUST_POSITIVE,ctx_body_atr_bucket,ctx_dist_donchian_low20_atr_bucket,,,,,Q4_HIGH,
DOWN,30,2,Q2,,262,0.48854961832061067,-0.1698529990471976,-0.11349504126069923,3.1724461344126924,3.244779096417141,113,0.49557522123893805,-0.15690273943103603,0.03378378378329175,2.8615642410083635,3.1231429251942298,0.5433604336043361,0.5521601685985248,0.29064199025315085,0.27913311980511907,-0.05481081528372539,-0.056584947359586746,-0.4604949893003485,-0.43603585923615507,ROBUST_NEGATIVE,ctx_body_atr_bucket,ctx_sweep_low,,,,,,1
DOWN,30,2,Q3,,153,0.43137254901960786,-0.22368523359212533,-0.3775280898876509,2.8074458094495185,3.3557039425402726,66,0.4090909090909091,-1.0464630803532207,-1.0372079916272314,2.204652754063837,3.707543184377308,0.5433604336043361,0.5521601685985248,0.29064199025315085,0.27913311980511907,-0.11198788458472819,-0.14306925950761568,-0.5143272238452762,-1.3255962001583397,ROBUST_NEGATIVE,ctx_body_atr_bucket,ctx_sweep_low,,,,,,1
DOWN,30,2,Q4_HIGH,,541,0.6691312384473198,0.8931103166334826,1.0866190624030407,4.242972592765064,2.2267662947864295,233,0.6566523605150214,1.148815978339132,1.2189163795801399,4.256840135592176,2.1487641689485097,0.5433604336043361,0.5521601685985248,0.29064199025315085,0.27913311980511907,0.12577080484298375,0.10449219191649661,0.6024683263803318,0.8696828585340131,ROBUST_POSITIVE,ctx_body_atr_bucket,ctx_sweep_low,,,,,,0
UP,30,2,Q1_LOW,,509,0.47347740667976423,-0.3385599192851412,-0.20531113753460173,2.879773325891863,3.480310487088613,219,0.45662100456621,-0.2552129938297281,-0.18348623853224788,2.761606665973942,3.185600766118709,0.5105808194506979,0.49159663865546216,0.03322131917105112,-0.06515374093385339,-0.03710341277093365,-0.03497563408925214,-0.37178123845619226,-0.19005925289587472,ROBUST_NEGATIVE,ctx_body_atr_bucket,ctx_sweep_low,,,,,,0
UP,30,2,Q2,,521,0.4491362763915547,-0.22174376858111303,-0.31087289433382775,3.016373175131516,3.494172526250851,224,0.4375,-0.33612232363453476,-0.7652879187853364,2.8352784302221514,3.421649618547509,0.5105808194506979,0.49159663865546216,0.03322131917105112,-0.06515374093385339,-0.06144454305914321,-0.05409663865546216,-0.25496508775216414,-0.27096858270068136,ROBUST_NEGATIVE,ctx_body_atr_bucket,ctx_sweep_low,,,,,,0
UP,30,2,Q4_HIGH,,644,0.6149068322981367,0.8360357228614143,0.7044551864913117,3.8987639160707697,2.3761067963933806,277,0.5631768953068592,0.33747278345741416,0.1862602805999478,3.841281932559601,2.9370325118950027,0.5105808194506979,0.49159663865546216,0.03322131917105112,-0.06515374093385339,0.10432601284743881,0.07158025665139706,0.8028144036903632,0.40262652439126756,ROBUST_POSITIVE,ctx_body_atr_bucket,ctx_sweep_low,,,,,,0
DOWN,30,2,,-1,526,0.6444866920152091,1.0385563600858145,0.8005628517824954,4.269712858445632,2.250029068729253,226,0.6371681415929203,1.0478049550313926,1.2347335753298614,4.132136145614401,2.098883168001649,0.5433604336043361,0.5521601685985248,0.29064199025315085,0.27913311980511907,0.10112625841087308,0.08500797299439555,0.7479143698326637,0.7686718352262736,ROBUST_POSITIVE,ctx_body_direction,ctx_range_atr_bucket,Q4_HIGH,,,,,
DOWN,30,2,,1,112,0.4107142857142857,-0.8518506134587701,-1.0691959531412465,2.569897616573514,3.780214661025767,48,0.4791666666666667,-0.4307820951656846,-0.538732815562771,2.8575371798132587,3.6290843866082665,0.5433604336043361,0.5521601685985248,0.29064199025315085,0.27913311980511907,-0.13264614789005036,-0.0729935019318581,-1.142492603711921,-0.7099152149708037,ROBUST_NEGATIVE,ctx_body_direction,ctx_range_atr_bucket,Q3,,,,,
UP,30,2,,-1,163,0.4171779141104294,-0.5670360424447995,-0.31087289433382775,2.716539415550274,3.8177049619143593,70,0.45714285714285713,-0.4163777530619178,-0.3874545341025784,2.497403277766932,3.1546769866060296,0.5105808194506979,0.49159663865546216,0.03322131917105112,-0.06515374093385339,-0.09340290534026846,-0.03445378151260503,-0.6002573616158506,-0.3512240121280644,ROBUST_NEGATIVE,ctx_body_direction,ctx_range_atr_bucket,Q1_LOW,,,,,
UP,30,2,,1,556,0.6169064748201439,0.811633702797071,0.7354082966258553,3.8848790901194836,2.343310642454771,239,0.5815899581589958,0.38695224306426507,0.1826654240445602,3.9392683513343196,2.950645808023272,0.5105808194506979,0.49159663865546216,0.03322131917105112,-0.06515374093385339,0.10632565536944605,0.08999331950353368,0.7784123836260199,0.45210598399811847,ROBUST_POSITIVE,ctx_body_direction,ctx_range_atr_bucket,Q4_HIGH,,,,,
DOWN,30,2,,-1,542,0.6070110701107011,0.8650671605626533,0.6163204182085649,4.009442154318921,2.3991107756574164,233,0.6223175965665236,0.6479217899647234,0.5895645028759622,3.7245918400433613,2.3810464664639923,0.5433604336043361,0.5521601685985248,0.29064199025315085,0.27913311980511907,0.06365063650636504,0.07015742796799884,0.5744251703095025,0.3687886701596043,ROBUST_POSITIVE,ctx_body_direction,ctx_dist_ema20_atr_bucket,,Q1_LOW,,,,
DOWN,30,2,,1,108,0.4444444444444444,-0.31962150357728847,0.1662539684678524,3.0320706760068727,3.6034851288665304,47,0.46808510638297873,-0.20987347952819752,-0.18887015177090608,3.0876765193837037,3.793999964042391,0.5433604336043361,0.5521601685985248,0.29064199025315085,0.27913311980511907,-0.09891598915989164,-0.08407506221554606,-0.6102634938304393,-0.4890065993333166,ROBUST_NEGATIVE,ctx_body_direction,ctx_dist_ema20_atr_bucket,,Q2,,,,
UP,30,2,,-1,121,0.39669421487603307,-0.7513649181026986,-1.1956696070569952,2.522565105008799,3.739537930875974,53,0.39622641509433965,-0.8131651159294837,-0.17174280879862905,2.7303298305527828,4.288938581210602,0.5105808194506979,0.49159663865546216,0.03322131917105112,-0.06515374093385339,-0.11388660457466482,-0.09537022356112251,-0.7845862372737497,-0.7480113749956303,ROBUST_NEGATIVE,ctx_body_direction,ctx_dist_ema20_atr_bucket,,Q2,,,,
UP,30,2,,-1,119,0.3697478991596639,-0.35776527741629033,-0.3266113088178014,2.8933174149277074,3.858710832684037,52,0.36538461538461536,-0.8888945620507968,-1.2032795072695892,2.1795629052629555,3.3290618195403447,0.5105808194506979,0.49159663865546216,0.03322131917105112,-0.06515374093385339,-0.140832920291034,-0.1262120232708468,-0.3909865965873415,-0.8237408211169434,ROBUST_NEGATIVE,ctx_body_direction,ctx_dist_ema20_atr_bucket,,Q3,,,,
UP,30,2,,1,541,0.5748613678373382,0.5063290296852283,0.298689423956038,3.7559244582314237,2.677807368116792,233,0.5836909871244635,0.6947419478775344,0.12302284710061884,4.039643454973655,2.621288039465152,0.5105808194506979,0.49159663865546216,0.03322131917105112,-0.06515374093385339,0.06428054838664032,0.09209434846900139,0.4731077105141772,0.7598956888113878,ROBUST_POSITIVE,ctx_body_direction,ctx_dist_ema20_atr_bucket,,Q4_HIGH,,,,
UP,30,2,,-1,447,0.42953020134228187,-0.3123717501051835,-0.3885291396853159,2.85949660147364,3.5626839039449676,192,0.4114583333333333,-0.4816422491087953,-0.3874545341025784,2.3920764800343965,3.4749520315052584,0.5105808194506979,0.49159663865546216,0.03322131917105112,-0.06515374093385339,-0.08105061810841602,-0.08013830532212884,-0.34559306927623457,-0.4164885081749419,ROBUST_NEGATIVE,ctx_body_direction,ctx_sweep_high,,,1,,,
UP,30,2,,1,1338,0.5635276532137519,0.31299573816920373,0.35851995250428514,3.5167151840209514,2.840995600342751,574,0.5348432055749129,0.24254761459456833,0.12228772589958972,3.495677209456553,2.9042378327109355,0.5105808194506979,0.49159663865546216,0.03322131917105112,-0.06515374093385339,0.05294683376305398,0.04324656691945078,0.2797744189981526,0.3077013555284217,ROBUST_POSITIVE,ctx_body_direction,ctx_sweep_high,,,0,,,
UP,30,2,,1,427,0.4262295081967213,-0.5127833933584669,-0.5309047476860623,2.7422692785191045,3.598073804754712,183,0.44808743169398907,-0.5344777536185723,-0.7383115444272572,2.7124911061987826,3.530816023790584,0.5105808194506979,0.49159663865546216,0.03322131917105112,-0.06515374093385339,-0.0843513112539766,-0.04350920696147309,-0.546004712529518,-0.4693240126847189,ROBUST_NEGATIVE,ctx_body_direction,ctx_sweep_high,,,1,,,
DOWN,30,2,,-1,464,0.5926724137931034,0.6814959268408599,0.4719691644729186,3.9484829444794336,2.519106706823666,200,0.62,0.6325703634417259,0.6047277555250333,3.5542838092258195,2.3374941765654174,0.5433604336043361,0.5521601685985248,0.29064199025315085,0.27913311980511907,0.04931198018876737,0.0678398314014752,0.39085393658770906,0.35343724363660683,ROBUST_POSITIVE,ctx_body_direction,ctx_dist_donchian_high20_atr_bucket,,,,Q1_LOW,,
DOWN,30,2,,1,100,0.45,-0.4537457578360831,0.13783091312260812,2.544380913216202,3.2307701322280526,43,0.3953488372093023,-1.613053520044147,-1.078947368421281,2.32327060203929,4.3930480669226855,0.5433604336043361,0.5521601685985248,0.29064199025315085,0.27913311980511907,-0.09336043360433605,-0.15681133138922249,-0.744387748089234,-1.892186639849266,ROBUST_NEGATIVE,ctx_body_direction,ctx_dist_donchian_high20_atr_bucket,,,,Q2,,
UP,30,2,,-1,120,0.3416666666666667,-0.5765727632621461,-0.45975229231322395,2.4691552718908567,3.587552519851306,52,0.38461538461538464,-1.0709250090834972,-1.5694541278712375,1.9886092617712745,3.7738346121960116,0.5105808194506979,0.49159663865546216,0.03322131917105112,-0.06515374093385339,-0.1689141527840312,-0.10698125404007752,-0.6097940824331972,-1.0057712681496438,ROBUST_NEGATIVE,ctx_body_direction,ctx_dist_donchian_high20_atr_bucket,,,,Q3,,
UP,30,2,,1,571,0.5866900175131349,0.48809367318264907,0.2875962934018294,3.7699811215073993,2.7238417702062296,245,0.5877551020408164,0.7773330686697633,0.4052213393868434,4.113783336497677,2.691511906982085,0.5105808194506979,0.49159663865546216,0.03322131917105112,-0.06515374093385339,0.07610919806243699,0.09615846338535422,0.454872354011598,0.8424868096036167,ROBUST_POSITIVE,ctx_body_direction,ctx_dist_donchian_high20_atr_bucket,,,,Q4_HIGH,,
DOWN,30,2,,-1,573,0.6003490401396161,0.7340202110157715,0.5780574125049883,3.9896632346575163,2.5845621118959894,246,0.5934959349593496,0.5917357429325033,0.46725016762073224,3.5901149363491975,2.441830032742693,0.5433604336043361,0.5521601685985248,0.29064199025315085,0.27913311980511907,0.05698860653528004,0.04133576636082481,0.4433782207626207,0.31260262312738424,ROBUST_POSITIVE,ctx_body_direction,ctx_dist_donchian_low20_atr_bucket,,,,,Q1_LOW,
DOWN,30,2,,1,91,0.43956043956043955,-0.48949514827360335,-0.189189189189621,3.0382275653512187,3.64499254708124,39,0.4358974358974359,-0.8893348472519645,-1.1392405063293485,3.2044749585326544,3.8662430373060226,0.5433604336043361,0.5521601685985248,0.29064199025315085,0.27913311980511907,-0.1037999940438965,-0.11626273270108889,-0.7801371385267541,-1.1684679670570837,ROBUST_NEGATIVE,ctx_body_direction,ctx_dist_donchian_low20_atr_bucket,,,,,Q1_LOW,
DOWN,30,2,,1,104,0.2980769230769231,-0.6682725319292998,-1.0933500217673522,2.681751726942655,3.7513809457730383,45,0.4666666666666667,-0.4105213813958552,-0.31718061674006925,3.017901300944397,3.770612979080404,0.5433604336043361,0.5521601685985248,0.29064199025315085,0.27913311980511907,-0.24528351052741298,-0.08549350193185812,-0.9589145221824507,-0.6896545012009743,ROBUST_NEGATIVE,ctx_body_direction,ctx_dist_donchian_low20_atr_bucket,,,,,Q2,
UP,30,2,,-1,119,0.37815126050420167,-0.8646437000545126,-0.7741176470587712,2.8103277768082915,3.8834928593188605,52,0.34615384615384615,-0.5615973712215803,-0.6884659728772029,2.4956957851620847,3.4536295211103196,0.5105808194506979,0.49159663865546216,0.03322131917105112,-0.06515374093385339,-0.13242955894649622,-0.14544279250161601,-0.8978650192255637,-0.49644363028772687,ROBUST_NEGATIVE,ctx_body_direction,ctx_dist_donchian_low20_atr_bucket,,,,,Q2,
UP,30,2,,-1,88,0.38636363636363635,-0.41266230536147464,-0.4643396844265223,2.8679450765955874,3.9827806839820665,39,0.358974358974359,-0.6910171196405827,-1.5346845560945215,2.2084245421897903,3.2162880119477846,0.5105808194506979,0.49159663865546216,0.03322131917105112,-0.06515374093385339,-0.12421718308706153,-0.13262227968110318,-0.4458836245325257,-0.6258633787067293,ROBUST_NEGATIVE,ctx_body_direction,ctx_dist_donchian_low20_atr_bucket,,,,,Q4_HIGH,
UP,30,2,,1,470,0.5531914893617021,0.3255645478651976,0.23726452101036405,3.4763822952847163,2.742497707451636,202,0.5693069306930693,0.20310096530981722,-0.015047077348325284,3.3199524187121012,2.4815965586584583,0.5105808194506979,0.49159663865546216,0.03322131917105112,-0.06515374093385339,0.04261066991100426,0.0777102920376071,0.29234322869414653,0.2682547062436706,ROBUST_POSITIVE,ctx_body_direction,ctx_dist_donchian_low20_atr_bucket,,,,,Q4_HIGH,
DOWN,30,2,,-1,1316,0.601063829787234,0.5979513514170453,0.561060351119895,3.860594833890762,2.5751934635204963,565,0.5858407079646017,0.46043542575421087,0.5640440896994738,3.6048081011800654,2.6861748915368384,0.5433604336043361,0.5521601685985248,0.29064199025315085,0.27913311980511907,0.05770339618289799,0.033680539366076956,0.3073093611638944,0.1813023059490918,ROBUST_POSITIVE,ctx_body_direction,ctx_sweep_low,,,,,,0
DOWN,30,2,,1,451,0.4190687361419069,-0.5008701338621158,-0.49401100679839194,2.661954123602003,3.572974313337459,194,0.5103092783505154,-0.01890348957975547,0.31012895279531444,3.158255396653127,3.3892129085714338,0.5433604336043361,0.5521601685985248,0.29064199025315085,0.27913311980511907,-0.12429169746242918,-0.041850890248009365,-0.7915121241152666,-0.29803660938487453,ROBUST_NEGATIVE,ctx_body_direction,ctx_sweep_low,,,,,,1
UP,30,2,,-1,452,0.42920353982300885,-0.30326826332627027,-0.3319490939937038,2.8611516616110304,3.5631474985298355,195,0.41025641025641024,-0.4411053574650968,-0.4939402100728548,2.4479336216230263,3.4323739753321973,0.5105808194506979,0.49159663865546216,0.03322131917105112,-0.06515374093385339,-0.08137727962768904,-0.08134022839905192,-0.3364895824973214,-0.3759516165312434,ROBUST_NEGATIVE,ctx_body_direction,ctx_sweep_low,,,,,,0
DOWN,30,2,,,263,0.6501901140684411,1.2535748946695626,0.7674418604649784,4.440139848454062,1.9792943323327217,113,0.6371681415929203,0.9506266773914263,1.5033167495855544,4.425130229861265,2.271299519116017,0.5433604336043361,0.5521601685985248,0.29064199025315085,0.27913311980511907,0.10682968046410501,0.08500797299439555,0.9629329044164118,0.6714935575863072,ROBUST_POSITIVE,ctx_range_atr_bucket,ctx_dist_ema20_atr_bucket,Q4_HIGH,Q1_LOW,,,,
UP,30,2,,,169,0.4437869822485207,-0.3399941135493513,0.04202719406676563,2.9254948331357657,3.651264314091322,73,0.3835616438356164,-1.0539133163972343,-1.0375634517766372,2.3161354369592573,3.4593572106691104,0.5105808194506979,0.49159663865546216,0.03322131917105112,-0.06515374093385339,-0.06679383720217719,-0.10803499481984574,-0.37321543272040236,-0.9887595754633809,ROBUST_NEGATIVE,ctx_range_atr_bucket,ctx_dist_ema20_atr_bucket,Q1_LOW,Q3,,,,
UP,30,2,,,155,0.45806451612903226,-0.05560815876127516,-0.3885291396853159,3.0852943489967055,3.3470246404696327,67,0.3880597014925373,-0.6641235002043632,-0.5151306740030339,2.193518718738068,3.7332623221099457,0.5105808194506979,0.49159663865546216,0.03322131917105112,-0.06515374093385339,-0.052516303321665625,-0.10353693716292484,-0.08882947793232628,-0.5989697592705098,ROBUST_NEGATIVE,ctx_range_atr_bucket,ctx_dist_ema20_atr_bucket,Q2,Q2,,,,
UP,30,2,,,140,0.45714285714285713,-0.6168263462351312,-0.47264088394123416,3.045984054237959,3.5712086193575048,61,0.39344262295081966,-0.4071724384905927,-0.5456128891791712,2.5866650818951213,3.1081045137671115,0.5105808194506979,0.49159663865546216,0.03322131917105112,-0.06515374093385339,-0.05343796230784076,-0.0981540157046425,-0.6500476654061823,-0.3420186975567393,ROBUST_NEGATIVE,ctx_range_atr_bucket,ctx_dist_ema20_atr_bucket,Q3,Q3,,,,
UP,30,2,,,118,0.559322033898305,0.661370084593607,0.9259072156266704,3.3756887793298125,2.4790525329314366,51,0.6470588235294118,0.18028953205575327,0.6555819477435343,3.675713546147444,2.7379880488232793,0.5105808194506979,0.49159663865546216,0.03322131917105112,-0.06515374093385339,0.04874121444760715,0.15546218487394964,0.6281487654225559,0.24544327298960666,ROBUST_POSITIVE,ctx_range_atr_bucket,ctx_dist_ema20_atr_bucket,Q4_HIGH,Q2,,,,
UP,30,2,,,248,0.6330645161290323,0.9546437196192502,0.6634312843131913,4.212742047215661,2.27159186156648,107,0.5981308411214953,0.9982332197656137,0.1826654240445602,4.879419926085716,2.8960031120311376,0.5105808194506979,0.49159663865546216,0.03322131917105112,-0.06515374093385339,0.12248369667833436,0.10653420246603312,0.9214224004481991,1.063386960699467,ROBUST_POSITIVE,ctx_range_atr_bucket,ctx_dist_ema20_atr_bucket,Q4_HIGH,Q4_HIGH,,,,
DOWN,30,2,,,573,0.6230366492146597,0.9537478471035508,0.7684816290394766,4.161056332259071,2.3150117145534423,246,0.6097560975609756,0.8357877309741468,1.0475833589157868,3.926265908292816,2.274190441510134,0.5433604336043361,0.5521601685985248,0.29064199025315085,0.27913311980511907,0.07967621561032368,0.057595928962450804,0.6631058568503999,0.5566546111690278,ROBUST_POSITIVE,ctx_range_atr_bucket,ctx_sweep_high,Q4_HIGH,,0,,,
UP,30,2,,,496,0.6431451612903226,0.9962239678920064,0.8160283404008671,4.074273152236514,2.1731748729488536,214,0.602803738317757,0.5568350128036272,0.184462852322254,4.139410149725779,2.813488452940866,0.5105808194506979,0.49159663865546216,0.03322131917105112,-0.06515374093385339,0.13256434183962473,0.11120709966229486,0.9630026487209553,0.6219887537374806,ROBUST_POSITIVE,ctx_range_atr_bucket,ctx_sweep_high,Q4_HIGH,,0,,,
UP,30,2,,,105,0.4095238095238095,-0.31843573252827967,0.02354425057807372,2.62880827391216,3.7436158240309996,45,0.4,-0.7493019969736614,-0.6799907041599399,2.4384897932235527,3.704663128237424,0.5105808194506979,0.49159663865546216,0.03322131917105112,-0.06515374093385339,-0.10105700992688837,-0.09159663865546214,-0.3516570516993308,-0.684148256039808,ROBUST_NEGATIVE,ctx_range_atr_bucket,ctx_sweep_high,Q4_HIGH,,1,,,
DOWN,30,2,,,121,0.47107438016528924,-0.10726815422074013,0.16818347287948857,2.8877586721273674,3.4160526633019086,53,0.4528301886792453,-0.2740921340040771,0.25198827961452613,3.015616079579774,3.2926837328048575,0.5433604336043361,0.5521601685985248,0.29064199025315085,0.27913311980511907,-0.07228605343904682,-0.0993299799192795,-0.39791014447389095,-0.5532252538091962,ROBUST_NEGATIVE,ctx_range_atr_bucket,ctx_dist_donchian_high20_atr_bucket,Q1_LOW,,,Q4_HIGH,,
DOWN,30,2,,,200,0.64,1.1772149690221263,0.7365925071060702,4.499486736691589,2.1249064032245757,86,0.6511627906976745,1.0455263413955154,1.5087049434201871,4.445125352943815,2.1881804843273427,0.5433604336043361,0.5521601685985248,0.29064199025315085,0.27913311980511907,0.09663956639566396,0.09900262209914967,0.8865729787689755,0.7663932215903964,ROBUST_POSITIVE,ctx_range_atr_bucket,ctx_dist_donchian_high20_atr_bucket,Q4_HIGH,,,Q1_LOW,,
DOWN,30,2,,,184,0.6521739130434783,0.9535217417512283,1.0028932345364974,4.019135025537217,2.1844358022604258,79,0.5949367088607594,0.6973997161621758,1.0853125593767599,3.8461017331818548,2.2482593339860375,0.5433604336043361,0.5521601685985248,0.29064199025315085,0.27913311980511907,0.10881347943914221,0.04277654026223465,0.6628797514980774,0.4182665963570567,ROBUST_POSITIVE,ctx_range_atr_bucket,ctx_dist_donchian_high20_atr_bucket,Q4_HIGH,,,Q2,,
UP,30,2,,,128,0.4375,-0.28087688483966994,0.15453852076821184,2.9770336763483947,3.649360660938409,55,0.41818181818181815,-0.7716569637448578,-1.3687610099823013,2.198181045373909,3.456407760462422,0.5105808194506979,0.49159663865546216,0.03322131917105112,-0.06515374093385339,-0.07308081945069789,-0.073414820473644,-0.3140982040107211,-0.7065032228110044,ROBUST_NEGATIVE,ctx_range_atr_bucket,ctx_dist_donchian_high20_atr_bucket,Q1_LOW,,,Q3,,
UP,30,2,,,137,0.4233576642335766,-0.37948542675914065,-0.4930107526883371,2.798606418062443,3.4147072027589602,59,0.3559322033898305,-0.8546399365674379,-1.0363864491845518,2.5255324150162566,3.660353803421519,0.5105808194506979,0.49159663865546216,0.03322131917105112,-0.06515374093385339,-0.08722315521712126,-0.13566443526563166,-0.41270674593019174,-0.7894861956335845,ROBUST_NEGATIVE,ctx_range_atr_bucket,ctx_dist_donchian_high20_atr_bucket,Q2,,,Q2,,
UP,30,2,,,123,0.4146341463414634,-0.5657852965292731,-0.6135756280062246,2.7853472251393754,3.477404511873499,53,0.3018867924528302,-0.752618629606018,-0.6976744186047515,2.361709203061195,3.2405270352884465,0.5105808194506979,0.49159663865546216,0.03322131917105112,-0.06515374093385339,-0.09594667310923449,-0.18970984620263198,-0.5990066157003242,-0.6874648886721646,ROBUST_NEGATIVE,ctx_range_atr_bucket,ctx_dist_donchian_high20_atr_bucket,Q3,,,Q3,,
UP,30,2,,,161,0.5962732919254659,0.6737154648295802,0.2999657182036331,3.906923550964716,2.728193390151201,70,0.5428571428571428,0.3905730327064072,0.020110030979683027,3.2666837421885893,2.5565616678308247,0.5105808194506979,0.49159663865546216,0.03322131917105112,-0.06515374093385339,0.08569247247476797,0.05126050420168066,0.6404941456585291,0.4557267736402606,ROBUST_POSITIVE,ctx_range_atr_bucket,ctx_dist_donchian_high20_atr_bucket,Q3,,,Q4_HIGH,,
UP,30,2,,,242,0.640495867768595,0.9379892333330443,0.7087191782924831,4.284694101489473,2.3356925246813627,105,0.6285714285714286,1.2158956062963397,0.4052213393868434,4.994313473388268,2.778441464664597,0.5105808194506979,0.49159663865546216,0.03322131917105112,-0.06515374093385339,0.12991504831789713,0.1369747899159664,0.9047679141619932,1.2810493472301931,ROBUST_POSITIVE,ctx_range_atr_bucket,ctx_dist_donchian_high20_atr_bucket,Q4_HIGH,,,Q4_HIGH,,
DOWN,30,2,,,129,0.4806201550387597,-0.1646412224765098,0.09476534296064974,3.364902161355676,3.3237567200129168,56,0.5,-0.09339988262557279,-0.23653846153851038,3.0206376629101928,2.7910559255198337,0.5433604336043361,0.5521601685985248,0.29064199025315085,0.27913311980511907,-0.06274027856557635,-0.05216016859852479,-0.45528321272966066,-0.3725330024306919,ROBUST_NEGATIVE,ctx_range_atr_bucket,ctx_dist_donchian_low20_atr_bucket,Q2,,,,Q1_LOW,
DOWN,30,2,,,243,0.6831275720164609,1.4173673053853464,0.9346260387810741,4.573351342646483,1.9436304397202477,105,0.5904761904761905,0.7677006736576997,1.009854158454814,4.239756684472055,2.423490066392531,0.5433604336043361,0.5521601685985248,0.29064199025315085,0.27913311980511907,0.13976713841212485,0.038316021877665696,1.1267253151321954,0.4885675538525806,ROBUST_POSITIVE,ctx_range_atr_bucket,ctx_dist_donchian_low20_atr_bucket,Q4_HIGH,,,,Q1_LOW,
DOWN,30,2,,,102,0.5882352941176471,0.4949551385684818,0.937983669031748,3.432001592104161,2.3384736044374974,45,0.6444444444444445,0.6306147549390972,0.412741443578355,3.6129475718074944,2.1661423266624684,0.5433604336043361,0.5521601685985248,0.29064199025315085,0.27913311980511907,0.04487486051331102,0.0922842758459197,0.20431314831533093,0.3514816351339782,ROBUST_POSITIVE,ctx_range_atr_bucket,ctx_dist_donchian_low20_atr_bucket,Q4_HIGH,,,,Q3,
DOWN,30,2,,,93,0.6236559139784946,1.0222004168538559,0.9880422039857345,4.325913500275655,2.404847834659395,40,0.625,1.3775186990292567,1.081259807126958,3.663065257816774,1.7915818896327445,0.5433604336043361,0.5521601685985248,0.29064199025315085,0.27913311980511907,0.08029548037415857,0.07283983140147521,0.731558426600705,1.0983855792241377,ROBUST_POSITIVE,ctx_range_atr_bucket,ctx_dist_donchian_low20_atr_bucket,Q4_HIGH,,,,Q4_HIGH,
UP,30,2,,,101,0.44554455445544555,-0.6044981329315736,-0.3279452054794509,2.6949164270494648,3.614753509752887,44,0.45454545454545453,-0.19978087252318447,-0.6810205154721302,3.1968016496108733,3.611252410592947,0.5105808194506979,0.49159663865546216,0.03322131917105112,-0.06515374093385339,-0.06503626499525234,-0.03705118411000763,-0.6377194521026247,-0.1346271315893311,ROBUST_NEGATIVE,ctx_range_atr_bucket,ctx_dist_donchian_low20_atr_bucket,Q1_LOW,,,,Q1_LOW,
UP,30,2,,,106,0.4339622641509434,-0.21738021202993948,-0.2812913550391464,2.9450524685484614,3.727439415884313,46,0.391304347826087,-1.0207870642474102,-0.8553282081866505,2.5407770376097947,4.155932506688252,0.5105808194506979,0.49159663865546216,0.03322131917105112,-0.06515374093385339,-0.07661855529975448,-0.10029229082937519,-0.2506015312009906,-0.9556333233135568,ROBUST_NEGATIVE,ctx_range_atr_bucket,ctx_dist_donchian_low20_atr_bucket,Q2,,,,Q1_LOW,
UP,30,2,,,175,0.6285714285714286,0.6462394776879223,0.619469026548815,3.8631693807711396,2.3305300857144116,75,0.5466666666666666,1.1531231348671693,0.1862602805999478,4.837193034280965,3.1336543065899005,0.5105808194506979,0.49159663865546216,0.03322131917105112,-0.06515374093385339,0.11799060912073067,0.055070028011204475,0.6130181585168712,1.2182768758010227,ROBUST_POSITIVE,ctx_range_atr_bucket,ctx_dist_donchian_low20_atr_bucket,Q4_HIGH,,,,Q3,
UP,30,2,,,189,0.6031746031746031,0.8859670889302537,0.6233630172867995,3.968833530195082,2.274866490918517,81,0.6049382716049383,0.27117483612875204,0.07052896725434747,3.8890778743462495,2.5770152183509705,0.5105808194506979,0.49159663865546216,0.03322131917105112,-0.06515374093385339,0.09259378372390525,0.11334163294947613,0.8527457697592026,0.33632857706260544,ROBUST_POSITIVE,ctx_range_atr_bucket,ctx_dist_donchian_low20_atr_bucket,Q4_HIGH,,,,Q4_HIGH,
DOWN,30,2,,,213,0.4507042253521127,-0.6539375578741937,-0.6163522012578152,2.8232698116789785,3.4901248455382263,92,0.4782608695652174,-0.37445188022243253,-0.34968859177083855,2.767121444343827,3.2744845097621806,0.5433604336043361,0.5521601685985248,0.29064199025315085,0.27913311980511907,-0.09265620825222337,-0.07389929903330739,-0.9445795481273446,-0.6535850000275516,ROBUST_NEGATIVE,ctx_range_atr_bucket,ctx_sweep_low,Q3,,,,,1
DOWN,30,2,,,470,0.6659574468085107,1.145367262490803,1.0523825372501778,4.441491714336067,2.17218357321013,202,0.6683168316831684,1.1989305092730442,1.5004682319755718,4.316771212801908,1.9755551220451542,0.5433604336043361,0.5521601685985248,0.29064199025315085,0.27913311980511907,0.1225970132041746,0.11615666308464356,0.854725272237652,0.9197973894679252,ROBUST_POSITIVE,ctx_range_atr_bucket,ctx_sweep_low,Q4_HIGH,,,,,0
DOWN,30,2,,,102,0.4215686274509804,-0.11130085517498618,-0.19513246227636355,2.708672314971156,3.0210342976813553,45,0.35555555555555557,-0.3789464623557565,-0.8635259834867638,2.5416272216330182,3.5070810805607757,0.5433604336043361,0.5521601685985248,0.29064199025315085,0.27913311980511907,-0.12179180615335566,-0.19660461304296922,-0.401942845428137,-0.6580795821608756,ROBUST_NEGATIVE,ctx_range_atr_bucket,ctx_sweep_low,Q4_HIGH,,,,,1
UP,30,2,,,602,0.6013289036544851,0.7605382061352022,0.6387411091056778,3.81407876718249,2.4528552586694374,258,0.5697674418604651,0.3422148796191298,0.12228772589958972,3.861840105281418,2.957953110414398,0.5105808194506979,0.49159663865546216,0.03322131917105112,-0.06515374093385339,0.09074808420378722,0.07817080320500297,0.7273168869641511,0.4073686205529832,ROBUST_POSITIVE,ctx_range_atr_bucket,ctx_sweep_low,Q4_HIGH,,,,,0
UP,30,2,,,329,0.5440729483282675,0.21104855776730885,0.5090909090909441,3.4302033859791115,3.0348174335348457,141,0.5673758865248227,0.19345270586372093,0.18161744410701158,3.362719004325079,2.808800079637683,0.5105808194506979,0.49159663865546216,0.03322131917105112,-0.06515374093385339,0.03349212887756958,0.07577924786936058,0.17782723859625774,0.25860644679757433,ROBUST_POSITIVE,ctx_dist_ema20_atr_bucket,ctx_sweep_high,,Q2,0,,,
UP,30,2,,,268,0.41044776119402987,-0.6591003863302948,-0.7518345491230289,2.7716701678612288,3.70272992953005,115,0.41739130434782606,-0.6215444448535481,-0.17174280879862905,2.342306583367578,3.7682908050510564,0.5105808194506979,0.49159663865546216,0.03322131917105112,-0.06515374093385339,-0.10013305825666802,-0.0742053343076361,-0.6923217055013459,-0.5563907039196947,ROBUST_NEGATIVE,ctx_dist_ema20_atr_bucket,ctx_sweep_high,,Q2,1,,,
UP,30,2,,,208,0.3942307692307692,-0.6109580535056516,-0.5485322140775463,2.688936651698523,3.8011457389450385,90,0.36666666666666664,-0.9728230407269212,-1.023771330877815,2.302691282181381,3.4869302694861326,0.5105808194506979,0.49159663865546216,0.03322131917105112,-0.06515374093385339,-0.11635005021992867,-0.12492997198879552,-0.6441793726767027,-0.9076692997930678,ROBUST_NEGATIVE,ctx_dist_ema20_atr_bucket,ctx_sweep_high,,Q3,1,,,
UP,30,2,,,476,0.6008403361344538,0.5690127270701096,0.3833958603413425,3.810475149513107,2.60479914507374,205,0.5853658536585366,0.8715149131035898,0.2875693542676088,4.214390125675913,2.5418268292839734,0.5105808194506979,0.49159663865546216,0.03322131917105112,-0.06515374093385339,0.09025951668375587,0.09376921500307439,0.5357914078990585,0.9366686540374431,ROBUST_POSITIVE,ctx_dist_ema20_atr_bucket,ctx_sweep_high,,Q4_HIGH,0,,,
UP,30,2,,,514,0.5680933852140078,0.4984248404483848,0.30545634894618745,3.7392218979173726,2.7855136053990392,221,0.6063348416289592,0.8188242061708064,0.4208523592084864,4.162583231848179,2.637154787326465,0.5105808194506979,0.49159663865546216,0.03322131917105112,-0.06515374093385339,0.057512565763309875,0.11473820297349707,0.46520352127733366,0.8839779471046598,ROBUST_POSITIVE,ctx_dist_ema20_atr_bucket,ctx_dist_donchian_high20_atr_bucket,,Q4_HIGH,,Q4_HIGH,,
DOWN,30,2,,,509,0.5854616895874263,0.7442088323519872,0.5488431876607528,3.931922770132583,2.5334016298946898,219,0.6073059360730594,0.570350897381798,0.3872126436781624,3.787038053873556,2.4908254273923656,0.5433604336043361,0.5521601685985248,0.29064199025315085,0.27913311980511907,0.042101255983090224,0.05514576747453459,0.45356684209883635,0.29121777757667894,ROBUST_POSITIVE,ctx_dist_ema20_atr_bucket,ctx_dist_donchian_low20_atr_bucket,,Q1_LOW,,,Q1_LOW,
DOWN,30,2,,,114,0.4298245614035088,-0.06912351827469482,-0.2573345334033892,3.3485709060551736,3.38605178837605,50,0.42,-0.4823207287956746,-0.9052920092768589,3.0151807373867454,3.216447477159911,0.5433604336043361,0.5521601685985248,0.29064199025315085,0.27913311980511907,-0.11353587220082728,-0.1321601685985248,-0.35976550852784567,-0.7614538486007937,ROBUST_NEGATIVE,ctx_dist_ema20_atr_bucket,ctx_dist_donchian_low20_atr_bucket,,Q3,,,Q2,
UP,30,2,,,296,0.46283783783783783,-0.07956860494203313,-0.3213497070754485,3.083506095552552,3.1533297537596576,127,0.4330708661417323,-0.45544336025049303,-0.280968858132302,2.631534679008701,3.137789282478341,0.5105808194506979,0.49159663865546216,0.03322131917105112,-0.06515374093385339,-0.04774298161286006,-0.05852577251372987,-0.11278992411308425,-0.39028961931663964,ROBUST_NEGATIVE,ctx_dist_ema20_atr_bucket,ctx_dist_donchian_low20_atr_bucket,,Q3,,,Q3,
UP,30,2,,,156,0.6217948717948718,0.6182207237587589,0.4881884205796861,3.9656190680566263,2.8454549674616216,67,0.5671641791044776,1.939584369409992,1.1572385130455005,5.6108173634387075,3.1854337443052376,0.5105808194506979,0.49159663865546216,0.03322131917105112,-0.06515374093385339,0.11121405234417392,0.07556754044901542,0.5849994045877078,2.0047381103438453,ROBUST_POSITIVE,ctx_dist_ema20_atr_bucket,ctx_dist_donchian_low20_atr_bucket,,Q4_HIGH,,,Q3,
DOWN,30,2,,,459,0.6296296296296297,0.9552655287900347,0.6966074313408805,4.13363925914138,2.286359889019668,197,0.6345177664974619,0.7919066625826567,0.7586461993712267,3.9699318093116163,2.3503755824904076,0.5433604336043361,0.5521601685985248,0.29064199025315085,0.27913311980511907,0.08626919602529359,0.08235759789893715,0.6646235385368838,0.5127735427775377,ROBUST_POSITIVE,ctx_dist_ema20_atr_bucket,ctx_sweep_low,,Q1_LOW,,,,0
DOWN,30,2,,,164,0.4146341463414634,-0.17432374716812016,-0.4107624233542534,3.1092487288114983,3.2980343554244844,71,0.5070422535211268,-0.25526952702795214,-0.4336501231961138,2.877454470893268,2.996578877667213,0.5433604336043361,0.5521601685985248,0.29064199025315085,0.27913311980511907,-0.12872628726287266,-0.04511791507739804,-0.464965737421271,-0.5344026468330711,ROBUST_NEGATIVE,ctx_dist_ema20_atr_bucket,ctx_sweep_low,,Q1_LOW,,,,1
DOWN,30,2,,,180,0.5888888888888889,0.3565156867785938,0.18092417162733299,3.343337264133402,2.461680537546644,78,0.6153846153846154,0.34931662282772596,1.184008373243178,3.630546973291449,3.150063161918898,0.5433604336043361,0.5521601685985248,0.29064199025315085,0.27913311980511907,0.04552845528455285,0.06322444678609063,0.06587369652544295,0.0701835030226069,ROBUST_POSITIVE,ctx_dist_ema20_atr_bucket,ctx_sweep_low,,Q4_HIGH,,,,0
UP,30,2,,,623,0.5553772070626003,0.4534608657120411,0.21182646286851917,3.6579656761597366,2.751011119230495,268,0.5597014925373134,0.5842713033450452,0.15284413557258952,3.8327460099093718,2.6981366445376738,0.5105808194506979,0.49159663865546216,0.03322131917105112,-0.06515374093385339,0.04479638761190241,0.06810485388185122,0.42023954654098994,0.6494250442788986,ROBUST_POSITIVE,ctx_dist_ema20_atr_bucket,ctx_sweep_low,,Q4_HIGH,,,,0
UP,30,2,,,502,0.6115537848605578,0.6012955463748483,0.3888492428574418,3.86096925900177,2.6521516755980197,216,0.6064814814814815,0.8997401714161916,0.5790541567895415,4.257647644364839,2.6458944369385735,0.5105808194506979,0.49159663865546216,0.03322131917105112,-0.06515374093385339,0.1009729654098599,0.11488484282601935,0.5680742272037972,0.964893912350045,ROBUST_POSITIVE,ctx_sweep_high,ctx_dist_donchian_high20_atr_bucket,,,0,Q4_HIGH,,
UP,30,2,,,233,0.41630901287553645,-0.7279163000330408,-0.44982394366197803,2.7049947082648593,3.7848098248059037,101,0.4158415841584158,-0.3418170653598409,-0.13306370070785334,2.5450519552168833,3.5588836938632693,0.5105808194506979,0.49159663865546216,0.03322131917105112,-0.06515374093385339,-0.09427180657516143,-0.07575505449704634,-0.7611376192040918,-0.2766633244259875,ROBUST_NEGATIVE,ctx_sweep_high,ctx_dist_donchian_high20_atr_bucket,,,1,Q2,,
UP,30,2,,,212,0.3632075471698113,-0.4851518103323597,-0.5747574142265457,2.5807068862694207,3.6812777132778884,92,0.40217391304347827,-1.256918064474237,-1.4656321803273538,2.2210575214016433,3.8979930658922965,0.5105808194506979,0.49159663865546216,0.03322131917105112,-0.06515374093385339,-0.1473732722808866,-0.08942272561198389,-0.5183731295034109,-1.1917643235403836,ROBUST_NEGATIVE,ctx_sweep_high,ctx_dist_donchian_high20_atr_bucket,,,1,Q3,,
UP,30,2,,,158,0.4240506329113924,-0.1107327095004628,-0.6012783955182086,3.243061515011892,3.554489404905032,69,0.43478260869565216,-0.2463023197200561,-0.5806938159882356,2.8044179819194954,3.1930429680097205,0.5105808194506979,0.49159663865546216,0.03322131917105112,-0.06515374093385339,-0.0865301865393055,-0.05681402995981,-0.1439540286715139,-0.18114857878620272,ROBUST_NEGATIVE,ctx_sweep_high,ctx_dist_donchian_high20_atr_bucket,,,1,Q4_HIGH,,
UP,30,2,,,404,0.5742574257425742,0.3617033590275536,0.30481820182238994,3.5478419521110456,2.708809085127657,174,0.603448275862069,0.4963329777154295,0.12657991670117005,3.6153631886337623,2.2797744105876787,0.5105808194506979,0.49159663865546216,0.03322131917105112,-0.06515374093385339,0.06367660629187633,0.11185163720660679,0.3284820398565025,0.5614867186492829,ROBUST_POSITIVE,ctx_sweep_high,ctx_dist_donchian_low20_atr_bucket,,,0,,Q4_HIGH,
UP,30,2,,,265,0.41132075471698115,-0.5793736530986275,-0.48223350253840985,2.7393894223540705,3.6346444211169247,114,0.39473684210526316,-0.48776919729706175,-0.4608012463177913,2.684207841345081,3.5709473046818925,0.5105808194506979,0.49159663865546216,0.03322131917105112,-0.06515374093385339,-0.09926006473371674,-0.096859796550199,-0.6125949722696786,-0.42261545636320835,ROBUST_NEGATIVE,ctx_sweep_high,ctx_dist_donchian_low20_atr_bucket,,,1,,Q2,
UP,30,2,,,189,0.42857142857142855,-0.26753949324377146,-0.3266113088178014,2.7195174058125393,3.388321949985186,82,0.4146341463414634,-0.6490637160856481,-0.8311642180070129,2.5782791026764733,3.672914102017911,0.5105808194506979,0.49159663865546216,0.03322131917105112,-0.06515374093385339,-0.08200939087926934,-0.07696249231399876,-0.30076081241482255,-0.5839099751517947,ROBUST_NEGATIVE,ctx_sweep_high,ctx_dist_donchian_low20_atr_bucket,,,1,,Q3,
UP,30,2,,,154,0.4090909090909091,-0.16906854196060067,-0.5071580737380599,2.9758065825725835,3.5216660959002923,67,0.34328358208955223,-1.1294889217350808,-1.2375690607733973,1.8263020008680502,3.474629304555052,0.5105808194506979,0.49159663865546216,0.03322131917105112,-0.06515374093385339,-0.10148991035978877,-0.14831305656590993,-0.2022898611316518,-1.0643351808012274,ROBUST_NEGATIVE,ctx_sweep_high,ctx_dist_donchian_low20_atr_bucket,,,1,,Q4_HIGH,
DOWN,30,2,,,1320,0.6,0.5920947612165106,0.553646682858946,3.873482238181438,2.5785697753612413,567,0.5873015873015873,0.46917835488482396,0.594358251057878,3.6091027064378305,2.6749130108270425,0.5433604336043361,0.5521601685985248,0.29064199025315085,0.27913311980511907,0.05663956639566392,0.03514141870306253,0.30145277096335976,0.1900452350797049,ROBUST_POSITIVE,ctx_sweep_high,ctx_sweep_low,,,0,,,0
DOWN,30,2,,,893,0.46248600223964165,-0.13633785195887174,-0.2380122057541539,2.9661609972058067,3.2448371107431053,383,0.4934725848563969,-0.045589590367317925,0.09476534296064974,2.9584363771454094,3.1826638337418682,0.5433604336043361,0.5521601685985248,0.29064199025315085,0.27913311980511907,-0.08087443136469441,-0.0586875837421279,-0.42697984221202256,-0.324722710172437,ROBUST_NEGATIVE,ctx_sweep_high,ctx_sweep_low,,,0,,,1
UP,30,2,,,1344,0.5625,0.3050324295568104,0.3716029554035255,3.512819922448853,2.848588021995448,576,0.5347222222222222,0.27267313805566196,0.12228772589958972,3.5134854182572757,2.8818184498014756,0.5105808194506979,0.49159663865546216,0.03322131917105112,-0.06515374093385339,0.05191918054930211,0.04312558356676005,0.27181111038575934,0.33782687898951536,ROBUST_POSITIVE,ctx_sweep_high,ctx_sweep_low,,,0,,,0
UP,30,2,,,877,0.4298745724059293,-0.41014595468411835,-0.4285249104524257,2.803502318422641,3.572188928946412,376,0.42819148936170215,-0.5201253246717198,-0.6611429129079516,2.545839774770673,3.508850289593084,0.5105808194506979,0.49159663865546216,0.03322131917105112,-0.06515374093385339,-0.08070624704476859,-0.06340514929376001,-0.4433672738551695,-0.4549715837378664,ROBUST_NEGATIVE,ctx_sweep_high,ctx_sweep_low,,,1,,,0
DOWN,30,2,,,406,0.5788177339901478,0.6074195080938436,0.3439437562220863,3.9410388349509473,2.668813005292474,175,0.6114285714285714,0.5207031180411081,0.21107994389915785,3.6564223102727724,2.4235516506876644,0.5433604336043361,0.5521601685985248,0.29064199025315085,0.27913311980511907,0.03545730038581174,0.05926840283004664,0.31677751784069275,0.24156999823598907,ROBUST_POSITIVE,ctx_dist_donchian_high20_atr_bucket,ctx_dist_donchian_low20_atr_bucket,,,,Q1_LOW,Q1_LOW,
DOWN,30,2,,,116,0.5086206896551724,-0.335882661512246,-0.12035099496516194,3.0814398279359554,3.666167191660203,50,0.52,-0.27635139903066813,-0.04056487344198867,2.660890665468084,3.144367353903178,0.5433604336043361,0.5521601685985248,0.29064199025315085,0.27913311980511907,-0.03473974394916368,-0.032160168598524774,-0.6265246517653968,-0.5554845188357872,ROBUST_NEGATIVE,ctx_dist_donchian_high20_atr_bucket,ctx_dist_donchian_low20_atr_bucket,,,,Q4_HIGH,Q3,
UP,30,2,,,209,0.46411483253588515,-0.41558037146225224,-0.19826517967764593,2.805545407681319,3.5988643624887606,90,0.45555555555555555,-0.9824299380852497,-0.6404258904448481,2.3634710881202277,3.722589449475838,0.5105808194506979,0.49159663865546216,0.03322131917105112,-0.06515374093385339,-0.04646598691481274,-0.03604108309990661,-0.44880169063330333,-0.9172761971513963,ROBUST_NEGATIVE,ctx_dist_donchian_high20_atr_bucket,ctx_dist_donchian_low20_atr_bucket,,,,Q1_LOW,Q1_LOW,
UP,30,2,,,116,0.45689655172413796,-0.33049803570787795,0.20913897622604227,3.0644689887704253,3.1998747245614574,51,0.43137254901960786,-0.4588773094677554,-0.7079427725703485,2.582114022981726,3.2894512389417847,0.5105808194506979,0.49159663865546216,0.03322131917105112,-0.06515374093385339,-0.05368426772655993,-0.060224089635854294,-0.36371935487892904,-0.393723568533902,ROBUST_NEGATIVE,ctx_dist_donchian_high20_atr_bucket,ctx_dist_donchian_low20_atr_bucket,,,,Q2,Q3,
UP,30,2,,,189,0.42328042328042326,-0.3130706715216575,-0.5340751043115745,2.802155505936812,3.3103544388119315,82,0.43902439024390244,-0.6443504307253334,-0.7399738527943246,2.714626594006966,3.2857949536837943,0.5105808194506979,0.49159663865546216,0.03322131917105112,-0.06515374093385339,-0.08730039617027463,-0.05257224841155972,-0.34629199069270866,-0.57919668979148,ROBUST_NEGATIVE,ctx_dist_donchian_high20_atr_bucket,ctx_dist_donchian_low20_atr_bucket,,,,Q3,Q3,
DOWN,30,2,,,378,0.6164021164021164,0.8061639076407864,0.5293650212489787,4.100958989463249,2.387317345329177,162,0.6419753086419753,0.7529703926417014,0.6330224271639442,3.8050603064821247,2.3009303703127824,0.5433604336043361,0.5521601685985248,0.29064199025315085,0.27913311980511907,0.07304168279778034,0.08981514004345048,0.5155219173876355,0.47383727283658233,ROBUST_POSITIVE,ctx_dist_donchian_high20_atr_bucket,ctx_sweep_low,,,,Q1_LOW,,0
DOWN,30,2,,,407,0.597051597051597,0.46457320923882817,0.48742746615085925,3.763301357166888,2.5740886490019053,175,0.6114285714285714,0.655943169642519,0.7525844245345701,3.8066044087756006,2.5079028202470273,0.5433604336043361,0.5521601685985248,0.29064199025315085,0.27913311980511907,0.05369116344726099,0.05926840283004664,0.17393121898567732,0.3768100498373999,ROBUST_POSITIVE,ctx_dist_donchian_high20_atr_bucket,ctx_sweep_low,,,,Q2,,0
DOWN,30,2,,,201,0.472636815920398,-0.030102490575095123,-0.06169212690936866,2.854272836239877,2.962249402302146,87,0.42528735632183906,-0.8982960003032439,-0.48109965635714635,2.2787311070925584,3.6729475773053277,0.5433604336043361,0.5521601685985248,0.29064199025315085,0.27913311980511907,-0.07072361768393803,-0.12687281227668573,-0.32074448082824597,-1.1774291201083629,ROBUST_NEGATIVE,ctx_dist_donchian_high20_atr_bucket,ctx_sweep_low,,,,Q2,,1
UP,30,2,,,661,0.5658093797276853,0.4287312979391026,0.19377162629784464,3.7092052652447056,2.8696165595454834,284,0.5669014084507042,0.6278599479104486,0.2718552582684838,3.915430771124184,2.7746693113980245,0.5105808194506979,0.49159663865546216,0.03322131917105112,-0.06515374093385339,0.055228560276987415,0.07530476979524209,0.3955099787680515,0.693013688844302,ROBUST_POSITIVE,ctx_dist_donchian_high20_atr_bucket,ctx_sweep_low,,,,Q4_HIGH,,0
DOWN,30,2,,,476,0.6176470588235294,0.7370630371514585,0.5991074360706166,4.007006066126373,2.520079694754315,205,0.6048780487804878,0.6417534601279126,0.4275503573751413,3.7765940517860224,2.4840748435201268,0.5433604336043361,0.5521601685985248,0.29064199025315085,0.27913311980511907,0.07428662521919338,0.052717880181962995,0.44642104689830764,0.3626203403227935,ROBUST_POSITIVE,ctx_dist_donchian_low20_atr_bucket,ctx_sweep_low,,,,,Q1_LOW,0
DOWN,30,2,,,307,0.5830618892508144,0.631284970208213,0.328281384043364,4.140093532659441,2.7400077815585298,132,0.6136363636363636,0.6502326324521999,0.9130624658553439,3.830771590204031,2.505808364715005,0.5433604336043361,0.5521601685985248,0.29064199025315085,0.27913311980511907,0.03970145564647831,0.061476195037838854,0.3406429799550621,0.3710995126470808,ROBUST_POSITIVE,ctx_dist_donchian_low20_atr_bucket,ctx_sweep_low,,,,,Q2,0
DOWN,30,2,,,203,0.41379310344827586,-0.4753756220748685,-0.6787330316742568,2.8112558551821802,3.3609071355142195,87,0.45977011494252873,-0.29123598893980646,-0.07837150127234954,2.784375906919708,3.4579836937967783,0.5433604336043361,0.5521601685985248,0.29064199025315085,0.27913311980511907,-0.1295673301560602,-0.09239005365599606,-0.7660176123280193,-0.5703691087449255,ROBUST_NEGATIVE,ctx_dist_donchian_low20_atr_bucket,ctx_sweep_low,,,,,Q2,1
DOWN,30,2,,,247,0.47368421052631576,-0.13823509506901988,-0.1522527187985732,2.9727435908282054,3.4633125186276903,106,0.5,-0.18029650471955017,-0.15523270970798508,2.510082602873136,3.05469737379848,0.5433604336043361,0.5521601685985248,0.29064199025315085,0.27913311980511907,-0.0696762230780203,-0.05216016859852479,-0.4288770853221707,-0.45942962452466923,ROBUST_NEGATIVE,ctx_dist_donchian_low20_atr_bucket,ctx_sweep_low,,,,,Q3,1
DOWN,60,2,Q4_HIGH,-1,312,0.6121794871794872,0.6640055857933327,0.6121751559251263,5.695711544754957,3.7941693089826036,135,0.6222222222222222,0.9116214222593635,0.637596899224721,5.545127857005513,3.5818035621789384,0.5422413793103448,0.5542168674698795,0.38960801213919577,0.5031174882824032,0.06993810786914245,0.0680053547523427,0.2743975736541369,0.4085039339769603,ROBUST_POSITIVE,ctx_body_atr_bucket,ctx_body_direction,,,,,,
UP,60,2,Q1_LOW,1,154,0.4155844155844156,-0.3914841071192673,-0.607221538657605,4.052506386214288,5.457029262293547,66,0.42424242424242425,-0.9863062101947221,-0.3185900443056426,3.5387438821250408,4.505631526009449,0.5030198446937014,0.46987951807228917,0.02060136236695478,-0.2691090470798077,-0.08743542910928581,-0.045637093829864916,-0.41208546948622204,-0.7171971631149143,ROBUST_NEGATIVE,ctx_body_atr_bucket,ctx_body_direction,,,,,,
DOWN,60,2,Q4_HIGH,,87,0.6781609195402298,1.5732957479522498,1.6192771084335347,5.7539844392826565,3.3384933771344456,38,0.6842105263157895,1.352623191514607,0.5753987768742657,5.616807806674471,2.9566266324632404,0.5422413793103448,0.5542168674698795,0.38960801213919577,0.5031174882824032,0.13591954022988506,0.12999365884590997,1.183687735813054,0.8495057032322038,ROBUST_POSITIVE,ctx_body_atr_bucket,ctx_range_atr_bucket,Q3,,,,,
UP,60,2,Q1_LOW,,130,0.43846153846153846,-0.5556288324574751,-0.6234191628567527,4.186501711888797,4.9474697141198645,57,0.42105263157894735,-0.5918655097627545,-0.5319415448851368,3.4482207975276653,4.492689134163501,0.5030198446937014,0.46987951807228917,0.02060136236695478,-0.2691090470798077,-0.06455830623216297,-0.048826886493341826,-0.5762301948244298,-0.32275646268294683,ROBUST_NEGATIVE,ctx_body_atr_bucket,ctx_range_atr_bucket,Q1_LOW,,,,,
UP,60,2,Q1_LOW,,84,0.4642857142857143,-1.0290318238387062,-0.6234191628567527,3.875986451729865,5.179606117731207,37,0.32432432432432434,-1.298641921855528,-0.4375000000002526,3.1599207624767525,5.078483745257992,0.5030198446937014,0.46987951807228917,0.02060136236695478,-0.2691090470798077,-0.03873413040798712,-0.14555519374796483,-1.049633186205661,-1.0295328747757204,ROBUST_NEGATIVE,ctx_body_atr_bucket,ctx_dist_ema20_atr_bucket,,Q2,,,,
UP,60,2,Q4_HIGH,,80,0.6,1.0437860558816916,1.5998529117035045,5.601651633614546,4.187878516647055,35,0.5142857142857142,0.21201114779820976,-0.4851242562131698,4.993058932749793,4.303644518957497,0.5030198446937014,0.46987951807228917,0.02060136236695478,-0.2691090470798077,0.09698015530629855,0.044406196213425064,1.0231846935147368,0.4811201948780175,ROBUST_POSITIVE,ctx_body_atr_bucket,ctx_dist_ema20_atr_bucket,,Q3,,,,
DOWN,60,2,Q1_LOW,,283,0.4558303886925795,-0.03719433821045408,-0.7775061124695059,4.312449231778137,4.2708077479829845,122,0.5163934426229508,-0.455997595719866,0.3335318649879674,4.374473363378201,5.036664776941106,0.5422413793103448,0.5542168674698795,0.38960801213919577,0.5031174882824032,-0.08641099061776525,-0.03782342484692869,-0.42680235034964986,-0.9591150840022692,ROBUST_NEGATIVE,ctx_body_atr_bucket,ctx_sweep_high,,,0,,,
DOWN,60,2,Q4_HIGH,,327,0.6055045871559633,0.6574909128872373,0.41625893865257263,5.671386501268676,3.784483981869126,141,0.6170212765957447,0.9278529861059588,0.6485623003194413,5.550163974788443,3.6185581337094725,0.5422413793103448,0.5542168674698795,0.38960801213919577,0.5031174882824032,0.06326320784561856,0.06280440912586516,0.2678829007480415,0.4247354978235556,ROBUST_POSITIVE,ctx_body_atr_bucket,ctx_sweep_high,,,0,,,
UP,60,2,Q1_LOW,,224,0.45089285714285715,-0.4684995139493567,0.037151392361322456,4.2672388779293,5.49050183850778,96,0.3958333333333333,-0.8339479846054431,-0.6202615396080631,3.4929847184973917,4.773891035255186,0.5030198446937014,0.46987951807228917,0.02060136236695478,-0.2691090470798077,-0.05212698755084427,-0.07404618473895586,-0.48910087631631144,-0.5648389375256353,ROBUST_NEGATIVE,ctx_body_atr_bucket,ctx_sweep_high,,,1,,,
UP,60,2,Q2,,145,0.4068965517241379,-0.36115109698849845,-0.8045465384310349,3.9308964136141116,4.506254457586871,63,0.2698412698412698,-2.4921151232428773,-1.8719920615232057,2.4418065844978267,5.991368260755117,0.5030198446937014,0.46987951807228917,0.02060136236695478,-0.2691090470798077,-0.09612329296956351,-0.20003824823101934,-0.3817524593554532,-2.2230060761630694,ROBUST_NEGATIVE,ctx_body_atr_bucket,ctx_sweep_high,,,1,,,
UP,60,2,Q4_HIGH,,81,0.6296296296296297,1.3699915505466882,0.8870689655173671,5.502262218992399,3.358065928261531,35,0.6,0.8217702755882602,0.8696727549467096,4.142359251846349,2.981449611601157,0.5030198446937014,0.46987951807228917,0.02060136236695478,-0.2691090470798077,0.12660978493592823,0.1301204819277108,1.3493901881797334,1.090879322668068,ROBUST_POSITIVE,ctx_body_atr_bucket,ctx_dist_donchian_high20_atr_bucket,,,,Q3,,
UP,60,2,Q3,,84,0.44047619047619047,-0.5498305451489819,-0.20848472188217668,3.7963634574329705,5.038054284993713,36,0.4166666666666667,-1.3253551293261507,-0.6744259618328967,3.193347253337202,5.121039597172332,0.5030198446937014,0.46987951807228917,0.02060136236695478,-0.2691090470798077,-0.06254365421751096,-0.053212851405622486,-0.5704319075159366,-1.056246082246343,ROBUST_NEGATIVE,ctx_body_atr_bucket,ctx_dist_donchian_low20_atr_bucket,,,,,Q2,
UP,60,2,Q4_HIGH,,125,0.64,1.2679592791581757,1.096408663072248,5.4490944636249825,3.3946667994294932,55,0.6,0.5578389849671862,-0.0934995547638018,4.824106161804193,3.7438966285259685,0.5030198446937014,0.46987951807228917,0.02060136236695478,-0.2691090470798077,0.1369801553062986,0.1301204819277108,1.247357916791221,0.826948032046994,ROBUST_POSITIVE,ctx_body_atr_bucket,ctx_dist_donchian_low20_atr_bucket,,,,,Q4_HIGH,
DOWN,60,2,Q4_HIGH,,305,0.6098360655737705,0.7009474986765516,0.5432692307693022,5.779961009410988,3.783616978087957,132,0.6287878787878788,0.9080790005304163,0.6302556242509261,5.537250890484522,3.5123837494377974,0.5422413793103448,0.5542168674698795,0.38960801213919577,0.5031174882824032,0.06759468626342569,0.07457101131799926,0.3113394865373558,0.40496151224801313,ROBUST_POSITIVE,ctx_body_atr_bucket,ctx_sweep_low,,,,,,0
UP,60,2,Q2,,277,0.4259927797833935,-0.32803628955117703,-0.5310767435075507,3.9271194108689937,4.582541044779975,119,0.4369747899159664,-0.7659215226572366,-0.6269302038294788,3.7803557681036235,5.18696648707242,0.5030198446937014,0.46987951807228917,0.02060136236695478,-0.2691090470798077,-0.07702706491030792,-0.03290472815632278,-0.3486376519181318,-0.49681247557742886,ROBUST_NEGATIVE,ctx_body_atr_bucket,ctx_sweep_low,,,,,,0
UP,60,2,,1,312,0.5512820512820513,0.36542360997967577,0.7013690802664976,5.101690877147057,4.2932583620898646,134,0.5298507462686567,0.28880455395277843,-0.43670462341633964,5.25733586468629,4.297528017397235,0.5030198446937014,0.46987951807228917,0.02060136236695478,-0.2691090470798077,0.0482622065883499,0.05997122819636752,0.344822247612721,0.5579136010325861,ROBUST_POSITIVE,ctx_body_direction,ctx_range_atr_bucket,Q4_HIGH,,,,,
UP,60,2,,1,289,0.5847750865051903,0.8229089554127453,0.7238570241063508,5.273120094194152,3.840580105662534,125,0.6,0.41293882786860425,-0.01667162846083576,5.385553277432657,4.325318960208981,0.5030198446937014,0.46987951807228917,0.02060136236695478,-0.2691090470798077,0.08175524181148885,0.1301204819277108,0.8023075930457906,0.682047874948412,ROBUST_POSITIVE,ctx_body_direction,ctx_dist_ema20_atr_bucket,,Q4_HIGH,,,,
DOWN,60,2,,1,242,0.4132231404958678,-0.04568008480377099,-0.2550294229336455,4.110922727189815,4.409365181133597,105,0.4857142857142857,-0.8558872298821808,0.3560606060604629,4.385687196416633,5.612747650314774,0.5422413793103448,0.5542168674698795,0.38960801213919577,0.5031174882824032,-0.129018238814477,-0.06850258175559382,-0.4352880969429668,-1.359004718164584,ROBUST_NEGATIVE,ctx_body_direction,ctx_sweep_high,,,0,,,
UP,60,2,,-1,233,0.4291845493562232,-0.8421073377105495,-0.651710600112116,3.9824331931025907,5.378607079530376,100,0.38,-0.9120027083177348,-0.719771018455318,3.244670317084643,4.881672689434903,0.5030198446937014,0.46987951807228917,0.02060136236695478,-0.2691090470798077,-0.07383529533747824,-0.08987951807228917,-0.8627087000775042,-0.642893661237927,ROBUST_NEGATIVE,ctx_body_direction,ctx_sweep_high,,,1,,,
UP,60,2,,1,691,0.5470332850940666,0.3905775116392697,0.5974025974026285,4.8758639961528445,4.2163520758873165,297,0.531986531986532,0.1176447641139429,-0.15566037735846425,4.839751664992311,4.413957429528588,0.5030198446937014,0.46987951807228917,0.02060136236695478,-0.2691090470798077,0.044013440400365145,0.06210701391424284,0.3699761492723149,0.38675381119375063,ROBUST_POSITIVE,ctx_body_direction,ctx_sweep_high,,,0,,,
UP,60,2,,1,228,0.4473684210526316,-0.22590745446857746,0.03115863232420535,4.003359272090237,5.047574276632472,99,0.35353535353535354,-1.0698410867274732,-0.6314152410580653,3.2170450197362515,5.105796746541859,0.5030198446937014,0.46987951807228917,0.02060136236695478,-0.2691090470798077,-0.05565142364106984,-0.11634416453693563,-0.24650881683553225,-0.8007320396476656,ROBUST_NEGATIVE,ctx_body_direction,ctx_sweep_high,,,1,,,
UP,60,2,,1,192,0.46875,-0.3229526118800538,0.16186327951198787,3.7865360919251185,4.769892458687434,83,0.39759036144578314,-0.513138225151649,-0.4752066115702776,3.649542371095067,4.68018243876368,0.5030198446937014,0.46987951807228917,0.02060136236695478,-0.2691090470798077,-0.03426984469370142,-0.07228915662650603,-0.34355397424700856,-0.24402917807184127,ROBUST_NEGATIVE,ctx_body_direction,ctx_dist_donchian_high20_atr_bucket,,,,Q1_LOW,,
DOWN,60,2,,-1,199,0.6030150753768844,0.6544154720726976,0.72262773722609,5.283931033028483,3.8588197816946996,86,0.6162790697674418,1.2135408767700173,1.3343616736464483,5.110043981981106,3.7111558941851737,0.5422413793103448,0.5542168674698795,0.38960801213919577,0.5031174882824032,0.060773696066539595,0.06206220229756232,0.2648074599335018,0.7104233884876141,ROBUST_POSITIVE,ctx_body_direction,ctx_dist_donchian_low20_atr_bucket,,,,,Q2,
DOWN,60,2,,-1,220,0.5818181818181818,0.8481904446221574,0.6758346581875514,5.0592775241941625,3.762268660703288,95,0.6105263157894737,1.1208832896123995,0.6474204758087868,4.702433991799407,3.135836654472621,0.5422413793103448,0.5542168674698795,0.38960801213919577,0.5031174882824032,0.03957680250783702,0.05630944831959417,0.45858243248296165,0.6177658013299963,ROBUST_POSITIVE,ctx_body_direction,ctx_dist_donchian_low20_atr_bucket,,,,,Q4_HIGH,
UP,60,2,,1,107,0.4205607476635514,-0.43369686282150105,-0.6275252525252069,3.7788382776452987,4.903706317914059,46,0.43478260869565216,-1.081687886849003,-0.8995998315081243,3.440465672808895,5.049732823998932,0.5030198446937014,0.46987951807228917,0.02060136236695478,-0.2691090470798077,-0.08245909703015003,-0.03509690937663701,-0.4542982251884558,-0.8125788397691953,ROBUST_NEGATIVE,ctx_body_direction,ctx_dist_donchian_low20_atr_bucket,,,,,Q1_LOW,
UP,60,2,,1,251,0.5657370517928287,0.5847460267728898,0.5467295369362153,4.7197347106831815,3.8684216434591936,109,0.6422018348623854,1.1562346004738886,0.9120521172637811,5.463467400994264,3.647642353722786,0.5030198446937014,0.46987951807228917,0.02060136236695478,-0.2691090470798077,0.06271720709912731,0.17232231679009619,0.564144664405935,1.4253436475536962,ROBUST_POSITIVE,ctx_body_direction,ctx_dist_donchian_low20_atr_bucket,,,,,Q4_HIGH,
DOWN,60,2,,1,238,0.4117647058823529,-0.09587339686912605,-0.2550294229336455,4.041977032673715,4.462549667014557,103,0.47572815533980584,-1.0383353836215068,0.3110031239154718,4.254914469404721,5.71809243943474,0.5422413793103448,0.5542168674698795,0.38960801213919577,0.5031174882824032,-0.13047667342799185,-0.07848871213007369,-0.4854814090083218,-1.54145287190391,ROBUST_NEGATIVE,ctx_body_direction,ctx_sweep_low,,,,,,1
UP,60,2,,-1,237,0.4345991561181435,-0.8241929434849494,-0.6057861635221022,3.990204433595702,5.351770743728189,102,0.38235294117647056,-0.7981187719449067,-0.719771018455318,3.3474242287304588,4.779680731809126,0.5030198446937014,0.46987951807228917,0.02060136236695478,-0.2691090470798077,-0.06842068857555794,-0.08752657689581861,-0.8447943058519042,-0.5290097248650989,ROBUST_NEGATIVE,ctx_body_direction,ctx_sweep_low,,,,,,0
DOWN,60,2,,,86,0.5,-0.21979118222611413,0.07584742807834216,4.544474699288115,4.52239186081191,37,0.40540540540540543,-3.4716016480372187,-1.1346045989902127,2.6277375357295596,7.093666724095553,0.5422413793103448,0.5542168674698795,0.38960801213919577,0.5031174882824032,-0.04224137931034477,-0.1488114620644741,-0.6093991943653099,-3.9747191363196217,ROBUST_NEGATIVE,ctx_range_atr_bucket,ctx_dist_ema20_atr_bucket,Q1_LOW,Q3,,,,
UP,60,2,,,146,0.5684931506849316,0.9247319642051934,0.718402940780076,5.437321470021207,3.7035417109586515,63,0.6507936507936508,0.8585417477516508,-0.04646017699117857,6.3543082845387895,4.508968724389288,0.5030198446937014,0.46987951807228917,0.02060136236695478,-0.2691090470798077,0.06547330599123014,0.18091413272136164,0.9041306018382387,1.1276507948314585,ROBUST_POSITIVE,ctx_range_atr_bucket,ctx_dist_ema20_atr_bucket,Q4_HIGH,Q4_HIGH,,,,
UP,60,2,,,179,0.5977653631284916,0.5791045863610969,1.043155765340612,4.615980625153929,3.916103163932493,78,0.5384615384615384,0.16806578422089333,0.1769684905691314,4.564698453689027,4.780286637690635,0.5030198446937014,0.46987951807228917,0.02060136236695478,-0.2691090470798077,0.09474551843479018,0.06858202038924927,0.5585032239941421,0.437174831300701,ROBUST_POSITIVE,ctx_range_atr_bucket,ctx_sweep_high,Q3,,0,,,
UP,60,2,,,94,0.3723404255319149,-0.5302336553546639,-0.2610514176904964,3.8045422580035173,5.397127205495107,41,0.3170731707317073,-1.4864126492842589,-0.6314152410580653,2.6299526083568456,5.1671011114139125,0.5030198446937014,0.46987951807228917,0.02060136236695478,-0.2691090470798077,-0.13067941916178655,-0.15280634734058185,-0.5508350177216187,-1.2173036022044512,ROBUST_NEGATIVE,ctx_range_atr_bucket,ctx_sweep_high,Q3,,1,,,
UP,60,2,,,280,0.575,0.37425731222130354,0.7053633533589175,5.284581817148163,4.252092095982738,121,0.5537190082644629,0.5558870193699746,-0.2976860537838139,5.552259687027893,4.081522025009522,0.5030198446937014,0.46987951807228917,0.02060136236695478,-0.2691090470798077,0.07198015530629853,0.08383949019217368,0.3536559498543488,0.8249960664497824,ROBUST_POSITIVE,ctx_range_atr_bucket,ctx_sweep_high,Q4_HIGH,,0,,,
DOWN,60,2,,,84,0.4642857142857143,-0.2548020698900507,-0.5982849752194679,4.189384434812467,4.474754589097148,37,0.43243243243243246,-0.676820180674566,-0.9026128266031448,3.242582233070801,4.033480904903694,0.5422413793103448,0.5542168674698795,0.38960801213919577,0.5031174882824032,-0.07795566502463047,-0.12178443503744707,-0.6444100820292464,-1.1799376689569692,ROBUST_NEGATIVE,ctx_range_atr_bucket,ctx_dist_donchian_high20_atr_bucket,Q1_LOW,,,Q3,,
UP,60,2,,,133,0.5714285714285714,0.6930287168813803,0.7238570241063508,5.279987643581549,4.033911121429367,58,0.6206896551724138,0.04451347452760071,-0.09818143594482787,6.7420606271465395,5.274471959222583,0.5030198446937014,0.46987951807228917,0.02060136236695478,-0.2691090470798077,0.06840872673486997,0.15081013710012464,0.6724273545144256,0.31362252160740844,ROBUST_POSITIVE,ctx_range_atr_bucket,ctx_dist_donchian_high20_atr_bucket,Q4_HIGH,,,Q4_HIGH,,
UP,60,2,,,118,0.559322033898305,0.941750517246775,0.5498800554195715,5.088665266974043,3.499972979878176,52,0.5961538461538461,0.9601929286850335,-0.06997986587749018,5.915434891131624,4.400170326002262,0.5030198446937014,0.46987951807228917,0.02060136236695478,-0.2691090470798077,0.056302189204603614,0.12627432808155697,0.9211491548798203,1.2293019757648411,ROBUST_POSITIVE,ctx_range_atr_bucket,ctx_dist_donchian_low20_atr_bucket,Q4_HIGH,,,,Q4_HIGH,
DOWN,60,2,,,182,0.6318681318681318,1.6657379113708344,1.0675439714719577,6.018209402946353,3.876574943931879,79,0.6075949367088608,1.0167141893954215,1.2768518518515133,5.169593485192165,3.5623886957357653,0.5422413793103448,0.5542168674698795,0.38960801213919577,0.5031174882824032,0.08962675255778707,0.05337806923898125,1.2761298992316386,0.5135967011130183,ROBUST_POSITIVE,ctx_range_atr_bucket,ctx_sweep_low,Q3,,,,,0
UP,60,2,,,345,0.5478260869565217,0.4139351977460282,0.7129488574538012,5.019277773340583,4.292531652312469,148,0.5135135135135135,0.35080196174718825,-0.3389179332589191,5.164147916491606,4.296549514334733,0.5030198446937014,0.46987951807228917,0.02060136236695478,-0.2691090470798077,0.04480624226282026,0.043633995441224316,0.39333383537907346,0.6199110088269959,ROBUST_POSITIVE,ctx_range_atr_bucket,ctx_sweep_low,Q4_HIGH,,,,,0
UP,60,2,,,135,0.4666666666666667,-0.3153380638719908,0.031116430159026813,3.881453496916065,5.150239281216914,58,0.3620689655172414,-0.8306328801261376,-0.4423412085198555,3.068053399763815,4.955559108050755,0.5030198446937014,0.46987951807228917,0.02060136236695478,-0.2691090470798077,-0.03635317802703475,-0.10781055255504779,-0.33593942623894557,-0.5615238330463299,ROBUST_NEGATIVE,ctx_dist_ema20_atr_bucket,ctx_sweep_high,,Q1_LOW,1,,,
UP,60,2,,,105,0.38095238095238093,-0.8588989186394599,-0.9234042553189552,3.9692606378257347,5.479137105186716,46,0.3695652173913043,-0.8358304456435819,-1.5556307488201868,3.4280422898218132,4.856752718908165,0.5030198446937014,0.46987951807228917,0.02060136236695478,-0.2691090470798077,-0.12206746374132049,-0.10031430068098485,-0.8795002810064146,-0.5667213985637742,ROBUST_NEGATIVE,ctx_dist_ema20_atr_bucket,ctx_sweep_high,,Q3,1,,,
UP,60,2,,,254,0.6062992125984252,0.8546966611161094,0.688068907215196,5.4366567669574675,3.7224993610272987,110,0.6363636363636364,0.8173924835910262,0.579954849989848,5.864141244382939,4.128776585911538,0.5030198446937014,0.46987951807228917,0.02060136236695478,-0.2691090470798077,0.1032793679047238,0.16648411829134718,0.8340952987491547,1.0865015306708339,ROBUST_POSITIVE,ctx_dist_ema20_atr_bucket,ctx_sweep_high,,Q4_HIGH,0,,,
UP,60,2,,,84,0.4166666666666667,-0.4752572344538664,0.7366204141283037,3.9450939949948314,5.627424655749819,36,0.3888888888888889,-1.5145833184527338,-1.3367561410672852,3.047198101030494,4.788944966790665,0.5030198446937014,0.46987951807228917,0.02060136236695478,-0.2691090470798077,-0.08635317802703474,-0.08099062918340028,-0.4958585968208212,-1.245474271372926,ROBUST_NEGATIVE,ctx_dist_ema20_atr_bucket,ctx_sweep_high,,Q4_HIGH,1,,,
UP,60,2,,,115,0.4608695652173913,-0.3434803611654748,0.031116430159026813,3.9375958418240566,5.217068022392681,50,0.34,-1.7172100370476802,-0.6408689107071013,2.912315722000196,5.847847859075676,0.5030198446937014,0.46987951807228917,0.02060136236695478,-0.2691090470798077,-0.042150279476310115,-0.12987951807228915,-0.36408172353242957,-1.4481009899678725,ROBUST_NEGATIVE,ctx_dist_ema20_atr_bucket,ctx_dist_donchian_low20_atr_bucket,,Q1_LOW,,,Q1_LOW,
UP,60,2,,,255,0.5568627450980392,0.18790748328589602,0.5514223194749195,4.721236309122592,4.231551713935827,110,0.5909090909090909,0.8238854971498137,-0.0957436531476629,5.089255782751303,3.7705110650862115,0.5030198446937014,0.46987951807228917,0.02060136236695478,-0.2691090470798077,0.05384290040433781,0.12102957283680177,0.16730612091894123,1.0929945442296214,ROBUST_POSITIVE,ctx_dist_ema20_atr_bucket,ctx_dist_donchian_low20_atr_bucket,,Q4_HIGH,,,Q4_HIGH,
DOWN,60,2,,,160,0.5875,0.8705979877134229,0.36466891386466826,5.727501289129843,4.196506054247388,69,0.6086956521739131,1.2565172419773405,1.423391397085247,5.53819646965915,3.167030200776095,0.5422413793103448,0.5542168674698795,0.38960801213919577,0.5031174882824032,0.04525862068965525,0.054478784704033556,0.4809899755742271,0.7533997536949373,ROBUST_POSITIVE,ctx_dist_ema20_atr_bucket,ctx_sweep_low,,Q3,,,,0
DOWN,60,2,,,133,0.45112781954887216,-0.3432130244842575,0.1157671248183816,4.398724449505243,4.973412267703271,57,0.43859649122807015,-1.478378944662189,-0.9912339851650136,3.828652423399286,6.4035638512403334,0.5422413793103448,0.5542168674698795,0.38960801213919577,0.5031174882824032,-0.09111355976147262,-0.11562037624180938,-0.7328210366234533,-1.9814964329445923,ROBUST_NEGATIVE,ctx_dist_ema20_atr_bucket,ctx_sweep_low,,Q3,,,,1
UP,60,2,,,338,0.5650887573964497,0.5293674947800208,0.7096629360848743,5.078406481643987,4.135452575052456,146,0.5616438356164384,0.23036510085229106,-0.0957436531476629,5.140767069248741,4.431527271718639,0.5030198446937014,0.46987951807228917,0.02060136236695478,-0.2691090470798077,0.06206891270274828,0.09176431754414921,0.508766132413066,0.49947414793209877,ROBUST_POSITIVE,ctx_dist_ema20_atr_bucket,ctx_sweep_low,,Q4_HIGH,,,,0
UP,60,2,,,155,0.535483870967742,0.7982568563445342,0.3727034120735343,5.115733064920087,4.1202790094160555,67,0.6567164179104478,1.6686624227899345,1.387160366846567,5.2986858582119165,3.3302501457272213,0.5030198446937014,0.46987951807228917,0.02060136236695478,-0.2691090470798077,0.03246402627404055,0.1868368998381586,0.7776554939775795,1.9377714698697421,ROBUST_POSITIVE,ctx_sweep_high,ctx_dist_donchian_high20_atr_bucket,,,0,Q3,,
UP,60,2,,,264,0.5871212121212122,0.479230339460812,0.688068907215196,5.257377767068686,4.063835622244809,114,0.5701754385964912,0.24498200089111927,-0.0957436531476629,5.714467817390961,4.542788856555852,0.5030198446937014,0.46987951807228917,0.02060136236695478,-0.2691090470798077,0.08410136742751073,0.10029592052420205,0.45862897709385725,0.514091047970927,ROBUST_POSITIVE,ctx_sweep_high,ctx_dist_donchian_high20_atr_bucket,,,0,Q4_HIGH,,
UP,60,2,,,121,0.4214876033057851,-0.9499595593283883,-0.8126898413771251,4.228724799460966,5.614850318378878,52,0.38461538461538464,-0.8736418829963818,-0.8630987066057101,3.1891317260096055,4.512082959499183,0.5030198446937014,0.46987951807228917,0.02060136236695478,-0.2691090470798077,-0.08153224138791632,-0.08526413345690453,-0.970560921695343,-0.604532835916574,ROBUST_NEGATIVE,ctx_sweep_high,ctx_dist_donchian_high20_atr_bucket,,,1,Q3,,
UP,60,2,,,81,0.37037037037037035,-0.6941721960220273,-0.5951300041269116,3.666430035163854,5.6605902604302525,35,0.4,-1.5906618615472843,-1.5476593344614318,3.1714331119140082,5.203323568292288,0.5030198446937014,0.46987951807228917,0.02060136236695478,-0.2691090470798077,-0.13264947432333107,-0.06987951807228915,-0.714773558388982,-1.3215528144674766,ROBUST_NEGATIVE,ctx_sweep_high,ctx_dist_donchian_high20_atr_bucket,,,1,Q4_HIGH,,
UP,60,2,,,212,0.5849056603773585,0.6267535550384327,0.507611343810585,4.898021284828123,3.7000264329209083,91,0.6703296703296703,1.3706194802901044,0.9120521172637811,5.9204055697477065,3.607442893454275,0.5030198446937014,0.46987951807228917,0.02060136236695478,-0.2691090470798077,0.08188581568365705,0.2004501522573811,0.6061521926714779,1.639728527369912,ROBUST_POSITIVE,ctx_sweep_high,ctx_dist_donchian_low20_atr_bucket,,,0,,Q4_HIGH,
UP,60,2,,,137,0.4233576642335766,-0.9142481710932125,-0.13164349959118682,3.4391758003098376,5.240958305176751,59,0.3898305084745763,-1.5403565350657011,-1.0302066772654161,3.2001128670993824,5.4873500114852085,0.5030198446937014,0.46987951807228917,0.02060136236695478,-0.2691090470798077,-0.0796621804601248,-0.08004900959771288,-0.9348495334601673,-1.2712474879858935,ROBUST_NEGATIVE,ctx_sweep_high,ctx_dist_donchian_low20_atr_bucket,,,1,,Q1_LOW,
UP,60,2,,,93,0.44086021505376344,-0.43862437928786796,-0.05151267375314944,4.010148109077012,5.293607303483527,41,0.4146341463414634,-1.125621655972662,-0.8860759493671085,3.024392712584571,4.748624476503966,0.5030198446937014,0.46987951807228917,0.02060136236695478,-0.2691090470798077,-0.062159629639937986,-0.055245371730825776,-0.4592257416548227,-0.8565126088928543,ROBUST_NEGATIVE,ctx_sweep_high,ctx_dist_donchian_low20_atr_bucket,,,1,,Q4_HIGH,
DOWN,60,2,,,701,0.5777460770328102,0.5837512217642454,0.509301364200116,5.3654886701422235,3.9238014048662575,301,0.584717607973422,0.9126312867775755,0.7140804597701245,5.052240425700188,3.7210535305967807,0.5422413793103448,0.5542168674698795,0.38960801213919577,0.5031174882824032,0.03550469772246545,0.030500740503542456,0.19414320962504966,0.40951379849517233,ROBUST_POSITIVE,ctx_sweep_high,ctx_sweep_low,,,0,,,0
UP,60,2,,,695,0.5482014388489208,0.3895918598897271,0.6031036623215891,4.873371997281861,4.2138899297426455,299,0.5317725752508361,0.14960752854593334,-0.15566037735846425,4.864135398410565,4.382292716625522,0.5030198446937014,0.46987951807228917,0.02060136236695478,-0.2691090470798077,0.045181594155219384,0.06189305717854693,0.36899049752277235,0.41871657562574105,ROBUST_POSITIVE,ctx_sweep_high,ctx_sweep_low,,,0,,,0
UP,60,2,,,464,0.4375,-0.512976067882613,-0.46988946490881345,4.030259846485551,5.2053077395694665,199,0.37185929648241206,-0.9428011287613347,-0.6314152410580653,3.2250164536546975,4.973787361142071,0.5030198446937014,0.46987951807228917,0.02060136236695478,-0.2691090470798077,-0.06551984469370142,-0.09802022158987711,-0.5335774302495677,-0.673692081681527,ROBUST_NEGATIVE,ctx_sweep_high,ctx_sweep_low,,,1,,,0
UP,60,2,,,113,0.415929203539823,-1.0013893893274348,-0.2885181550540229,3.725378994887017,5.534380664875927,49,0.3673469387755102,-1.2556526135339767,-0.5464222353635155,3.042174645415658,5.428043369593557,0.5030198446937014,0.46987951807228917,0.02060136236695478,-0.2691090470798077,-0.08709064115387843,-0.10253257929677895,-1.0219907516943896,-0.9865435664541691,ROBUST_NEGATIVE,ctx_dist_donchian_high20_atr_bucket,ctx_dist_donchian_low20_atr_bucket,,,,Q1_LOW,Q1_LOW,
UP,60,2,,,265,0.4716981132075472,-0.38455939296683866,0.031116430159026813,3.8497354349842756,4.904668714140757,114,0.39473684210526316,-0.5017054771300359,-0.2891785409030406,3.555438152211183,4.766585025955996,0.5030198446937014,0.46987951807228917,0.02060136236695478,-0.2691090470798077,-0.03132173148615425,-0.075142675967026,-0.4051607553337934,-0.23259643005022818,ROBUST_NEGATIVE,ctx_dist_donchian_high20_atr_bucket,ctx_sweep_low,,,,Q1_LOW,,0
DOWN,60,2,,,154,0.5909090909090909,0.9930736833417668,1.0270756791055295,5.375336401950565,3.7395991601195524,67,0.6268656716417911,2.1217126766355783,1.3131513647641142,5.5170106000478825,2.559813944489454,0.5422413793103448,0.5542168674698795,0.38960801213919577,0.5031174882824032,0.048667711598746166,0.07264880417191155,0.603465671202571,1.618595188353175,ROBUST_POSITIVE,ctx_dist_donchian_low20_atr_bucket,ctx_sweep_low,,,,,Q4_HIGH,0
UP,60,2,,,181,0.425414364640884,-1.007182779198741,-0.2885181550540229,3.591706417977072,5.344581082023835,78,0.4358974358974359,-0.6994274370673493,-0.5881078728438425,3.4926811898450287,4.735675439625104,0.5030198446937014,0.46987951807228917,0.02060136236695478,-0.2691090470798077,-0.07760548005281742,-0.03398208217485327,-1.0277841415656959,-0.4303183899875416,ROBUST_NEGATIVE,ctx_dist_donchian_low20_atr_bucket,ctx_sweep_low,,,,,Q1_LOW,0
UP,60,2,,,305,0.5409836065573771,0.3143976718946462,0.46849315068495484,4.646457460741454,4.188922748628892,132,0.5909090909090909,0.5663960702881004,-0.0957436531476629,4.976604311095374,3.9550041781241685,0.5030198446937014,0.46987951807228917,0.02060136236695478,-0.2691090470798077,0.03796376186367567,0.12102957283680177,0.2937963095276914,0.835505117367908,ROBUST_POSITIVE,ctx_dist_donchian_low20_atr_bucket,ctx_sweep_low,,,,,Q4_HIGH,0
