side,horizon_minutes,feature_count,ctx_body_direction,train_sample_size,train_success_rate,train_avg_return_atr,train_median_return_atr,train_avg_mfe_atr,train_avg_mae_atr,test_sample_size,test_success_rate,test_avg_return_atr,test_median_return_atr,test_avg_mfe_atr,test_avg_mae_atr,baseline_train_success_rate,baseline_test_success_rate,baseline_train_avg_return_atr,baseline_test_avg_return_atr,train_success_lift,test_success_lift,train_return_lift,test_return_lift,candidate_status,feature_1,ctx_structure_state,ctx_session_name,ctx_in_asia_session,ctx_in_london_session,ctx_in_ny_session,ctx_london_killzone,ctx_ny_killzone,ctx_compression_flag,ctx_expansion_flag,ctx_bos_up,ctx_bos_dn,ctx_choch_up,ctx_choch_dn,ctx_sweep_high,ctx_sweep_low,ctx_fvg_up,ctx_fvg_dn,ctx_ema20_above_ema50,ctx_vol_spike_1p5,ctx_vol_spike_2p0,ctx_vol_ratio_bucket,ctx_ATR_Z_bucket,ctx_BB_Width_Z_bucket,ctx_ADX_bucket,ctx_RSI_bucket,ctx_range_atr_bucket,ctx_body_atr_bucket,ctx_spread_z_bucket,ctx_ema20_slope_5_bucket,ctx_ema50_slope_5_bucket,ctx_dist_ema20_atr_bucket,ctx_dist_ema50_atr_bucket,ctx_dist_donchian_high20_atr_bucket,ctx_dist_donchian_low20_atr_bucket,ctx_fvg_up_size_atr_bucket,ctx_fvg_dn_size_atr_bucket
DOWN,5,1,-1,8034,0.6155090863828728,0.31861953628864675,0.25406199886588987,1.5692902835667537,0.8764653361148885,3444,0.622822299651568,0.32329918229971477,0.29823836450628116,1.5220868652854576,0.8608264614058919,0.5537287140340575,0.5668949771689498,0.16726775773193228,0.185651650524687,0.06178037234881528,0.055927322482618225,0.15135177855671447,0.13764753177502778,ROBUST_POSITIVE,ctx_body_direction,,,,,,,,,,,,,,,,,,,,,,,,,,,,,,,,,,,,
DOWN,5,1,0,28,0.17857142857142858,-0.926801779866185,-0.8270218228498211,0.6277346621957343,2.214825357056738,13,0.3076923076923077,-0.3785460737874684,-0.31233595800533154,0.7281371703681926,1.4701615561530377,0.5537287140340575,0.5668949771689498,0.16726775773193228,0.185651650524687,-0.37515728546262894,-0.25920266947664206,-1.0940695375981173,-0.5641977243121554,NOT_ROBUST,ctx_body_direction,,,,,,,,,,,,,,,,,,,,,,,,,,,,,,,,,,,,
DOWN,5,1,1,2155,0.32761020881670533,-0.38850325775004235,-0.41457179377938586,0.8500472214858731,1.605712649291496,924,0.36363636363636365,-0.3061033455988757,-0.32226092687587293,0.8777303006818695,1.5767424777750036,0.5537287140340575,0.5668949771689498,0.16726775773193228,0.185651650524687,-0.22611850521735222,-0.20325861353258612,-0.5557710154819746,-0.49175499612356266,ROBUST_NEGATIVE,ctx_body_direction,,,,,,,,,,,,,,,,,,,,,,,,,,,,,,,,,,,,
UP,5,1,-1,2088,0.3103448275862069,-0.43812279054735526,-0.3920326721118452,0.7494646263616475,1.6617616774390356,896,0.29464285714285715,-0.49694042222154494,-0.5091203185265029,0.7573765364773387,1.71276326826592,0.5402492088607594,0.5364559298569451,0.1312407600198671,0.11074128443402043,-0.22990438127455254,-0.24181307271408797,-0.5693635505672223,-0.6076817066555653,ROBUST_NEGATIVE,ctx_body_direction,,,,,,,,,,,,,,,,,,,,,,,,,,,,,,,,,,,,
UP,5,1,0,24,0.3333333333333333,-0.19986316722540445,-0.30545270236114286,0.8014704019209281,1.4789199686211196,11,0.45454545454545453,-0.5444733857749411,-0.19414483821296208,0.8974680143856646,1.9205969463084829,0.5402492088607594,0.5364559298569451,0.1312407600198671,0.11074128443402043,-0.20691587552742613,-0.0819104753114906,-0.33110392724527155,-0.6552146702089615,NOT_ROBUST,ctx_body_direction,,,,,,,,,,,,,,,,,,,,,,,,,,,,,,,,,,,,
UP,5,1,1,7998,0.6020255063765941,0.2831959657457333,0.2509358037102315,1.5011774004572846,0.9272802202159438,3429,0.5972586759988335,0.2662300630661657,0.16358080172559034,1.4970787267535643,0.9267515204042395,0.5402492088607594,0.5364559298569451,0.1312407600198671,0.11074128443402043,0.06177629751583469,0.06080274614188841,0.1519552057258662,0.15548877863214527,ROBUST_POSITIVE,ctx_body_direction,,,,,,,,,,,,,,,,,,,,,,,,,,,,,,,,,,,,
DOWN,5,1,,5294,0.5634680770683793,0.20000530938225203,0.11662469808299644,1.5079710145034915,0.9998524032826521,2269,0.5755839576906127,0.236518024782962,0.1882640586796584,1.4598766050612433,0.9752299906638616,0.5537287140340575,0.5668949771689498,0.16726775773193228,0.185651650524687,0.009739363034321769,0.008688980521662892,0.032737551650319746,0.050866374258275004,NOT_ROBUST,ctx_structure_state,-1,,,,,,,,,,,,,,,,,,,,,,,,,,,,,,,,,,,
DOWN,5,1,,2,1.0,0.03289898540940678,0.03289898540940678,1.5886234701626667,1.2463257277897306,1,1.0,4.774860779633997,4.774860779633997,4.795544948289543,0.3707239459029252,0.5537287140340575,0.5668949771689498,0.16726775773193228,0.185651650524687,0.44627128596594245,0.43310502283105023,-0.1343687723225255,4.58920912910931,NOT_ROBUST,ctx_structure_state,0,,,,,,,,,,,,,,,,,,,,,,,,,,,,,,,,,,,
DOWN,5,1,,4922,0.5453067858594067,0.13278619605283562,0.14818050946505373,1.319944599230087,1.0727547423641253,2110,0.5521327014218009,0.12720111657740296,0.13655258831830186,1.288750492484473,1.0500375228584802,0.5537287140340575,0.5668949771689498,0.16726775773193228,0.185651650524687,-0.008421928174650817,-0.014762275747148834,-0.03448156167909666,-0.05845053394728403,NOT_ROBUST,ctx_structure_state,1,,,,,,,,,,,,,,,,,,,,,,,,,,,,,,,,,,,
UP,5,1,,5060,0.5258893280632411,0.06169523267686914,0.11771220689389987,1.239086984484936,1.1589836845456167,2169,0.5214384508990318,0.05175538253374123,0.03686635944739228,1.2659097182400252,1.1456308829366477,0.5402492088607594,0.5364559298569451,0.1312407600198671,0.11074128443402043,-0.014359880797518376,-0.015017478957913277,-0.06954552734299796,-0.0589859019002792,NOT_ROBUST,ctx_structure_state,-1,,,,,,,,,,,,,,,,,,,,,,,,,,,,,,,,,,,
UP,5,1,,2,0.5,-0.8077159618773571,-0.8077159618773571,0.5945670243180696,2.1561962079370645,1,0.0,-1.0981031071802005,-1.0981031071802005,0.6337716746189136,1.3017572442685232,0.5402492088607594,0.5364559298569451,0.1312407600198671,0.11074128443402043,-0.040249208860759444,-0.5364559298569451,-0.9389567218972241,-1.208844391614221,NOT_ROBUST,ctx_structure_state,0,,,,,,,,,,,,,,,,,,,,,,,,,,,,,,,,,,,
UP,5,1,,5049,0.5549613784907903,0.19985768796130543,0.10147991543331251,1.4497489436431985,1.0073052743354542,2165,0.5510392609699769,0.17379032725709104,0.09067357512930721,1.4204873508971552,1.022819294502664,0.5402492088607594,0.5364559298569451,0.1312407600198671,0.11074128443402043,0.014712169630030858,0.014583331113031783,0.06861692794143834,0.06304904282307061,NOT_ROBUST,ctx_structure_state,1,,,,,,,,,,,,,,,,,,,,,,,,,,,,,,,,,,,
DOWN,5,1,,3579,0.5568594579491478,0.18801906144518252,0.15698022768129555,1.4372665572945464,1.0216213359799613,1534,0.560625814863103,0.17660788591234522,0.11515531987505305,1.3916665429938515,1.0176304427337306,0.5537287140340575,0.5668949771689498,0.16726775773193228,0.185651650524687,0.0031307439150902727,-0.006269162305846732,0.020751303713250235,-0.00904376461234177,NOT_ROBUST,ctx_session_name,,ASIA,,,,,,,,,,,,,,,,,,,,,,,,,,,,,,,,,,
DOWN,5,1,,1793,0.5532626882320134,0.17957270745571477,0.14213197969577362,1.4073675369132141,1.0162263738684598,769,0.5721716514954487,0.1516830651725365,0.19915417147247105,1.3408319777831141,1.0167232553756507,0.5537287140340575,0.5668949771689498,0.16726775773193228,0.185651650524687,-0.00046602580204413435,0.00527667432649892,0.012304949723782488,-0.0339685853521505,NOT_ROBUST,ctx_session_name,,LONDON,,,,,,,,,,,,,,,,,,,,,,,,,,,,,,,,,,
DOWN,5,1,,3905,0.5567221510883482,0.1662986023129658,0.1249460198648539,1.4039207652951426,1.0467996941079247,1675,0.5635820895522388,0.21925917859217448,0.21300138312567354,1.3791768765705414,1.0164919566650923,0.5537287140340575,0.5668949771689498,0.16726775773193228,0.185651650524687,0.0029934370542906708,-0.003312887616711002,-0.000969155418966472,0.033607528067487485,NOT_ROBUST,ctx_session_name,,NEW_YORK,,,,,,,,,,,,,,,,,,,,,,,,,,,,,,,,,,
DOWN,5,1,,940,0.5255319148936171,0.04586219030831077,0.026735537590581816,1.3779107704953268,1.0703885319978519,403,0.6054590570719603,0.19869899069864647,0.18582065393324382,1.4855855210859328,0.9593867915743347,0.5537287140340575,0.5668949771689498,0.16726775773193228,0.185651650524687,-0.028196799140440487,0.038564079903010584,-0.12140556742362152,0.013047340173959476,NOT_ROBUST,ctx_session_name,,OFF_SESSION,,,,,,,,,,,,,,,,,,,,,,,,,,,,,,,,,,
UP,5,1,,3529,0.5466137716066874,0.12880601443466147,0.1066290550072224,1.353566607204039,1.0938050535346433,1513,0.543291473892928,0.12012865624340571,0.09726725335809547,1.3271752816855222,1.0796030487777484,0.5402492088607594,0.5364559298569451,0.1312407600198671,0.11074128443402043,0.006364562745928004,0.0068355440359828545,-0.002434745585205622,0.009387371809385286,NOT_ROBUST,ctx_session_name,,ASIA,,,,,,,,,,,,,,,,,,,,,,,,,,,,,,,,,,
UP,5,1,,1784,0.5347533632286996,0.09501128655707375,0.11596817207515932,1.2877012663268372,1.0823157857474754,765,0.5111111111111111,0.0927973060851662,0.034701184246820574,1.316340380544848,1.0922381038825053,0.5402492088607594,0.5364559298569451,0.1312407600198671,0.11074128443402043,-0.005495845632059848,-0.025344818745834052,-0.03622947346279334,-0.017943978348854223,NOT_ROBUST,ctx_session_name,,LONDON,,,,,,,,,,,,,,,,,,,,,,,,,,,,,,,,,,
UP,5,1,,3853,0.5338697119127952,0.11418069171393841,0.07065609228521971,1.3232669066711273,1.0915074637966686,1652,0.5332929782082324,0.08117139091388986,0.03456197646582901,1.3584683822691792,1.1225440658149854,0.5402492088607594,0.5364559298569451,0.1312407600198671,0.11074128443402043,-0.006379496947964247,-0.0031629516487127196,-0.017060068305928683,-0.029569893520130563,NOT_ROBUST,ctx_session_name,,NEW_YORK,,,,,,,,,,,,,,,,,,,,,,,,,,,,,,,,,,
UP,5,1,,944,0.5529661016949152,0.25075340713801475,0.20457277884353856,1.4669333960878679,1.0170137379968083,406,0.5714285714285714,0.29436841514024475,0.11664874838701979,1.4678922762312179,0.9242859603362491,0.5402492088607594,0.5364559298569451,0.1312407600198671,0.11074128443402043,0.01271689283415578,0.03497264157162627,0.11951264711814766,0.18362713070622433,NOT_ROBUST,ctx_session_name,,OFF_SESSION,,,,,,,,,,,,,,,,,,,,,,,,,,,,,,,,,,
DOWN,5,1,,6639,0.5515890947431842,0.15475361667890494,0.10754631721649376,1.4024155990076352,1.041177220944385,2846,0.5713281799016163,0.19362269809203006,0.19868289795658586,1.38096681967159,1.0101031032565586,0.5537287140340575,0.5668949771689498,0.16726775773193228,0.185651650524687,-0.0021396192908733624,0.0044332027326665635,-0.012514141053027339,0.00797104756734307,NOT_ROBUST,ctx_in_asia_session,,,0,,,,,,,,,,,,,,,,,,,,,,,,,,,,,,,,,
DOWN,5,1,,3579,0.5568594579491478,0.18801906144518252,0.15698022768129555,1.4372665572945464,1.0216213359799613,1534,0.560625814863103,0.17660788591234522,0.11515531987505305,1.3916665429938515,1.0176304427337306,0.5537287140340575,0.5668949771689498,0.16726775773193228,0.185651650524687,0.0031307439150902727,-0.006269162305846732,0.020751303713250235,-0.00904376461234177,NOT_ROBUST,ctx_in_asia_session,,,1,,,,,,,,,,,,,,,,,,,,,,,,,,,,,,,,,
UP,5,1,,6582,0.5367669401397751,0.13256611066256094,0.10539936561396598,1.3371682113454189,1.0758692927891471,2822,0.5329553508150248,0.10566905380608495,0.04210616701470686,1.3559549369729624,1.0915605773940011,0.5402492088607594,0.5364559298569451,0.1312407600198671,0.11074128443402043,-0.0034822687209843384,-0.0035005790419203597,0.0013253506426938455,-0.005072230627935478,NOT_ROBUST,ctx_in_asia_session,,,0,,,,,,,,,,,,,,,,,,,,,,,,,,,,,,,,,
UP,5,1,,3529,0.5466137716066874,0.12880601443466147,0.1066290550072224,1.353566607204039,1.0938050535346433,1513,0.543291473892928,0.12012865624340571,0.09726725335809547,1.3271752816855222,1.0796030487777484,0.5402492088607594,0.5364559298569451,0.1312407600198671,0.11074128443402043,0.006364562745928004,0.0068355440359828545,-0.002434745585205622,0.009387371809385286,NOT_ROBUST,ctx_in_asia_session,,,1,,,,,,,,,,,,,,,,,,,,,,,,,,,,,,,,,
DOWN,5,1,,8425,0.5538278931750742,0.1645412753367745,0.12607519282798432,1.4171137480832519,1.0375415439582218,3611,0.5657712545001384,0.19313702340208,0.16151022548523677,1.3918496549168593,1.0133800284590748,0.5537287140340575,0.5668949771689498,0.16726775773193228,0.185651650524687,9.91791410166476e-05,-0.0011237226688113333,-0.00272648239515777,0.0074853728773930095,NOT_ROBUST,ctx_in_london_session,,,,0,,,,,,,,,,,,,,,,,,,,,,,,,,,,,,,,
DOWN,5,1,,1793,0.5532626882320134,0.17957270745571477,0.14213197969577362,1.4073675369132141,1.0162263738684598,769,0.5721716514954487,0.1516830651725365,0.19915417147247105,1.3408319777831141,1.0167232553756507,0.5537287140340575,0.5668949771689498,0.16726775773193228,0.185651650524687,-0.00046602580204413435,0.00527667432649892,0.012304949723782488,-0.0339685853521505,NOT_ROBUST,ctx_in_london_session,,,,1,,,,,,,,,,,,,,,,,,,,,,,,,,,,,,,,
UP,5,1,,8327,0.5417317161042392,0.13903216307318003,0.1064189189190815,1.3549815126829847,1.0820644069610095,3570,0.5411764705882353,0.11452336016095206,0.06422550119613987,1.351626961028402,1.0864059532942822,0.5402492088607594,0.5364559298569451,0.1312407600198671,0.11074128443402043,0.0014825072434797582,0.004720540731290135,0.00779140305331294,0.0037820757269316357,NOT_ROBUST,ctx_in_london_session,,,,0,,,,,,,,,,,,,,,,,,,,,,,,,,,,,,,,
UP,5,1,,1784,0.5347533632286996,0.09501128655707375,0.11596817207515932,1.2877012663268372,1.0823157857474754,765,0.5111111111111111,0.0927973060851662,0.034701184246820574,1.316340380544848,1.0922381038825053,0.5402492088607594,0.5364559298569451,0.1312407600198671,0.11074128443402043,-0.005495845632059848,-0.025344818745834052,-0.03622947346279334,-0.017943978348854223,NOT_ROBUST,ctx_in_london_session,,,,1,,,,,,,,,,,,,,,,,,,,,,,,,,,,,,,,
DOWN,5,1,,6312,0.5510139416983524,0.16389463103229227,0.12695184810129975,1.4193661862797533,1.02769187706911,2706,0.5709534368070953,0.17410868460944603,0.14725652385456184,1.3925317781137452,1.0079042503244877,0.5537287140340575,0.5668949771689498,0.16726775773193228,0.185651650524687,-0.0027147723357051623,0.004058459638145551,-0.0033731266996400167,-0.011542965915240955,NOT_ROBUST,ctx_in_ny_session,,,,,0,,,,,,,,,,,,,,,,,,,,,,,,,,,,,,,
DOWN,5,1,,3905,0.5567221510883482,0.1662986023129658,0.1249460198648539,1.4039207652951426,1.0467996941079247,1675,0.5635820895522388,0.21925917859217448,0.21300138312567354,1.3791768765705414,1.0164919566650923,0.5537287140340575,0.5668949771689498,0.16726775773193228,0.185651650524687,0.0029934370542906708,-0.003312887616711002,-0.000969155418966472,0.033607528067487485,NOT_ROBUST,ctx_in_ny_session,,,,,1,,,,,,,,,,,,,,,,,,,,,,,,,,,,,,,
UP,5,1,,6258,0.5445829338446788,0.14183853333963944,0.12221787469269296,1.3558269368385523,1.076226010113483,2683,0.537458069325382,0.12873664087026707,0.08043665613322516,1.3361895741998873,1.0660416158193922,0.5402492088607594,0.5364559298569451,0.1312407600198671,0.11074128443402043,0.004333724983919374,0.0010021394684368579,0.010597773319772352,0.01799535643624664,NOT_ROBUST,ctx_in_ny_session,,,,,0,,,,,,,,,,,,,,,,,,,,,,,,,,,,,,,
UP,5,1,,3853,0.5338697119127952,0.11418069171393841,0.07065609228521971,1.3232669066711273,1.0915074637966686,1652,0.5332929782082324,0.08117139091388986,0.03456197646582901,1.3584683822691792,1.1225440658149854,0.5402492088607594,0.5364559298569451,0.1312407600198671,0.11074128443402043,-0.006379496947964247,-0.0031629516487127196,-0.017060068305928683,-0.029569893520130563,NOT_ROBUST,ctx_in_ny_session,,,,,1,,,,,,,,,,,,,,,,,,,,,,,,,,,,,,,
DOWN,5,1,,8869,0.5553049949261473,0.17428688929786712,0.12842136410709354,1.4326849047100165,1.035758861644421,3801,0.5643251775848461,0.20182288999285153,0.17574786324797315,1.3971818489982282,1.014309611197999,0.5537287140340575,0.5668949771689498,0.16726775773193228,0.185651650524687,0.0015762808920897209,-0.002569799584103638,0.0070191315659348386,0.01617123946816454,NOT_ROBUST,ctx_london_killzone,,,,,,0,,,,,,,,,,,,,,,,,,,,,,,,,,,,,,
DOWN,5,1,,1349,0.5426241660489252,0.11825105634084226,0.12248219735511941,1.2988032954617275,1.0222451293162425,579,0.5854922279792746,0.08617664378860915,0.12821415991557347,1.2960378974326654,1.008656315730892,0.5537287140340575,0.5668949771689498,0.16726775773193228,0.185651650524687,-0.011104547985132385,0.018597250810324817,-0.04901670139109002,-0.09947500673607784,NOT_ROBUST,ctx_london_killzone,,,,,,1,,,,,,,,,,,,,,,,,,,,,,,,,,,,,,
UP,5,1,,8766,0.5419803787360256,0.13581963245119022,0.10988363735982037,1.3518741054728163,1.0864132482068485,3757,0.5397923875432526,0.11689630380155534,0.06158768246357496,1.3623112555248227,1.0871187271483758,0.5402492088607594,0.5364559298569451,0.1312407600198671,0.11074128443402043,0.0017311698752661142,0.0033364576863075257,0.004578872431323128,0.006155019367534917,NOT_ROBUST,ctx_london_killzone,,,,,,0,,,,,,,,,,,,,,,,,,,,,,,,,,,,,,
UP,5,1,,1346,0.5289747399702823,0.10142025798942263,0.08223703240899291,1.2844895984653928,1.053673898112656,577,0.5147313691507799,0.07066432123847673,0.049499116087168296,1.238897681300882,1.0904409406086804,0.5402492088607594,0.5364559298569451,0.1312407600198671,0.11074128443402043,-0.011274468890477118,-0.02172456070616524,-0.029820502030444465,-0.0400769631955437,NOT_ROBUST,ctx_london_killzone,,,,,,1,,,,,,,,,,,,,,,,,,,,,,,,,,,,,,
DOWN,5,1,,8876,0.5534024335286165,0.1646352543452249,0.11725494581467677,1.4192371887053414,1.0357198497377855,3805,0.5695137976346912,0.19036902904495875,0.16631726065695335,1.3854797361283115,1.0086638626674227,0.5537287140340575,0.5668949771689498,0.16726775773193228,0.185651650524687,-0.0003262805054410345,0.002618820465741467,-0.002632503386707369,0.004717378520271764,NOT_ROBUST,ctx_ny_killzone,,,,,,,0,,,,,,,,,,,,,,,,,,,,,,,,,,,,,
DOWN,5,1,,1341,0.5540641312453393,0.17150548470750804,0.17451030272188225,1.3833467221327844,1.0301719415914399,576,0.5538194444444444,0.1851573779964595,0.16890225567374256,1.3814141993227205,1.0279182377560967,0.5537287140340575,0.5668949771689498,0.16726775773193228,0.185651650524687,0.00033541721128171886,-0.013075532724505345,0.004237726975575756,-0.0004942725282274796,NOT_ROBUST,ctx_ny_killzone,,,,,,,1,,,,,,,,,,,,,,,,,,,,,,,,,,,,,
UP,5,1,,8782,0.54190389432931,0.131490334027163,0.10458354571187012,1.3490502899650496,1.0873767280572344,3765,0.5341301460823373,0.11727425138359221,0.06323713927221437,1.3478949918292868,1.083214141387645,0.5402492088607594,0.5364559298569451,0.1312407600198671,0.11074128443402043,0.0016546854685505208,-0.0023257837746077925,0.0002495740072959163,0.0065329669495717835,NOT_ROBUST,ctx_ny_killzone,,,,,,,0,,,,,,,,,,,,,,,,,,,,,,,,,,,,,
UP,5,1,,1329,0.5297215951843491,0.13558739049777932,0.13436329588008988,1.3088508224227648,1.0448084455024538,570,0.5508771929824562,0.05364557929933646,0.007864055522282152,1.3172837254672118,1.1211210334607884,0.5402492088607594,0.5364559298569451,0.1312407600198671,0.11074128443402043,-0.010527613676410308,0.014421263125511063,0.004346630477912228,-0.05709570513468397,NOT_ROBUST,ctx_ny_killzone,,,,,,,1,,,,,,,,,,,,,,,,,,,,,,,,,,,,,
DOWN,5,1,,9103,0.5512468417005383,0.16337657957365706,0.12209302325559995,1.4010950555172792,1.0219668949839125,3902,0.5697078421322399,0.20026425004759588,0.17078713037637117,1.3791259913770404,0.9867647254013769,0.5537287140340575,0.5668949771689498,0.16726775773193228,0.185651650524687,-0.002481872333519264,0.0028128649632901404,-0.0038911781582752214,0.014612599522908887,NOT_ROBUST,ctx_compression_flag,,,,,,,,0,,,,,,,,,,,,,,,,,,,,,,,,,,,,
DOWN,5,1,,1115,0.5730941704035875,0.1839369783533616,0.18106235565803697,1.5254667742641237,1.1392523262905354,478,0.5460251046025104,0.10158648408848493,0.1504991468460959,1.4293909081072835,1.2154182321654545,0.5537287140340575,0.5668949771689498,0.16726775773193228,0.185651650524687,0.01936545636952991,-0.02086987256643935,0.01666922062142931,-0.08406516643620206,NOT_ROBUST,ctx_compression_flag,,,,,,,,1,,,,,,,,,,,,,,,,,,,,,,,,,,,,
UP,5,1,,9030,0.5390919158361018,0.1350782523902313,0.1035617182406948,1.3268618067036566,1.0643050128798421,3871,0.5365538620511495,0.09476000289344046,0.04925241864551022,1.320126952197815,1.0727378555939688,0.5402492088607594,0.5364559298569451,0.1312407600198671,0.11074128443402043,-0.001157293024657613,9.793219420439758e-05,0.0038374923703642094,-0.01598128154057997,NOT_ROBUST,ctx_compression_flag,,,,,,,,0,,,,,,,,,,,,,,,,,,,,,,,,,,,,
UP,5,1,,1081,0.5494912118408881,0.11006939576307172,0.14752828141935914,1.496975917234212,1.2289449553913736,464,0.5366379310344828,0.2187536313658703,0.12585161975039547,1.5139962159580826,1.2144419809940148,0.5402492088607594,0.5364559298569451,0.1312407600198671,0.11074128443402043,0.009242002980128672,0.00018200117753763845,-0.021171364256795375,0.10801234693184988,NOT_ROBUST,ctx_compression_flag,,,,,,,,1,,,,,,,,,,,,,,,,,,,,,,,,,,,,
DOWN,5,1,,7301,0.5526640186275853,0.16400784627337356,0.12349309026763254,1.4418104991315421,1.0693956180815185,3130,0.5642172523961662,0.1816191271642859,0.16162802673505444,1.3924234307589445,1.0507104665623452,0.5537287140340575,0.5668949771689498,0.16726775773193228,0.185651650524687,-0.0010646954064722491,-0.0026777247727836073,-0.003259911458558723,-0.00403252336040108,NOT_ROBUST,ctx_expansion_flag,,,,,,,,,0,,,,,,,,,,,,,,,,,,,,,,,,,,,
DOWN,5,1,,2916,0.556241426611797,0.1720163574982334,0.13529244547753527,1.3453186095008807,0.9458636742059561,1251,0.5739408473221422,0.2036829142062744,0.18411910669967085,1.3683208300298435,0.9192943408520267,0.5537287140340575,0.5668949771689498,0.16726775773193228,0.185651650524687,0.00251271257773944,0.007045870153192468,0.004748599766301126,0.018031263681587417,NOT_ROBUST,ctx_expansion_flag,,,,,,,,,1,,,,,,,,,,,,,,,,,,,,,,,,,,,
UP,5,1,,7213,0.5391653958131152,0.12186654541982829,0.10379310344812495,1.3775829787244291,1.1261110027592252,3092,0.5323415265200517,0.1165158479878809,0.05902607013862976,1.3865182873231856,1.11769748843263,0.5402492088607594,0.5364559298569451,0.1312407600198671,0.11074128443402043,-0.0010838130476442664,-0.004114403336893391,-0.009374214600038802,0.005774563553860468,NOT_ROBUST,ctx_expansion_flag,,,,,,,,,0,,,,,,,,,,,,,,,,,,,,,,,,,,,
UP,5,1,,2898,0.5431331953071084,0.15496248200098697,0.114593950785567,1.257351051498456,0.9727833060915042,1243,0.5462590506838294,0.09548481506623607,0.051600387972730304,1.2430207884484077,1.0117037514717329,0.5402492088607594,0.5364559298569451,0.1312407600198671,0.11074128443402043,0.0028839864463489073,0.009803120826884282,0.02372172198111988,-0.015256469367784353,NOT_ROBUST,ctx_expansion_flag,,,,,,,,,1,,,,,,,,,,,,,,,,,,,,,,,,,,,
DOWN,5,1,,10139,0.5563665055725416,0.17364162012913786,0.13536895674338045,1.422456221701313,1.0270508884361522,4346,0.5690289921767142,0.1944382168226045,0.17353311983353023,1.3891389616863736,1.006946604810568,0.5537287140340575,0.5668949771689498,0.16726775773193228,0.185651650524687,0.002637791538484091,0.002134015007764445,0.006373862397205582,0.00878656629791752,NOT_ROBUST,ctx_bos_up,,,,,,,,,,0,,,,,,,,,,,,,,,,,,,,,,,,,,
DOWN,5,1,,79,0.24050632911392406,-0.6578010572248206,-0.5463958582240267,0.5898290302875856,1.8837673497683862,34,0.23529411764705882,-0.921129866958641,-0.449126677771159,0.39953421751395923,1.9494217456230436,0.5537287140340575,0.5668949771689498,0.16726775773193228,0.185651650524687,-0.3132223849201335,-0.33160085952189094,-0.8250688149567529,-1.106781517483328,NOT_ROBUST,ctx_bos_up,,,,,,,,,,1,,,,,,,,,,,,,,,,,,,,,,,,,,
UP,5,1,,9305,0.5212251477700162,0.06570195348988345,0.05243445692854781,1.27185027275142,1.1369798121199728,3988,0.5168004012036108,0.05266418532990938,0.010486360005993879,1.287241346066877,1.1387867958649078,0.5402492088607594,0.5364559298569451,0.1312407600198671,0.11074128443402043,-0.019024061090743283,-0.01965552865333431,-0.06553880652998365,-0.058077099104111046,NOT_ROBUST,ctx_bos_up,,,,,,,,,,0,,,,,,,,,,,,,,,,,,,,,,,,,,
UP,5,1,,807,0.7558859975216853,0.8663718209313065,0.7920990960830548,2.153127024725594,0.46411831550389476,346,0.7716763005780347,0.8280803012928686,0.7335474711600448,2.0428900930817155,0.461302621304283,0.5402492088607594,0.5364559298569451,0.1312407600198671,0.11074128443402043,0.21563678866092584,0.2352203707210896,0.7351310609114394,0.7173390168588482,ROBUST_POSITIVE,ctx_bos_up,,,,,,,,,,1,,,,,,,,,,,,,,,,,,,,,,,,,,
DOWN,5,1,,9419,0.5361503344304066,0.12186400433445693,0.08369247879888955,1.357997497024111,1.077615087937936,4038,0.5480435859336306,0.12367007375512538,0.12518270970729586,1.314337890596969,1.0673679127376046,0.5537287140340575,0.5668949771689498,0.16726775773193228,0.185651650524687,-0.01757837960365094,-0.018851391235319204,-0.04540375339747535,-0.061981576769561605,NOT_ROBUST,ctx_bos_dn,,,,,,,,,,,0,,,,,,,,,,,,,,,,,,,,,,,,,
DOWN,5,1,,798,0.7669172932330827,0.7162984774960723,0.6648923875394426,2.1152144015422274,0.497256420715523,343,0.7755102040816326,0.8847614522207037,0.6816693944350831,2.1383273964298137,0.43049006906969983,0.5537287140340575,0.5668949771689498,0.16726775773193228,0.185651650524687,0.21318857919902512,0.20861522691268286,0.5490307197641401,0.6991098016960167,ROBUST_POSITIVE,ctx_bos_dn,,,,,,,,,,,1,,,,,,,,,,,,,,,,,,,,,,,,,
UP,5,1,,10030,0.5423728813559322,0.13783427900097792,0.10946732069534976,1.3475659356940601,1.0733829392261531,4299,0.5377994882530821,0.11400799995514177,0.06171932402623781,1.3492634449073948,1.0844655779812782,0.5402492088607594,0.5364559298569451,0.1312407600198671,0.11074128443402043,0.002123672495172757,0.001343558396136979,0.006593518981110824,0.003266715521121344,NOT_ROBUST,ctx_bos_dn,,,,,,,,,,,0,,,,,,,,,,,,,,,,,,,,,,,,,
UP,5,1,,81,0.30864197530864196,-0.5274845067764213,-0.23790849673205944,0.8310227898332365,2.0027933346054607,36,0.3055555555555556,-0.6336853633369891,-0.39934077079107133,0.794889627269191,1.8016228051569934,0.5402492088607594,0.5364559298569451,0.1312407600198671,0.11074128443402043,-0.2316072335521175,-0.23090037430138954,-0.6587252667962884,-0.7444266477710095,NOT_ROBUST,ctx_bos_dn,,,,,,,,,,,1,,,,,,,,,,,,,,,,,,,,,,,,,
DOWN,5,1,,10208,0.5540752351097179,0.16810324650372177,0.13017719809631673,1.416137807266715,1.033007918971857,4376,0.5671846435100548,0.1856485187414495,0.1661293730141447,1.383560256049262,1.0140006956333683,0.5537287140340575,0.5668949771689498,0.16726775773193228,0.185651650524687,0.0003465210756603554,0.00028966634110505485,0.0008354887717894888,-3.1317832374921917e-06,NOT_ROBUST,ctx_choch_up,,,,,,,,,,,,0,,,,,,,,,,,,,,,,,,,,,,,,
DOWN,5,1,,9,0.2222222222222222,-1.0254071038965835,-1.5035211267603463,0.4198371527274821,1.9919744034542424,5,0.2,0.6257966831014669,0.09062434746278465,1.097852936408098,0.8834423512672839,0.5537287140340575,0.5668949771689498,0.16726775773193228,0.185651650524687,-0.33150649181183534,-0.36689497716894975,-1.1926748616285159,0.44014503257677984,NOT_ROBUST,ctx_choch_up,,,,,,,,,,,,1,,,,,,,,,,,,,,,,,,,,,,,,
UP,5,1,,9762,0.5310387215734481,0.09838278453021057,0.07516210265526768,1.3085290843024031,1.108410326273,4185,0.5285543608124254,0.08862204902892118,0.04327666151464361,1.3220020825346979,1.1082765058160826,0.5402492088607594,0.5364559298569451,0.1312407600198671,0.11074128443402043,-0.00921048728731133,-0.007901569044519774,-0.03285797548965652,-0.022119235405099247,NOT_ROBUST,ctx_choch_up,,,,,,,,,,,,0,,,,,,,,,,,,,,,,,,,,,,,,
UP,5,1,,349,0.7994269340974212,1.0524874077297628,0.9694374723164616,2.3062631844913466,0.34450004737863815,150,0.7533333333333333,0.7229677932686859,0.6275555899479694,2.0078217964749814,0.5104252187736603,0.5402492088607594,0.5364559298569451,0.1312407600198671,0.11074128443402043,0.2591777252366617,0.21687740347638818,0.9212466477098957,0.6122265088346655,ROBUST_POSITIVE,ctx_choch_up,,,,,,,,,,,,1,,,,,,,,,,,,,,,,,,,,,,,,
DOWN,5,1,,9898,0.5456657910689028,0.14555296435344114,0.10280691991574509,1.3910379283881362,1.053853232867873,4243,0.557860004713646,0.16074700110619897,0.13963963963982431,1.3532298018987676,1.0370056357505606,0.5537287140340575,0.5668949771689498,0.16726775773193228,0.185651650524687,-0.008062922965154762,-0.009034972455303714,-0.021714793378491137,-0.024904649418488023,NOT_ROBUST,ctx_choch_dn,,,,,,,,,,,,,0,,,,,,,,,,,,,,,,,,,,,,,
DOWN,5,1,,319,0.8119122257053292,0.8323956812540179,0.7572283150548115,2.1711718259525425,0.4011279645675236,138,0.8260869565217391,0.9712260044856454,0.867684120208428,2.29573144192523,0.3300205089194759,0.5537287140340575,0.5668949771689498,0.16726775773193228,0.185651650524687,0.2581835116712716,0.25919197935278937,0.6651279235220856,0.7855743539609584,ROBUST_POSITIVE,ctx_choch_dn,,,,,,,,,,,,,1,,,,,,,,,,,,,,,,,,,,,,,
UP,5,1,,10105,0.5406234537357744,0.13295408533571337,0.10734824281222007,1.3438601397041696,1.0801382678250275,4332,0.5364727608494921,0.11071263190729073,0.059904911252580524,1.3458760308978786,1.087638393298657,0.5402492088607594,0.5364559298569451,0.1312407600198671,0.11074128443402043,0.00037424487501491743,1.6830992547012258e-05,0.0017133253158462813,-2.8652526729691652e-05,NOT_ROBUST,ctx_choch_dn,,,,,,,,,,,,,0,,,,,,,,,,,,,,,,,,,,,,,
UP,5,1,,6,0.16666666666666666,-1.995328184652573,-2.2897230511097795,0.2672377549075186,3.7604967153941753,3,0.0,-1.3589641913035664,-1.5121302758391875,0.2845510456019698,2.0744616114923304,0.5402492088607594,0.5364559298569451,0.1312407600198671,0.11074128443402043,-0.3735825421940928,-0.5364559298569451,-2.12656894467244,-1.469705475737587,NOT_ROBUST,ctx_choch_dn,,,,,,,,,,,,,1,,,,,,,,,,,,,,,,,,,,,,,
DOWN,5,1,,10218,0.5537287140340575,0.16726775773193228,0.12857145263149353,1.415351271221817,1.033908363828433,4380,0.5668949771689498,0.185651650524687,0.1661293730141447,1.3830143668406987,1.0137171691198248,0.5537287140340575,0.5668949771689498,0.16726775773193228,0.185651650524687,0.0,0.0,0.0,0.0,NOT_ROBUST,ctx_sweep_high,,,,,,,,,,,,,,0,,,,,,,,,,,,,,,,,,,,,,
UP,5,1,,6115,0.6663941128372853,0.44350178135382107,0.4122497055359352,1.6615422055693139,0.7725798028904456,2621,0.6596718809614651,0.4076366835939747,0.29020100502506857,1.6430689735540636,0.7734973925126721,0.5402492088607594,0.5364559298569451,0.1312407600198671,0.11074128443402043,0.1261449039765259,0.12321595110452,0.31226102133395395,0.2968953991599543,ROBUST_POSITIVE,ctx_sweep_high,,,,,,,,,,,,,,0,,,,,,,,,,,,,,,,,,,,,,
UP,5,1,,3996,0.3465965965965966,-0.34848092224198296,-0.3394019957429098,0.8533224545637329,1.558172003459007,1714,0.34947491248541424,-0.33887986192620695,-0.339969251918249,0.8960372590713319,1.5619110822611117,0.5402492088607594,0.5364559298569451,0.1312407600198671,0.11074128443402043,-0.19365261226416286,-0.1869810173715309,-0.4797216822618501,-0.4496211463602274,ROBUST_NEGATIVE,ctx_sweep_high,,,,,,,,,,,,,,1,,,,,,,,,,,,,,,,,,,,,,
DOWN,5,1,,6090,0.6752052545155993,0.4821467766344828,0.40850564569378334,1.743226087158338,0.7191348595809051,2611,0.6821141325162773,0.4750634335370696,0.434599156118056,1.681142551079804,0.7070879565369087,0.5537287140340575,0.5668949771689498,0.16726775773193228,0.185651650524687,0.12147654048154177,0.11521915534732752,0.31487901890255054,0.2894117830123826,ROBUST_POSITIVE,ctx_sweep_low,,,,,,,,,,,,,,,0,,,,,,,,,,,,,,,,,,,,,
DOWN,5,1,,4127,0.37630239883692757,-0.2939053953287904,-0.3003786285234718,0.9366777654953702,1.4941097472122156,1770,0.3926553672316384,-0.24939025443184082,-0.22132632585486395,0.9312333368608735,1.4760610091713942,0.5537287140340575,0.5668949771689498,0.16726775773193228,0.185651650524687,-0.17742631519712998,-0.17423960993731136,-0.4611731530607227,-0.43504190495652784,ROBUST_NEGATIVE,ctx_sweep_low,,,,,,,,,,,,,,,1,,,,,,,,,,,,,,,,,,,,,
UP,5,1,,10112,0.5402492088607594,0.1312407600198671,0.10612522619820784,1.342904609188007,1.0820553402532507,4334,0.5364559298569451,0.11074128443402043,0.059904911252580524,1.3458807912130524,1.0875610246025973,0.5402492088607594,0.5364559298569451,0.1312407600198671,0.11074128443402043,0.0,0.0,0.0,0.0,NOT_ROBUST,ctx_sweep_low,,,,,,,,,,,,,,,0,,,,,,,,,,,,,,,,,,,,,
DOWN,5,1,,10215,0.5536955457660303,0.16713709632900858,0.12872154115589352,1.4152315251467202,1.0338794749086166,4379,0.5670244348024663,0.18591833264408902,0.16631726065695335,1.3827957276656435,1.013711900030114,0.5537287140340575,0.5668949771689498,0.16726775773193228,0.185651650524687,-3.316826802723938e-05,0.00012945763351657202,-0.00013066140292369854,0.0002666821194020341,NOT_ROBUST,ctx_fvg_up,,,,,,,,,,,,,,,,0,,,,,,,,,,,,,,,,,,,,
DOWN,5,1,,2,0.5,-0.3741194375338353,-0.3741194375338353,0.981928534324569,0.9744238182465357,2,0.5,0.801299514396195,0.801299514396195,2.922919108268837,1.2423841419401422,0.5537287140340575,0.5668949771689498,0.16726775773193228,0.185651650524687,-0.053728714034057545,-0.06689497716894977,-0.5413871952657676,0.6156478638715079,NOT_ROBUST,ctx_fvg_up,,,,,,,,,,,,,,,,1,,,,,,,,,,,,,,,,,,,,
UP,5,1,,9053,0.5347398652380426,0.10812182973703621,0.09937888198748608,1.31542261433576,1.0985249390404446,3881,0.5325946920896676,0.10030418853954602,0.0589611605054745,1.3203084902804525,1.0930739385677855,0.5402492088607594,0.5364559298569451,0.1312407600198671,0.11074128443402043,-0.005509343622716822,-0.0038612377672775366,-0.02311893028283088,-0.010437095894474405,NOT_ROBUST,ctx_fvg_up,,,,,,,,,,,,,,,,0,,,,,,,,,,,,,,,,,,,,
UP,5,1,,1058,0.5888468809073724,0.28546730624763134,0.19242856962953936,1.5640192532945154,0.9685692312816524,454,0.566079295154185,0.3016022064241848,0.05569596900698018,1.59719869797539,0.976477105413699,0.5402492088607594,0.5364559298569451,0.1312407600198671,0.11074128443402043,0.048597672046612916,0.029623365297239856,0.15422654622776424,0.19086092199016436,NOT_ROBUST,ctx_fvg_up,,,,,,,,,,,,,,,,1,,,,,,,,,,,,,,,,,,,,
DOWN,5,1,,9200,0.5471739130434783,0.14250287249518684,0.109812963312205,1.3868658068505153,1.0525060139168054,3943,0.5622622368754755,0.18975090873055883,0.16374269005833336,1.3717237828442295,1.0091751033227032,0.5537287140340575,0.5668949771689498,0.16726775773193228,0.185651650524687,-0.006554800990579257,-0.004632740293474269,-0.024764885236745443,0.004099258205871842,NOT_ROBUST,ctx_fvg_dn,,,,,,,,,,,,,,,,,0,,,,,,,,,,,,,,,,,,,
DOWN,5,1,,1018,0.6060903732809431,0.3626911296095439,0.27933696036789274,1.6570804159099468,0.9024951945016704,437,0.6247139588100686,0.2147879811903548,0.27953410981687354,1.5214692309632083,0.9692997572197588,0.5537287140340575,0.5668949771689498,0.16726775773193228,0.185651650524687,0.05236165924688552,0.05781898164111887,0.19542337187761163,0.029136330665667814,NOT_ROBUST,ctx_fvg_dn,,,,,,,,,,,,,,,,,1,,,,,,,,,,,,,,,,,,,
UP,5,1,,10110,0.5402571711177052,0.13174459850183584,0.10612522619820784,1.3429315110438493,1.0816536877909815,4333,0.5365797369028387,0.11116820031759275,0.06077960465537479,1.3461863650116634,1.0873031846117873,0.5402492088607594,0.5364559298569451,0.1312407600198671,0.11074128443402043,7.962256945770463e-06,0.00012380704589354252,0.0005038384819687491,0.00042691588357232635,NOT_ROBUST,ctx_fvg_dn,,,,,,,,,,,,,,,,,0,,,,,,,,,,,,,,,,,,,
UP,5,1,,2,0.5,-0.7888867149285437,-0.7888867149285437,1.3658387954085973,1.4436081490901804,1,0.0,-4.992637341891785,-4.992637341891785,-0.296016613177245,5.54238248064956,0.5402492088607594,0.5364559298569451,0.1312407600198671,0.11074128443402043,-0.040249208860759444,-0.5364559298569451,-0.9201274749484107,-5.103378626325806,NOT_ROBUST,ctx_fvg_dn,,,,,,,,,,,,,,,,,1,,,,,,,,,,,,,,,,,,,
DOWN,5,1,,5289,0.5568160332766119,0.1966673076928875,0.11146496815290763,1.4793657885769147,1.0195961500052861,2268,0.5590828924162258,0.18205725569827613,0.13052342542305176,1.4013088098277156,1.004365734916395,0.5537287140340575,0.5668949771689498,0.16726775773193228,0.185651650524687,0.0030873192425543428,-0.007812084752723991,0.02939954996095523,-0.003594394826410857,NOT_ROBUST,ctx_ema20_above_ema50,,,,,,,,,,,,,,,,,,0,,,,,,,,,,,,,,,,,,
DOWN,5,1,,4928,0.5523538961038961,0.13894362243667258,0.15443050725236301,1.3521011885111482,1.0533775635592852,2113,0.5707524846190251,0.18197007104766597,0.18869709151105393,1.3506736974213378,1.0141820657620746,0.5537287140340575,0.5668949771689498,0.16726775773193228,0.185651650524687,-0.001374817930161476,0.0038575074500752926,-0.028324135295259706,-0.003681579477021024,NOT_ROBUST,ctx_ema20_above_ema50,,,,,,,,,,,,,,,,,,1,,,,,,,,,,,,,,,,,,
UP,5,1,,5277,0.541785105173394,0.10471874871855918,0.1464264962233548,1.2890916233706362,1.1254019687382606,2262,0.53315649867374,0.07858703687046548,0.061399712562078296,1.2830203333747527,1.110219837837363,0.5402492088607594,0.5364559298569451,0.1312407600198671,0.11074128443402043,0.0015358963126345104,-0.0032994311832050816,-0.026522011301307907,-0.03215424756355495,NOT_ROBUST,ctx_ema20_above_ema50,,,,,,,,,,,,,,,,,,0,,,,,,,,,,,,,,,,,,
UP,5,1,,4834,0.5386843194042201,0.1592339435165861,0.046744258500680404,1.4033297599605368,1.0356752936507216,2073,0.5397973950795948,0.14807414120112591,0.05722070844681331,1.4105519570461758,1.0606441145880472,0.5402492088607594,0.5364559298569451,0.1312407600198671,0.11074128443402043,-0.00156488945653932,0.0033414652226496644,0.027993183496719004,0.03733285676710549,NOT_ROBUST,ctx_ema20_above_ema50,,,,,,,,,,,,,,,,,,1,,,,,,,,,,,,,,,,,,
DOWN,5,1,,9810,0.5485219164118247,0.14111406715520966,0.111650214312422,1.376101386492516,1.0491644404859999,4205,0.5643281807372176,0.17492984027058825,0.15555555555540493,1.357192371533649,1.0144210097674806,0.5537287140340575,0.5668949771689498,0.16726775773193228,0.185651650524687,-0.005206797622232862,-0.002566796431732188,-0.02615369057672262,-0.01072181025409874,NOT_ROBUST,ctx_vol_spike_1p5,,,,,,,,,,,,,,,,,,,0,,,,,,,,,,,,,,,,,
DOWN,5,1,,408,0.6666666666666666,0.6770646575753951,0.5580449227507285,2.2455379921926863,0.7691828555398291,175,0.6571428571428571,0.7208275450389794,0.5902867652067805,2.268195380009117,0.7587814288205437,0.5537287140340575,0.5668949771689498,0.16726775773193228,0.185651650524687,0.11293795263260908,0.09024787997390737,0.5097968998434629,0.5351758945142924,ROBUST_POSITIVE,ctx_vol_spike_1p5,,,,,,,,,,,,,,,,,,,1,,,,,,,,,,,,,,,,,
UP,5,1,,9720,0.5347736625514403,0.10336187823848351,0.09183420381510382,1.302415008140372,1.0930638302256315,4167,0.531317494600432,0.08670172678473222,0.04487179487175072,1.315437169381581,1.1016379454325387,0.5402492088607594,0.5364559298569451,0.1312407600198671,0.11074128443402043,-0.005475546309319124,-0.005138435256513141,-0.027878881781383577,-0.02403955764928821,NOT_ROBUST,ctx_vol_spike_1p5,,,,,,,,,,,,,,,,,,,0,,,,,,,,,,,,,,,,,
UP,5,1,,391,0.670076726342711,0.7663445214629806,0.6112956810631797,2.2742601591176843,0.8410700920856166,168,0.6785714285714286,0.8419942391421218,0.7839046545572195,2.2759670897262807,0.6623150407888342,0.5402492088607594,0.5364559298569451,0.1312407600198671,0.11074128443402043,0.12982751748195154,0.14211549871448348,0.6351037614431135,0.7312529547081014,ROBUST_POSITIVE,ctx_vol_spike_1p5,,,,,,,,,,,,,,,,,,,1,,,,,,,,,,,,,,,,,
DOWN,5,1,,10140,0.5517751479289941,0.15436585692192056,0.12224423856931416,1.3984484073131742,1.04085706974411,4346,0.5669581224114127,0.18363924717219454,0.1680989583334857,1.3749970477714266,1.0147923133676322,0.5537287140340575,0.5668949771689498,0.16726775773193228,0.185651650524687,-0.0019535661050634756,6.314524246298081e-05,-0.012901900810011718,-0.002012403352492448,NOT_ROBUST,ctx_vol_spike_2p0,,,,,,,,,,,,,,,,,,,,0,,,,,,,,,,,,,,,,
DOWN,5,1,,78,0.7307692307692307,1.5135104823045988,1.1793517738327892,3.310547032326714,0.2936352258309875,34,0.7352941176470589,1.2022471407241888,0.5972226293669617,3.101044935738108,0.502212753762917,0.5537287140340575,0.5668949771689498,0.16726775773193228,0.185651650524687,0.17704051673517318,0.1683991404781091,1.3462427245726665,1.0165954901995018,NOT_ROBUST,ctx_vol_spike_2p0,,,,,,,,,,,,,,,,,,,,1,,,,,,,,,,,,,,,,
UP,5,1,,10040,0.5382470119521913,0.11763922402751718,0.10143120195654806,1.325474888623045,1.08810014910089,4304,0.5362453531598513,0.10347538935662462,0.05902607013862976,1.3373324159769995,1.0914482325422044,0.5402492088607594,0.5364559298569451,0.1312407600198671,0.11074128443402043,-0.0020021969085681768,-0.00021057669709378946,-0.013601535992349909,-0.007265895077395806,NOT_ROBUST,ctx_vol_spike_2p0,,,,,,,,,,,,,,,,,,,,0,,,,,,,,,,,,,,,,
UP,5,1,,71,0.7605633802816901,1.604062040681428,1.7172774869108935,3.2940685700819046,0.5424379192082662,31,0.7096774193548387,2.152096843302404,0.5025278058645187,3.708815761622656,-0.1741516396724356,0.5402492088607594,0.5364559298569451,0.1312407600198671,0.11074128443402043,0.22031417142093068,0.17322148949789362,1.472821280661561,2.041355558868384,NOT_ROBUST,ctx_vol_spike_2p0,,,,,,,,,,,,,,,,,,,,1,,,,,,,,,,,,,,,,
DOWN,5,1,,2536,0.5047318611987381,0.07064471086263037,0.032260523321964954,1.2317959080152918,1.073896564203095,1088,0.5193014705882353,0.11504098760594346,0.060568535740810794,1.2368895740517485,1.0903508941132347,0.5537287140340575,0.5668949771689498,0.16726775773193228,0.185651650524687,-0.048996852835319404,-0.047593506580714484,-0.09662304686930191,-0.07061066291874353,NOT_ROBUST,ctx_vol_ratio_bucket,,,,,,,,,,,,,,,,,,,,,Q1_LOW,,,,,,,,,,,,,,,
DOWN,5,1,,2716,0.5500736377025037,0.14874084367156656,0.15820577472427577,1.3311823560121372,1.0473518872137086,1165,0.5390557939914163,0.03310152163018906,0.06946564885501823,1.209520495724649,1.0814888433488021,0.5537287140340575,0.5668949771689498,0.16726775773193228,0.185651650524687,-0.0036550763315538193,-0.027839183177533422,-0.018526914060365718,-0.15255012889449793,NOT_ROBUST,ctx_vol_ratio_bucket,,,,,,,,,,,,,,,,,,,,,Q2,,,,,,,,,,,,,,,
DOWN,5,1,,2586,0.5726991492652745,0.14341396872745318,0.1328425512535663,1.4102824915024053,1.0428603268512464,1109,0.5644724977457168,0.24088382595638716,0.1882640586796584,1.421972599342257,0.982198682678346,0.5537287140340575,0.5668949771689498,0.16726775773193228,0.185651650524687,0.018970435231216998,-0.002422479423232926,-0.023853789004479098,0.05523217543170017,NOT_ROBUST,ctx_vol_ratio_bucket,,,,,,,,,,,,,,,,,,,,,Q3,,,,,,,,,,,,,,,
DOWN,5,1,,2377,0.5965502734539335,0.2956580795561963,0.23392806570381566,1.6990041243263703,0.9799658658065156,1019,0.634936211972522,0.4264764016077001,0.40020237794083646,1.7270275703666662,0.8560790144754169,0.5537287140340575,0.5668949771689498,0.16726775773193228,0.185651650524687,0.042821559419875976,0.06804123480357227,0.128390321824264,0.24082475108301313,ROBUST_POSITIVE,ctx_vol_ratio_bucket,,,,,,,,,,,,,,,,,,,,,Q4_HIGH,,,,,,,,,,,,,,,
DOWN,5,1,,1,1.0,-0.70115702479354,-0.70115702479354,2.1312396694214963,1.622148760330629,1,1.0,0.7669549956123536,0.7669549956123536,1.0460072709038373,0.8705026952488322,0.5537287140340575,0.5668949771689498,0.16726775773193228,0.185651650524687,0.44627128596594245,0.43310502283105023,-0.8684247825254723,0.5813033450876666,NOT_ROBUST,ctx_vol_ratio_bucket,,,,,,,,,,,,,,,,,,,,,UNKNOWN,,,,,,,,,,,,,,,
UP,5,1,,2520,0.4932539682539683,-0.026558225116724968,-0.07574679218010863,1.1724385333213625,1.184816325141242,1081,0.5023126734505088,0.03882083895917757,0.0,1.2206366417254393,1.1266648605488407,0.5402492088607594,0.5364559298569451,0.1312407600198671,0.11074128443402043,-0.04699524060679117,-0.03414325640643634,-0.15779898513659207,-0.07192044547484286,NOT_ROBUST,ctx_vol_ratio_bucket,,,,,,,,,,,,,,,,,,,,,Q1_LOW,,,,,,,,,,,,,,,
UP,5,1,,2715,0.5208103130755064,0.00871985478955258,0.006989515726245511,1.2048065807588193,1.1152565006313446,1164,0.5008591065292096,0.012470689854466161,-0.0025225225225775838,1.2387218778967615,1.162832844917076,0.5402492088607594,0.5364559298569451,0.1312407600198671,0.11074128443402043,-0.01943889578525304,-0.035596823327735505,-0.12252090523031452,-0.09827059457955427,NOT_ROBUST,ctx_vol_ratio_bucket,,,,,,,,,,,,,,,,,,,,,Q2,,,,,,,,,,,,,,,
UP,5,1,,2658,0.555680963130173,0.17161770664596424,0.18009273445560628,1.379743022575854,1.066817561909747,1140,0.5561403508771929,0.11676488408638203,0.07105976454284958,1.3309556988400766,1.0706473211398007,0.5402492088607594,0.5364559298569451,0.1312407600198671,0.11074128443402043,0.015431754269413567,0.01968442102024781,0.04037694662609714,0.0060235996523616,NOT_ROBUST,ctx_vol_ratio_bucket,,,,,,,,,,,,,,,,,,,,,Q3,,,,,,,,,,,,,,,
UP,5,1,,2215,0.5986455981941309,0.3778563486879528,0.3378962536023506,1.6576035318512463,0.959211447582551,950,0.5968421052631578,0.3898108360596357,0.2830468451496645,1.6499601383803817,0.9302167002639465,0.5402492088607594,0.5364559298569451,0.1312407600198671,0.11074128443402043,0.058396389333371435,0.060386175406212717,0.24661558866808572,0.27906955162561525,ROBUST_POSITIVE,ctx_vol_ratio_bucket,,,,,,,,,,,,,,,,,,,,,Q4_HIGH,,,,,,,,,,,,,,,
UP,5,1,,2,0.5,-0.8077159618773571,-0.8077159618773571,0.5945670243180696,2.1561962079370645,1,0.0,-1.0981031071802005,-1.0981031071802005,0.6337716746189136,1.3017572442685232,0.5402492088607594,0.5364559298569451,0.1312407600198671,0.11074128443402043,-0.040249208860759444,-0.5364559298569451,-0.9389567218972241,-1.208844391614221,NOT_ROBUST,ctx_vol_ratio_bucket,,,,,,,,,,,,,,,,,,,,,UNKNOWN,,,,,,,,,,,,,,,
DOWN,5,1,,2595,0.5722543352601156,0.18612948791793169,0.18106235565803697,1.5059888477557317,1.1059433138087948,1113,0.5714285714285714,0.20467930261433387,0.19787985865706895,1.4675166829508208,1.1186406854325766,0.5537287140340575,0.5668949771689498,0.16726775773193228,0.185651650524687,0.018525621226058053,0.004533594259621632,0.018861730185999404,0.01902765208964688,NOT_ROBUST,ctx_ATR_Z_bucket,,,,,,,,,,,,,,,,,,,,,,Q1_LOW,,,,,,,,,,,,,,
DOWN,5,1,,2531,0.5456341367048597,0.14205560180987062,0.06789054381726808,1.4251593990048235,1.0841663960215866,1085,0.5649769585253456,0.18317093791858435,0.13963963963982431,1.36061679916386,0.9852415919782764,0.5537287140340575,0.5668949771689498,0.16726775773193228,0.185651650524687,-0.008094577329197827,-0.0019180186436041913,-0.025212155922061663,-0.0024807126061026363,NOT_ROBUST,ctx_ATR_Z_bucket,,,,,,,,,,,,,,,,,,,,,,Q2,,,,,,,,,,,,,,
DOWN,5,1,,2517,0.5423122765196663,0.17137353300610852,0.1175182481754257,1.4034526339791813,1.0124706662056144,1079,0.5690454124189064,0.16059313060130043,0.16666666666675498,1.3446047749517465,1.0122025433903397,0.5537287140340575,0.5668949771689498,0.16726775773193228,0.185651650524687,-0.011416437514391253,0.002150435249956617,0.004105775274176243,-0.025058519923386563,NOT_ROBUST,ctx_ATR_Z_bucket,,,,,,,,,,,,,,,,,,,,,,Q3,,,,,,,,,,,,,,
DOWN,5,1,,2553,0.5573834704269487,0.17715718003838835,0.15326035221294593,1.33308578450612,0.928586064099429,1095,0.5589041095890411,0.1824366640265914,0.13728694840067485,1.3491699787768703,0.9402070780330568,0.5537287140340575,0.5668949771689498,0.16726775773193228,0.185651650524687,0.0036547563928911453,-0.007990867579908634,0.009889422306456064,-0.0032149864980955956,NOT_ROBUST,ctx_ATR_Z_bucket,,,,,,,,,,,,,,,,,,,,,,Q4_HIGH,,,,,,,,,,,,,,
DOWN,5,1,,21,0.47619047619047616,-0.06242793792049312,-0.6764495347171933,1.0993658847016543,1.1080140344483262,9,0.2222222222222222,-0.24085716913232394,0.09602888086622752,0.8680857778150551,1.3937918359170895,0.5537287140340575,0.5668949771689498,0.16726775773193228,0.185651650524687,-0.07753823784358138,-0.34467275494672756,-0.2296956956524254,-0.42650881965701093,NOT_ROBUST,ctx_ATR_Z_bucket,,,,,,,,,,,,,,,,,,,,,,UNKNOWN,,,,,,,,,,,,,,
UP,5,1,,2534,0.5280189423835833,0.033509398335299756,0.0020570085217502245,1.399860569646015,1.2422379207789087,1087,0.5335786568537259,0.14239223263332904,0.04938271604933321,1.4863956541170396,1.1920237009267314,0.5402492088607594,0.5364559298569451,0.1312407600198671,0.11074128443402043,-0.012230266477176177,-0.0028772730032192717,-0.09773136168456734,0.03165094819930861,NOT_ROBUST,ctx_ATR_Z_bucket,,,,,,,,,,,,,,,,,,,,,,Q1_LOW,,,,,,,,,,,,,,
UP,5,1,,2538,0.5618597320724981,0.2120963203367785,0.17777611157591328,1.4150670880432694,1.0191413929208517,1088,0.5174632352941176,0.0991242610701733,0.0416237870208442,1.3308912268384863,1.0757536462558883,0.5402492088607594,0.5364559298569451,0.1312407600198671,0.11074128443402043,0.02161052321173862,-0.018992694562827483,0.0808555603169114,-0.011617023363847123,NOT_ROBUST,ctx_ATR_Z_bucket,,,,,,,,,,,,,,,,,,,,,,Q2,,,,,,,,,,,,,,
UP,5,1,,2480,0.5169354838709678,0.08831060352433069,0.08059129143971552,1.2823130184171307,1.1323988978878023,1063,0.5428033866415805,0.0930198961532849,0.07553956834533493,1.3066987327928357,1.0652641412795014,0.5402492088607594,0.5364559298569451,0.1312407600198671,0.11074128443402043,-0.023313724989791673,0.00634745678463533,-0.0429301564955364,-0.017721388280735523,NOT_ROBUST,ctx_ATR_Z_bucket,,,,,,,,,,,,,,,,,,,,,,Q3,,,,,,,,,,,,,,
UP,5,1,,2536,0.5512618296529969,0.1817489380173816,0.13632082006299892,1.2719003531693391,0.9458606883144194,1088,0.5542279411764706,0.12243160114638119,0.08933621768712592,1.2649907926480628,1.001950854988802,0.5402492088607594,0.5364559298569451,0.1312407600198671,0.11074128443402043,0.011012620792237415,0.017772011319525438,0.0505081779975145,0.01169031671236076,NOT_ROBUST,ctx_ATR_Z_bucket,,,,,,,,,,,,,,,,,,,,,,Q4_HIGH,,,,,,,,,,,,,,
UP,5,1,,22,0.5909090909090909,-0.007717502370899924,0.35925852081898535,0.880585276552141,1.02383999751351,10,0.8,0.9376912586305515,0.7984387157733488,1.9710880708228278,0.25968400675450615,0.5402492088607594,0.5364559298569451,0.1312407600198671,0.11074128443402043,0.050659882048331495,0.2635440701430549,-0.13895826239076703,0.826949974196531,NOT_ROBUST,ctx_ATR_Z_bucket,,,,,,,,,,,,,,,,,,,,,,UNKNOWN,,,,,,,,,,,,,,
DOWN,5,1,,2597,0.5610319599537928,0.2063529776219275,0.16091954023006858,1.5010356763997086,1.1079183726892035,1114,0.5610412926391383,0.16700100624291664,0.20990472036514796,1.440208272310725,1.1195570971799367,0.5537287140340575,0.5668949771689498,0.16726775773193228,0.185651650524687,0.007303245919735302,-0.005853684529811498,0.03908521988999522,-0.01865064428177035,NOT_ROBUST,ctx_BB_Width_Z_bucket,,,,,,,,,,,,,,,,,,,,,,,Q1_LOW,,,,,,,,,,,,,
DOWN,5,1,,2580,0.548062015503876,0.11034679564444222,0.08596742083975595,1.4082113445857602,1.088951982987894,1107,0.5718157181571816,0.2597160419957316,0.17574786324797315,1.3983017767677361,0.961877285370672,0.5537287140340575,0.5668949771689498,0.16726775773193228,0.185651650524687,-0.005666698530181535,0.004920740988231809,-0.05692096208749006,0.07406439147104463,NOT_ROBUST,ctx_BB_Width_Z_bucket,,,,,,,,,,,,,,,,,,,,,,,Q2,,,,,,,,,,,,,
DOWN,5,1,,2494,0.5509222133119487,0.13745311094424587,0.13839234524649774,1.3653495360684107,1.0106970702847462,1069,0.5827876520112254,0.19246804288931718,0.21300138312567354,1.416118991893539,1.0091868630674445,0.5537287140340575,0.5668949771689498,0.16726775773193228,0.185651650524687,-0.0028065007221088623,0.015892674842275634,-0.029814646787686416,0.006816392364630192,NOT_ROBUST,ctx_BB_Width_Z_bucket,,,,,,,,,,,,,,,,,,,,,,,Q3,,,,,,,,,,,,,
DOWN,5,1,,2524,0.5582408874801902,0.21781259823625973,0.15260767311938206,1.3846523660802537,0.9244155845830901,1082,0.5480591497227357,0.12178181021476721,0.08325673814824386,1.2839076414883228,0.9587314805286377,0.5537287140340575,0.5668949771689498,0.16726775773193228,0.185651650524687,0.004512173446132639,-0.018835827446214037,0.05054484050432745,-0.06386984030991978,NOT_ROBUST,ctx_BB_Width_Z_bucket,,,,,,,,,,,,,,,,,,,,,,,Q4_HIGH,,,,,,,,,,,,,
DOWN,5,1,,21,0.47619047619047616,-0.06242793792049312,-0.6764495347171933,1.0993658847016543,1.1080140344483262,10,0.3,-0.0614343735673911,0.10320497919799075,0.9824944284980383,1.247202914497626,0.5537287140340575,0.5668949771689498,0.16726775773193228,0.185651650524687,-0.07753823784358138,-0.2668949771689498,-0.2296956956524254,-0.24708602409207808,NOT_ROBUST,ctx_BB_Width_Z_bucket,,,,,,,,,,,,,,,,,,,,,,,UNKNOWN,,,,,,,,,,,,,
UP,5,1,,2543,0.5442390876917027,0.1293736054707472,0.11780336581076314,1.4410117157012103,1.1573700099252322,1090,0.5247706422018349,0.11305727183309816,0.09436772951713004,1.4272098666572832,1.2162612357079683,0.5402492088607594,0.5364559298569451,0.1312407600198671,0.11074128443402043,0.003989878830943261,-0.011685287655110232,-0.0018671545491198982,0.0023159873990777347,NOT_ROBUST,ctx_BB_Width_Z_bucket,,,,,,,,,,,,,,,,,,,,,,,Q1_LOW,,,,,,,,,,,,,
UP,5,1,,2535,0.5309664694280078,0.12492784626819649,0.09512555391414888,1.3447650263890156,1.1115748578616804,1087,0.5482980680772769,0.13810156116333921,0.05405405405452859,1.3376861078875832,1.0248793231686124,0.5402492088607594,0.5364559298569451,0.1312407600198671,0.11074128443402043,-0.009282739432751597,0.011842138220331755,-0.006312913751670604,0.02736027672931879,NOT_ROBUST,ctx_BB_Width_Z_bucket,,,,,,,,,,,,,,,,,,,,,,,Q2,,,,,,,,,,,,,
UP,5,1,,2472,0.5493527508090615,0.13897668895199586,0.11986285945891281,1.3414861499706232,1.064119778766446,1060,0.5358490566037736,0.06587261376003424,0.0392914883016558,1.3799909937070862,1.0902821342544082,0.5402492088607594,0.5364559298569451,0.1312407600198671,0.11074128443402043,0.009103541948302096,-0.0006068732531715471,0.007735928932128766,-0.044868670673986186,NOT_ROBUST,ctx_BB_Width_Z_bucket,,,,,,,,,,,,,,,,,,,,,,,Q3,,,,,,,,,,,,,
UP,5,1,,2538,0.5342789598108747,0.12580962442774865,0.08863366566832549,1.2442303293569814,1.0006079580330594,1088,0.5395220588235294,0.13548412411701402,0.05940419545519414,1.2428610971338425,1.0131158219262426,0.5402492088607594,0.5364559298569451,0.1312407600198671,0.11074128443402043,-0.005970249049884746,0.003066128966584314,-0.005431135592118441,0.024742839682993595,NOT_ROBUST,ctx_BB_Width_Z_bucket,,,,,,,,,,,,,,,,,,,,,,,Q4_HIGH,,,,,,,,,,,,,
UP,5,1,,23,0.6086956521739131,0.1157189870578029,0.36301055530063986,0.9729257280445387,0.9881053406992825,10,0.7,0.5272863559089089,0.2928307307868591,1.789211098036515,0.3687720143266292,0.5402492088607594,0.5364559298569451,0.1312407600198671,0.11074128443402043,0.06844644331315364,0.16354407014305483,-0.015521772962064195,0.4165450714748885,NOT_ROBUST,ctx_BB_Width_Z_bucket,,,,,,,,,,,,,,,,,,,,,,,UNKNOWN,,,,,,,,,,,,,
DOWN,5,1,,2592,0.5690586419753086,0.21785330601805114,0.18602596324751236,1.5017178013482864,1.0677194594958745,1111,0.5733573357335734,0.13033117125572696,0.170235263018784,1.3708801906970496,1.0640967403323403,0.5537287140340575,0.5668949771689498,0.16726775773193228,0.185651650524687,0.015329927941251098,0.006462358564623627,0.05058554828611886,-0.05532047926896003,NOT_ROBUST,ctx_ADX_bucket,,,,,,,,,,,,,,,,,,,,,,,,Q1_LOW,,,,,,,,,,,,
DOWN,5,1,,2546,0.5483110761979576,0.14598813742875358,0.10077238240701433,1.4278436557804512,1.0624394293929484,1092,0.5934065934065934,0.3103005402399818,0.29075753940558413,1.4775144352977996,0.9442214224931282,0.5537287140340575,0.5668949771689498,0.16726775773193228,0.185651650524687,-0.005417637836099942,0.026511616237643643,-0.021279620303178703,0.12464888971529484,NOT_ROBUST,ctx_ADX_bucket,,,,,,,,,,,,,,,,,,,,,,,,Q2,,,,,,,,,,,,
DOWN,5,1,,2589,0.5534955581305523,0.1573999550007727,0.10528294792244147,1.3844295106313544,1.0152304728540456,1110,0.5594594594594594,0.1628646603394926,0.12689166114129052,1.3744015807828969,1.0265499664876372,0.5537287140340575,0.5668949771689498,0.16726775773193228,0.185651650524687,-0.0002331559035052555,-0.007435517709490358,-0.009867802731159586,-0.022786990185194395,NOT_ROBUST,ctx_ADX_bucket,,,,,,,,,,,,,,,,,,,,,,,,Q3,,,,,,,,,,,,
DOWN,5,1,,2490,0.5437751004016064,0.14257594949468919,0.11515864325828419,1.341318259158086,0.9989452109472943,1068,0.5402621722846442,0.14886340710471146,0.11637822062554465,1.3161702707754244,0.9957680074392489,0.5537287140340575,0.5668949771689498,0.16726775773193228,0.185651650524687,-0.009953613632451175,-0.026632804884305528,-0.024691808237243096,-0.036788243419975525,NOT_ROBUST,ctx_ADX_bucket,,,,,,,,,,,,,,,,,,,,,,,,Q4_HIGH,,,,,,,,,,,,
UP,5,1,,2537,0.551044540796216,0.14698659942297437,0.11769911504399799,1.4414242679789249,1.144110196209018,1088,0.5505514705882353,0.1909461327890171,0.11038610100843066,1.4081618240951024,1.0964406942003966,0.5402492088607594,0.5364559298569451,0.1312407600198671,0.11074128443402043,0.010795331935456565,0.014095540731290157,0.01574583940310728,0.08020484835499667,NOT_ROBUST,ctx_ADX_bucket,,,,,,,,,,,,,,,,,,,,,,,,Q1_LOW,,,,,,,,,,,,
UP,5,1,,2527,0.5235457063711911,0.11002964087248258,0.06283309957954329,1.3478521263248973,1.1438633749807112,1083,0.5272391505078485,0.0069428474449991055,-0.012131715770943663,1.297167960055064,1.114758551453516,0.5402492088607594,0.5364559298569451,0.1312407600198671,0.11074128443402043,-0.01670350248956831,-0.009216779349096593,-0.021211119147384508,-0.10379843698902132,NOT_ROBUST,ctx_ADX_bucket,,,,,,,,,,,,,,,,,,,,,,,,Q2,,,,,,,,,,,,
UP,5,1,,2537,0.553803705163579,0.15360960208537192,0.1363412228796768,1.3378461761028733,1.0150607179722484,1088,0.5431985294117647,0.15080096369313503,0.09846483949836547,1.3659292732349873,1.0924032526948009,0.5402492088607594,0.5364559298569451,0.1312407600198671,0.11074128443402043,0.013554496302819574,0.006742599554819595,0.022368842065504824,0.040059679259114606,NOT_ROBUST,ctx_ADX_bucket,,,,,,,,,,,,,,,,,,,,,,,,Q3,,,,,,,,,,,,
UP,5,1,,2510,0.5354581673306773,0.12964089216289498,0.10841621791196382,1.2756154681952754,1.0211062503679893,1076,0.5176579925650557,0.057307845968513994,0.0019466073413559413,1.236643566508406,1.0549733360080018,0.5402492088607594,0.5364559298569451,0.1312407600198671,0.11074128443402043,-0.004791041530082141,-0.01879793729188939,-0.0015998678569721092,-0.05343343846550643,NOT_ROBUST,ctx_ADX_bucket,,,,,,,,,,,,,,,,,,,,,,,,Q4_HIGH,,,,,,,,,,,,
DOWN,5,1,,3177,0.6169342146679258,0.34590962029294603,0.20740740740757937,1.719880974252954,0.8670683854209597,1362,0.6196769456681351,0.37426677401428354,0.29028844300200507,1.6230804348219496,0.8423383358576008,0.5537287140340575,0.5668949771689498,0.16726775773193228,0.185651650524687,0.0632055006338682,0.05278196849918537,0.17864186256101375,0.18861512348959655,ROBUST_POSITIVE,ctx_RSI_bucket,,,,,,,,,,,,,,,,,,,,,,,,,Q1_LOW,,,,,,,,,,,
DOWN,5,1,,2777,0.5495138638818869,0.16728770333144996,0.14703675918967957,1.389554324001791,1.02367662074041,1191,0.5701091519731318,0.1773795234578042,0.2201834862383287,1.3561097664385904,1.035536107538953,0.5537287140340575,0.5668949771689498,0.16726775773193228,0.185651650524687,-0.004214850152170602,0.0032141748041820684,1.9945599517678936e-05,-0.008272127066882795,NOT_ROBUST,ctx_RSI_bucket,,,,,,,,,,,,,,,,,,,,,,,,,Q2,,,,,,,,,,,
DOWN,5,1,,2484,0.538244766505636,0.11424602846667234,0.0926802356006004,1.2934007365947064,1.0807465597009798,1065,0.5521126760563381,0.1262146380211379,0.12694300518166227,1.2803179701148653,1.0512949480930196,0.5537287140340575,0.5668949771689498,0.16726775773193228,0.185651650524687,-0.015483947528421527,-0.014782301112611695,-0.05302172926525994,-0.0594370125035491,NOT_ROBUST,ctx_RSI_bucket,,,,,,,,,,,,,,,,,,,,,,,,,Q3,,,,,,,,,,,
DOWN,5,1,,1778,0.48031496062992124,-0.05827085703005131,0.03447421666045569,1.1122205362380826,1.2621926499618643,763,0.4613368283093054,-0.09977192666358203,-0.024046719340301514,1.0682048468178336,1.2798663881251433,0.5537287140340575,0.5668949771689498,0.16726775773193228,0.185651650524687,-0.0734137534041363,-0.10555814885964437,-0.22553861476198359,-0.28542357718826905,ROBUST_NEGATIVE,ctx_RSI_bucket,,,,,,,,,,,,,,,,,,,,,,,,,Q4_HIGH,,,,,,,,,,,
DOWN,5,1,,0,,,,,,1,1.0,-0.70115702479354,-0.70115702479354,2.1312396694214963,1.622148760330629,0.5537287140340575,0.5668949771689498,0.16726775773193228,0.185651650524687,,0.43310502283105023,,-0.886808675318227,NOT_ROBUST,ctx_RSI_bucket,,,,,,,,,,,,,,,,,,,,,,,,,UNKNOWN,,,,,,,,,,,
UP,5,1,,1823,0.455842018650576,-0.10657819304878788,0.01864181091861618,1.0669153598613892,1.4140863739768375,782,0.45652173913043476,-0.10833255479547947,-0.08254450863172597,1.0619297330160562,1.3109438424837896,0.5402492088607594,0.5364559298569451,0.1312407600198671,0.11074128443402043,-0.08440719021018345,-0.07993419072651037,-0.23781895306865497,-0.2190738392294999,ROBUST_NEGATIVE,ctx_RSI_bucket,,,,,,,,,,,,,,,,,,,,,,,,,Q1_LOW,,,,,,,,,,,
UP,5,1,,2523,0.5208085612366231,0.04723443756257367,0.07563264145598682,1.2328462427075069,1.1581461611297355,1082,0.511090573012939,-0.019087637182025198,0.01716461843592388,1.216573171706431,1.2012265454800146,0.5402492088607594,0.5364559298569451,0.1312407600198671,0.11074128443402043,-0.01944064762413633,-0.025365356844006093,-0.08400632245729342,-0.12982892161604562,NOT_ROBUST,ctx_RSI_bucket,,,,,,,,,,,,,,,,,,,,,,,,,Q2,,,,,,,,,,,
UP,5,1,,2736,0.554093567251462,0.12760705629789984,0.11775124042738057,1.3275247848836516,1.0304223376405865,1173,0.5507246376811594,0.15072610793128427,0.10557184750697315,1.3675010116908755,1.0235119522380605,0.5402492088607594,0.5364559298569451,0.1312407600198671,0.11074128443402043,0.013844358390702527,0.0142687078242143,-0.003633703721967252,0.039984823497263844,NOT_ROBUST,ctx_RSI_bucket,,,,,,,,,,,,,,,,,,,,,,,,,Q3,,,,,,,,,,,
UP,5,1,,3027,0.5913445655764784,0.3412167745310681,0.17389054211412439,1.6075112509246143,0.8771700776122766,1298,0.600924499229584,0.33156036832071273,0.17972657864192787,1.6232415825044044,0.8868600900143334,0.5402492088607594,0.5364559298569451,0.1312407600198671,0.11074128443402043,0.051095356715718965,0.0644685693726389,0.209976014511201,0.2208190838866923,ROBUST_POSITIVE,ctx_RSI_bucket,,,,,,,,,,,,,,,,,,,,,,,,,Q4_HIGH,,,,,,,,,,,
UP,5,1,,1,1.0,0.8507920286152214,0.8507920286152214,1.5738375063873138,0.49054675523763447,1,0.0,-2.4662239523699356,-2.4662239523699356,-0.3847034577511744,3.8218456606364946,0.5402492088607594,0.5364559298569451,0.1312407600198671,0.11074128443402043,0.45975079113924056,-0.5364559298569451,0.7195512685953543,-2.576965236803956,NOT_ROBUST,ctx_RSI_bucket,,,,,,,,,,,,,,,,,,,,,,,,,UNKNOWN,,,,,,,,,,,
DOWN,5,1,,2496,0.469150641025641,-0.01881914906436246,-0.0617407313088668,1.154292238059647,1.2027874696656449,1071,0.4752567693744164,-0.08639378633836567,-0.04294478527596979,1.0829214985620599,1.2207970404646518,0.5537287140340575,0.5668949771689498,0.16726775773193228,0.185651650524687,-0.08457807300841652,-0.09163820779453336,-0.18608690679629475,-0.27204543686305266,ROBUST_NEGATIVE,ctx_range_atr_bucket,,,,,,,,,,,,,,,,,,,,,,,,,,Q1_LOW,,,,,,,,,,
DOWN,5,1,,2551,0.4915719325754606,-0.02463214641630197,0.0,1.1985867145380724,1.2122654771759211,1094,0.5219378427787934,0.03251242327770895,0.08293198624921863,1.205175941190155,1.1538553169027226,0.5537287140340575,0.5668949771689498,0.16726775773193228,0.185651650524687,-0.06215678145859693,-0.04495713439015636,-0.19189990414823424,-0.15313922724697804,NOT_ROBUST,ctx_range_atr_bucket,,,,,,,,,,,,,,,,,,,,,,,,,,Q2,,,,,,,,,,
DOWN,5,1,,2579,0.5525397440868554,0.11436551315911989,0.12198391420921709,1.3763007621454364,1.056737474441221,1106,0.5605786618444847,0.18779694366102326,0.15840397300369916,1.3486329352794475,1.032252363021216,0.5537287140340575,0.5668949771689498,0.16726775773193228,0.185651650524687,-0.0011889699472021897,-0.006316315324465083,-0.052902244572812396,0.002145293136336268,NOT_ROBUST,ctx_range_atr_bucket,,,,,,,,,,,,,,,,,,,,,,,,,,Q3,,,,,,,,,,
DOWN,5,1,,2590,0.698069498069498,0.5887959325033036,0.5124963066580495,1.9199906867195409,0.6838242490992272,1110,0.7045045045045045,0.5965154479216211,0.5016831112205424,1.879916996609104,0.630986256523075,0.5537287140340575,0.5668949771689498,0.16726775773193228,0.185651650524687,0.14434078403544048,0.13760952733555476,0.4215281747713714,0.4108637973969341,ROBUST_POSITIVE,ctx_range_atr_bucket,,,,,,,,,,,,,,,,,,,,,,,,,,Q4_HIGH,,,,,,,,,,
DOWN,5,1,,0,,,,,,1,1.0,-0.70115702479354,-0.70115702479354,2.1312396694214963,1.622148760330629,0.5537287140340575,0.5668949771689498,0.16726775773193228,0.185651650524687,,0.43310502283105023,,-0.886808675318227,NOT_ROBUST,ctx_range_atr_bucket,,,,,,,,,,,,,,,,,,,,,,,,,,UNKNOWN,,,,,,,,,,
UP,5,1,,2466,0.45660989456609896,-0.07340476842832494,-0.12571188389062038,1.0953086793574578,1.2476202593135404,1057,0.45411542100283825,-0.08263013622104082,-0.09150326797377462,1.1041735375588504,1.2222193022420103,0.5402492088607594,0.5364559298569451,0.1312407600198671,0.11074128443402043,-0.08363931429466048,-0.08234050885410688,-0.20464552844819203,-0.19337142065506124,ROBUST_NEGATIVE,ctx_range_atr_bucket,,,,,,,,,,,,,,,,,,,,,,,,,,Q1_LOW,,,,,,,,,,
UP,5,1,,2513,0.477516912057302,-0.12673913256627337,-0.09408602150529008,1.1266854395172115,1.2932731979227687,1077,0.4735376044568245,-0.0801570724938381,-0.09242529534379211,1.145961504137546,1.245732084422218,0.5402492088607594,0.5364559298569451,0.1312407600198671,0.11074128443402043,-0.06273229680345743,-0.0629183254001206,-0.25797989258614046,-0.19089835692785853,ROBUST_NEGATIVE,ctx_range_atr_bucket,,,,,,,,,,,,,,,,,,,,,,,,,,Q2,,,,,,,,,,
UP,5,1,,2600,0.5403846153846154,0.12425799041936465,0.11542432720485538,1.3131786676884218,1.1040440108458514,1115,0.5273542600896861,0.0319500526683438,0.07509578544062673,1.2562418845634196,1.168146374496096,0.5402492088607594,0.5364559298569451,0.1312407600198671,0.11074128443402043,0.00013540652385590768,-0.009101669767259013,-0.006982769600502439,-0.07879123176567662,NOT_ROBUST,ctx_range_atr_bucket,,,,,,,,,,,,,,,,,,,,,,,,,,Q3,,,,,,,,,,
UP,5,1,,2531,0.6878704069537732,0.6017413790860203,0.5440956651719626,1.8471091509627129,0.6851921858541874,1085,0.6792626728110599,0.553136433036152,0.4853953930182908,1.8318879657650131,0.7221523202338259,0.5402492088607594,0.5364559298569451,0.1312407600198671,0.11074128443402043,0.14762119809301377,0.14280674295411477,0.47050061906615326,0.4423951486021316,ROBUST_POSITIVE,ctx_range_atr_bucket,,,,,,,,,,,,,,,,,,,,,,,,,,Q4_HIGH,,,,,,,,,,
UP,5,1,,1,1.0,0.8507920286152214,0.8507920286152214,1.5738375063873138,0.49054675523763447,1,0.0,-2.4662239523699356,-2.4662239523699356,-0.3847034577511744,3.8218456606364946,0.5402492088607594,0.5364559298569451,0.1312407600198671,0.11074128443402043,0.45975079113924056,-0.5364559298569451,0.7195512685953543,-2.576965236803956,NOT_ROBUST,ctx_range_atr_bucket,,,,,,,,,,,,,,,,,,,,,,,,,,UNKNOWN,,,,,,,,,,
DOWN,5,1,,2463,0.42590336987413724,-0.11108094575630956,-0.13132006405851293,1.1070226258972082,1.336085866195314,1056,0.4403409090909091,-0.16698595369329458,-0.1372912131200743,1.0220486025544178,1.3682861766121452,0.5537287140340575,0.5668949771689498,0.16726775773193228,0.185651650524687,-0.1278253441599203,-0.12655406807804065,-0.2783487034882418,-0.35263760421798157,ROBUST_NEGATIVE,ctx_body_atr_bucket,,,,,,,,,,,,,,,,,,,,,,,,,,,Q1_LOW,,,,,,,,,
DOWN,5,1,,2515,0.4572564612326044,-0.11923350604635949,-0.10677618069824399,1.1093331711530714,1.2835261967842577,1078,0.47309833024118736,-0.03986740289932687,0.005296964346701499,1.1788494072834201,1.2532553878169597,0.5537287140340575,0.5668949771689498,0.16726775773193228,0.185651650524687,-0.09647225280145316,-0.0937966469277624,-0.28650126377829177,-0.22551905342401385,ROBUST_NEGATIVE,ctx_body_atr_bucket,,,,,,,,,,,,,,,,,,,,,,,,,,,Q2,,,,,,,,,
DOWN,5,1,,2602,0.56456571867794,0.16223837655210968,0.15509299188884218,1.3947101163345845,1.0213939647516712,1116,0.5842293906810035,0.1802145708491887,0.19308397306106212,1.356746572025629,0.9885956843580858,0.5537287140340575,0.5668949771689498,0.16726775773193228,0.185651650524687,0.010837004643882486,0.01733441351205378,-0.005029381179822601,-0.00543707967549828,NOT_ROBUST,ctx_body_atr_bucket,,,,,,,,,,,,,,,,,,,,,,,,,,,Q3,,,,,,,,,
DOWN,5,1,,2636,0.7594840667678301,0.7199679692264678,0.6203002905271291,2.029758002231664,0.5101501300613855,1131,0.7453580901856764,0.7026321093019734,0.579349136199126,1.9074017215629673,0.5150059299677926,0.5537287140340575,0.5668949771689498,0.16726775773193228,0.185651650524687,0.20575535273377255,0.17846311301672668,0.5527002114945355,0.5169804587772864,ROBUST_POSITIVE,ctx_body_atr_bucket,,,,,,,,,,,,,,,,,,,,,,,,,,,Q4_HIGH,,,,,,,,,
DOWN,5,1,,0,,,,,,1,1.0,-0.70115702479354,-0.70115702479354,2.1312396694214963,1.622148760330629,0.5537287140340575,0.5668949771689498,0.16726775773193228,0.185651650524687,,0.43310502283105023,,-0.886808675318227,NOT_ROBUST,ctx_body_atr_bucket,,,,,,,,,,,,,,,,,,,,,,,,,,,UNKNOWN,,,,,,,,,
UP,5,1,,2425,0.4181443298969072,-0.18919385286503354,-0.1890226005279719,1.007645391184002,1.4062444729380321,1040,0.41442307692307695,-0.17836358258585214,-0.17889191967106588,1.0235934000375837,1.3815903141624426,0.5402492088607594,0.5364559298569451,0.1312407600198671,0.11074128443402043,-0.12210487896385225,-0.12203285293386817,-0.3204346128849006,-0.2891048670198726,ROBUST_NEGATIVE,ctx_body_atr_bucket,,,,,,,,,,,,,,,,,,,,,,,,,,,Q1_LOW,,,,,,,,,
UP,5,1,,2431,0.44755244755244755,-0.15053058796550137,-0.13419602204666506,1.071608618342947,1.3406756279391323,1043,0.44103547459252157,-0.12814787724313986,-0.19939232814279997,1.1343444576012898,1.3066507950388568,0.5402492088607594,0.5364559298569451,0.1312407600198671,0.11074128443402043,-0.09269676130831189,-0.09542045526442355,-0.28177134798536846,-0.2388891616771603,ROBUST_NEGATIVE,ctx_body_atr_bucket,,,,,,,,,,,,,,,,,,,,,,,,,,,Q2,,,,,,,,,
UP,5,1,,2515,0.5423459244532803,0.11028522758288495,0.08139534883707325,1.2952198121795109,1.0911049705520912,1079,0.5440222428174235,0.08948661246715173,0.08109847672186682,1.3135811102623245,1.1112438451494004,0.5402492088607594,0.5364559298569451,0.1312407600198671,0.11074128443402043,0.0020967155925208925,0.007566312960478383,-0.020955532436982144,-0.0212546719668687,NOT_ROBUST,ctx_body_atr_bucket,,,,,,,,,,,,,,,,,,,,,,,,,,,Q3,,,,,,,,,
UP,5,1,,2737,0.7278041651443186,0.6841171022578663,0.6318625799928926,1.9236084276117749,0.5593933313091604,1174,0.7248722316865417,0.6015452532151828,0.5480984970013272,1.8528811593439285,0.6027972971512281,0.5402492088607594,0.5364559298569451,0.1312407600198671,0.11074128443402043,0.18755495628355912,0.18841630182959657,0.5528763422379992,0.4908039687811624,ROBUST_POSITIVE,ctx_body_atr_bucket,,,,,,,,,,,,,,,,,,,,,,,,,,,Q4_HIGH,,,,,,,,,
UP,5,1,,1,1.0,0.8507920286152214,0.8507920286152214,1.5738375063873138,0.49054675523763447,1,0.0,-2.4662239523699356,-2.4662239523699356,-0.3847034577511744,3.8218456606364946,0.5402492088607594,0.5364559298569451,0.1312407600198671,0.11074128443402043,0.45975079113924056,-0.5364559298569451,0.7195512685953543,-2.576965236803956,NOT_ROBUST,ctx_body_atr_bucket,,,,,,,,,,,,,,,,,,,,,,,,,,,UNKNOWN,,,,,,,,,
DOWN,5,1,,2576,0.546583850931677,0.154227067967338,0.09322305234532202,1.402832591316995,1.0558584581621058,1104,0.5443840579710145,0.14470078423683724,0.1533922851347504,1.3392224562200636,1.0616366538206148,0.5537287140340575,0.5668949771689498,0.16726775773193228,0.185651650524687,-0.007144863102380494,-0.022510919197935242,-0.013040689764594271,-0.040950866287849746,NOT_ROBUST,ctx_spread_z_bucket,,,,,,,,,,,,,,,,,,,,,,,,,,,,Q1_LOW,,,,,,,,
DOWN,5,1,,2296,0.5500871080139372,0.13614960805105109,0.136798821141663,1.412965674479588,1.070934793252089,984,0.5823170731707317,0.26472058722364733,0.2594442932690001,1.3908782977014604,0.988997147136154,0.5537287140340575,0.5668949771689498,0.16726775773193228,0.185651650524687,-0.0036416060201203138,0.015422096001781904,-0.031118149680881196,0.07906893669896034,NOT_ROBUST,ctx_spread_z_bucket,,,,,,,,,,,,,,,,,,,,,,,,,,,,Q2,,,,,,,,
DOWN,5,1,,2678,0.5758028379387603,0.1970720390202803,0.15416932654610543,1.4355952954708247,1.0100256696839065,1149,0.5796344647519582,0.17704077948740263,0.17317708333338677,1.364933734913951,0.986378206589131,0.5537287140340575,0.5668949771689498,0.16726775773193228,0.185651650524687,0.022074123904702758,0.012739487583008469,0.029804281288348028,-0.008610871037284362,NOT_ROBUST,ctx_spread_z_bucket,,,,,,,,,,,,,,,,,,,,,,,,,,,,Q3,,,,,,,,
DOWN,5,1,,2648,0.5449395770392749,0.16916248146360047,0.11995445966908777,1.4109988881748714,1.0122223915410742,1135,0.5577092511013216,0.19101699391214144,0.091353996737259,1.4408471801628457,0.9945600220205797,0.5537287140340575,0.5668949771689498,0.16726775773193228,0.185651650524687,-0.008789136994782676,-0.00918572606762813,0.0018947237316681853,0.005365343387454452,NOT_ROBUST,ctx_spread_z_bucket,,,,,,,,,,,,,,,,,,,,,,,,,,,,Q4_HIGH,,,,,,,,
DOWN,5,1,,19,0.47368421052631576,0.007834101928189363,-0.6764495347171933,1.1732576001382593,1.094079825686957,9,0.3333333333333333,-0.4334595623851703,0.032666666666953295,0.8732081335966216,1.3781992160955499,0.5537287140340575,0.5668949771689498,0.16726775773193228,0.185651650524687,-0.08004450350774178,-0.23356164383561645,-0.1594336558037429,-0.6191112129098573,NOT_ROBUST,ctx_spread_z_bucket,,,,,,,,,,,,,,,,,,,,,,,,,,,,UNKNOWN,,,,,,,,
UP,5,1,,2554,0.5469851213782302,0.1812990688207286,0.10078082536514518,1.4230407996318215,1.0698256405697202,1095,0.5452054794520548,0.13639044109161758,0.08109847672186682,1.3803598660450096,1.077182112151532,0.5402492088607594,0.5364559298569451,0.1312407600198671,0.11074128443402043,0.0067359125174707435,0.008749549595109651,0.05005830880086151,0.02564915665759715,NOT_ROBUST,ctx_spread_z_bucket,,,,,,,,,,,,,,,,,,,,,,,,,,,,Q1_LOW,,,,,,,,
UP,5,1,,2287,0.540008745080892,0.13112628484519356,0.11976779712791642,1.333092202416103,1.0758425569047845,981,0.5066258919469928,0.046944504807291176,0.015791169835782107,1.288508594337389,1.112943257749107,0.5402492088607594,0.5364559298569451,0.1312407600198671,0.11074128443402043,-0.00024046377986741696,-0.02983003790995231,-0.00011447517467352841,-0.06379677962672925,NOT_ROBUST,ctx_spread_z_bucket,,,,,,,,,,,,,,,,,,,,,,,,,,,,Q2,,,,,,,,
UP,5,1,,2657,0.53293187805796,0.1205651152608591,0.1196581196577476,1.3054288045971099,1.0714847264490055,1139,0.5153643546971027,0.057642377929924285,0.007838745800486276,1.2878665227629875,1.1403177703004048,0.5402492088607594,0.5364559298569451,0.1312407600198671,0.11074128443402043,-0.007317330802799393,-0.02109157515984239,-0.010675644759007993,-0.05309890650409614,NOT_ROBUST,ctx_spread_z_bucket,,,,,,,,,,,,,,,,,,,,,,,,,,,,Q3,,,,,,,,
UP,5,1,,2592,0.5478395061728395,0.10769322075324295,0.10954376665218876,1.3432796951227726,1.1073793157955685,1112,0.5575539568345323,0.15644717707957723,0.12242353220287872,1.3504446518741327,1.0358545953601692,0.5402492088607594,0.5364559298569451,0.1312407600198671,0.11074128443402043,0.007590297312080052,0.021098026977587225,-0.023547539266624146,0.0457058926455568,NOT_ROBUST,ctx_spread_z_bucket,,,,,,,,,,,,,,,,,,,,,,,,,,,,Q4_HIGH,,,,,,,,
UP,5,1,,20,0.55,-0.08181385678931252,0.2061838342658426,0.8347468408874921,1.0859529341777785,9,0.8888888888888888,1.2517303286858654,1.1109855972891212,2.0194489972616885,0.16236723789682803,0.5402492088607594,0.5364559298569451,0.1312407600198671,0.11074128443402043,0.0097507911392406,0.3524329590319437,-0.21305461680917961,1.140989044251845,NOT_ROBUST,ctx_spread_z_bucket,,,,,,,,,,,,,,,,,,,,,,,,,,,,UNKNOWN,,,,,,,,
DOWN,5,1,,2537,0.5557745368545526,0.1915159029991179,0.03792111054699129,1.5248856223879896,0.9879027140982832,1088,0.5652573529411765,0.18110285283052652,0.08778417518269735,1.4167496020401327,0.9633390762640976,0.5537287140340575,0.5668949771689498,0.16726775773193228,0.185651650524687,0.0020458228204950357,-0.001637624227773249,0.024248145267185606,-0.004548797694160472,NOT_ROBUST,ctx_ema20_slope_5_bucket,,,,,,,,,,,,,,,,,,,,,,,,,,,,,Q1_LOW,,,,,,,
DOWN,5,1,,2523,0.5576694411414982,0.1826639660980613,0.1578395385423071,1.4898871917237229,1.0491479401346686,1082,0.5859519408502772,0.2990571331080666,0.2742924547226153,1.4996834078604875,0.9893875821443449,0.5537287140340575,0.5668949771689498,0.16726775773193228,0.185651650524687,0.003940727107440645,0.019056963681327477,0.01539620836612901,0.1134054825833796,NOT_ROBUST,ctx_ema20_slope_5_bucket,,,,,,,,,,,,,,,,,,,,,,,,,,,,,Q2,,,,,,,
DOWN,5,1,,2586,0.5583913379737045,0.18539756386510045,0.16519572782983122,1.4006141833841512,1.06338060237529,1109,0.5807033363390441,0.19388797065901966,0.2147759386354961,1.3942621743088015,1.0070624168006324,0.5537287140340575,0.5668949771689498,0.16726775773193228,0.185651650524687,0.004662623939647004,0.013808359170094375,0.01812980613316817,0.008236320134332675,NOT_ROBUST,ctx_ema20_slope_5_bucket,,,,,,,,,,,,,,,,,,,,,,,,,,,,,Q3,,,,,,,
DOWN,5,1,,2569,0.5445698715453484,0.10890505585464291,0.14519345831657493,1.2606420173062989,1.0434468908261885,1101,0.5313351498637602,0.0689026491092358,0.08870523415996824,1.1927101082437959,1.0739366475501975,0.5537287140340575,0.5668949771689498,0.16726775773193228,0.185651650524687,-0.009158842488709129,-0.035559827305189584,-0.05836270187728937,-0.11674900141545119,NOT_ROBUST,ctx_ema20_slope_5_bucket,,,,,,,,,,,,,,,,,,,,,,,,,,,,,Q4_HIGH,,,,,,,
DOWN,5,1,,2,1.0,0.03289898540940678,0.03289898540940678,1.5886234701626667,1.2463257277897306,1,1.0,4.774860779633997,4.774860779633997,4.795544948289543,0.3707239459029252,0.5537287140340575,0.5668949771689498,0.16726775773193228,0.185651650524687,0.44627128596594245,0.43310502283105023,-0.1343687723225255,4.58920912910931,NOT_ROBUST,ctx_ema20_slope_5_bucket,,,,,,,,,,,,,,,,,,,,,,,,,,,,,UNKNOWN,,,,,,,
UP,5,1,,2664,0.53003003003003,0.0920065125819443,0.2128235221749733,1.2113688412171806,1.1207733245977791,1143,0.5205599300087489,0.05684755741868292,0.019764705882184742,1.206823442697554,1.1191722040147056,0.5402492088607594,0.5364559298569451,0.1312407600198671,0.11074128443402043,-0.010219178830729425,-0.01589599984819623,-0.039234247437922795,-0.053893727015337504,NOT_ROBUST,ctx_ema20_slope_5_bucket,,,,,,,,,,,,,,,,,,,,,,,,,,,,,Q1_LOW,,,,,,,
UP,5,1,,2562,0.5448868071818892,0.10498424066810115,0.10526471564218273,1.3722852333360687,1.1628158111724933,1098,0.5264116575591985,0.04979355759308727,0.061084826337595544,1.3443951102728364,1.1855840308831904,0.5402492088607594,0.5364559298569451,0.1312407600198671,0.11074128443402043,0.0046375983211297545,-0.010044272297746626,-0.026256519351765942,-0.06094772684093316,NOT_ROBUST,ctx_ema20_slope_5_bucket,,,,,,,,,,,,,,,,,,,,,,,,,,,,,Q2,,,,,,,
UP,5,1,,2461,0.5396180414465664,0.1434673532213828,0.07041609510724975,1.3988226224337645,1.0831375900954276,1056,0.5492424242424242,0.15635288286866822,0.07632099022245023,1.4031128721373045,1.055330704570013,0.5402492088607594,0.5364559298569451,0.1312407600198671,0.11074128443402043,-0.0006311674141930013,0.012786494385479075,0.0122265932015157,0.04561159843464779,NOT_ROBUST,ctx_ema20_slope_5_bucket,,,,,,,,,,,,,,,,,,,,,,,,,,,,,Q3,,,,,,,
UP,5,1,,2421,0.5472945064023131,0.1854842958974934,0.036842105263125924,1.4056833362529748,0.9631175847502782,1038,0.5520231213872833,0.2011642462978501,0.08210524467640576,1.430539923656883,0.95570432141254,0.5402492088607594,0.5364559298569451,0.1312407600198671,0.11074128443402043,0.007045297541553697,0.015567191530338143,0.054243535877626314,0.09042296186382967,NOT_ROBUST,ctx_ema20_slope_5_bucket,,,,,,,,,,,,,,,,,,,,,,,,,,,,,Q4_HIGH,,,,,,,
UP,5,1,,2,0.5,-0.8077159618773571,-0.8077159618773571,0.5945670243180696,2.1561962079370645,1,0.0,-1.0981031071802005,-1.0981031071802005,0.6337716746189136,1.3017572442685232,0.5402492088607594,0.5364559298569451,0.1312407600198671,0.11074128443402043,-0.040249208860759444,-0.5364559298569451,-0.9389567218972241,-1.208844391614221,NOT_ROBUST,ctx_ema20_slope_5_bucket,,,,,,,,,,,,,,,,,,,,,,,,,,,,,UNKNOWN,,,,,,,
DOWN,5,1,,2538,0.5460992907801419,0.17229671266691304,0.058374862968447225,1.4702980114678448,0.9912528950159715,1088,0.5588235294117647,0.19654077188519964,0.1191227566525471,1.4066717108993152,0.9652855169707946,0.5537287140340575,0.5668949771689498,0.16726775773193228,0.185651650524687,-0.00762942325391569,-0.008071447757185046,0.005028954934980762,0.010889121360512649,NOT_ROBUST,ctx_ema50_slope_5_bucket,,,,,,,,,,,,,,,,,,,,,,,,,,,,,,Q1_LOW,,,,,,
DOWN,5,1,,2590,0.5648648648648649,0.1944828962916044,0.12528026905822703,1.5132810699291444,1.053977824288053,1111,0.5706570657065707,0.20735479677384397,0.21247892074190006,1.4428302417366814,1.0430614650351495,0.5537287140340575,0.5668949771689498,0.16726775773193228,0.185651650524687,0.011136150830807323,0.0037620885376209445,0.027215138559672114,0.02170314624915698,NOT_ROBUST,ctx_ema50_slope_5_bucket,,,,,,,,,,,,,,,,,,,,,,,,,,,,,,Q2,,,,,,
DOWN,5,1,,2565,0.5563352826510721,0.16717549808686222,0.17414482452227673,1.425481484760037,1.0809069905379851,1100,0.5945454545454546,0.23958229227847339,0.23599595717481597,1.4462179644408422,0.9567634583062979,0.5537287140340575,0.5668949771689498,0.16726775773193228,0.185651650524687,0.002606568617014582,0.027650477376504834,-9.225964507006412e-05,0.053930641753786396,NOT_ROBUST,ctx_ema50_slope_5_bucket,,,,,,,,,,,,,,,,,,,,,,,,,,,,,,Q3,,,,,,
DOWN,5,1,,2518,0.5496425734710088,0.13121443333573973,0.15726473090841261,1.2595939057373646,1.0208581922951054,1080,0.5370370370370371,0.10393774080473364,0.12123722331956356,1.207350650255509,1.0603532828620215,0.5537287140340575,0.5668949771689498,0.16726775773193228,0.185651650524687,-0.00408614056304879,-0.029857940131912675,-0.03605332439619255,-0.08171390971995335,NOT_ROBUST,ctx_ema50_slope_5_bucket,,,,,,,,,,,,,,,,,,,,,,,,,,,,,,Q4_HIGH,,,,,,
DOWN,5,1,,5,0.8,0.9168567099004619,0.7669549956123536,2.1336282036822927,1.0562722005872227,3,0.3333333333333333,-0.8305934082783103,-1.570772195049649,0.5802015405124442,1.3108167363465084,0.5537287140340575,0.5668949771689498,0.16726775773193228,0.185651650524687,0.2462712859659425,-0.23356164383561645,0.7495889521685296,-1.0162450588029972,NOT_ROBUST,ctx_ema50_slope_5_bucket,,,,,,,,,,,,,,,,,,,,,,,,,,,,,,UNKNOWN,,,,,,
UP,5,1,,2622,0.5354691075514875,0.09575943965099318,0.20389466941629902,1.1931891143250772,1.0980259278122462,1124,0.5169039145907474,0.017750593344965093,0.01772109874175688,1.195419852755999,1.1372732283392901,0.5402492088607594,0.5364559298569451,0.1312407600198671,0.11074128443402043,-0.004780101309271978,-0.019552015266197764,-0.035481320368873914,-0.09299069108905533,NOT_ROBUST,ctx_ema50_slope_5_bucket,,,,,,,,,,,,,,,,,,,,,,,,,,,,,,Q1_LOW,,,,,,
UP,5,1,,2601,0.5459438677431757,0.11170571826771682,0.12807570977915714,1.3813376694822155,1.1652702709822063,1115,0.5452914798206278,0.12646664364234228,0.10557184750697315,1.3613012924880332,1.1126663468743823,0.5402492088607594,0.5364559298569451,0.1312407600198671,0.11074128443402043,0.00569465888241627,0.008835549963682632,-0.019535041752150276,0.015725359208321854,NOT_ROBUST,ctx_ema50_slope_5_bucket,,,,,,,,,,,,,,,,,,,,,,,,,,,,,,Q2,,,,,,
UP,5,1,,2479,0.536506655909641,0.1456812018311622,0.059502125075907145,1.4275911892436424,1.0993519558293874,1063,0.5493885230479775,0.13162113796721878,0.07446808510650506,1.416150294188545,1.090198836881069,0.5402492088607594,0.5364559298569451,0.1312407600198671,0.11074128443402043,-0.003742552951118472,0.012932593191032349,0.014440441811295113,0.02087985353319835,NOT_ROBUST,ctx_ema50_slope_5_bucket,,,,,,,,,,,,,,,,,,,,,,,,,,,,,,Q3,,,,,,
UP,5,1,,2404,0.5420133111480865,0.17085285118680893,0.014429100541428992,1.3805703036417143,0.9697322696724733,1031,0.5373423860329777,0.18708261610444457,0.0442384663997214,1.4163424161354694,0.972089695964905,0.5402492088607594,0.5364559298569451,0.1312407600198671,0.11074128443402043,0.0017641022873270407,0.0008864561760325573,0.03961209116694184,0.07634133167042415,NOT_ROBUST,ctx_ema50_slope_5_bucket,,,,,,,,,,,,,,,,,,,,,,,,,,,,,,Q4_HIGH,,,,,,
UP,5,1,,4,0.5,-0.40496725101590214,-0.12365553928248957,0.7869164500076049,1.4865028660913324,3,0.6666666666666666,0.4733206821469777,1.3223702092960201,0.9802459577358854,0.947103966454541,0.5402492088607594,0.5364559298569451,0.1312407600198671,0.11074128443402043,-0.040249208860759444,0.1302107368097215,-0.5362080110357692,0.3625793977129573,NOT_ROBUST,ctx_ema50_slope_5_bucket,,,,,,,,,,,,,,,,,,,,,,,,,,,,,,UNKNOWN,,,,,,
DOWN,5,1,,3220,0.6245341614906832,0.3704670635338674,0.24875591465035554,1.7522024111732344,0.8540251013758823,1381,0.6364952932657495,0.4131066850134888,0.32807269249211013,1.6619509616640764,0.8005957149305606,0.5537287140340575,0.5668949771689498,0.16726775773193228,0.185651650524687,0.07080544745662565,0.06960031609679973,0.2031993058019351,0.2274550344888018,ROBUST_POSITIVE,ctx_dist_ema20_atr_bucket,,,,,,,,,,,,,,,,,,,,,,,,,,,,,,,Q1_LOW,,,,,
DOWN,5,1,,2879,0.5512330670371657,0.17239850647209243,0.14643019554373743,1.3784351777364354,1.0141655628911388,1234,0.5688816855753647,0.17788314332506433,0.19926033618128328,1.3522279298288795,1.0351635915228552,0.5537287140340575,0.5668949771689498,0.16726775773193228,0.185651650524687,-0.002495646996891865,0.0019867084064149054,0.005130748740160146,-0.0077685071996226596,NOT_ROBUST,ctx_dist_ema20_atr_bucket,,,,,,,,,,,,,,,,,,,,,,,,,,,,,,,Q2,,,,,
DOWN,5,1,,2503,0.5293647622852576,0.06707849193091478,0.06574827802113035,1.2565423846671502,1.1154424737604758,1073,0.5442684063373718,0.08651381249614587,0.11993410214135652,1.24795534595159,1.0892758678170653,0.5537287140340575,0.5668949771689498,0.16726775773193228,0.185651650524687,-0.024363951748799906,-0.02262657083157793,-0.1001892658010175,-0.09913783802854112,NOT_ROBUST,ctx_dist_ema20_atr_bucket,,,,,,,,,,,,,,,,,,,,,,,,,,,,,,,Q3,,,,,
DOWN,5,1,,1614,0.46220570012391576,-0.08164068830837476,0.013710235968547063,1.0846250516203209,1.2893244783258557,692,0.4407514450867052,-0.12424235683308868,-0.06359672170733467,1.0221217871031651,1.3115476136240345,0.5537287140340575,0.5668949771689498,0.16726775773193228,0.185651650524687,-0.09152301391014178,-0.12614353208224455,-0.24890844604030704,-0.30989400735777567,ROBUST_NEGATIVE,ctx_dist_ema20_atr_bucket,,,,,,,,,,,,,,,,,,,,,,,,,,,,,,,Q4_HIGH,,,,,
DOWN,5,1,,1,1.0,-0.70115702479354,-0.70115702479354,2.1312396694214963,1.622148760330629,1,1.0,0.7669549956123536,0.7669549956123536,1.0460072709038373,0.8705026952488322,0.5537287140340575,0.5668949771689498,0.16726775773193228,0.185651650524687,0.44627128596594245,0.43310502283105023,-0.8684247825254723,0.5813033450876666,NOT_ROBUST,ctx_dist_ema20_atr_bucket,,,,,,,,,,,,,,,,,,,,,,,,,,,,,,,UNKNOWN,,,,,
UP,5,1,,1633,0.4402939375382731,-0.14986239806433718,-0.03503893214688643,1.0296132270526166,1.4433062015912372,701,0.4450784593437946,-0.11609367888345025,-0.09305760708931372,1.051499401677795,1.33151653960995,0.5402492088607594,0.5364559298569451,0.1312407600198671,0.11074128443402043,-0.09995527132248633,-0.09137747051315054,-0.2811031580842043,-0.22683496331747066,ROBUST_NEGATIVE,ctx_dist_ema20_atr_bucket,,,,,,,,,,,,,,,,,,,,,,,,,,,,,,,Q1_LOW,,,,,
UP,5,1,,2553,0.5064629847238543,0.011526506777393832,0.04676586699083444,1.198935330020455,1.2109677022356231,1095,0.5013698630136987,-0.037364384179336886,0.022054190296036075,1.1811842250390772,1.2407407335002116,0.5402492088607594,0.5364559298569451,0.1312407600198671,0.11074128443402043,-0.03378622413690513,-0.035086066843246444,-0.11971425324247326,-0.1481056686133573,NOT_ROBUST,ctx_dist_ema20_atr_bucket,,,,,,,,,,,,,,,,,,,,,,,,,,,,,,,Q2,,,,,
UP,5,1,,2828,0.5562234794908062,0.11112122560347923,0.10398584765981198,1.3203321222757778,1.0373473659865715,1212,0.5453795379537953,0.11121280136903977,0.07105976454284958,1.3563074509910407,1.0525211513818316,0.5402492088607594,0.5364559298569451,0.1312407600198671,0.11074128443402043,0.01597427063004675,0.008923608096850222,-0.020119534416387863,0.0004715169350193449,NOT_ROBUST,ctx_dist_ema20_atr_bucket,,,,,,,,,,,,,,,,,,,,,,,,,,,,,,,Q3,,,,,
UP,5,1,,3094,0.6034259857789269,0.39053937697070323,0.22300165597916735,1.6419125643413386,0.8372087826149427,1327,0.6126601356443104,0.36925173118738014,0.21344421344402512,1.6428910329472706,0.8360943506085944,0.5402492088607594,0.5364559298569451,0.1312407600198671,0.11074128443402043,0.06317677691816748,0.07620420578736531,0.2592986169508361,0.2585104467533597,ROBUST_POSITIVE,ctx_dist_ema20_atr_bucket,,,,,,,,,,,,,,,,,,,,,,,,,,,,,,,Q4_HIGH,,,,,
UP,5,1,,2,0.5,-0.8077159618773571,-0.8077159618773571,0.5945670243180696,2.1561962079370645,1,0.0,-1.0981031071802005,-1.0981031071802005,0.6337716746189136,1.3017572442685232,0.5402492088607594,0.5364559298569451,0.1312407600198671,0.11074128443402043,-0.040249208860759444,-0.5364559298569451,-0.9389567218972241,-1.208844391614221,NOT_ROBUST,ctx_dist_ema20_atr_bucket,,,,,,,,,,,,,,,,,,,,,,,,,,,,,,,UNKNOWN,,,,,
DOWN,5,1,,3053,0.5941696691778579,0.29156670480972435,0.16289893617037754,1.6549782097278822,0.9076876795104815,1309,0.5928189457601223,0.3195569465929513,0.20645675567949898,1.5727501575034746,0.9025584327573651,0.5537287140340575,0.5668949771689498,0.16726775773193228,0.185651650524687,0.040440955143800306,0.02592396859117252,0.12429894707779207,0.13390529606826432,NOT_ROBUST,ctx_dist_ema50_atr_bucket,,,,,,,,,,,,,,,,,,,,,,,,,,,,,,,,Q1_LOW,,,,
DOWN,5,1,,2657,0.5540082800150545,0.17690306921083118,0.1544929059380141,1.428295785041765,1.0443333140076507,1140,0.5877192982456141,0.21683337068701053,0.26585759857300384,1.3821557678328398,0.9718949699317786,0.5537287140340575,0.5668949771689498,0.16726775773193228,0.185651650524687,0.0002795659809969875,0.02082432107666432,0.0096353114788989,0.03118172016232354,NOT_ROBUST,ctx_dist_ema50_atr_bucket,,,,,,,,,,,,,,,,,,,,,,,,,,,,,,,,Q2,,,,
DOWN,5,1,,2514,0.5377883850437549,0.1171273748240089,0.09028528255341292,1.302782124038854,1.0877656783665046,1078,0.5602968460111317,0.1377114341266243,0.13337938022488405,1.3039570187024407,1.0229135769035196,0.5537287140340575,0.5668949771689498,0.16726775773193228,0.185651650524687,-0.01594032899030262,-0.0065981311578180435,-0.050140382907923386,-0.0479402163980627,NOT_ROBUST,ctx_dist_ema50_atr_bucket,,,,,,,,,,,,,,,,,,,,,,,,,,,,,,,,Q3,,,,
DOWN,5,1,,1987,0.5143432310015098,0.0237779780185563,0.09900166389355333,1.1891217684548527,1.1586902384584972,853,0.49941383352872215,0.0032827940372020885,0.027842227378376723,1.150712173452216,1.1986224351166024,0.5537287140340575,0.5668949771689498,0.16726775773193228,0.185651650524687,-0.03938548303254774,-0.06748114364022761,-0.14348977971337598,-0.1823688564874849,NOT_ROBUST,ctx_dist_ema50_atr_bucket,,,,,,,,,,,,,,,,,,,,,,,,,,,,,,,,Q4_HIGH,,,,
DOWN,5,1,,4,0.75,0.8550769683149673,0.03289898540940678,2.271092708995822,1.1856684117740763,3,0.6666666666666666,0.0809892154857194,1.0824372759856582,1.1191915815599567,0.784880448112277,0.5537287140340575,0.5668949771689498,0.16726775773193228,0.185651650524687,0.19627128596594245,0.09977168949771686,0.687809210583035,-0.10466243503896759,NOT_ROBUST,ctx_dist_ema50_atr_bucket,,,,,,,,,,,,,,,,,,,,,,,,,,,,,,,,UNKNOWN,,,,
UP,5,1,,2036,0.481335952848723,-0.04058163817143996,0.06953140214371922,1.1134397694365998,1.3146642946717437,874,0.482837528604119,-0.040160005367302284,-0.03945246622447138,1.1148270169967882,1.237276115099081,0.5402492088607594,0.5364559298569451,0.1312407600198671,0.11074128443402043,-0.05891325601203645,-0.05361840125282613,-0.17182239819130707,-0.15090128980132272,ROBUST_NEGATIVE,ctx_dist_ema50_atr_bucket,,,,,,,,,,,,,,,,,,,,,,,,,,,,,,,,Q1_LOW,,,,
UP,5,1,,2551,0.5307722461779695,0.05156164543980509,0.09681475272420463,1.2499751570311075,1.1561277270646793,1094,0.5246800731261426,0.08167712853388616,0.0888079488028665,1.2959470047740609,1.1453317267320757,0.5402492088607594,0.5364559298569451,0.1312407600198671,0.11074128443402043,-0.009476962682789969,-0.011775856730802503,-0.079679114580062,-0.029064155900134267,NOT_ROBUST,ctx_dist_ema50_atr_bucket,,,,,,,,,,,,,,,,,,,,,,,,,,,,,,,,Q2,,,,
UP,5,1,,2634,0.5489749430523918,0.13617883759788452,0.1200201309528108,1.337548643630319,1.0383936553294135,1130,0.5513274336283186,0.10111577425573821,0.07485280326450611,1.3517526306062295,1.0668254248117495,0.5402492088607594,0.5364559298569451,0.1312407600198671,0.11074128443402043,0.008725734191632362,0.014871503771373473,0.004938077578017425,-0.009625510178282212,NOT_ROBUST,ctx_dist_ema50_atr_bucket,,,,,,,,,,,,,,,,,,,,,,,,,,,,,,,,Q3,,,,
UP,5,1,,2884,0.5790568654646324,0.3090964997359136,0.12118120663273037,1.5816455185945888,0.9038891789530841,1237,0.5788197251414713,0.27568868611134395,0.11717442249749223,1.5748237881044167,0.9204628025883128,0.5402492088607594,0.5364559298569451,0.1312407600198671,0.11074128443402043,0.038807656603872975,0.04236379528452616,0.17785573971604648,0.16494740167732352,ROBUST_POSITIVE,ctx_dist_ema50_atr_bucket,,,,,,,,,,,,,,,,,,,,,,,,,,,,,,,,Q4_HIGH,,,,
UP,5,1,,4,0.5,-0.40496725101590214,-0.12365553928248957,0.7869164500076049,1.4865028660913324,2,0.5,0.048795918572456465,0.048795918572456465,0.7349788849592865,1.4530016958084913,0.5402492088607594,0.5364559298569451,0.1312407600198671,0.11074128443402043,-0.040249208860759444,-0.036455929856945124,-0.5362080110357692,-0.06194536586156396,NOT_ROBUST,ctx_dist_ema50_atr_bucket,,,,,,,,,,,,,,,,,,,,,,,,,,,,,,,,UNKNOWN,,,,
DOWN,5,1,,2962,0.6070222822417286,0.31266898737708565,0.18529433461645092,1.6600659938381022,0.8798816199844329,1270,0.5992125984251968,0.3291898930840908,0.22344270503783537,1.5583130441994535,0.8627557909801555,0.5537287140340575,0.5668949771689498,0.16726775773193228,0.185651650524687,0.05329356820767106,0.03231762125624704,0.14540122964515337,0.1435382425594038,ROBUST_POSITIVE,ctx_dist_donchian_high20_atr_bucket,,,,,,,,,,,,,,,,,,,,,,,,,,,,,,,,,Q1_LOW,,,
DOWN,5,1,,2846,0.5643007730147576,0.1971801802713041,0.18264730159869952,1.4163716027364177,0.9921865063714765,1220,0.6180327868852459,0.2728304206452472,0.26929868715826244,1.4517419764403818,0.9146683756017006,0.5537287140340575,0.5668949771689498,0.16726775773193228,0.185651650524687,0.010572058980700016,0.05113780971629611,0.02991242253937182,0.08717877012056022,NOT_ROBUST,ctx_dist_donchian_high20_atr_bucket,,,,,,,,,,,,,,,,,,,,,,,,,,,,,,,,,Q2,,,
DOWN,5,1,,3080,0.5597402597402598,0.16156374334621454,0.1487744848525623,1.3764016904226348,1.0575834275896152,1320,0.5454545454545454,0.11532699942804073,0.131765484687205,1.3016323735619952,1.0833880345436047,0.5537287140340575,0.5668949771689498,0.16726775773193228,0.185651650524687,0.006011545706202215,-0.02144043171440435,-0.005704014385717743,-0.07032465109664626,NOT_ROBUST,ctx_dist_donchian_high20_atr_bucket,,,,,,,,,,,,,,,,,,,,,,,,,,,,,,,,,Q3,,,
DOWN,5,1,,1328,0.40737951807228917,-0.18822413940135196,-0.10179244734747792,0.9865331865081088,1.4064070366633883,570,0.41228070175438597,-0.2032991980021417,-0.12539942990628647,0.9659739041285428,1.4129106584555176,0.5537287140340575,0.5668949771689498,0.16726775773193228,0.185651650524687,-0.14634919596176837,-0.1546142754145638,-0.3554918971332842,-0.3889508485268287,ROBUST_NEGATIVE,ctx_dist_donchian_high20_atr_bucket,,,,,,,,,,,,,,,,,,,,,,,,,,,,,,,,,Q4_HIGH,,,
DOWN,5,1,,1,1.0,-0.70115702479354,-0.70115702479354,2.1312396694214963,1.622148760330629,1,1.0,0.7669549956123536,0.7669549956123536,1.0460072709038373,0.8705026952488322,0.5537287140340575,0.5668949771689498,0.16726775773193228,0.185651650524687,0.44627128596594245,0.43310502283105023,-0.8684247825254723,0.5813033450876666,NOT_ROBUST,ctx_dist_donchian_high20_atr_bucket,,,,,,,,,,,,,,,,,,,,,,,,,,,,,,,,,UNKNOWN,,,
UP,5,1,,2028,0.48471400394477315,-0.03326802762490254,0.058812299260843345,1.1057675970985623,1.2604045610370687,870,0.4724137931034483,-0.048746165474672434,-0.04958638266547856,1.0816605178367913,1.2235996703366396,0.5402492088607594,0.5364559298569451,0.1312407600198671,0.11074128443402043,-0.05553520491598629,-0.06404213675349685,-0.16450878764476962,-0.15948744990869285,ROBUST_NEGATIVE,ctx_dist_donchian_high20_atr_bucket,,,,,,,,,,,,,,,,,,,,,,,,,,,,,,,,,Q1_LOW,,,
UP,5,1,,2301,0.4954367666232073,0.006844828252438352,0.0,1.219385196003025,1.204557450847957,987,0.5187436676798379,-0.015222827262592586,0.008583690987311857,1.2369325190188596,1.2020355943977024,0.5402492088607594,0.5364559298569451,0.1312407600198671,0.11074128443402043,-0.04481244223755215,-0.017712262177107196,-0.12439593176742875,-0.125964111696613,NOT_ROBUST,ctx_dist_donchian_high20_atr_bucket,,,,,,,,,,,,,,,,,,,,,,,,,,,,,,,,,Q2,,,
UP,5,1,,2513,0.5431754874651811,0.08786105219821902,0.06481481481467692,1.3037614821851555,1.0935011023586612,1077,0.5023212627669452,0.05063975478494609,-0.034869240348659826,1.245658616326534,1.1220562140872712,0.5402492088607594,0.5364559298569451,0.1312407600198671,0.11074128443402043,0.0029262786044216282,-0.034134667089999904,-0.04337970782164807,-0.06010152964907434,NOT_ROBUST,ctx_dist_donchian_high20_atr_bucket,,,,,,,,,,,,,,,,,,,,,,,,,,,,,,,,,Q3,,,
UP,5,1,,3266,0.6019595835884874,0.3478935420944578,0.2309920797744375,1.607457057575998,0.8887663361131416,1401,0.6202712348322627,0.36214873891252747,0.27208210503326397,1.664950105093925,0.864923109219003,0.5402492088607594,0.5364559298569451,0.1312407600198671,0.11074128443402043,0.061710374727728,0.08381530497531753,0.21665278207459068,0.25140745447850704,ROBUST_POSITIVE,ctx_dist_donchian_high20_atr_bucket,,,,,,,,,,,,,,,,,,,,,,,,,,,,,,,,,Q4_HIGH,,,
UP,5,1,,2,0.5,-0.8077159618773571,-0.8077159618773571,0.5945670243180696,2.1561962079370645,1,0.0,-1.0981031071802005,-1.0981031071802005,0.6337716746189136,1.3017572442685232,0.5402492088607594,0.5364559298569451,0.1312407600198671,0.11074128443402043,-0.040249208860759444,-0.5364559298569451,-0.9389567218972241,-1.208844391614221,NOT_ROBUST,ctx_dist_donchian_high20_atr_bucket,,,,,,,,,,,,,,,,,,,,,,,,,,,,,,,,,UNKNOWN,,,
DOWN,5,1,,3486,0.6239242685025818,0.35330239440471967,0.2573417897295791,1.7164675342904947,0.8715397551294318,1495,0.6207357859531772,0.352513282752366,0.3119170984456281,1.594352335357734,0.8679546674472665,0.5537287140340575,0.5668949771689498,0.16726775773193228,0.185651650524687,0.07019555446852421,0.05384080878422748,0.18603463667278738,0.166861632227679,ROBUST_POSITIVE,ctx_dist_donchian_low20_atr_bucket,,,,,,,,,,,,,,,,,,,,,,,,,,,,,,,,,,Q1_LOW,,
DOWN,5,1,,2512,0.5242834394904459,0.09968511489241387,0.035396346089543174,1.3457372035633772,1.1204965584887001,1077,0.5533890436397401,0.1454160622301903,0.13963963963982431,1.3360529336978784,1.0541431457597719,0.5537287140340575,0.5668949771689498,0.16726775773193228,0.185651650524687,-0.029445274543611677,-0.013505933529209702,-0.06758264283951841,-0.040235588294496694,NOT_ROBUST,ctx_dist_donchian_low20_atr_bucket,,,,,,,,,,,,,,,,,,,,,,,,,,,,,,,,,,Q2,,
DOWN,5,1,,2264,0.5357773851590106,0.13933717455443925,0.14742655428687143,1.2764770146664577,1.0443395404722133,971,0.5262615859938208,0.04313271529398494,0.09886229894042224,1.2257512727104585,1.1593641699052661,0.5537287140340575,0.5668949771689498,0.16726775773193228,0.185651650524687,-0.017951328875046912,-0.040633391175128986,-0.02793058317749303,-0.14251893523070205,NOT_ROBUST,ctx_dist_donchian_low20_atr_bucket,,,,,,,,,,,,,,,,,,,,,,,,,,,,,,,,,,Q3,,
DOWN,5,1,,1953,0.4982078853046595,-0.019292567563498477,0.03658934988562104,1.1642527839961294,1.1802086265391096,838,0.5083532219570406,0.044064346420881445,0.05487451152645864,1.1646389071300824,1.0992960591031573,0.5537287140340575,0.5668949771689498,0.16726775773193228,0.185651650524687,-0.055520828729398064,-0.058541755211909186,-0.18656032529543076,-0.14158730410380554,NOT_ROBUST,ctx_dist_donchian_low20_atr_bucket,,,,,,,,,,,,,,,,,,,,,,,,,,,,,,,,,,Q4_HIGH,,
DOWN,5,1,,1,1.0,-0.70115702479354,-0.70115702479354,2.1312396694214963,1.622148760330629,1,1.0,0.7669549956123536,0.7669549956123536,1.0460072709038373,0.8705026952488322,0.5537287140340575,0.5668949771689498,0.16726775773193228,0.185651650524687,0.44627128596594245,0.43310502283105023,-0.8684247825254723,0.5813033450876666,NOT_ROBUST,ctx_dist_donchian_low20_atr_bucket,,,,,,,,,,,,,,,,,,,,,,,,,,,,,,,,,,UNKNOWN,,
UP,5,1,,1432,0.3680167597765363,-0.27475302138783964,-0.2419660157443411,0.9650646028541623,1.5748733439563967,615,0.38699186991869916,-0.2587671559034408,-0.22175290390686198,0.9526801318926246,1.4673450981697365,0.5402492088607594,0.5364559298569451,0.1312407600198671,0.11074128443402043,-0.17223244908422314,-0.14946405993824596,-0.4059937814077067,-0.3695084403374612,ROBUST_NEGATIVE,ctx_dist_donchian_low20_atr_bucket,,,,,,,,,,,,,,,,,,,,,,,,,,,,,,,,,,Q1_LOW,,
UP,5,1,,3091,0.5561307020381754,0.12566312602790009,0.15393677596686992,1.309048651842796,1.1153215729437678,1325,0.5381132075471698,0.09563935074840813,0.06246514221968879,1.2924241230999731,1.1259456259247929,0.5402492088607594,0.5364559298569451,0.1312407600198671,0.11074128443402043,0.01588149317741594,0.0016572776902247233,-0.005577633991967007,-0.015101933685612301,NOT_ROBUST,ctx_dist_donchian_low20_atr_bucket,,,,,,,,,,,,,,,,,,,,,,,,,,,,,,,,,,Q2,,
UP,5,1,,2759,0.5588981515041682,0.1387049287715221,0.14457352795154024,1.352755005212239,1.0103025426658196,1183,0.5731191885038038,0.13250671285052906,0.13365155131252587,1.415538262588464,1.0416380546713842,0.5402492088607594,0.5364559298569451,0.1312407600198671,0.11074128443402043,0.018648942643408772,0.03666325864685871,0.007464168751655009,0.021765428416508636,NOT_ROBUST,ctx_dist_donchian_low20_atr_bucket,,,,,,,,,,,,,,,,,,,,,,,,,,,,,,,,,,Q3,,
UP,5,1,,2826,0.5842179759377212,0.3110596841908738,0.16782632228546362,1.5421128938740691,0.8918047295894385,1212,0.5932343234323433,0.3537269678191285,0.18352907802395296,1.5835229794040664,0.8355803891566841,0.5402492088607594,0.5364559298569451,0.1312407600198671,0.11074128443402043,0.043968767076961734,0.056778393575398156,0.17981892417100673,0.24298568338510806,ROBUST_POSITIVE,ctx_dist_donchian_low20_atr_bucket,,,,,,,,,,,,,,,,,,,,,,,,,,,,,,,,,,Q4_HIGH,,
UP,5,1,,2,0.5,-0.8077159618773571,-0.8077159618773571,0.5945670243180696,2.1561962079370645,1,0.0,-1.0981031071802005,-1.0981031071802005,0.6337716746189136,1.3017572442685232,0.5402492088607594,0.5364559298569451,0.1312407600198671,0.11074128443402043,-0.040249208860759444,-0.5364559298569451,-0.9389567218972241,-1.208844391614221,NOT_ROBUST,ctx_dist_donchian_low20_atr_bucket,,,,,,,,,,,,,,,,,,,,,,,,,,,,,,,,,,UNKNOWN,,
DOWN,5,1,,10218,0.5537287140340575,0.16726775773193228,0.12857145263149353,1.415351271221817,1.033908363828433,4380,0.5668949771689498,0.185651650524687,0.1661293730141447,1.3830143668406987,1.0137171691198248,0.5537287140340575,0.5668949771689498,0.16726775773193228,0.185651650524687,0.0,0.0,0.0,0.0,NOT_ROBUST,ctx_fvg_up_size_atr_bucket,,,,,,,,,,,,,,,,,,,,,,,,,,,,,,,,,,,UNKNOWN,
UP,5,1,,10112,0.5402492088607594,0.1312407600198671,0.10612522619820784,1.342904609188007,1.0820553402532507,4334,0.5364559298569451,0.11074128443402043,0.059904911252580524,1.3458807912130524,1.0875610246025973,0.5402492088607594,0.5364559298569451,0.1312407600198671,0.11074128443402043,0.0,0.0,0.0,0.0,NOT_ROBUST,ctx_fvg_up_size_atr_bucket,,,,,,,,,,,,,,,,,,,,,,,,,,,,,,,,,,,UNKNOWN,
DOWN,5,1,,10218,0.5537287140340575,0.16726775773193228,0.12857145263149353,1.415351271221817,1.033908363828433,4380,0.5668949771689498,0.185651650524687,0.1661293730141447,1.3830143668406987,1.0137171691198248,0.5537287140340575,0.5668949771689498,0.16726775773193228,0.185651650524687,0.0,0.0,0.0,0.0,NOT_ROBUST,ctx_fvg_dn_size_atr_bucket,,,,,,,,,,,,,,,,,,,,,,,,,,,,,,,,,,,,UNKNOWN
UP,5,1,,10112,0.5402492088607594,0.1312407600198671,0.10612522619820784,1.342904609188007,1.0820553402532507,4334,0.5364559298569451,0.11074128443402043,0.059904911252580524,1.3458807912130524,1.0875610246025973,0.5402492088607594,0.5364559298569451,0.1312407600198671,0.11074128443402043,0.0,0.0,0.0,0.0,NOT_ROBUST,ctx_fvg_dn_size_atr_bucket,,,,,,,,,,,,,,,,,,,,,,,,,,,,,,,,,,,,UNKNOWN
DOWN,15,1,-1,3288,0.5769464720194647,0.3129032631421102,0.24048200985441792,2.5493410428062884,1.8315657796503033,1410,0.5985815602836879,0.3883813737406682,0.3167922533771498,2.5145158836878827,1.7258309612706952,0.5401197604790419,0.5586592178770949,0.17709119188986513,0.2725384205696048,0.03682671154042283,0.03992234240659298,0.13581207125224506,0.11584295317106341,ROBUST_POSITIVE,ctx_body_direction,,,,,,,,,,,,,,,,,,,,,,,,,,,,,,,,,,,,
DOWN,15,1,0,9,0.4444444444444444,0.022417276276740047,-0.2840681362726849,2.645630599381061,2.5014957164240705,5,0.2,-2.5859905349099357,-3.973234886940433,0.48023977012917785,4.594058393252312,0.5401197604790419,0.5586592178770949,0.17709119188986513,0.2725384205696048,-0.09567531603459745,-0.3586592178770949,-0.1546739156131251,-2.8585289554795406,NOT_ROBUST,ctx_body_direction,,,,,,,,,,,,,,,,,,,,,,,,,,,,,,,,,,,,
DOWN,15,1,1,877,0.4047890535917902,-0.33076592689187884,-0.5380392156860349,1.9537021133604329,2.5586730295593867,376,0.4095744680851064,-0.12349535147229893,-0.16440863828512098,1.8286665159246098,2.336621620664522,0.5401197604790419,0.5586592178770949,0.17709119188986513,0.2725384205696048,-0.13533070688725168,-0.14908474979198855,-0.507857118781744,-0.3960337720419037,ROBUST_NEGATIVE,ctx_body_direction,,,,,,,,,,,,,,,,,,,,,,,,,,,,,,,,,,,,
UP,15,1,-1,858,0.38694638694638694,-0.37024638821980976,-0.28665543702051305,1.7525663461026368,2.6363507749442427,368,0.3858695652173913,-0.2990014194747409,-0.46186718046002007,1.9971630169529317,2.513398121395432,0.5155309414880809,0.5182481751824818,0.09264736964809409,0.05422955999432733,-0.12858455454169393,-0.1323786099650905,-0.4628937578679039,-0.35323097946906823,ROBUST_NEGATIVE,ctx_body_direction,,,,,,,,,,,,,,,,,,,,,,,,,,,,,,,,,,,,
UP,15,1,0,9,0.6666666666666666,0.23232773156506858,-0.04771371769379107,2.219748784675922,1.8708811655275592,4,0.0,-2.3314199250771948,-1.8737685415817427,0.7405529373430233,3.481466225011926,0.5155309414880809,0.5182481751824818,0.09264736964809409,0.05422955999432733,0.15113572517858576,-0.5182481751824818,0.1396803619169745,-2.385649485071522,NOT_ROBUST,ctx_body_direction,,,,,,,,,,,,,,,,,,,,,,,,,,,,,,,,,,,,
UP,15,1,1,3286,0.5486914181375533,0.2135655885673622,0.15253231592735922,2.4150342210460147,1.9756882304731793,1409,0.5542938254080908,0.15224237192448842,0.12361020274709723,2.3821522056119115,1.953054981997767,0.5155309414880809,0.5182481751824818,0.09264736964809409,0.05422955999432733,0.033160476649472415,0.036045650225609016,0.12091821891926813,0.09801281193016109,ROBUST_POSITIVE,ctx_body_direction,,,,,,,,,,,,,,,,,,,,,,,,,,,,,,,,,,,,
DOWN,15,1,,2067,0.5432994678277697,0.17819947822860022,0.011712680769641742,2.52063935784887,1.9706177911034168,886,0.5643340857787811,0.21505737082892992,0.15181117302014963,2.426180169293757,1.8459137621913702,0.5401197604790419,0.5586592178770949,0.17709119188986513,0.2725384205696048,0.003179707348727856,0.0056748679016861425,0.0011082863387350816,-0.05748104974067489,NOT_ROBUST,ctx_structure_state,-1,,,,,,,,,,,,,,,,,,,,,,,,,,,,,,,,,,,
DOWN,15,1,,0,,,,,,1,1.0,2.4737190082643705,2.4737190082643705,2.7629752066114777,1.622148760330629,0.5401197604790419,0.5586592178770949,0.17709119188986513,0.2725384205696048,,0.44134078212290506,,2.2011805876947657,NOT_ROBUST,ctx_structure_state,0,,,,,,,,,,,,,,,,,,,,,,,,,,,,,,,,,,,
DOWN,15,1,,2107,0.5372567631703844,0.17329470171269812,0.16907078161718334,2.3327489324038018,2.0032146841450507,904,0.5519911504424779,0.3326489949003447,0.27470872199370017,2.297860424720702,1.8722097486981508,0.5401197604790419,0.5586592178770949,0.17709119188986513,0.2725384205696048,-0.0028629973086574667,-0.006668067434617009,-0.0037964901771670168,0.06011057433073991,NOT_ROBUST,ctx_structure_state,1,,,,,,,,,,,,,,,,,,,,,,,,,,,,,,,,,,,
UP,15,1,,2170,0.5110599078341014,0.0641027434287562,0.11157863049427835,2.1978115163665195,2.1679158791758804,930,0.5075268817204301,-0.002041645256328195,0.06334578465363759,2.1829194375825587,2.108003862951654,0.5155309414880809,0.5182481751824818,0.09264736964809409,0.05422955999432733,-0.004471033653979495,-0.01072129346205164,-0.028544626219337885,-0.05627120525065553,NOT_ROBUST,ctx_structure_state,-1,,,,,,,,,,,,,,,,,,,,,,,,,,,,,,,,,,,
UP,15,1,,0,,,,,,1,0.0,-2.1538068472152316,-2.1538068472152316,1.5738375063873138,2.7567705671947174,0.5155309414880809,0.5182481751824818,0.09264736964809409,0.05422955999432733,,-0.5182481751824818,,-2.208036407209559,NOT_ROBUST,ctx_structure_state,0,,,,,,,,,,,,,,,,,,,,,,,,,,,,,,,,,,,
UP,15,1,,1983,0.5219364599092284,0.13844402289498778,0.010833118390744466,2.376233048721122,2.0506264276733757,850,0.5270588235294118,0.08442642210925928,-0.0654237750515407,2.4009914511565724,2.032563808158821,0.5155309414880809,0.5182481751824818,0.09264736964809409,0.05422955999432733,0.00640551842114756,0.008810648346930017,0.04579665324689369,0.03019686211493195,NOT_ROBUST,ctx_structure_state,1,,,,,,,,,,,,,,,,,,,,,,,,,,,,,,,,,,,
DOWN,15,1,,1451,0.5361819434872501,0.20330632289225511,0.14420062695896854,2.4073872873930307,1.9529350454112901,623,0.5666131621187801,0.24670565954957765,0.15152941176501747,2.397603248797281,1.817609642600028,0.5401197604790419,0.5586592178770949,0.17709119188986513,0.2725384205696048,-0.003937816991791743,0.007953944241685162,0.02621513100238998,-0.025832761020027156,NOT_ROBUST,ctx_session_name,,ASIA,,,,,,,,,,,,,,,,,,,,,,,,,,,,,,,,,,
DOWN,15,1,,737,0.5332428765264586,0.1996126490288494,0.09908510271013488,2.366319669134128,1.9684542133905836,317,0.5678233438485805,0.15067623576829714,0.160550458715689,2.2087644016738084,1.9093509841618277,0.5401197604790419,0.5586592178770949,0.17709119188986513,0.2725384205696048,-0.006876883952583235,0.009164125971485526,0.022521457138984263,-0.12186218480130767,NOT_ROBUST,ctx_session_name,,LONDON,,,,,,,,,,,,,,,,,,,,,,,,,,,,,,,,,,
DOWN,15,1,,1582,0.5512010113780025,0.18978215198245207,0.09585358017542384,2.471213005380386,1.9984903225096207,678,0.556047197640118,0.39717483256090924,0.3155409524785389,2.408214692979203,1.878958739194198,0.5401197604790419,0.5586592178770949,0.17709119188986513,0.2725384205696048,0.011081250898960615,-0.0026120202369769308,0.01269096009258694,0.12463641199130443,NOT_ROBUST,ctx_session_name,,NEW_YORK,,,,,,,,,,,,,,,,,,,,,,,,,,,,,,,,,,
DOWN,15,1,,403,0.5186104218362283,-0.06787384311707277,-0.14039310068191793,2.348620667123675,2.0817308193101085,174,0.5344827586206896,0.2382687777848441,0.2690877496263828,2.501055331631414,1.8795509054240152,0.5401197604790419,0.5586592178770949,0.17709119188986513,0.2725384205696048,-0.02150933864281357,-0.024176459256405325,-0.2449650350069379,-0.03426964278476072,NOT_ROBUST,ctx_session_name,,OFF_SESSION,,,,,,,,,,,,,,,,,,,,,,,,,,,,,,,,,,
UP,15,1,,1453,0.5010323468685478,0.06403866486093669,0.05899705014770834,2.2638551022316644,2.140617826856974,624,0.5144230769230769,0.04064692690471062,0.00281690140851215,2.231272772862095,2.1095933162540517,0.5155309414880809,0.5182481751824818,0.09264736964809409,0.05422955999432733,-0.014498594619533067,-0.003825098259404913,-0.028608704787157394,-0.013582633089616714,NOT_ROBUST,ctx_session_name,,ASIA,,,,,,,,,,,,,,,,,,,,,,,,,,,,,,,,,,
UP,15,1,,725,0.5048275862068966,0.046138222407574044,-0.0016786570743771764,2.143377624598811,2.07904807719795,312,0.5,0.148918626720387,-0.050774026337807456,2.2281593181670667,1.9014767311146596,0.5155309414880809,0.5182481751824818,0.09264736964809409,0.05422955999432733,-0.010703355281184268,-0.018248175182481785,-0.04650914724052004,0.09468906672605967,NOT_ROBUST,ctx_session_name,,LONDON,,,,,,,,,,,,,,,,,,,,,,,,,,,,,,,,,,
UP,15,1,,1577,0.5237793278376665,0.03538923897014918,0.055511498810162395,2.259242756755783,2.159718692048718,677,0.5199409158050221,-0.04188077938587536,-0.006490496059188149,2.3725716553803524,2.163743145260774,0.5155309414880809,0.5182481751824818,0.09264736964809409,0.05422955999432733,0.00824838634958558,0.001692740622540323,-0.057258130677944906,-0.09611033938020269,NOT_ROBUST,ctx_session_name,,NEW_YORK,,,,,,,,,,,,,,,,,,,,,,,,,,,,,,,,,,
UP,15,1,,396,0.5580808080808081,0.5330697930465172,0.2547640407292081,2.6422869764197903,1.8474124856506606,170,0.5529411764705883,0.2615971001564163,0.29374447103763834,2.39776549647742,1.9533465004303627,0.5155309414880809,0.5182481751824818,0.09264736964809409,0.05422955999432733,0.04254986659272719,0.034693001288106484,0.4404224233984232,0.20736754016208897,ROBUST_POSITIVE,ctx_session_name,,OFF_SESSION,,,,,,,,,,,,,,,,,,,,,,,,,,,,,,,,,,
DOWN,15,1,,2723,0.5420492104296731,0.16293774303610015,0.06363636363630312,2.4303743806786513,1.9980459440379776,1168,0.5547945205479452,0.2866651748770802,0.23142593351649315,2.3545828474322437,1.89799743556711,0.5401197604790419,0.5586592178770949,0.17709119188986513,0.2725384205696048,0.001929449950631268,-0.0038646973291497355,-0.014153448853764988,0.014126754307475398,NOT_ROBUST,ctx_in_asia_session,,,0,,,,,,,,,,,,,,,,,,,,,,,,,,,,,,,,,
DOWN,15,1,,1451,0.5361819434872501,0.20330632289225511,0.14420062695896854,2.4073872873930307,1.9529350454112901,623,0.5666131621187801,0.24670565954957765,0.15152941176501747,2.397603248797281,1.817609642600028,0.5401197604790419,0.5586592178770949,0.17709119188986513,0.2725384205696048,-0.003937816991791743,0.007953944241685162,0.02621513100238998,-0.025832761020027156,NOT_ROBUST,ctx_in_asia_session,,,1,,,,,,,,,,,,,,,,,,,,,,,,,,,,,,,,,
UP,15,1,,2699,0.5235272323082624,0.10864614668489801,0.0702811244979917,2.282893554145526,2.0925727751239904,1158,0.5198618307426598,0.06018960290536397,0.018347996526369592,2.340783590348235,2.0613915475905293,0.5155309414880809,0.5182481751824818,0.09264736964809409,0.05422955999432733,0.007996290820181495,0.0016136555601780067,0.015998777036803927,0.005960042911036641,NOT_ROBUST,ctx_in_asia_session,,,0,,,,,,,,,,,,,,,,,,,,,,,,,,,,,,,,,
UP,15,1,,1453,0.5010323468685478,0.06403866486093669,0.05899705014770834,2.2638551022316644,2.140617826856974,624,0.5144230769230769,0.04064692690471062,0.00281690140851215,2.231272772862095,2.1095933162540517,0.5155309414880809,0.5182481751824818,0.09264736964809409,0.05422955999432733,-0.014498594619533067,-0.003825098259404913,-0.028608704787157394,-0.013582633089616714,NOT_ROBUST,ctx_in_asia_session,,,1,,,,,,,,,,,,,,,,,,,,,,,,,,,,,,,,,
DOWN,15,1,,3437,0.5417515274949084,0.1723480984108285,0.08244274809145799,2.434704398308907,1.985095108720006,1474,0.5563093622795116,0.2984804583778493,0.2154670197402907,2.403428123423783,1.8621660533721698,0.5401197604790419,0.5586592178770949,0.17709119188986513,0.2725384205696048,0.0016317670158665365,-0.0023498555975833835,-0.0047430934790366475,0.0259420378082445,NOT_ROBUST,ctx_in_london_session,,,,0,,,,,,,,,,,,,,,,,,,,,,,,,,,,,,,,
DOWN,15,1,,737,0.5332428765264586,0.1996126490288494,0.09908510271013488,2.366319669134128,1.9684542133905836,317,0.5678233438485805,0.15067623576829714,0.160550458715689,2.2087644016738084,1.9093509841618277,0.5401197604790419,0.5586592178770949,0.17709119188986513,0.2725384205696048,-0.006876883952583235,0.009164125971485526,0.022521457138984263,-0.12186218480130767,NOT_ROBUST,ctx_in_london_session,,,,1,,,,,,,,,,,,,,,,,,,,,,,,,,,,,,,,
UP,15,1,,3427,0.5176539247154947,0.10127783203847486,0.0725153771446403,2.303628288377211,2.116548179487044,1470,0.5224489795918368,0.03697647572811322,0.04016398142300254,2.3198531596596057,2.114059902555651,0.5155309414880809,0.5182481751824818,0.09264736964809409,0.05422955999432733,0.002122983227413777,0.004200804409354997,0.008630462390380775,-0.017253084266214115,NOT_ROBUST,ctx_in_london_session,,,,0,,,,,,,,,,,,,,,,,,,,,,,,,,,,,,,,
UP,15,1,,725,0.5048275862068966,0.046138222407574044,-0.0016786570743771764,2.143377624598811,2.07904807719795,312,0.5,0.148918626720387,-0.050774026337807456,2.2281593181670667,1.9014767311146596,0.5155309414880809,0.5182481751824818,0.09264736964809409,0.05422955999432733,-0.010703355281184268,-0.018248175182481785,-0.04650914724052004,0.09468906672605967,NOT_ROBUST,ctx_in_london_session,,,,1,,,,,,,,,,,,,,,,,,,,,,,,,,,,,,,,
DOWN,15,1,,2593,0.5325877362128808,0.16009731102025318,0.0747210092186046,2.3852700571152248,1.9767033629805633,1112,0.5620503597122302,0.2181180490752943,0.16312752056885652,2.362998370454471,1.8547501196015386,0.5401197604790419,0.5586592178770949,0.17709119188986513,0.2725384205696048,-0.007532024266161064,0.003391141835135225,-0.016993880869611955,-0.054420371494310504,NOT_ROBUST,ctx_in_ny_session,,,,,0,,,,,,,,,,,,,,,,,,,,,,,,,,,,,,,
DOWN,15,1,,1582,0.5512010113780025,0.18978215198245207,0.09585358017542384,2.471213005380386,1.9984903225096207,678,0.556047197640118,0.39717483256090924,0.3155409524785389,2.408214692979203,1.878958739194198,0.5401197604790419,0.5586592178770949,0.17709119188986513,0.2725384205696048,0.011081250898960615,-0.0026120202369769308,0.01269096009258694,0.12463641199130443,NOT_ROBUST,ctx_in_ny_session,,,,,1,,,,,,,,,,,,,,,,,,,,,,,,,,,,,,,
UP,15,1,,2576,0.5104813664596274,0.12582242732616336,0.06502895961730613,2.284563464022817,2.0812576326216825,1104,0.5172101449275363,0.11754824048419128,0.03379586209733461,2.264275772329203,2.0195644163037763,0.5155309414880809,0.5182481751824818,0.09264736964809409,0.05422955999432733,-0.00504957502845349,-0.0010380302549455322,0.033175057678069275,0.06331868048986394,NOT_ROBUST,ctx_in_ny_session,,,,,0,,,,,,,,,,,,,,,,,,,,,,,,,,,,,,,
UP,15,1,,1577,0.5237793278376665,0.03538923897014918,0.055511498810162395,2.259242756755783,2.159718692048718,677,0.5199409158050221,-0.04188077938587536,-0.006490496059188149,2.3725716553803524,2.163743145260774,0.5155309414880809,0.5182481751824818,0.09264736964809409,0.05422955999432733,0.00824838634958558,0.001692740622540323,-0.057258130677944906,-0.09611033938020269,NOT_ROBUST,ctx_in_ny_session,,,,,1,,,,,,,,,,,,,,,,,,,,,,,,,,,,,,,
DOWN,15,1,,3630,0.5429752066115703,0.19271635154742914,0.09654510353798837,2.460951616261677,1.9956748560888589,1556,0.5604113110539846,0.3211170642631638,0.24596093490445714,2.4241037631555553,1.857501807868545,0.5401197604790419,0.5586592178770949,0.17709119188986513,0.2725384205696048,0.0028554461325284164,0.0017520931768896242,0.015625159657564003,0.048578643693558965,NOT_ROBUST,ctx_london_killzone,,,,,,0,,,,,,,,,,,,,,,,,,,,,,,,,,,,,,
DOWN,15,1,,545,0.5229357798165137,0.08388168223280597,0.03509234828505483,2.1660791233512127,1.8867892096738774,234,0.5427350427350427,-0.07578857251175398,0.11152523143405209,2.0051924686772584,1.9690043105603428,0.5401197604790419,0.5586592178770949,0.17709119188986513,0.2725384205696048,-0.01718398066252813,-0.015924175142052244,-0.09320950965705917,-0.3483269930813588,NOT_ROBUST,ctx_london_killzone,,,,,,1,,,,,,,,,,,,,,,,,,,,,,,,,,,,,,
UP,15,1,,3605,0.5145631067961165,0.07758710992405225,0.05333739713502138,2.29179108828823,2.137895232819965,1546,0.5226390685640362,0.04301806056516199,0.009898035687275328,2.336809054896017,2.10524922803866,0.5155309414880809,0.5182481751824818,0.09264736964809409,0.05422955999432733,-0.0009678346919643754,0.004390893381554406,-0.015060259724041833,-0.011211499429165342,NOT_ROBUST,ctx_london_killzone,,,,,,0,,,,,,,,,,,,,,,,,,,,,,,,,,,,,,
UP,15,1,,548,0.5200729927007299,0.17833692214758257,0.14662430583380884,2.1652695594252993,1.9300810377014106,235,0.49361702127659574,0.15919696277279824,0.04294478527594509,2.09647397173281,1.8814350400471467,0.5155309414880809,0.5182481751824818,0.09264736964809409,0.05422955999432733,0.004542051212649056,-0.02463115390588605,0.08568955249948848,0.10496740277847091,NOT_ROBUST,ctx_london_killzone,,,,,,1,,,,,,,,,,,,,,,,,,,,,,,,,,,,,,
DOWN,15,1,,3630,0.5388429752066116,0.18242528788358411,0.09705381614378372,2.4334652763166327,1.9833079819002708,1557,0.5581245985870263,0.2810293509253354,0.19844535893944326,2.3662306490675666,1.865524668583259,0.5401197604790419,0.5586592178770949,0.17709119188986513,0.2725384205696048,-0.0012767852724302475,-0.0005346192900685942,0.005334095993718979,0.008490930355730564,NOT_ROBUST,ctx_ny_killzone,,,,,,,0,,,,,,,,,,,,,,,,,,,,,,,,,,,,,
DOWN,15,1,,544,0.5496323529411765,0.13885684021673586,0.0002606661840837132,2.352555284845111,1.9785609731015579,234,0.5598290598290598,0.22177300629793828,0.37028381675505445,2.382042024844026,1.8942419484616781,0.5401197604790419,0.5586592178770949,0.17709119188986513,0.2725384205696048,0.00951259246213465,0.0011698419519649006,-0.038234351673129274,-0.05076541427166653,NOT_ROBUST,ctx_ny_killzone,,,,,,,1,,,,,,,,,,,,,,,,,,,,,,,,,,,,,
UP,15,1,,3607,0.5167729415026338,0.10571417526825157,0.0702811244979917,2.296048922158583,2.1043097208336534,1547,0.5229476405946994,0.07809323716105555,0.0398963730572065,2.31014126049066,2.073616662253992,0.5155309414880809,0.5182481751824818,0.09264736964809409,0.05422955999432733,0.0012420000145528798,0.004699465412217663,0.013066805620157482,0.02386367716672822,NOT_ROBUST,ctx_ny_killzone,,,,,,,0,,,,,,,,,,,,,,,,,,,,,,,,,,,,,
UP,15,1,,546,0.5091575091575091,0.015272153306079849,0.0019871805233294846,2.147160623454562,2.134614313735655,234,0.4829059829059829,-0.12441235592916368,-0.21448457881725086,2.2472909464074027,2.1282893550496293,0.5155309414880809,0.5182481751824818,0.09264736964809409,0.05422955999432733,-0.006373432330571749,-0.035342192276498874,-0.07737521634201423,-0.17864191592349102,NOT_ROBUST,ctx_ny_killzone,,,,,,,1,,,,,,,,,,,,,,,,,,,,,,,,,,,,,
DOWN,15,1,,3701,0.5401242907322346,0.17500295801309754,0.07972665148093017,2.3765938915969693,1.932427765052385,1587,0.5652173913043478,0.29931328741492075,0.2093457943923187,2.353486398084564,1.8211327485709334,0.5401197604790419,0.5586592178770949,0.17709119188986513,0.2725384205696048,4.5302531926916245e-06,0.006558173427252845,-0.002088233876767598,0.026774866845315937,NOT_ROBUST,ctx_compression_flag,,,,,,,,0,,,,,,,,,,,,,,,,,,,,,,,,,,,,
DOWN,15,1,,473,0.5412262156448203,0.18150116759388094,0.1371248025274224,2.7902653025877875,2.375171477588952,204,0.5049019607843137,0.09143780369568967,0.1590229129225075,2.4722332730990746,2.2456408296513466,0.5401197604790419,0.5586592178770949,0.17709119188986513,0.2725384205696048,0.0011064551657784527,-0.05375725709278123,0.0044099757040158005,-0.18110061687391515,NOT_ROBUST,ctx_compression_flag,,,,,,,,1,,,,,,,,,,,,,,,,,,,,,,,,,,,,
UP,15,1,,3709,0.5157724454030737,0.1201849572156864,0.07821229050271712,2.241712671598764,2.0703657329271588,1591,0.5172847265870522,0.0735986195893801,0.006084311168636557,2.2683352085303143,2.0241816029113697,0.5155309414880809,0.5182481751824818,0.09264736964809409,0.05422955999432733,0.00024150391499278,-0.0009634485954296279,0.02753758756759231,0.019369059595052772,NOT_ROBUST,ctx_compression_flag,,,,,,,,0,,,,,,,,,,,,,,,,,,,,,,,,,,,,
UP,15,1,,443,0.5191873589164786,-0.10379259335546447,-0.09306742640037505,2.6042900805273654,2.438214487379927,191,0.5130890052356021,-0.18604145929205276,0.046255506607537245,2.4959091762587278,2.5238785987804513,0.5155309414880809,0.5182481751824818,0.09264736964809409,0.05422955999432733,0.003656417428397729,-0.005159169946879705,-0.19643996300355854,-0.2402710192863801,NOT_ROBUST,ctx_compression_flag,,,,,,,,1,,,,,,,,,,,,,,,,,,,,,,,,,,,,
DOWN,15,1,,2971,0.5442611915180074,0.1697489646915139,0.09612983770298007,2.5000188063206843,2.0667980913260853,1274,0.554160125588697,0.27408536659652444,0.20036336388064893,2.414762203909108,1.9689071681850359,0.5401197604790419,0.5586592178770949,0.17709119188986513,0.2725384205696048,0.004141431038965582,-0.0044990922883979545,-0.007342227198351231,0.0015469460269196267,NOT_ROBUST,ctx_expansion_flag,,,,,,,,,0,,,,,,,,,,,,,,,,,,,,,,,,,,,
DOWN,15,1,,1204,0.53156146179402,0.19140966685912156,0.06512365185683724,2.229596235305426,1.773679469844772,516,0.5658914728682171,0.2775839707731342,0.220443748940083,2.260641848314209,1.6264820257727848,0.5401197604790419,0.5586592178770949,0.17709119188986513,0.2725384205696048,-0.008558298685021892,0.007232254991122122,0.014318474969256423,0.00504555020352937,NOT_ROBUST,ctx_expansion_flag,,,,,,,,,1,,,,,,,,,,,,,,,,,,,,,,,,,,,
UP,15,1,,2927,0.5124701059104886,0.08116063041500052,-0.013531799729413823,2.3782692294869148,2.1992560710447706,1255,0.5091633466135458,0.05373513416748101,0.018573797678257783,2.386313126313862,2.1999644862184935,0.5155309414880809,0.5182481751824818,0.09264736964809409,0.05422955999432733,-0.0030608355775922913,-0.009084828568935999,-0.011486739233093568,-0.0004944258268463203,NOT_ROBUST,ctx_expansion_flag,,,,,,,,,0,,,,,,,,,,,,,,,,,,,,,,,,,,,
UP,15,1,,1226,0.5236541598694943,0.12260914472028514,0.1945700852658978,2.0300724417114986,1.8929712428728005,526,0.5380228136882129,0.049493921038910524,-0.027995412544308904,2.108302190684771,1.7921835931956063,0.5155309414880809,0.5182481751824818,0.09264736964809409,0.05422955999432733,0.008123218381413388,0.019774638505731135,0.029961775072191055,-0.0047356389554168085,NOT_ROBUST,ctx_expansion_flag,,,,,,,,,1,,,,,,,,,,,,,,,,,,,,,,,,,,,
DOWN,15,1,,4139,0.5419183377627447,0.18236416505217523,0.0955773226478676,2.4265180394367594,1.9736145948517247,1774,0.5597519729425028,0.2729663142400777,0.20617750854595013,2.3745531307389993,1.8660616417804778,0.5401197604790419,0.5586592178770949,0.17709119188986513,0.2725384205696048,0.001798577283702807,0.0010927550654078466,0.005272973162310096,0.00042789367047291194,NOT_ROBUST,ctx_bos_up,,,,,,,,,,0,,,,,,,,,,,,,,,,,,,,,,,,,,
DOWN,15,1,,36,0.3333333333333333,-0.5344468830470844,-0.6851958127425763,1.8895998020473246,2.9901068784434512,16,0.4375,0.46200413353896247,0.6270468269138738,1.9404356477116553,2.2994787722235714,0.5401197604790419,0.5586592178770949,0.17709119188986513,0.2725384205696048,-0.20678642714570855,-0.12115921787709494,-0.7115380749369495,0.18946571296935766,NOT_ROBUST,ctx_bos_up,,,,,,,,,,1,,,,,,,,,,,,,,,,,,,,,,,,,,
UP,15,1,,3828,0.5057471264367817,0.034562061923033106,0.03296878289693089,2.214621065394955,2.16386134181542,1642,0.5030450669914738,-0.011088912382491005,-0.05967971966839652,2.23754635527637,2.1302905379846075,0.5155309414880809,0.5182481751824818,0.09264736964809409,0.05422955999432733,-0.009783815051299216,-0.015203108191008008,-0.05808530772506098,-0.06531847237681834,NOT_ROBUST,ctx_bos_up,,,,,,,,,,0,,,,,,,,,,,,,,,,,,,,,,,,,,
UP,15,1,,324,0.6296296296296297,0.7754590395881072,0.4101462251916605,2.9970913590957555,1.5108412907494584,140,0.7,0.8285933197326031,0.735516842288934,3.079818714484794,1.3638457563729776,0.5155309414880809,0.5182481751824818,0.09264736964809409,0.05422955999432733,0.11409868814154878,0.18175182481751817,0.6828116699400132,0.7743637597382758,ROBUST_POSITIVE,ctx_bos_up,,,,,,,,,,1,,,,,,,,,,,,,,,,,,,,,,,,,,
DOWN,15,1,,3861,0.5304325304325305,0.13151253925065878,0.05193428722886402,2.350718578916815,2.026768490663801,1655,0.5468277945619335,0.24991859732522745,0.1809104258441907,2.3088214799709017,1.8968832395289819,0.5401197604790419,0.5586592178770949,0.17709119188986513,0.2725384205696048,-0.009687230046511397,-0.011831423315161405,-0.04557865263920635,-0.022619823244377363,NOT_ROBUST,ctx_bos_dn,,,,,,,,,,,0,,,,,,,,,,,,,,,,,,,,,,,,,
DOWN,15,1,,314,0.6656050955414012,0.7533075350193162,0.5357726898082753,3.3469855006608844,1.4352595048036265,135,0.6888888888888889,0.513153632175328,0.5403949730700162,3.0126707602936262,1.542616890427093,0.5401197604790419,0.5586592178770949,0.17709119188986513,0.2725384205696048,0.12548533506235937,0.13022967101179395,0.5762163431294511,0.24061521160572313,ROBUST_POSITIVE,ctx_bos_dn,,,,,,,,,,,1,,,,,,,,,,,,,,,,,,,,,,,,,
UP,15,1,,4121,0.5158942004367872,0.08864805537580113,0.06093579978231435,2.279252557180998,2.1101815626475893,1767,0.5189586870401811,0.06563791335100215,0.0181221953744814,2.307860226740697,2.0704227959247814,0.5155309414880809,0.5182481751824818,0.09264736964809409,0.05422955999432733,0.00036325894870636866,0.0007105118576993252,-0.003999314272292956,0.011408353356674818,NOT_ROBUST,ctx_bos_dn,,,,,,,,,,,0,,,,,,,,,,,,,,,,,,,,,,,,,
UP,15,1,,32,0.46875,0.44516539394682786,0.2654977782242083,1.959211407928588,2.10637555719396,14,0.42857142857142855,-1.0141963716260052,-1.3696804158809883,1.4549428730832452,2.8392818596560185,0.5155309414880809,0.5182481751824818,0.09264736964809409,0.05422955999432733,-0.046780941488080874,-0.08967674661105324,0.3525180242987338,-1.0684259316203326,NOT_ROBUST,ctx_bos_dn,,,,,,,,,,,1,,,,,,,,,,,,,,,,,,,,,,,,,
DOWN,15,1,,4169,0.5401775005996642,0.17664305055277932,0.09144350097966895,2.4235641939238954,1.9819926311744112,1788,0.558165548098434,0.27140134500192786,0.20440610114534113,2.3697753129504275,1.8718072729681812,0.5401197604790419,0.5586592178770949,0.17709119188986513,0.2725384205696048,5.774012062231826e-05,-0.0004936697786609434,-0.0004481413370858167,-0.0011370755676769484,NOT_ROBUST,ctx_choch_up,,,,,,,,,,,,0,,,,,,,,,,,,,,,,,,,,,,,,
DOWN,15,1,,5,0.6,0.6972958643755758,1.8851174934730526,1.7034234096003746,1.929542232415646,3,0.6666666666666666,0.6741790066392025,1.2853025936599787,1.7911604415782438,1.4177579980300428,0.5401197604790419,0.5586592178770949,0.17709119188986513,0.2725384205696048,0.05988023952095811,0.10800744878957169,0.5202046724857107,0.4016405860695977,NOT_ROBUST,ctx_choch_up,,,,,,,,,,,,1,,,,,,,,,,,,,,,,,,,,,,,,
UP,15,1,,4011,0.5090999750685614,0.055954385318577,0.03710575139143281,2.240266244862739,2.138233365490902,1720,0.5145348837209303,0.05494497303290684,0.0,2.2938867614647993,2.0954317847696218,0.5155309414880809,0.5182481751824818,0.09264736964809409,0.05422955999432733,-0.006430966419519457,-0.0037132914615515267,-0.036692984329517085,0.0007154130385795057,NOT_ROBUST,ctx_choch_up,,,,,,,,,,,,0,,,,,,,,,,,,,,,,,,,,,,,,
UP,15,1,,142,0.6830985915492958,1.028471540353811,0.9685759615422269,3.243610160915919,1.4048891135395636,61,0.6557377049180327,0.268295420307842,0.39095224797543143,2.656835956665962,1.3370214922101278,0.5155309414880809,0.5182481751824818,0.09264736964809409,0.05422955999432733,0.16756765006121488,0.13748952973555095,0.9358241707057169,0.21406586031351466,ROBUST_POSITIVE,ctx_choch_up,,,,,,,,,,,,1,,,,,,,,,,,,,,,,,,,,,,,,
DOWN,15,1,,4053,0.5361460646434739,0.15632810289757432,0.07429245282993126,2.3938518422254518,2.00596525735217,1738,0.5523590333716916,0.267553835409588,0.1993979131145348,2.3447411542506833,1.8852525810494998,0.5401197604790419,0.5586592178770949,0.17709119188986513,0.2725384205696048,-0.0039736958355679475,-0.006300184505403372,-0.020763088992290818,-0.004984585160016819,NOT_ROBUST,ctx_choch_dn,,,,,,,,,,,,,0,,,,,,,,,,,,,,,,,,,,,,,
DOWN,15,1,,121,0.6859504132231405,0.9141558660898422,0.8463219227970759,3.423824250606611,1.1519939138914224,53,0.7358490566037735,0.3392504184372798,0.7103321033213181,3.078558593320307,1.4619288886067845,0.5401197604790419,0.5586592178770949,0.17709119188986513,0.2725384205696048,0.14583065274409868,0.1771898387266786,0.7370646741999771,0.06671199786767501,ROBUST_POSITIVE,ctx_choch_dn,,,,,,,,,,,,,1,,,,,,,,,,,,,,,,,,,,,,,
UP,15,1,,4152,0.515655105973025,0.09339944883084654,0.06309126399175502,2.276539966851889,2.1089942550999106,1780,0.5179775280898876,0.05408658172854484,0.009898035687275328,2.3032771268482968,2.078526901368427,0.5155309414880809,0.5182481751824818,0.09264736964809409,0.05422955999432733,0.00012416448494412258,-0.0002706470925941673,0.0007520791827524548,-0.00014297826578249517,NOT_ROBUST,ctx_choch_dn,,,,,,,,,,,,,0,,,,,,,,,,,,,,,,,,,,,,,
UP,15,1,,1,1.0,1.0314225053079233,1.0314225053079233,1.7239915074310388,1.013588110403346,1,0.0,-3.7526770293608602,-3.7526770293608602,0.10155440414508957,4.31364421416214,0.5155309414880809,0.5182481751824818,0.09264736964809409,0.05422955999432733,0.4844690585119191,-0.5182481751824818,0.9387751356598293,-3.8069065893551874,NOT_ROBUST,ctx_choch_dn,,,,,,,,,,,,,1,,,,,,,,,,,,,,,,,,,,,,,
DOWN,15,1,,4175,0.5401197604790419,0.17709119188986513,0.09144350097966895,2.422358988941354,1.9819123548352793,1790,0.5586592178770949,0.2725384205696048,0.20617750854595013,2.3695749740595904,1.8710254676827416,0.5401197604790419,0.5586592178770949,0.17709119188986513,0.2725384205696048,0.0,0.0,0.0,0.0,NOT_ROBUST,ctx_sweep_high,,,,,,,,,,,,,,0,,,,,,,,,,,,,,,,,,,,,,
UP,15,1,,2489,0.590598633989554,0.40481311955112237,0.3336738168198091,2.6107496979960816,1.7787521327328697,1067,0.5791940018744143,0.31054970020560724,0.18135554013429753,2.516776039022348,1.8006338395188675,0.5155309414880809,0.5182481751824818,0.09264736964809409,0.05422955999432733,0.07506769250147316,0.06094582669193249,0.31216574990302826,0.2563201402112799,ROBUST_POSITIVE,ctx_sweep_high,,,,,,,,,,,,,,0,,,,,,,,,,,,,,,,,,,,,,
UP,15,1,,1664,0.4026442307692308,-0.37702986135377436,-0.3429345092056352,1.7884874196343634,2.6150610991224394,714,0.42857142857142855,-0.32242482197621064,-0.22092149947765805,1.9527362406861501,2.467223011003798,0.5155309414880809,0.5182481751824818,0.09264736964809409,0.05422955999432733,-0.11288671071885009,-0.08967674661105324,-0.4696772310018684,-0.37665438197053797,ROBUST_NEGATIVE,ctx_sweep_high,,,,,,,,,,,,,,1,,,,,,,,,,,,,,,,,,,,,,
DOWN,15,1,,2505,0.6159680638722554,0.4863279019872035,0.40614793467827265,2.725821500327024,1.6540147020485092,1074,0.638733705772812,0.5626668737720657,0.5176151363683821,2.7056284294192565,1.5669481106625969,0.5401197604790419,0.5586592178770949,0.17709119188986513,0.2725384205696048,0.07584830339321358,0.08007448789571703,0.30923671009733833,0.2901284532024609,ROBUST_POSITIVE,ctx_sweep_low,,,,,,,,,,,,,,,0,,,,,,,,,,,,,,,,,,,,,
DOWN,15,1,,1670,0.4293413173652695,-0.28413824785242975,-0.40726344031090533,1.9788867020331682,2.4833896565637468,716,0.43156424581005587,-0.16877827379302562,-0.1582392750444273,1.8381555844775868,2.3046785511798817,0.5401197604790419,0.5586592178770949,0.17709119188986513,0.2725384205696048,-0.11077844311377238,-0.12709497206703907,-0.4612294397422949,-0.44131669436263044,ROBUST_NEGATIVE,ctx_sweep_low,,,,,,,,,,,,,,,1,,,,,,,,,,,,,,,,,,,,,
UP,15,1,,4153,0.5155309414880809,0.09264736964809409,0.0623388797748875,2.2759959565260135,2.109629598250325,1781,0.5182481751824818,0.05422955999432733,0.009971509971274203,2.3029991951813873,2.077685312971138,0.5155309414880809,0.5182481751824818,0.09264736964809409,0.05422955999432733,0.0,0.0,0.0,0.0,NOT_ROBUST,ctx_sweep_low,,,,,,,,,,,,,,,0,,,,,,,,,,,,,,,,,,,,,
DOWN,15,1,,4174,0.5400095831336847,0.17701433537250325,0.08965480488320912,2.4226765051309656,1.9821617520764847,1789,0.558412520961431,0.2714079555426655,0.20484949832797927,2.367770546196445,1.8719441636378749,0.5401197604790419,0.5586592178770949,0.17709119188986513,0.2725384205696048,-0.00011017734535712087,-0.00024669691566392427,-7.685651736188959e-05,-0.001130465026939309,NOT_ROBUST,ctx_fvg_up,,,,,,,,,,,,,,,,0,,,,,,,,,,,,,,,,,,,,
DOWN,15,1,,1,1.0,0.4978902953583981,0.4978902953583981,1.0970464135019,0.9409282700424112,1,1.0,2.2949403537639617,2.2949403537639617,5.597696421225731,0.22747840394898222,0.5401197604790419,0.5586592178770949,0.17709119188986513,0.2725384205696048,0.45988023952095813,0.44134078212290506,0.320799103468533,2.022401933194357,NOT_ROBUST,ctx_fvg_up,,,,,,,,,,,,,,,,1,,,,,,,,,,,,,,,,,,,,
UP,15,1,,3719,0.5106211347136327,0.03499730962798251,0.038303693570418476,2.226755891725438,2.1449504938798523,1594,0.5144291091593476,-0.002238007575073911,0.013358960727065768,2.219141050088753,2.08050023435776,0.5155309414880809,0.5182481751824818,0.09264736964809409,0.05422955999432733,-0.004909806774448189,-0.003819066023134199,-0.057650060020111575,-0.056467567569401245,NOT_ROBUST,ctx_fvg_up,,,,,,,,,,,,,,,,0,,,,,,,,,,,,,,,,,,,,
UP,15,1,,434,0.5529953917050692,0.4515800832817477,0.24068034283337425,2.632172160946586,1.8618143251563268,187,0.5614973262032086,0.8490588551997545,0.0398963730572065,3.1704495243389696,1.9263828155717067,0.5155309414880809,0.5182481751824818,0.09264736964809409,0.05422955999432733,0.0374644502169883,0.043249151020726795,0.35893271363365364,0.7948292952054272,ROBUST_POSITIVE,ctx_fvg_up,,,,,,,,,,,,,,,,1,,,,,,,,,,,,,,,,,,,,
DOWN,15,1,,3767,0.5367666578178922,0.15026368622067687,0.09556313993165162,2.383404733451406,1.9951449675064992,1615,0.5597523219814241,0.2749330431185944,0.20484949832797927,2.3620431115980445,1.8543396789354052,0.5401197604790419,0.5586592178770949,0.17709119188986513,0.2725384205696048,-0.0033531026611496317,0.0010931041043291678,-0.026827505669188262,0.002394622548989589,NOT_ROBUST,ctx_fvg_dn,,,,,,,,,,,,,,,,,0,,,,,,,,,,,,,,,,,,,
DOWN,15,1,,408,0.5612745098039216,0.37221347685723544,0.05067145392541984,2.746456923646359,1.951951669575614,175,0.5714285714285714,0.37300702726975843,0.31406844106474663,2.5219902937532503,1.8100212189993428,0.5401197604790419,0.5586592178770949,0.17709119188986513,0.2725384205696048,0.021154749324879707,0.012769353551476459,0.1951222849673703,0.10046860670015362,NOT_ROBUST,ctx_fvg_dn,,,,,,,,,,,,,,,,,1,,,,,,,,,,,,,,,,,,,
UP,15,1,,4151,0.5157793302818597,0.09363335163394326,0.06384364820862252,2.276941418285468,2.1083428702492832,1780,0.5179775280898876,0.05408658172854484,0.009898035687275328,2.3032771268482968,2.078526901368427,0.5155309414880809,0.5182481751824818,0.09264736964809409,0.05422955999432733,0.00024838879377886425,-0.0002706470925941673,0.000985981985849177,-0.00014297826578249517,NOT_ROBUST,ctx_fvg_dn,,,,,,,,,,,,,,,,,0,,,,,,,,,,,,,,,,,,,
UP,15,1,,2,0.5,-0.465996543403124,-0.465996543403124,1.3658387954085973,2.2988713069848914,1,0.0,-2.6667925240703,-2.6667925240703,-0.296016613177245,5.54238248064956,0.5155309414880809,0.5182481751824818,0.09264736964809409,0.05422955999432733,-0.015530941488080874,-0.5182481751824818,-0.5586439130512181,-2.7210220840646273,NOT_ROBUST,ctx_fvg_dn,,,,,,,,,,,,,,,,,1,,,,,,,,,,,,,,,,,,,
DOWN,15,1,,2123,0.5421573245407443,0.1613372325376222,0.0,2.5016522093030056,1.9528536377507142,910,0.5538461538461539,0.2784788675901769,0.12383768678128829,2.4010837114088424,1.829375575616239,0.5401197604790419,0.5586592178770949,0.17709119188986513,0.2725384205696048,0.0020375640617024127,-0.004813064030941061,-0.01575395935224294,0.005940447020572115,NOT_ROBUST,ctx_ema20_above_ema50,,,,,,,,,,,,,,,,,,0,,,,,,,,,,,,,,,,,,
DOWN,15,1,,2052,0.5394736842105263,0.18469241075400664,0.20336338082753364,2.342302158877901,2.0079187702617136,880,0.5602272727272727,0.28667722489559655,0.292304331419901,2.332375153008001,1.9235571650645646,0.5401197604790419,0.5586592178770949,0.17709119188986513,0.2725384205696048,-0.0006460762685155386,0.001568054850177747,0.007601218864141501,0.014138804325991738,NOT_ROBUST,ctx_ema20_above_ema50,,,,,,,,,,,,,,,,,,1,,,,,,,,,,,,,,,,,,
UP,15,1,,2212,0.5140144665461122,0.10937377013728515,0.09304235257749974,2.2190011353944623,2.1459442790218874,948,0.5158227848101266,-0.057725372874772966,0.058312423047624615,2.181330448777311,2.119559070243531,0.5155309414880809,0.5182481751824818,0.09264736964809409,0.05422955999432733,-0.0015164749419687151,-0.0024253903723552295,0.016726400489191065,-0.1119549328691003,NOT_ROBUST,ctx_ema20_above_ema50,,,,,,,,,,,,,,,,,,0,,,,,,,,,,,,,,,,,,
UP,15,1,,1941,0.517774343122102,0.07929951004022079,0.005003573981524755,2.349158529748792,2.0686796883611294,833,0.5198079231692677,0.16832640750536987,-0.05271084337320554,2.4223340827067688,2.0290171008871076,0.5155309414880809,0.5182481751824818,0.09264736964809409,0.05422955999432733,0.002243401634021147,0.001559747986785931,-0.013347859607873297,0.11409684751104254,NOT_ROBUST,ctx_ema20_above_ema50,,,,,,,,,,,,,,,,,,1,,,,,,,,,,,,,,,,,,
DOWN,15,1,,4020,0.5328358208955224,0.13441730747348538,0.04236449921715449,2.366305324972135,2.012973077004008,1724,0.5574245939675174,0.2803186822558478,0.21393440704183309,2.3562877700930134,1.8599455509736116,0.5401197604790419,0.5586592178770949,0.17709119188986513,0.2725384205696048,-0.007283939583519472,-0.0012346239095775147,-0.04267388441637976,0.007780261686242962,NOT_ROBUST,ctx_vol_spike_1p5,,,,,,,,,,,,,,,,,,,0,,,,,,,,,,,,,,,,,
DOWN,15,1,,154,0.6883116883116883,0.9571485452127041,0.6578978342747651,3.6252918107292382,1.413323551236401,67,0.6865671641791045,0.8383826678288103,0.8002406738866478,3.3105301718832805,1.6010439143936257,0.5401197604790419,0.5586592178770949,0.17709119188986513,0.2725384205696048,0.14819192783264645,0.12790794630200952,0.780057353322839,0.5658442472592056,ROBUST_POSITIVE,ctx_vol_spike_1p5,,,,,,,,,,,,,,,,,,,1,,,,,,,,,,,,,,,,,
UP,15,1,,3969,0.5109599395313681,0.0648976101450892,0.05272167066057727,2.240310887348252,2.1321368778233523,1702,0.5129259694477086,0.04759771396027628,0.0,2.2654869566912184,2.0893428032878445,0.5155309414880809,0.5182481751824818,0.09264736964809409,0.05422955999432733,-0.0045710019567127835,-0.0053222057347731555,-0.027749759503004887,-0.0066318460340510504,NOT_ROBUST,ctx_vol_spike_1p5,,,,,,,,,,,,,,,,,,,0,,,,,,,,,,,,,,,,,
UP,15,1,,184,0.6358695652173914,0.6823550971510006,0.7966086880516099,3.1324167044361846,1.6754551253125118,79,0.5822784810126582,0.21777355438478901,-0.06977572089727697,2.9093087124134525,1.7069974886189272,0.5155309414880809,0.5182481751824818,0.09264736964809409,0.05422955999432733,0.12033862372931048,0.06403030583017644,0.5897077275029066,0.1635439943904617,ROBUST_POSITIVE,ctx_vol_spike_1p5,,,,,,,,,,,,,,,,,,,1,,,,,,,,,,,,,,,,,
DOWN,15,1,,4144,0.5376447876447876,0.15884480116336003,0.07661272923406992,2.395945397075206,1.998752476769436,1776,0.5591216216216216,0.271598901297233,0.20440610114534113,2.365758141009234,1.8568786897323513,0.5401197604790419,0.5586592178770949,0.17709119188986513,0.2725384205696048,-0.002474972834254241,0.00046240374452666266,-0.018246390726505107,-0.0009395192723717916,NOT_ROBUST,ctx_vol_spike_2p0,,,,,,,,,,,,,,,,,,,,0,,,,,,,,,,,,,,,,
DOWN,15,1,,31,0.7096774193548387,1.984858738591945,1.2649895178197479,5.528777000387842,1.1310496600384679,14,0.8571428571428571,1.7897409527556758,1.423505469480138,3.793693676624509,0.5650223165005636,0.5401197604790419,0.5586592178770949,0.17709119188986513,0.2725384205696048,0.16955765887579688,0.29848363926576216,1.8077675467020797,1.517202532186071,NOT_ROBUST,ctx_vol_spike_2p0,,,,,,,,,,,,,,,,,,,,1,,,,,,,,,,,,,,,,
UP,15,1,,4110,0.5126520681265206,0.07630630368239888,0.055931722456096455,2.2551845819008784,2.119088766003603,1762,0.5164585698070374,0.03771240264812417,0.00281690140851215,2.2869182070086187,2.0865444457447855,0.5155309414880809,0.5182481751824818,0.09264736964809409,0.05422955999432733,-0.00287887336156023,-0.0017896053754443697,-0.016341065965695206,-0.01651715734620316,NOT_ROBUST,ctx_vol_spike_2p0,,,,,,,,,,,,,,,,,,,,0,,,,,,,,,,,,,,,,
UP,15,1,,43,0.7906976744186046,1.0944999337649288,0.988235294117598,3.867857869085491,1.5476120384276866,19,0.6842105263157895,2.853458618204504,0.8299168975070439,4.693493333584809,0.4818844529308621,0.5155309414880809,0.5182481751824818,0.09264736964809409,0.05422955999432733,0.27516673293052374,0.1659623511333077,1.0018525641168348,2.7992290582101766,NOT_ROBUST,ctx_vol_spike_2p0,,,,,,,,,,,,,,,,,,,,1,,,,,,,,,,,,,,,,
DOWN,15,1,,1052,0.5285171102661597,0.17189153082746708,0.11010971879576055,2.2555130635373497,1.992322528141409,451,0.5099778270509978,0.043959591467754244,-0.011921657678375924,2.0308449565887434,1.9515915966353818,0.5401197604790419,0.5586592178770949,0.17709119188986513,0.2725384205696048,-0.011602650212882204,-0.048681390826097126,-0.005199661062398053,-0.22857882910185057,NOT_ROBUST,ctx_vol_ratio_bucket,,,,,,,,,,,,,,,,,,,,,Q1_LOW,,,,,,,,,,,,,,,
DOWN,15,1,,1101,0.55858310626703,0.24877600182626042,0.1083255957907694,2.4441167847688634,1.9317064771315016,473,0.5496828752642706,0.29215736700882666,0.16634553628769172,2.3300236589648815,1.8863644694691648,0.5401197604790419,0.5586592178770949,0.17709119188986513,0.2725384205696048,0.01846334578798814,-0.008976342612824317,0.07168480993639528,0.01961894643922185,NOT_ROBUST,ctx_vol_ratio_bucket,,,,,,,,,,,,,,,,,,,,,Q2,,,,,,,,,,,,,,,
DOWN,15,1,,1072,0.5205223880597015,0.03957863270362606,-0.023995401687235823,2.2743494241147935,2.0249529345497113,460,0.5739130434782609,0.4269506415866862,0.31320053382701674,2.458476814581668,1.776080928306131,0.5401197604790419,0.5586592178770949,0.17709119188986513,0.2725384205696048,-0.019597372419340342,0.015253825601165949,-0.13751255918623906,0.1544122210170814,NOT_ROBUST,ctx_vol_ratio_bucket,,,,,,,,,,,,,,,,,,,,,Q3,,,,,,,,,,,,,,,
DOWN,15,1,,948,0.5580168776371308,0.22861520489948112,0.1468922824156469,2.7501908936427912,2.011658446064958,407,0.5945945945945946,0.3843353747673317,0.4323983611721682,2.688347748585981,1.7986442384111994,0.5401197604790419,0.5586592178770949,0.17709119188986513,0.2725384205696048,0.01789711715808895,0.03593537671749969,0.05152401300961598,0.1117969541977269,NOT_ROBUST,ctx_vol_ratio_bucket,,,,,,,,,,,,,,,,,,,,,Q4_HIGH,,,,,,,,,,,,,,,
DOWN,15,1,,0,,,,,,1,1.0,2.4737190082643705,2.4737190082643705,2.7629752066114777,1.622148760330629,0.5401197604790419,0.5586592178770949,0.17709119188986513,0.2725384205696048,,0.44134078212290506,,2.2011805876947657,NOT_ROBUST,ctx_vol_ratio_bucket,,,,,,,,,,,,,,,,,,,,,UNKNOWN,,,,,,,,,,,,,,,
UP,15,1,,1001,0.4855144855144855,0.07271251334325615,-0.07915993537957189,2.1925882304358852,2.159557526666387,430,0.5093023255813953,0.09800809834833026,0.05627778950041138,2.1589623720264637,2.049595607152209,0.5155309414880809,0.5182481751824818,0.09264736964809409,0.05422955999432733,-0.03001645597359537,-0.008945849601086464,-0.019934856304837933,0.04377853835400292,NOT_ROBUST,ctx_vol_ratio_bucket,,,,,,,,,,,,,,,,,,,,,Q1_LOW,,,,,,,,,,,,,,,
UP,15,1,,1103,0.4904805077062557,-0.025409055805249183,-0.010016694491035953,2.1430605356406085,2.2192633296155337,474,0.48945147679324896,-0.2092576395431262,-0.10590269041005526,2.169618347743105,2.2288164060055964,0.5155309414880809,0.5182481751824818,0.09264736964809409,0.05422955999432733,-0.0250504337818252,-0.028796698389232822,-0.11805642545334327,-0.26348719953745353,NOT_ROBUST,ctx_vol_ratio_bucket,,,,,,,,,,,,,,,,,,,,,Q2,,,,,,,,,,,,,,,
UP,15,1,,1122,0.5320855614973262,0.09307733068112647,0.13158452620017308,2.2938615617926335,2.037805597633831,482,0.5103734439834025,0.19612349419644823,0.00281690140851215,2.320647286300884,2.0276883119889426,0.5155309414880809,0.5182481751824818,0.09264736964809409,0.05422955999432733,0.016554620009245347,-0.007874731199079332,0.00042996103303238886,0.1418939342021209,NOT_ROBUST,ctx_vol_ratio_bucket,,,,,,,,,,,,,,,,,,,,,Q3,,,,,,,,,,,,,,,
UP,15,1,,924,0.5692640692640693,0.2956228911099941,0.2884743181457938,2.5690298233729214,1.984450655346314,397,0.5465994962216625,0.05961445915201666,0.03738317757005998,2.4455949852890013,2.0507476489246548,0.5155309414880809,0.5182481751824818,0.09264736964809409,0.05422955999432733,0.053733127775988376,0.0283513210391807,0.20297552146190004,0.005384899157689325,NOT_ROBUST,ctx_vol_ratio_bucket,,,,,,,,,,,,,,,,,,,,,Q4_HIGH,,,,,,,,,,,,,,,
UP,15,1,,0,,,,,,1,0.0,-2.1538068472152316,-2.1538068472152316,1.5738375063873138,2.7567705671947174,0.5155309414880809,0.5182481751824818,0.09264736964809409,0.05422955999432733,,-0.5182481751824818,,-2.208036407209559,NOT_ROBUST,ctx_vol_ratio_bucket,,,,,,,,,,,,,,,,,,,,,UNKNOWN,,,,,,,,,,,,,,,
DOWN,15,1,,1061,0.5494816211121584,0.22207845391509354,0.23204419889453015,2.6718202101888315,2.214090297295339,456,0.5197368421052632,0.3239339263397951,0.08208752812028103,2.534417296464397,2.0726941525081486,0.5401197604790419,0.5586592178770949,0.17709119188986513,0.2725384205696048,0.009361860633116503,-0.038922375771831774,0.0449872620252284,0.05139550577019031,NOT_ROBUST,ctx_ATR_Z_bucket,,,,,,,,,,,,,,,,,,,,,,Q1_LOW,,,,,,,,,,,,,,
DOWN,15,1,,1021,0.534769833496572,0.11350212955222572,0.02080237741454269,2.481243674498286,2.1069184223314634,438,0.5570776255707762,0.2339497882052125,0.267473271403719,2.3171857666097573,1.9236480452199445,0.5401197604790419,0.5586592178770949,0.17709119188986513,0.2725384205696048,-0.0053499269824698326,-0.0015815923063187132,-0.06358906233763942,-0.038588632364392306,NOT_ROBUST,ctx_ATR_Z_bucket,,,,,,,,,,,,,,,,,,,,,,Q2,,,,,,,,,,,,,,
DOWN,15,1,,1046,0.5458891013384322,0.16360360253191167,0.09397476860108853,2.3204910453011154,1.8688396190269674,449,0.6169265033407573,0.32716784868966164,0.3562585969740529,2.4056057969884836,1.853515803178309,0.5401197604790419,0.5586592178770949,0.17709119188986513,0.2725384205696048,0.005769340859390293,0.05826728546366233,-0.013487589357953467,0.05462942812005683,NOT_ROBUST,ctx_ATR_Z_bucket,,,,,,,,,,,,,,,,,,,,,,Q3,,,,,,,,,,,,,,
DOWN,15,1,,1037,0.5342333654773385,0.2168515857389024,0.027951085600175066,2.234283919530463,1.726520073770748,445,0.5348314606741573,0.18857628634928644,0.036720044174586484,2.189338011953012,1.6513579179755355,0.5401197604790419,0.5586592178770949,0.17709119188986513,0.2725384205696048,-0.005886395001703404,-0.023827757202937616,0.03976039384903726,-0.08396213422031837,NOT_ROBUST,ctx_ATR_Z_bucket,,,,,,,,,,,,,,,,,,,,,,Q4_HIGH,,,,,,,,,,,,,,
DOWN,15,1,,8,0.625,0.38520242771834845,0.5114338413830232,1.7227955381100488,1.453537055729111,4,0.0,-1.0990465325614196,-1.3357314592422727,0.943613587756243,2.9202632585216097,0.5401197604790419,0.5586592178770949,0.17709119188986513,0.2725384205696048,0.08488023952095813,-0.5586592178770949,0.20811123582848332,-1.3715849531310245,NOT_ROBUST,ctx_ATR_Z_bucket,,,,,,,,,,,,,,,,,,,,,,UNKNOWN,,,,,,,,,,,,,,
UP,15,1,,1043,0.5158197507190796,-0.057453168151474214,-0.053158439765555246,2.5214707875655136,2.440819373616878,448,0.4955357142857143,-0.08475818631766452,-0.0781602989545262,2.5210434666148527,2.449210863702992,0.5155309414880809,0.5182481751824818,0.09264736964809409,0.05422955999432733,0.00028880923099872113,-0.022712460896767483,-0.1501005377995683,-0.13898774631199184,NOT_ROBUST,ctx_ATR_Z_bucket,,,,,,,,,,,,,,,,,,,,,,Q1_LOW,,,,,,,,,,,,,,
UP,15,1,,1044,0.5258620689655172,0.3150314349934111,0.05952358996377104,2.464863938978625,2.0027991354928023,448,0.5424107142857143,0.4104913115366973,0.2663854908815667,2.3378608719229823,1.847441062928356,0.5155309414880809,0.5182481751824818,0.09264736964809409,0.05422955999432733,0.010331127477436364,0.024162539103232517,0.222384065345317,0.35626175154237,NOT_ROBUST,ctx_ATR_Z_bucket,,,,,,,,,,,,,,,,,,,,,,Q2,,,,,,,,,,,,,,
UP,15,1,,1010,0.4900990099009901,-0.0390209290255587,-0.07212965466687996,2.1254581833686994,2.175875534799963,433,0.4665127020785219,-0.2578949245584197,-0.1897386253628324,2.105260138628398,2.249854396632237,0.5155309414880809,0.5182481751824818,0.09264736964809409,0.05422955999432733,-0.025431931587090784,-0.05173547310395987,-0.1316682986736528,-0.31212448455274705,NOT_ROBUST,ctx_ATR_Z_bucket,,,,,,,,,,,,,,,,,,,,,,Q3,,,,,,,,,,,,,,
UP,15,1,,1046,0.5305927342256214,0.14270978435419243,0.264307349134041,2.029257789706625,1.8426455954687802,449,0.5657015590200446,0.13684029579490048,0.12361020274709723,2.153172576131496,1.7418990676818416,0.5155309414880809,0.5182481751824818,0.09264736964809409,0.05422955999432733,0.015061792737540491,0.04745338383756281,0.050062414706098346,0.08261073580057315,NOT_ROBUST,ctx_ATR_Z_bucket,,,,,,,,,,,,,,,,,,,,,,Q4_HIGH,,,,,,,,,,,,,,
UP,15,1,,9,0.3333333333333333,-0.09328835152724085,-0.055925432756414824,1.4592562448358115,1.8690625182845209,4,0.75,1.9133193040327192,2.6441077830166226,3.2624501332356455,0.4723789659222538,0.5155309414880809,0.5182481751824818,0.09264736964809409,0.05422955999432733,-0.18219760815474756,0.23175182481751821,-0.18593572117533494,1.8590897440383918,NOT_ROBUST,ctx_ATR_Z_bucket,,,,,,,,,,,,,,,,,,,,,,UNKNOWN,,,,,,,,,,,,,,
DOWN,15,1,,1043,0.5292425695110259,0.11554293483136494,0.09612983770298007,2.588826242712877,2.262332472927387,448,0.5267857142857143,0.303974879648118,0.21393440704183309,2.585293058244843,2.097334761857792,0.5401197604790419,0.5586592178770949,0.17709119188986513,0.2725384205696048,-0.010877190968015982,-0.031873503591380636,-0.0615482570585002,0.03143645907851317,NOT_ROBUST,ctx_BB_Width_Z_bucket,,,,,,,,,,,,,,,,,,,,,,,Q1_LOW,,,,,,,,,,,,,
DOWN,15,1,,1044,0.5593869731800766,0.2746226085845109,0.16080724170573185,2.6092488815685244,2.0196870863392005,448,0.5870535714285714,0.1902533938420035,0.24365273041464375,2.275903899409045,1.7927112155352092,0.5401197604790419,0.5586592178770949,0.17709119188986513,0.2725384205696048,0.01926721270103471,0.02839435355147646,0.09753141669464574,-0.08228502672760132,NOT_ROBUST,ctx_BB_Width_Z_bucket,,,,,,,,,,,,,,,,,,,,,,,Q2,,,,,,,,,,,,,
DOWN,15,1,,1021,0.5406464250734574,0.05004172144064889,0.008709175738518881,2.218140537583749,1.9293486493345264,438,0.5730593607305936,0.4522095083709559,0.2399978242110366,2.4672525234931753,1.7786885761821696,0.5401197604790419,0.5586592178770949,0.17709119188986513,0.2725384205696048,0.0005266645944155268,0.014400142853498665,-0.12704947044921625,0.1796710878013511,NOT_ROBUST,ctx_BB_Width_Z_bucket,,,,,,,,,,,,,,,,,,,,,,,Q3,,,,,,,,,,,,,
DOWN,15,1,,1057,0.533585619678335,0.25177694629212566,0.09908510271013488,2.278309621627958,1.7566233992726927,453,0.5452538631346578,0.1789393257081893,0.08007626310784816,2.1594151039537572,1.7293252358893316,0.5401197604790419,0.5586592178770949,0.17709119188986513,0.2725384205696048,-0.006534140800706911,-0.013405354742437092,0.07468575440226052,-0.09359909486141552,NOT_ROBUST,ctx_BB_Width_Z_bucket,,,,,,,,,,,,,,,,,,,,,,,Q4_HIGH,,,,,,,,,,,,,
DOWN,15,1,,9,0.5555555555555556,0.48313661592430424,0.6280566280565317,1.7094908599994505,1.5035744205356258,4,0.25,-0.532097633106104,-1.3357314592422727,1.4295794514978357,2.528745325919453,0.5401197604790419,0.5586592178770949,0.17709119188986513,0.2725384205696048,0.015435795076513714,-0.30865921787709494,0.30604542403443913,-0.8046360536757089,NOT_ROBUST,ctx_BB_Width_Z_bucket,,,,,,,,,,,,,,,,,,,,,,,UNKNOWN,,,,,,,,,,,,,
UP,15,1,,1021,0.5239960822722821,-0.007860197484691567,-0.053158439765555246,2.4726187093755327,2.349313744565184,438,0.5296803652968036,0.14359984534520642,0.08469677985780172,2.6156608757016855,2.3406199403915506,0.5155309414880809,0.5182481751824818,0.09264736964809409,0.05422955999432733,0.008465140784201242,0.011432190114321839,-0.10050756713278565,0.0893702853508791,NOT_ROBUST,ctx_BB_Width_Z_bucket,,,,,,,,,,,,,,,,,,,,,,,Q1_LOW,,,,,,,,,,,,,
UP,15,1,,1017,0.512291052114061,0.12723215745146568,0.017521902377823542,2.276418197287098,2.052889692314597,437,0.5377574370709383,0.26507653662736796,0.2967244701352411,2.457851075121407,1.9313609104188056,0.5155309414880809,0.5182481751824818,0.09264736964809409,0.05422955999432733,-0.0032398893740198664,0.019509261888456475,0.0345847878033716,0.21084697663304064,NOT_ROBUST,ctx_BB_Width_Z_bucket,,,,,,,,,,,,,,,,,,,,,,,Q2,,,,,,,,,,,,,
UP,15,1,,1029,0.5170068027210885,0.1717618884855329,0.10673985971332736,2.3407093268672834,2.093807941473482,441,0.4988662131519274,-0.12670556494849428,-0.12105997210597774,2.091221211002175,2.162088404328128,0.5155309414880809,0.5182481751824818,0.09264736964809409,0.05422955999432733,0.0014758612330075804,-0.019381962030554367,0.07911451883743881,-0.1809351249428216,NOT_ROBUST,ctx_BB_Width_Z_bucket,,,,,,,,,,,,,,,,,,,,,,,Q3,,,,,,,,,,,,,
UP,15,1,,1076,0.5092936802973977,0.06511885190754975,0.09120024731430541,2.0276076959382863,1.9598279260599203,462,0.5086580086580087,-0.035725204717393225,-0.13146100879228478,2.0687098329163196,1.884241508337745,0.5155309414880809,0.5182481751824818,0.09264736964809409,0.05422955999432733,-0.00623726119068313,-0.009590166524473087,-0.027528517740544337,-0.08995476471172056,NOT_ROBUST,ctx_BB_Width_Z_bucket,,,,,,,,,,,,,,,,,,,,,,,Q4_HIGH,,,,,,,,,,,,,
UP,15,1,,9,0.3333333333333333,-0.09328835152724085,-0.055925432756414824,1.4592562448358115,1.8690625182845209,4,0.75,1.9133193040327192,2.6441077830166226,3.2624501332356455,0.4723789659222538,0.5155309414880809,0.5182481751824818,0.09264736964809409,0.05422955999432733,-0.18219760815474756,0.23175182481751821,-0.18593572117533494,1.8590897440383918,NOT_ROBUST,ctx_BB_Width_Z_bucket,,,,,,,,,,,,,,,,,,,,,,,UNKNOWN,,,,,,,,,,,,,
DOWN,15,1,,1040,0.5673076923076923,0.35690510788234675,0.31165820203956385,2.7233305294870007,2.0655644950124765,446,0.5179372197309418,0.11040254310588107,0.1340345394595608,2.4303356991867804,2.0998489436756973,0.5401197604790419,0.5586592178770949,0.17709119188986513,0.2725384205696048,0.027187931828650425,-0.04072199814615318,0.17981391599248162,-0.16213587746372374,NOT_ROBUST,ctx_ADX_bucket,,,,,,,,,,,,,,,,,,,,,,,,Q1_LOW,,,,,,,,,,,,
DOWN,15,1,,1026,0.5389863547758285,0.03812089019928349,0.010476802430916065,2.389484216813441,2.113980176402744,441,0.6009070294784581,0.4360266277357887,0.22739577693572835,2.497156935104867,1.7105305084401323,0.5401197604790419,0.5586592178770949,0.17709119188986513,0.2725384205696048,-0.0011334057032134082,0.04224781160136315,-0.13897030169058164,0.1634882071661839,NOT_ROBUST,ctx_ADX_bucket,,,,,,,,,,,,,,,,,,,,,,,,Q2,,,,,,,,,,,,
DOWN,15,1,,1076,0.5241635687732342,0.18481828548054116,0.005641098468570208,2.3623439552147527,1.9568402237158935,462,0.5670995670995671,0.2863354283023805,0.22633534845981781,2.2959333461697997,1.820152539368553,0.5401197604790419,0.5586592178770949,0.17709119188986513,0.2725384205696048,-0.015956191705807643,0.008440349222472165,0.007727093590676026,0.013797007732775701,NOT_ROBUST,ctx_ADX_bucket,,,,,,,,,,,,,,,,,,,,,,,,Q3,,,,,,,,,,,,
DOWN,15,1,,1031,0.5295829291949563,0.11521869813507025,0.024221453287359848,2.217996002614508,1.8284587699915418,443,0.5507900677200903,0.28315339848972626,0.2164179104477263,2.2493912293998193,1.769753507715339,0.5401197604790419,0.5586592178770949,0.17709119188986513,0.2725384205696048,-0.010536831284085557,-0.007869150157004623,-0.06187249375479488,0.010614977920121449,NOT_ROBUST,ctx_ADX_bucket,,,,,,,,,,,,,,,,,,,,,,,,Q4_HIGH,,,,,,,,,,,,
UP,15,1,,1016,0.5,0.02390678642000844,-0.07578259519571193,2.4132288119968646,2.2460362838412977,436,0.5711009174311926,0.3701314042852797,0.3048328233029097,2.554683100224218,1.9697903804544983,0.5155309414880809,0.5182481751824818,0.09264736964809409,0.05422955999432733,-0.015530941488080874,0.05285274224871084,-0.06874058322808564,0.31590184429095236,NOT_ROBUST,ctx_ADX_bucket,,,,,,,,,,,,,,,,,,,,,,,,Q1_LOW,,,,,,,,,,,,
UP,15,1,,1035,0.527536231884058,0.15992691633117562,0.20339817778876926,2.349230099921586,2.1369813561000766,444,0.4774774774774775,-0.047923870013897536,-0.08749908349449373,2.2411232412531894,2.2615191982363316,0.5155309414880809,0.5182481751824818,0.09264736964809409,0.05422955999432733,0.012005290395977086,-0.0407706977050043,0.06727954668308153,-0.10215343000822487,NOT_ROBUST,ctx_ADX_bucket,,,,,,,,,,,,,,,,,,,,,,,,Q2,,,,,,,,,,,,
UP,15,1,,1051,0.5318744053282588,0.20810527110289304,0.0378890392421823,2.381902646180783,2.0369310971637056,451,0.5033259423503326,-0.11137444932049094,-0.13941299790327083,2.1063550351934834,2.1011603474709504,0.5155309414880809,0.5182481751824818,0.09264736964809409,0.05422955999432733,0.01634346384017793,-0.014922232832149218,0.11545790145479895,-0.16560400931481828,NOT_ROBUST,ctx_ADX_bucket,,,,,,,,,,,,,,,,,,,,,,,,Q3,,,,,,,,,,,,
UP,15,1,,1050,0.5114285714285715,0.030281704309756005,0.13371965644067096,2.0469243595277535,2.003525090115864,451,0.5011086474501109,-0.10831469556567207,-0.07024793388432642,2.1264794175972264,2.0239874094094352,0.5155309414880809,0.5182481751824818,0.09264736964809409,0.05422955999432733,-0.004102370059509419,-0.01713952773237093,-0.06236566533833808,-0.1625442555599994,NOT_ROBUST,ctx_ADX_bucket,,,,,,,,,,,,,,,,,,,,,,,,Q4_HIGH,,,,,,,,,,,,
DOWN,15,1,,1170,0.594017094017094,0.4483205153210582,0.23633001343882665,2.856558691721782,1.7957206791251097,502,0.5956175298804781,0.49817373844939355,0.3237672213485567,2.6672728604117597,1.668280894895349,0.5401197604790419,0.5586592178770949,0.17709119188986513,0.2725384205696048,0.05389733353805215,0.036958312003383176,0.2712293234311931,0.22563531787978874,ROBUST_POSITIVE,ctx_RSI_bucket,,,,,,,,,,,,,,,,,,,,,,,,,Q1_LOW,,,,,,,,,,,
DOWN,15,1,,1110,0.527927927927928,0.1729743416922889,0.012909306056369363,2.389315966458551,1.9309391991246114,476,0.5651260504201681,0.27139694518402346,0.29037998803540016,2.3663729675129943,1.785813689384544,0.5401197604790419,0.5586592178770949,0.17709119188986513,0.2725384205696048,-0.01219183255111389,0.00646683254307312,-0.004116850197576238,-0.0011414753855813475,NOT_ROBUST,ctx_RSI_bucket,,,,,,,,,,,,,,,,,,,,,,,,,Q2,,,,,,,,,,,
DOWN,15,1,,1073,0.5442684063373718,0.18634537940924778,0.11459307764247256,2.4026734436967896,2.0325051080509295,461,0.559652928416486,0.20246407278480358,0.10783055198963916,2.367403502929718,1.9782491755687297,0.5401197604790419,0.5586592178770949,0.17709119188986513,0.2725384205696048,0.004148645858329969,0.0009937105393910128,0.009254187519382645,-0.07007434778480123,NOT_ROBUST,ctx_RSI_bucket,,,,,,,,,,,,,,,,,,,,,,,,,Q3,,,,,,,,,,,
DOWN,15,1,,820,0.47560975609756095,-0.187458424304629,-0.08661581637385074,1.900624607229007,2.2608820020958635,352,0.4914772727272727,-0.03024865509055642,-0.08245393643988025,1.8877622408488728,2.111827830242676,0.5401197604790419,0.5586592178770949,0.17709119188986513,0.2725384205696048,-0.06451000438148091,-0.06718194514982223,-0.3645496161944941,-0.3027870756601612,ROBUST_NEGATIVE,ctx_RSI_bucket,,,,,,,,,,,,,,,,,,,,,,,,,Q4_HIGH,,,,,,,,,,,
DOWN,15,1,,0,,,,,,1,1.0,2.4737190082643705,2.4737190082643705,2.7629752066114777,1.622148760330629,0.5401197604790419,0.5586592178770949,0.17709119188986513,0.2725384205696048,,0.44134078212290506,,2.2011805876947657,NOT_ROBUST,ctx_RSI_bucket,,,,,,,,,,,,,,,,,,,,,,,,,UNKNOWN,,,,,,,,,,,
UP,15,1,,877,0.45952109464082097,-0.19059361647202225,-0.08018136260597551,1.9730288973660297,2.4815146400663317,376,0.48936170212765956,-0.10887245426847016,-0.043596686843054316,2.025619124063011,2.160841543266366,0.5155309414880809,0.5182481751824818,0.09264736964809409,0.05422955999432733,-0.0560098468472599,-0.028886473054822226,-0.28324098612011633,-0.1631020142627975,NOT_ROBUST,ctx_RSI_bucket,,,,,,,,,,,,,,,,,,,,,,,,,Q1_LOW,,,,,,,,,,,
UP,15,1,,1061,0.5146088595664468,0.07673421288368718,0.07815206929739456,2.2228392023512855,2.1608957496029224,455,0.4879120879120879,-0.2001810423749496,0.08124505407520032,2.0904166894816756,2.278759529817289,0.5155309414880809,0.5182481751824818,0.09264736964809409,0.05422955999432733,-0.0009220819216341214,-0.030336087270393886,-0.01591315676440691,-0.25441060236927693,NOT_ROBUST,ctx_RSI_bucket,,,,,,,,,,,,,,,,,,,,,,,,,Q2,,,,,,,,,,,
UP,15,1,,1071,0.5359477124183006,0.1464543396306287,0.06939854593548207,2.342761271985344,2.0305912997563653,459,0.5250544662309368,0.10052299888788738,-0.06749698674160351,2.2936198447767384,1.9567739574079273,0.5155309414880809,0.5182481751824818,0.09264736964809409,0.05422955999432733,0.020416770930219763,0.006806291048454982,0.05380696998253462,0.046293438893560045,NOT_ROBUST,ctx_RSI_bucket,,,,,,,,,,,,,,,,,,,,,,,,,Q3,,,,,,,,,,,
UP,15,1,,1143,0.5424321959755031,0.29452670102711653,0.11766381766384545,2.5192432229475608,1.8621002822102313,491,0.5580448065173116,0.3291619647650249,0.04487179487160427,2.6667290848059744,1.9129910515488924,0.5155309414880809,0.5182481751824818,0.09264736964809409,0.05422955999432733,0.0269012544874222,0.0397966313348298,0.20187933137902245,0.2749324047706976,NOT_ROBUST,ctx_RSI_bucket,,,,,,,,,,,,,,,,,,,,,,,,,Q4_HIGH,,,,,,,,,,,
UP,15,1,,0,,,,,,1,0.0,-2.1538068472152316,-2.1538068472152316,1.5738375063873138,2.7567705671947174,0.5155309414880809,0.5182481751824818,0.09264736964809409,0.05422955999432733,,-0.5182481751824818,,-2.208036407209559,NOT_ROBUST,ctx_RSI_bucket,,,,,,,,,,,,,,,,,,,,,,,,,UNKNOWN,,,,,,,,,,,
DOWN,15,1,,1012,0.4901185770750988,-0.0855996707448329,-0.18336766740773813,2.1186195082632895,2.182096522289518,435,0.4850574712643678,0.00024411202918495182,-0.06511627906971235,2.013186840211471,2.1050522719305564,0.5401197604790419,0.5586592178770949,0.17709119188986513,0.2725384205696048,-0.05000118340394305,-0.07360174661272711,-0.26269086263469804,-0.27229430854041986,NOT_ROBUST,ctx_range_atr_bucket,,,,,,,,,,,,,,,,,,,,,,,,,,Q1_LOW,,,,,,,,,,
DOWN,15,1,,1048,0.5181297709923665,0.0647622553033668,0.009016547792754973,2.238335062857112,2.137928587181048,450,0.5133333333333333,0.10198404361026837,0.09034500432446663,2.166238965315609,2.0480051912210038,0.5401197604790419,0.5586592178770949,0.17709119188986513,0.2725384205696048,-0.02198998948667541,-0.04532588454376163,-0.11232893658649834,-0.17055437695933645,NOT_ROBUST,ctx_range_atr_bucket,,,,,,,,,,,,,,,,,,,,,,,,,,Q2,,,,,,,,,,
DOWN,15,1,,1045,0.5186602870813397,0.04627088812678381,-0.021140052850113798,2.320466378985031,2.0698830193508617,448,0.59375,0.37055049192319,0.3986676731043822,2.4037217587501485,1.8105063903728378,0.5401197604790419,0.5586592178770949,0.17709119188986513,0.2725384205696048,-0.021459473397702156,0.03509078212290506,-0.13082030376308132,0.0980120713535852,NOT_ROBUST,ctx_range_atr_bucket,,,,,,,,,,,,,,,,,,,,,,,,,,Q3,,,,,,,,,,
DOWN,15,1,,1068,0.6329588014981273,0.6833938728385239,0.5248921678659646,3.009741358897674,1.537796395056529,458,0.631004366812227,0.5529660265598682,0.3666083582124572,2.8288310563479317,1.5706668941878572,0.5401197604790419,0.5586592178770949,0.17709119188986513,0.2725384205696048,0.09283904101908547,0.07234514893513211,0.5063026809486588,0.28042760599026334,ROBUST_POSITIVE,ctx_range_atr_bucket,,,,,,,,,,,,,,,,,,,,,,,,,,Q4_HIGH,,,,,,,,,,
DOWN,15,1,,0,,,,,,1,1.0,2.4737190082643705,2.4737190082643705,2.7629752066114777,1.622148760330629,0.5401197604790419,0.5586592178770949,0.17709119188986513,0.2725384205696048,,0.44134078212290506,,2.2011805876947657,NOT_ROBUST,ctx_range_atr_bucket,,,,,,,,,,,,,,,,,,,,,,,,,,UNKNOWN,,,,,,,,,,
UP,15,1,,998,0.4318637274549098,-0.19990951124408374,-0.23557478204981494,1.9869577427831313,2.4062350066115226,428,0.48364485981308414,0.20006500543656897,-0.008219178082121952,2.2224013377076006,2.1081013977288467,0.5155309414880809,0.5182481751824818,0.09264736964809409,0.05422955999432733,-0.08366721403317107,-0.03460331536939765,-0.2925568808921778,0.14583544544224164,NOT_ROBUST,ctx_range_atr_bucket,,,,,,,,,,,,,,,,,,,,,,,,,,Q1_LOW,,,,,,,,,,
UP,15,1,,1034,0.4738878143133462,-0.06417626894604447,-0.06272854550107845,2.1512054665946683,2.363237708272223,444,0.4436936936936937,-0.3227685818522352,-0.16603793226831448,2.0002810307612844,2.298909840889268,0.5155309414880809,0.5182481751824818,0.09264736964809409,0.05422955999432733,-0.04164312717473467,-0.07455448148878807,-0.15682363859413856,-0.37699814184656255,ROBUST_NEGATIVE,ctx_range_atr_bucket,,,,,,,,,,,,,,,,,,,,,,,,,,Q2,,,,,,,,,,
UP,15,1,,1067,0.5417057169634489,0.1532664139040726,0.11657834973519185,2.2912392502415084,2.0711400435390863,458,0.5152838427947598,-0.03952291581589101,-0.06705742455677555,2.2174218796331733,2.1400973987451986,0.5155309414880809,0.5182481751824818,0.09264736964809409,0.05422955999432733,0.02617477547536806,-0.0029643323877219796,0.06061904425597853,-0.09375247581021834,NOT_ROBUST,ctx_range_atr_bucket,,,,,,,,,,,,,,,,,,,,,,,,,,Q3,,,,,,,,,,
UP,15,1,,1052,0.6121673003802282,0.47733015034392245,0.5064667902316087,2.6855143970367705,1.6203248852828385,452,0.6216814159292036,0.3527997241575654,0.39694197231234,2.699432433735656,1.7616061602530728,0.5155309414880809,0.5182481751824818,0.09264736964809409,0.05422955999432733,0.09663635889214728,0.10343324074672178,0.3846827806958284,0.29857016416323806,ROBUST_POSITIVE,ctx_range_atr_bucket,,,,,,,,,,,,,,,,,,,,,,,,,,Q4_HIGH,,,,,,,,,,
UP,15,1,,0,,,,,,1,0.0,-2.1538068472152316,-2.1538068472152316,1.5738375063873138,2.7567705671947174,0.5155309414880809,0.5182481751824818,0.09264736964809409,0.05422955999432733,,-0.5182481751824818,,-2.208036407209559,NOT_ROBUST,ctx_range_atr_bucket,,,,,,,,,,,,,,,,,,,,,,,,,,UNKNOWN,,,,,,,,,,
DOWN,15,1,,991,0.4692230070635722,-0.1339408655426405,-0.23313905079081768,2.178924711288657,2.34687660240319,425,0.4776470588235294,0.04469406018566432,0.0196629213482964,1.9818633982443157,2.0921521913815773,0.5401197604790419,0.5586592178770949,0.17709119188986513,0.2725384205696048,-0.0708967534154697,-0.08101215905356551,-0.3110320574325056,-0.2278443603839405,NOT_ROBUST,ctx_body_atr_bucket,,,,,,,,,,,,,,,,,,,,,,,,,,,Q1_LOW,,,,,,,,,
DOWN,15,1,,1032,0.47093023255813954,-0.09577536846805124,-0.15017038364409022,2.076133771550756,2.1958574801973434,443,0.48758465011286684,-0.05120569774523482,-0.17933884297543948,2.1527313393063188,2.1950154349279836,0.5401197604790419,0.5586592178770949,0.17709119188986513,0.2725384205696048,-0.06918952792090233,-0.0710745677642281,-0.27286656035791634,-0.3237441183148396,ROBUST_NEGATIVE,ctx_body_atr_bucket,,,,,,,,,,,,,,,,,,,,,,,,,,,Q2,,,,,,,,,
DOWN,15,1,,1078,0.5463821892393321,0.16874528076366685,0.13611993652716076,2.3876239245834965,2.0129895193023786,463,0.5637149028077754,0.21397802692139173,0.2538431217974151,2.2469869414825068,1.9144679829444073,0.5401197604790419,0.5586592178770949,0.17709119188986513,0.2725384205696048,0.006262428760290262,0.005055684930680426,-0.008345911126198285,-0.05856039364821308,NOT_ROBUST,ctx_body_atr_bucket,,,,,,,,,,,,,,,,,,,,,,,,,,,Q3,,,,,,,,,
DOWN,15,1,,1072,0.6744402985074627,0.7599223830543274,0.6245890337095917,3.051629555041414,1.3841328327510174,460,0.6760869565217391,0.7921184189640352,0.7087189112793595,2.9754961106183275,1.3660208557679685,0.5401197604790419,0.5586592178770949,0.17709119188986513,0.2725384205696048,0.1343205380284208,0.11742773864464418,0.5828311911644622,0.5195799983944305,ROBUST_POSITIVE,ctx_body_atr_bucket,,,,,,,,,,,,,,,,,,,,,,,,,,,Q4_HIGH,,,,,,,,,
DOWN,15,1,,0,,,,,,1,1.0,2.4737190082643705,2.4737190082643705,2.7629752066114777,1.622148760330629,0.5401197604790419,0.5586592178770949,0.17709119188986513,0.2725384205696048,,0.44134078212290506,,2.2011805876947657,NOT_ROBUST,ctx_body_atr_bucket,,,,,,,,,,,,,,,,,,,,,,,,,,,UNKNOWN,,,,,,,,,
UP,15,1,,1013,0.42349457058242845,-0.3338296304668407,-0.255758538522645,1.8675782873920133,2.5681369839651427,435,0.4666666666666667,-0.1984646515883101,-0.08673205988634188,1.8760404136124111,2.1928897605015267,0.5155309414880809,0.5182481751824818,0.09264736964809409,0.05422955999432733,-0.09203637090565242,-0.05158150851581511,-0.42647700011493483,-0.25269421158263744,ROBUST_NEGATIVE,ctx_body_atr_bucket,,,,,,,,,,,,,,,,,,,,,,,,,,,Q1_LOW,,,,,,,,,
UP,15,1,,976,0.4456967213114754,-0.2088186820314706,-0.16395551386842167,2.036167023271636,2.4040492313387976,419,0.4295942720763723,-0.27464830064083046,-0.23639010189227194,2.049999550073238,2.3736399039929594,0.5155309414880809,0.5182481751824818,0.09264736964809409,0.05422955999432733,-0.06983422017660545,-0.08865390310610949,-0.3014660516795647,-0.3288778606351578,ROBUST_NEGATIVE,ctx_body_atr_bucket,,,,,,,,,,,,,,,,,,,,,,,,,,,Q2,,,,,,,,,
UP,15,1,,1074,0.5260707635009311,0.11824352305706969,0.059966424965011346,2.3225644928585107,2.1297757440310394,461,0.5379609544468547,0.2630140974713132,0.14240305149383092,2.569511346241424,2.0992057387319636,0.5155309414880809,0.5182481751824818,0.09264736964809409,0.05422955999432733,0.010539822012850197,0.01971277926437287,0.0255961534089756,0.2087845374769859,NOT_ROBUST,ctx_body_atr_bucket,,,,,,,,,,,,,,,,,,,,,,,,,,,Q3,,,,,,,,,
UP,15,1,,1088,0.6534926470588235,0.7253311991874652,0.7079861253411404,2.8238916997051544,1.4074469581866382,467,0.6274089935760171,0.4057473290517435,0.23097392229939387,2.6696414563047957,1.6619705098106994,0.5155309414880809,0.5182481751824818,0.09264736964809409,0.05422955999432733,0.1379617055707426,0.10916081839353531,0.6326838295393712,0.35151776905741616,ROBUST_POSITIVE,ctx_body_atr_bucket,,,,,,,,,,,,,,,,,,,,,,,,,,,Q4_HIGH,,,,,,,,,
UP,15,1,,0,,,,,,1,0.0,-2.1538068472152316,-2.1538068472152316,1.5738375063873138,2.7567705671947174,0.5155309414880809,0.5182481751824818,0.09264736964809409,0.05422955999432733,,-0.5182481751824818,,-2.208036407209559,NOT_ROBUST,ctx_body_atr_bucket,,,,,,,,,,,,,,,,,,,,,,,,,,,UNKNOWN,,,,,,,,,
DOWN,15,1,,1052,0.5484790874524715,0.21830651772332813,0.20760924284663176,2.486989238732566,2.045428017752251,452,0.5287610619469026,0.15545019660457737,0.12207966817770738,2.3735797194677524,2.016222745602752,0.5401197604790419,0.5586592178770949,0.17709119188986513,0.2725384205696048,0.00835932697342967,-0.029898155930192294,0.04121532583346299,-0.11708822396502744,NOT_ROBUST,ctx_spread_z_bucket,,,,,,,,,,,,,,,,,,,,,,,,,,,,Q1_LOW,,,,,,,,
DOWN,15,1,,939,0.5101171458998935,0.059492912402453725,-0.08021154693703897,2.298829002859275,2.03763368515579,403,0.5583126550868487,0.3237444072381771,0.3170134638923312,2.3373784045519326,1.8830679875784313,0.5401197604790419,0.5586592178770949,0.17709119188986513,0.2725384205696048,-0.030002614579148323,-0.00034656279024625203,-0.11759827948741142,0.05120598666857229,NOT_ROBUST,ctx_spread_z_bucket,,,,,,,,,,,,,,,,,,,,,,,,,,,,Q2,,,,,,,,
DOWN,15,1,,1099,0.543221110100091,0.16915197622524344,0.1547212741752705,2.4609255988689265,2.00928245160451,472,0.5550847457627118,0.38107826615321533,0.11387130572665054,2.375098945517212,1.786193406822631,0.5401197604790419,0.5586592178770949,0.17709119188986513,0.2725384205696048,0.003101349621049132,-0.0035744721143831093,-0.00793921566462169,0.10853984558361052,NOT_ROBUST,ctx_spread_z_bucket,,,,,,,,,,,,,,,,,,,,,,,,,,,,Q3,,,,,,,,
DOWN,15,1,,1075,0.5665116279069767,0.22135575125881218,0.09612983770298007,2.4423608332898623,1.8682821239553042,461,0.5683297180043384,0.3005095080175608,0.21989528795821375,2.3784266582383244,1.7468220140578776,0.5401197604790419,0.5586592178770949,0.17709119188986513,0.2725384205696048,0.026391867427934868,0.009670500127243464,0.04426455936894705,0.02797108744795601,NOT_ROBUST,ctx_spread_z_bucket,,,,,,,,,,,,,,,,,,,,,,,,,,,,Q4_HIGH,,,,,,,,
DOWN,15,1,,8,0.625,0.38520242771834845,0.5114338413830232,1.7227955381100488,1.453537055729111,4,0.0,-1.0990465325614196,-1.3357314592422727,0.943613587756243,2.9202632585216097,0.5401197604790419,0.5586592178770949,0.17709119188986513,0.2725384205696048,0.08488023952095813,-0.5586592178770949,0.20811123582848332,-1.3715849531310245,NOT_ROBUST,ctx_spread_z_bucket,,,,,,,,,,,,,,,,,,,,,,,,,,,,UNKNOWN,,,,,,,,
UP,15,1,,1042,0.4990403071017274,0.03107034511971946,-0.03143992283662228,2.315254991317398,2.148392247843958,447,0.5167785234899329,-0.008746325480501447,-0.17084745762697381,2.298859999068232,2.0737350365399267,0.5155309414880809,0.5182481751824818,0.09264736964809409,0.05422955999432733,-0.016490634386353453,-0.0014696516925488678,-0.06157702452837463,-0.06297588547482878,NOT_ROBUST,ctx_spread_z_bucket,,,,,,,,,,,,,,,,,,,,,,,,,,,,Q1_LOW,,,,,,,,
UP,15,1,,918,0.5054466230936819,0.03264231814873809,0.08323633828846405,2.2215904534505757,2.177400452522321,394,0.5,-0.024364928292828797,-0.037574928446624925,2.1612584702388085,1.9982698494565951,0.5155309414880809,0.5182481751824818,0.09264736964809409,0.05422955999432733,-0.010084318394398939,-0.018248175182481785,-0.060005051499356,-0.07859448828715612,NOT_ROBUST,ctx_spread_z_bucket,,,,,,,,,,,,,,,,,,,,,,,,,,,,Q2,,,,,,,,
UP,15,1,,1108,0.5279783393501805,0.10140398840131128,0.09032149667295591,2.2708855602422995,2.089587326417728,475,0.4968421052631579,-0.03381312371465995,0.10100200400818007,2.066504025883643,2.085911730271787,0.5155309414880809,0.5182481751824818,0.09264736964809409,0.05422955999432733,0.012447397862099585,-0.021406069919323867,0.00875661875321719,-0.08804268370898728,NOT_ROBUST,ctx_spread_z_bucket,,,,,,,,,,,,,,,,,,,,,,,,,,,,Q3,,,,,,,,
UP,15,1,,1076,0.5306691449814126,0.1981800662198332,0.056303440439201116,2.3512777188062834,2.0903774111837765,462,0.5497835497835498,0.24822022666329924,0.18127148226819492,2.5326326445342047,2.0296944321123447,0.5155309414880809,0.5182481751824818,0.09264736964809409,0.05422955999432733,0.015138203493331726,0.031535374601068034,0.10553269657173911,0.1939906666689719,NOT_ROBUST,ctx_spread_z_bucket,,,,,,,,,,,,,,,,,,,,,,,,,,,,Q4_HIGH,,,,,,,,
UP,15,1,,8,0.375,-0.15384863340209032,-0.2879129651344498,1.5611524089429625,1.7984334081477056,4,0.75,2.383180443085897,2.6441077830166226,3.1349601168830468,0.6174563405711907,0.5155309414880809,0.5182481751824818,0.09264736964809409,0.05422955999432733,-0.14053094148808087,0.23175182481751821,-0.2464960030501844,2.32895088309157,NOT_ROBUST,ctx_spread_z_bucket,,,,,,,,,,,,,,,,,,,,,,,,,,,,UNKNOWN,,,,,,,,
DOWN,15,1,,899,0.5494994438264739,0.2738550499961299,0.008709175738518881,2.544402626781894,1.8107187628043069,386,0.5621761658031088,0.2867959581924064,0.10484449167557092,2.4022973022682117,1.750920155417498,0.5401197604790419,0.5586592178770949,0.17709119188986513,0.2725384205696048,0.009379683347432,0.003516947926013869,0.09676385810626478,0.014257537622801575,NOT_ROBUST,ctx_ema20_slope_5_bucket,,,,,,,,,,,,,,,,,,,,,,,,,,,,,Q1_LOW,,,,,,,
DOWN,15,1,,982,0.5610997963340122,0.20125283368679928,0.19331468029537371,2.573138443592076,2.0073230988060335,421,0.5653206650831354,0.43505824352762823,0.4352331606217578,2.564262175218393,1.9021805078586376,0.5401197604790419,0.5586592178770949,0.17709119188986513,0.2725384205696048,0.020980035854970325,0.0066614472060404495,0.02416164179693414,0.16251982295802342,NOT_ROBUST,ctx_ema20_slope_5_bucket,,,,,,,,,,,,,,,,,,,,,,,,,,,,,Q2,,,,,,,
DOWN,15,1,,1082,0.5286506469500925,0.1541957726567146,0.06149417575174457,2.5465253034690374,2.160642024266964,465,0.5655913978494623,0.2989414824061735,0.32337714058165884,2.4383061021258006,1.8591373853686208,0.5401197604790419,0.5586592178770949,0.17709119188986513,0.2725384205696048,-0.011469113528949415,0.006932179972367392,-0.022895419233150527,0.02640306183656871,NOT_ROBUST,ctx_ema20_slope_5_bucket,,,,,,,,,,,,,,,,,,,,,,,,,,,,,Q3,,,,,,,
DOWN,15,1,,1209,0.5293631100082713,0.1075901824616892,0.07539041464721502,2.1183685646318415,1.9271508902781562,519,0.535645472061657,0.09358855691364859,0.0,2.074631909634057,1.9533374041537948,0.5401197604790419,0.5586592178770949,0.17709119188986513,0.2725384205696048,-0.010756650470770568,-0.023013745815437914,-0.06950100942817594,-0.17894986365595622,NOT_ROBUST,ctx_ema20_slope_5_bucket,,,,,,,,,,,,,,,,,,,,,,,,,,,,,Q4_HIGH,,,,,,,
DOWN,15,1,,1,1.0,2.4737190082643705,2.4737190082643705,2.7629752066114777,1.622148760330629,1,1.0,2.540439969355284,2.540439969355284,4.049688081426953,0.2758016854547644,0.5401197604790419,0.5586592178770949,0.17709119188986513,0.2725384205696048,0.45988023952095813,0.44134078212290506,2.2966278163745053,2.2679015487856793,NOT_ROBUST,ctx_ema20_slope_5_bucket,,,,,,,,,,,,,,,,,,,,,,,,,,,,,UNKNOWN,,,,,,,
UP,15,1,,1258,0.5015898251192369,0.03685691010829984,0.08406071151530156,2.0299473541693995,2.1088106647292104,540,0.5018518518518519,-0.014374771562084363,-0.05976461345086526,2.118677729564668,2.027702056847047,0.5155309414880809,0.5182481751824818,0.09264736964809409,0.05422955999432733,-0.013941116368843987,-0.016396323330629903,-0.055790459539794245,-0.0686043315564117,NOT_ROBUST,ctx_ema20_slope_5_bucket,,,,,,,,,,,,,,,,,,,,,,,,,,,,,Q1_LOW,,,,,,,
UP,15,1,,1087,0.5289788408463661,0.12262225389045425,0.07146329606224072,2.458640228391397,2.23462860066193,467,0.5246252676659529,-0.05838962176241431,0.16969696969681183,2.2768742922810716,2.2237297167664254,0.5155309414880809,0.5182481751824818,0.09264736964809409,0.05422955999432733,0.013447899358285276,0.00637709248347107,0.029974884242360167,-0.11261918175674164,NOT_ROBUST,ctx_ema20_slope_5_bucket,,,,,,,,,,,,,,,,,,,,,,,,,,,,,Q2,,,,,,,
UP,15,1,,935,0.5122994652406417,0.058716233539628945,0.14123581336715813,2.3683214769089767,2.196850653827475,402,0.5248756218905473,0.10321091174545444,0.019061097687458978,2.4277979755563193,2.1308427949528563,0.5155309414880809,0.5182481751824818,0.09264736964809409,0.05422955999432733,-0.0032314762474391356,0.006627446708065476,-0.03393113610846514,0.048981351751127104,NOT_ROBUST,ctx_ema20_slope_5_bucket,,,,,,,,,,,,,,,,,,,,,,,,,,,,,Q3,,,,,,,
UP,15,1,,870,0.5218390804597701,0.1481873506502349,-0.07602150892712559,2.2982713473935985,1.8837431359498582,374,0.5294117647058824,0.30364081954578837,-0.08805563118634371,2.4834907192018703,1.855657236940364,0.5155309414880809,0.5182481751824818,0.09264736964809409,0.05422955999432733,0.006308138971689248,0.011163589523400574,0.055539981002140804,0.24941125955146104,NOT_ROBUST,ctx_ema20_slope_5_bucket,,,,,,,,,,,,,,,,,,,,,,,,,,,,,Q4_HIGH,,,,,,,
UP,15,1,,0,,,,,,1,0.0,-2.1538068472152316,-2.1538068472152316,1.5738375063873138,2.7567705671947174,0.5155309414880809,0.5182481751824818,0.09264736964809409,0.05422955999432733,,-0.5182481751824818,,-2.208036407209559,NOT_ROBUST,ctx_ema20_slope_5_bucket,,,,,,,,,,,,,,,,,,,,,,,,,,,,,UNKNOWN,,,,,,,
DOWN,15,1,,953,0.5299055613850997,0.1397705855749388,-0.15157146319788625,2.3956742353219593,1.8116057161987424,409,0.5525672371638142,0.3055765797600897,0.203962703962703,2.3235501576104434,1.7627060862885484,0.5401197604790419,0.5586592178770949,0.17709119188986513,0.2725384205696048,-0.010214199093942167,-0.006091980713280765,-0.03732060631492634,0.03303815919048486,NOT_ROBUST,ctx_ema50_slope_5_bucket,,,,,,,,,,,,,,,,,,,,,,,,,,,,,,Q1_LOW,,,,,,
DOWN,15,1,,1012,0.5642292490118577,0.32211432661662587,0.2843686709207298,2.7639646591904143,2.065907938709155,434,0.5599078341013825,0.28421507450957145,0.17294356589539459,2.5083497586330434,1.9002807098868875,0.5401197604790419,0.5586592178770949,0.17709119188986513,0.2725384205696048,0.024109488532815804,0.0012486162242875132,0.14502313472676073,0.011676653939966641,NOT_ROBUST,ctx_ema50_slope_5_bucket,,,,,,,,,,,,,,,,,,,,,,,,,,,,,,Q2,,,,,,
DOWN,15,1,,1068,0.5393258426966292,0.16297077597860954,0.07450673102426793,2.468997543848696,2.0917851223061805,459,0.5620915032679739,0.2813899532526076,0.24430955993979891,2.5119881292265833,1.945967946516104,0.5401197604790419,0.5586592178770949,0.17709119188986513,0.2725384205696048,-0.0007939177824126675,0.0034322853908789197,-0.014120415911255596,0.008851532683002816,NOT_ROBUST,ctx_ema50_slope_5_bucket,,,,,,,,,,,,,,,,,,,,,,,,,,,,,,Q3,,,,,,
DOWN,15,1,,1138,0.5298769771528998,0.09932585716916821,0.12388761497434961,2.1222697790847063,1.9337996681980092,488,0.5532786885245902,0.2098954435236418,0.181676887772933,2.094374886554859,1.8971089935034406,0.5401197604790419,0.5586592178770949,0.17709119188986513,0.2725384205696048,-0.010242783326142035,-0.00538052935250477,-0.07776533472069692,-0.062642977045963,NOT_ROBUST,ctx_ema50_slope_5_bucket,,,,,,,,,,,,,,,,,,,,,,,,,,,,,,Q4_HIGH,,,,,,
DOWN,15,1,,2,1.0,2.5070794888098273,2.5070794888098273,3.4063316440192155,0.9489752228926968,2,0.5,-1.9992346259826923,-1.9992346259826923,0.9099233271338725,2.607504968357171,0.5401197604790419,0.5586592178770949,0.17709119188986513,0.2725384205696048,0.45988023952095813,-0.05865921787709494,2.329988296919962,-2.271773046552297,NOT_ROBUST,ctx_ema50_slope_5_bucket,,,,,,,,,,,,,,,,,,,,,,,,,,,,,,UNKNOWN,,,,,,
UP,15,1,,1193,0.5129924559932942,0.0773658234641449,0.20744314266035857,2.0141251759764582,2.064269438116871,512,0.484375,-0.1178675432676824,-0.09565395299515209,2.075691035322949,2.1117132927653306,0.5155309414880809,0.5182481751824818,0.09264736964809409,0.05422955999432733,-0.0025384854947866353,-0.033873175182481785,-0.015281546183949182,-0.17209710326200972,NOT_ROBUST,ctx_ema50_slope_5_bucket,,,,,,,,,,,,,,,,,,,,,,,,,,,,,,Q1_LOW,,,,,,
UP,15,1,,1071,0.5070028011204482,0.049618594263626845,-0.014144271570065403,2.431370820049382,2.3375106997782438,460,0.55,0.13652564719932705,0.23727205318672967,2.3493273047944547,2.0888077257292927,0.5155309414880809,0.5182481751824818,0.09264736964809409,0.05422955999432733,-0.00852814036763272,0.03175182481751826,-0.04302877538446724,0.08229608720499973,NOT_ROBUST,ctx_ema50_slope_5_bucket,,,,,,,,,,,,,,,,,,,,,,,,,,,,,,Q2,,,,,,
UP,15,1,,991,0.5277497477295661,0.09543655199886436,0.08620689655203408,2.4135237933793823,2.1488889157228077,426,0.5375586854460094,0.1474676733123594,0.018373205741646945,2.5625139206437475,2.1716896229303706,0.5155309414880809,0.5182481751824818,0.09264736964809409,0.05422955999432733,0.012218806241485192,0.01931051026352759,0.002789182350770275,0.09323811331803208,NOT_ROBUST,ctx_ema50_slope_5_bucket,,,,,,,,,,,,,,,,,,,,,,,,,,,,,,Q3,,,,,,
UP,15,1,,894,0.5134228187919463,0.1552583559875712,-0.030996013482584087,2.297306619208784,1.8692947138981377,384,0.5104166666666666,0.09637724086472847,-0.11354702737714953,2.2392061510530152,1.8817749924907032,0.5155309414880809,0.5182481751824818,0.09264736964809409,0.05422955999432733,-0.0021081226961345845,-0.007831508515815155,0.06261098633947712,0.04214768087040114,NOT_ROBUST,ctx_ema50_slope_5_bucket,,,,,,,,,,,,,,,,,,,,,,,,,,,,,,Q4_HIGH,,,,,,
UP,15,1,,2,0.0,-1.4510876846441199,-1.4510876846441199,1.4492987915813405,2.1005541895474433,1,1.0,3.148307853129584,3.148307853129584,3.580033973605166,0.812230497844098,0.5155309414880809,0.5182481751824818,0.09264736964809409,0.05422955999432733,-0.5155309414880809,0.4817518248175182,-1.543735054292214,3.0940782931352566,NOT_ROBUST,ctx_ema50_slope_5_bucket,,,,,,,,,,,,,,,,,,,,,,,,,,,,,,UNKNOWN,,,,,,
DOWN,15,1,,1174,0.5945485519591142,0.4321980018158205,0.2319757983157297,2.892582462453791,1.8098750194940878,504,0.6031746031746031,0.5096683196870212,0.260694141557555,2.6980465405257688,1.5953421046813647,0.5401197604790419,0.5586592178770949,0.17709119188986513,0.2725384205696048,0.05442879148007229,0.0445153852975082,0.25510680992595536,0.2371298991174164,ROBUST_POSITIVE,ctx_dist_ema20_atr_bucket,,,,,,,,,,,,,,,,,,,,,,,,,,,,,,,Q1_LOW,,,,,
DOWN,15,1,,1165,0.5304721030042918,0.2097353460287632,0.06876790830938966,2.389829408959845,1.903231579280364,500,0.568,0.2760280826612071,0.3394031884835339,2.375182838372707,1.8788062767768066,0.5401197604790419,0.5586592178770949,0.17709119188986513,0.2725384205696048,-0.009647657474750049,0.009340782122905011,0.03264415413889807,0.003489662091602286,NOT_ROBUST,ctx_dist_ema20_atr_bucket,,,,,,,,,,,,,,,,,,,,,,,,,,,,,,,Q2,,,,,
DOWN,15,1,,1070,0.5401869158878505,0.11706711061799487,0.11360842000940288,2.3626650128867563,2.1120227402684932,459,0.5490196078431373,0.16688212330407073,0.08007626310784816,2.27025363684947,1.957656054206817,0.5401197604790419,0.5586592178770949,0.17709119188986513,0.2725384205696048,6.715540880863902e-05,-0.009639610033957635,-0.06002408127187027,-0.10565629726553408,NOT_ROBUST,ctx_dist_ema20_atr_bucket,,,,,,,,,,,,,,,,,,,,,,,,,,,,,,,Q3,,,,,
DOWN,15,1,,764,0.4725130890052356,-0.16359952170042158,-0.12227890231359081,1.8716503820479085,2.2063193012915168,328,0.4847560975609756,0.0037381245874071253,-0.044780638911208405,1.9043786104651241,2.111059423105599,0.5401197604790419,0.5586592178770949,0.17709119188986513,0.2725384205696048,-0.06760667147380628,-0.07390312031611934,-0.3406907135902867,-0.2688002959821977,NOT_ROBUST,ctx_dist_ema20_atr_bucket,,,,,,,,,,,,,,,,,,,,,,,,,,,,,,,Q4_HIGH,,,,,
DOWN,15,1,,0,,,,,,1,1.0,2.4737190082643705,2.4737190082643705,2.7629752066114777,1.622148760330629,0.5401197604790419,0.5586592178770949,0.17709119188986513,0.2725384205696048,,0.44134078212290506,,2.2011805876947657,NOT_ROBUST,ctx_dist_ema20_atr_bucket,,,,,,,,,,,,,,,,,,,,,,,,,,,,,,,UNKNOWN,,,,,
UP,15,1,,785,0.45605095541401275,-0.21102326985516281,-0.06977572089727697,1.9563672800119805,2.5055299279250858,337,0.47774480712166173,-0.22191393499910875,-0.06422968773113384,1.9726551953402396,2.2523123576289423,0.5155309414880809,0.5182481751824818,0.09264736964809409,0.05422955999432733,-0.059479986074068125,-0.040503368060820055,-0.3036706395032569,-0.2761434949934361,ROBUST_NEGATIVE,ctx_dist_ema20_atr_bucket,,,,,,,,,,,,,,,,,,,,,,,,,,,,,,,Q1_LOW,,,,,
UP,15,1,,1110,0.5054054054054054,0.0578807942213583,0.055931722456096455,2.1761424499938133,2.212200326254155,476,0.49159663865546216,-0.07653777063874977,0.07613298994181136,2.1351318417800744,2.1920608710543132,0.5155309414880809,0.5182481751824818,0.09264736964809409,0.05422955999432733,-0.010125536082675524,-0.026651536527019626,-0.03476657542673579,-0.1307673306330771,NOT_ROBUST,ctx_dist_ema20_atr_bucket,,,,,,,,,,,,,,,,,,,,,,,,,,,,,,,Q2,,,,,
UP,15,1,,1101,0.5267938237965486,0.06546924913078718,0.0378890392421823,2.320566948635937,2.047253923208609,473,0.5221987315010571,0.025407854827352794,0.0,2.2509362769355126,2.009593454842908,0.5155309414880809,0.5182481751824818,0.09264736964809409,0.05422955999432733,0.011262882308467725,0.003950556318575327,-0.027178120517306906,-0.028821705166974538,NOT_ROBUST,ctx_dist_ema20_atr_bucket,,,,,,,,,,,,,,,,,,,,,,,,,,,,,,,Q3,,,,,
UP,15,1,,1155,0.5558441558441558,0.37027107835264234,0.17023740590622538,2.5663850909058947,1.8113654774134151,496,0.5665322580645161,0.371695736676109,0.08612084299170839,2.6937360792534504,1.889853827935526,0.5155309414880809,0.5182481751824818,0.09264736964809409,0.05422955999432733,0.04031321435607493,0.04828408288203434,0.2776237087045482,0.3174661766817817,ROBUST_POSITIVE,ctx_dist_ema20_atr_bucket,,,,,,,,,,,,,,,,,,,,,,,,,,,,,,,Q4_HIGH,,,,,
UP,15,1,,0,,,,,,1,0.0,-2.1538068472152316,-2.1538068472152316,1.5738375063873138,2.7567705671947174,0.5155309414880809,0.5182481751824818,0.09264736964809409,0.05422955999432733,,-0.5182481751824818,,-2.208036407209559,NOT_ROBUST,ctx_dist_ema20_atr_bucket,,,,,,,,,,,,,,,,,,,,,,,,,,,,,,,UNKNOWN,,,,,
DOWN,15,1,,1158,0.5785837651122625,0.37764434580764683,0.1644088569948387,2.729203021537704,1.7459438585300944,497,0.5774647887323944,0.376490496473873,0.25642831983070663,2.519340516366233,1.7321093026271015,0.5401197604790419,0.5586592178770949,0.17709119188986513,0.2725384205696048,0.03846400463322064,0.018805570855299436,0.2005531539177817,0.10395207590426819,NOT_ROBUST,ctx_dist_ema50_atr_bucket,,,,,,,,,,,,,,,,,,,,,,,,,,,,,,,,Q1_LOW,,,,
DOWN,15,1,,1066,0.5262664165103189,0.1342627602601932,0.012909306056369363,2.521101749637058,2.089326108431453,458,0.5676855895196506,0.3403145468241919,0.2472028468174685,2.497759543072623,1.78640603367681,0.5401197604790419,0.5586592178770949,0.17709119188986513,0.2725384205696048,-0.013853343968722953,0.009026371642555708,-0.042828431629671926,0.06777612625458707,NOT_ROBUST,ctx_dist_ema50_atr_bucket,,,,,,,,,,,,,,,,,,,,,,,,,,,,,,,,Q2,,,,
DOWN,15,1,,1059,0.5363550519357885,0.17037726320781568,0.05457271364322363,2.3345504146361438,2.0192994309789856,455,0.5494505494505495,0.18184961837670094,0.15152941176501747,2.2510153718859587,1.9415383649022253,0.5401197604790419,0.5586592178770949,0.17709119188986513,0.2725384205696048,-0.003764708543253392,-0.009208668426545441,-0.006713928682049453,-0.09068880219290387,NOT_ROBUST,ctx_dist_ema50_atr_bucket,,,,,,,,,,,,,,,,,,,,,,,,,,,,,,,,Q3,,,,
DOWN,15,1,,888,0.5101351351351351,-0.020176083921245147,0.09663855030877543,2.0350160502331858,2.135979712746369,381,0.5328083989501312,0.14342607533567914,0.08007626310784816,2.096140328566664,2.029604415099017,0.5401197604790419,0.5586592178770949,0.17709119188986513,0.2725384205696048,-0.02998462534390678,-0.025850818926963726,-0.19726727581111028,-0.12911234523392567,NOT_ROBUST,ctx_dist_ema50_atr_bucket,,,,,,,,,,,,,,,,,,,,,,,,,,,,,,,,Q4_HIGH,,,,
DOWN,15,1,,2,1.0,2.5070794888098273,2.5070794888098273,3.4063316440192155,0.9489752228926968,1,1.0,-1.1308243727597669,-1.1308243727597669,1.8530465949821076,1.7974910394264803,0.5401197604790419,0.5586592178770949,0.17709119188986513,0.2725384205696048,0.45988023952095813,0.44134078212290506,2.329988296919962,-1.4033627933293717,NOT_ROBUST,ctx_dist_ema50_atr_bucket,,,,,,,,,,,,,,,,,,,,,,,,,,,,,,,,UNKNOWN,,,,
UP,15,1,,954,0.48532494758909855,-0.02156743265035812,0.08114165956060804,2.0396887438514266,2.318708370092381,409,0.4938875305623472,-0.13258260215943668,0.018573797678257783,2.0595768006568114,2.187182146926054,0.5155309414880809,0.5182481751824818,0.09264736964809409,0.05422955999432733,-0.03020599389898232,-0.024360644620134597,-0.11421480229845221,-0.186812162153764,NOT_ROBUST,ctx_dist_ema50_atr_bucket,,,,,,,,,,,,,,,,,,,,,,,,,,,,,,,,Q1_LOW,,,,
UP,15,1,,1040,0.49903846153846154,-0.06593346889378653,0.0038323111473575824,2.133462355565327,2.2391574801538554,446,0.4910313901345291,-0.053754492706214047,-0.025210480201361032,2.184623352073852,2.1916122888436584,0.5155309414880809,0.5182481751824818,0.09264736964809409,0.05422955999432733,-0.016492479949619332,-0.027216785047952663,-0.1585808385418806,-0.10798405270054137,NOT_ROBUST,ctx_dist_ema50_atr_bucket,,,,,,,,,,,,,,,,,,,,,,,,,,,,,,,,Q2,,,,
UP,15,1,,1045,0.5358851674641149,0.20144730792649398,0.06384364820862252,2.4343056127224743,2.0551852593787814,449,0.5412026726057907,0.07592101108947395,0.10100200400818007,2.283489773300745,2.027585194448378,0.5155309414880809,0.5182481751824818,0.09264736964809409,0.05422955999432733,0.02035422597603398,0.022954497423308906,0.1087999382783999,0.02169145109514662,NOT_ROBUST,ctx_dist_ema50_atr_bucket,,,,,,,,,,,,,,,,,,,,,,,,,,,,,,,,Q3,,,,
UP,15,1,,1111,0.5382538253825383,0.235320561311394,0.11340829403942833,2.475723959280722,1.8778991600885653,477,0.5429769392033543,0.29854518252291873,-0.05271084337320554,2.6128631285747157,1.885634101669899,0.5155309414880809,0.5182481751824818,0.09264736964809409,0.05422955999432733,0.022722883894457424,0.02472876402087254,0.14267319166329992,0.2443156225285914,NOT_ROBUST,ctx_dist_ema50_atr_bucket,,,,,,,,,,,,,,,,,,,,,,,,,,,,,,,,Q4_HIGH,,,,
UP,15,1,,2,0.0,-1.4510876846441199,-1.4510876846441199,1.4492987915813405,2.1005541895474433,1,1.0,3.148307853129584,3.148307853129584,3.580033973605166,0.812230497844098,0.5155309414880809,0.5182481751824818,0.09264736964809409,0.05422955999432733,-0.5155309414880809,0.4817518248175182,-1.543735054292214,3.0940782931352566,NOT_ROBUST,ctx_dist_ema50_atr_bucket,,,,,,,,,,,,,,,,,,,,,,,,,,,,,,,,UNKNOWN,,,,
DOWN,15,1,,1113,0.5660377358490566,0.4169801151523803,0.11108071135429468,2.7630313265853133,1.770779679152269,478,0.5690376569037657,0.4098047428409832,0.2551357208140609,2.5333484368585406,1.703404890600518,0.5401197604790419,0.5586592178770949,0.17709119188986513,0.2725384205696048,0.025917975370014723,0.010378439026670794,0.23988892326251518,0.13726632227137842,NOT_ROBUST,ctx_dist_donchian_high20_atr_bucket,,,,,,,,,,,,,,,,,,,,,,,,,,,,,,,,,Q1_LOW,,,
DOWN,15,1,,1161,0.5684754521963824,0.20142281736311787,0.23059743160251547,2.4255351337199342,1.8991555302704075,498,0.608433734939759,0.37631755986921495,0.34150108521346084,2.448861136661191,1.6989846881880084,0.5401197604790419,0.5586592178770949,0.17709119188986513,0.2725384205696048,0.028355691717340537,0.049774517062664114,0.024331625473252738,0.10377913929961013,NOT_ROBUST,ctx_dist_donchian_high20_atr_bucket,,,,,,,,,,,,,,,,,,,,,,,,,,,,,,,,,Q2,,,
DOWN,15,1,,1323,0.54421768707483,0.1949341188947728,0.1631788079468675,2.393976308923219,2.023921502739622,568,0.5422535211267606,0.11123620641986551,0.10633114623260956,2.306557575084457,2.0322398108892337,0.5401197604790419,0.5586592178770949,0.17709119188986513,0.2725384205696048,0.004097926595788115,-0.01640569675033432,0.017842927004907666,-0.1613022141497393,NOT_ROBUST,ctx_dist_donchian_high20_atr_bucket,,,,,,,,,,,,,,,,,,,,,,,,,,,,,,,,,Q3,,,
DOWN,15,1,,576,0.4340277777777778,-0.30548090195591154,-0.40578248280637796,1.896017933358374,2.4631536664644518,247,0.4493927125506073,-0.006642899118161886,-0.04721753794240878,1.8659504559046265,2.166564296643092,0.5401197604790419,0.5586592178770949,0.17709119188986513,0.2725384205696048,-0.10609198270126408,-0.10926650532648763,-0.4825720938457767,-0.2791813196877667,ROBUST_NEGATIVE,ctx_dist_donchian_high20_atr_bucket,,,,,,,,,,,,,,,,,,,,,,,,,,,,,,,,,Q4_HIGH,,,
DOWN,15,1,,0,,,,,,1,1.0,2.4737190082643705,2.4737190082643705,2.7629752066114777,1.622148760330629,0.5401197604790419,0.5586592178770949,0.17709119188986513,0.2725384205696048,,0.44134078212290506,,2.2011805876947657,NOT_ROBUST,ctx_dist_donchian_high20_atr_bucket,,,,,,,,,,,,,,,,,,,,,,,,,,,,,,,,,UNKNOWN,,,
UP,15,1,,917,0.49073064340239914,-0.041972763278111794,0.06157407407394465,2.07286303534655,2.3145765684592625,394,0.48984771573604063,-0.11817294919548421,-0.043596686843054316,1.9720508723562324,2.111881974754421,0.5155309414880809,0.5182481751824818,0.09264736964809409,0.05422955999432733,-0.024800298085681738,-0.02840045944644115,-0.1346201329262059,-0.17240250918981154,NOT_ROBUST,ctx_dist_donchian_high20_atr_bucket,,,,,,,,,,,,,,,,,,,,,,,,,,,,,,,,,Q1_LOW,,,
UP,15,1,,995,0.4814070351758794,0.07457952142124125,-0.03662524525830774,2.1405936575969897,2.1184333161943627,427,0.48711943793911006,0.0010703079239272422,0.0,2.207730552682787,2.122193699602282,0.5155309414880809,0.5182481751824818,0.09264736964809409,0.05422955999432733,-0.03412390631220147,-0.03112873724337173,-0.01806784822685284,-0.05315925207040009,NOT_ROBUST,ctx_dist_donchian_high20_atr_bucket,,,,,,,,,,,,,,,,,,,,,,,,,,,,,,,,,Q2,,,
UP,15,1,,970,0.5185567010309279,-0.007038403313131895,0.06516717285889821,2.256416236431439,2.1744582708032563,417,0.4892086330935252,-0.1748338910905411,-0.0667461263408211,2.1834330114399507,2.1972165298612354,0.5155309414880809,0.5182481751824818,0.09264736964809409,0.05422955999432733,0.0030257595428470063,-0.029039542088956594,-0.09968577296122598,-0.22906345108486842,NOT_ROBUST,ctx_dist_donchian_high20_atr_bucket,,,,,,,,,,,,,,,,,,,,,,,,,,,,,,,,,Q3,,,
UP,15,1,,1269,0.5563435776201734,0.26486455564726524,0.1537254901961014,2.5426910093242476,1.913510059331324,544,0.5900735294117647,0.43659294602786447,0.20061777624611363,2.7132236180093288,1.9055484223737238,0.5155309414880809,0.5182481751824818,0.09264736964809409,0.05422955999432733,0.04081263613209252,0.07182535422928293,0.17221718599917116,0.38236338603353714,ROBUST_POSITIVE,ctx_dist_donchian_high20_atr_bucket,,,,,,,,,,,,,,,,,,,,,,,,,,,,,,,,,Q4_HIGH,,,
UP,15,1,,0,,,,,,1,0.0,-2.1538068472152316,-2.1538068472152316,1.5738375063873138,2.7567705671947174,0.5155309414880809,0.5182481751824818,0.09264736964809409,0.05422955999432733,,-0.5182481751824818,,-2.208036407209559,NOT_ROBUST,ctx_dist_donchian_high20_atr_bucket,,,,,,,,,,,,,,,,,,,,,,,,,,,,,,,,,UNKNOWN,,,
DOWN,15,1,,1325,0.5977358490566038,0.44006413016934814,0.25848719475834686,2.8569235591377375,1.813799224193812,569,0.6098418277680141,0.4921691975293536,0.26147859922155087,2.6782472766443246,1.6708220510873477,0.5401197604790419,0.5586592178770949,0.17709119188986513,0.2725384205696048,0.05761608857756195,0.05118260989091916,0.262972938279483,0.2196307769597488,ROBUST_POSITIVE,ctx_dist_donchian_low20_atr_bucket,,,,,,,,,,,,,,,,,,,,,,,,,,,,,,,,,,Q1_LOW,,
DOWN,15,1,,1006,0.5139165009940357,0.04028128097834275,-0.05841217188653676,2.3160545513861175,2.076865313010798,432,0.5370370370370371,0.18787778345355946,0.3209273070146482,2.2509320457588404,1.9353737205491162,0.5401197604790419,0.5586592178770949,0.17709119188986513,0.2725384205696048,-0.026203259485006125,-0.021622180840057847,-0.1368099109115224,-0.08466063711604535,NOT_ROBUST,ctx_dist_donchian_low20_atr_bucket,,,,,,,,,,,,,,,,,,,,,,,,,,,,,,,,,,Q2,,
DOWN,15,1,,966,0.5320910973084886,0.16011863402222642,0.1568582211778028,2.2735611029320886,2.016834051069202,415,0.4987951807228916,0.06532972098615689,-0.057543520309502834,2.2381967768388367,2.0964041661877735,0.5401197604790419,0.5586592178770949,0.17709119188986513,0.2725384205696048,-0.008028663170553285,-0.05986403715420335,-0.01697255786763871,-0.20720869958344793,NOT_ROBUST,ctx_dist_donchian_low20_atr_bucket,,,,,,,,,,,,,,,,,,,,,,,,,,,,,,,,,,Q3,,
DOWN,15,1,,875,0.5028571428571429,-0.01818548141737205,-0.10741687979529647,2.108933507474468,2.0995250159599768,376,0.5452127659574468,0.19690485247939055,0.18724777558317449,2.047863195742443,1.8278032906163029,0.5401197604790419,0.5586592178770949,0.17709119188986513,0.2725384205696048,-0.037262617621898975,-0.013446451919648106,-0.1952766733072372,-0.07563356809021426,NOT_ROBUST,ctx_dist_donchian_low20_atr_bucket,,,,,,,,,,,,,,,,,,,,,,,,,,,,,,,,,,Q4_HIGH,,
DOWN,15,1,,0,,,,,,1,1.0,2.4737190082643705,2.4737190082643705,2.7629752066114777,1.622148760330629,0.5401197604790419,0.5586592178770949,0.17709119188986513,0.2725384205696048,,0.44134078212290506,,2.2011805876947657,NOT_ROBUST,ctx_dist_donchian_low20_atr_bucket,,,,,,,,,,,,,,,,,,,,,,,,,,,,,,,,,,UNKNOWN,,
UP,15,1,,642,0.40498442367601245,-0.33776457378419644,-0.35745330690907207,1.957165630720018,2.667970647717261,276,0.4673913043478261,-0.31713067141154955,-0.05221117309391954,1.8967367062130802,2.364465384168917,0.5155309414880809,0.5182481751824818,0.09264736964809409,0.05422955999432733,-0.11054651781206842,-0.050856870834655676,-0.4304119434322905,-0.3713602314058769,ROBUST_NEGATIVE,ctx_dist_donchian_low20_atr_bucket,,,,,,,,,,,,,,,,,,,,,,,,,,,,,,,,,,Q1_LOW,,
UP,15,1,,1352,0.5392011834319527,0.08120447566051779,0.1481013868964109,2.261830688965509,2.1680410094950404,580,0.49137931034482757,0.022989173797603932,0.06387756659909831,2.237952243224523,2.1308908713490133,0.5155309414880809,0.5182481751824818,0.09264736964809409,0.05422955999432733,0.023670241943871795,-0.026868864837654216,-0.011442893987576294,-0.0312403861967234,NOT_ROBUST,ctx_dist_donchian_low20_atr_bucket,,,,,,,,,,,,,,,,,,,,,,,,,,,,,,,,,,Q2,,
UP,15,1,,1071,0.5350140056022409,0.1765113827877537,0.15092402464035273,2.3158061442166424,1.9326647150106633,459,0.5555555555555556,0.10387242202551918,0.1251432500574048,2.3860682282081958,2.0067553997160945,0.5155309414880809,0.5182481751824818,0.09264736964809409,0.05422955999432733,0.01948306411416001,0.037307380373073795,0.0838640131396596,0.049642862031191844,NOT_ROBUST,ctx_dist_donchian_low20_atr_bucket,,,,,,,,,,,,,,,,,,,,,,,,,,,,,,,,,,Q3,,
UP,15,1,,1087,0.5326586936522539,0.2598963838619762,0.09678481290465837,2.434628266735875,1.897729515458641,466,0.5450643776824035,0.3122820326087827,-0.08272570248200034,2.5630842382619377,1.8723993985697962,0.5155309414880809,0.5182481751824818,0.09264736964809409,0.05422955999432733,0.01712775216417306,0.02681620249992167,0.16724901421388214,0.25805247261445535,NOT_ROBUST,ctx_dist_donchian_low20_atr_bucket,,,,,,,,,,,,,,,,,,,,,,,,,,,,,,,,,,Q4_HIGH,,
UP,15,1,,0,,,,,,1,0.0,-2.1538068472152316,-2.1538068472152316,1.5738375063873138,2.7567705671947174,0.5155309414880809,0.5182481751824818,0.09264736964809409,0.05422955999432733,,-0.5182481751824818,,-2.208036407209559,NOT_ROBUST,ctx_dist_donchian_low20_atr_bucket,,,,,,,,,,,,,,,,,,,,,,,,,,,,,,,,,,UNKNOWN,,
DOWN,15,1,,4175,0.5401197604790419,0.17709119188986513,0.09144350097966895,2.422358988941354,1.9819123548352793,1790,0.5586592178770949,0.2725384205696048,0.20617750854595013,2.3695749740595904,1.8710254676827416,0.5401197604790419,0.5586592178770949,0.17709119188986513,0.2725384205696048,0.0,0.0,0.0,0.0,NOT_ROBUST,ctx_fvg_up_size_atr_bucket,,,,,,,,,,,,,,,,,,,,,,,,,,,,,,,,,,,UNKNOWN,
UP,15,1,,4153,0.5155309414880809,0.09264736964809409,0.0623388797748875,2.2759959565260135,2.109629598250325,1781,0.5182481751824818,0.05422955999432733,0.009971509971274203,2.3029991951813873,2.077685312971138,0.5155309414880809,0.5182481751824818,0.09264736964809409,0.05422955999432733,0.0,0.0,0.0,0.0,NOT_ROBUST,ctx_fvg_up_size_atr_bucket,,,,,,,,,,,,,,,,,,,,,,,,,,,,,,,,,,,UNKNOWN,
DOWN,15,1,,4175,0.5401197604790419,0.17709119188986513,0.09144350097966895,2.422358988941354,1.9819123548352793,1790,0.5586592178770949,0.2725384205696048,0.20617750854595013,2.3695749740595904,1.8710254676827416,0.5401197604790419,0.5586592178770949,0.17709119188986513,0.2725384205696048,0.0,0.0,0.0,0.0,NOT_ROBUST,ctx_fvg_dn_size_atr_bucket,,,,,,,,,,,,,,,,,,,,,,,,,,,,,,,,,,,,UNKNOWN
UP,15,1,,4153,0.5155309414880809,0.09264736964809409,0.0623388797748875,2.2759959565260135,2.109629598250325,1781,0.5182481751824818,0.05422955999432733,0.009971509971274203,2.3029991951813873,2.077685312971138,0.5155309414880809,0.5182481751824818,0.09264736964809409,0.05422955999432733,0.0,0.0,0.0,0.0,NOT_ROBUST,ctx_fvg_dn_size_atr_bucket,,,,,,,,,,,,,,,,,,,,,,,,,,,,,,,,,,,,UNKNOWN
DOWN,30,1,-1,1752,0.5753424657534246,0.4968737788832695,0.40389480692416835,3.7069224697233976,2.6697270005653246,752,0.5625,0.35080078619514937,0.4308009275049385,3.414475284826347,2.7348869217135543,0.5433604336043361,0.5521601685985248,0.29064199025315085,0.27913311980511907,0.03198203214908857,0.010339831401475208,0.20623178863011865,0.0716676663900303,NOT_ROBUST,ctx_body_direction,,,,,,,,,,,,,,,,,,,,,,,,,,,,,,,,,,,,
DOWN,30,1,0,6,0.6666666666666666,-0.6980970311040829,0.3532875857309038,3.3399231943642778,3.109650529111985,3,0.3333333333333333,-0.6473205139657169,-2.6069587628868196,2.52260832669753,3.8470840284965284,0.5433604336043361,0.5521601685985248,0.29064199025315085,0.27913311980511907,0.12330623306233057,-0.21882683526519148,-0.9887390213572338,-0.926453633770836,NOT_ROBUST,ctx_body_direction,,,,,,,,,,,,,,,,,,,,,,,,,,,,,,,,,,,,
DOWN,30,1,1,454,0.4185022026431718,-0.4911308441318105,-0.5005352762658601,2.7027751245553593,3.5579883698135095,196,0.5153061224489796,0.016110164579883745,0.40400730560200515,3.185407347255148,3.354413385499811,0.5433604336043361,0.5521601685985248,0.29064199025315085,0.27913311980511907,-0.12485823096116427,-0.03685404614954524,-0.7817728343849614,-0.26302295522523533,NOT_ROBUST,ctx_body_direction,,,,,,,,,,,,,,,,,,,,,,,,,,,,,,,,,,,,
UP,30,1,-1,452,0.42920353982300885,-0.30326826332627027,-0.3319490939937038,2.8611516616110304,3.5631474985298355,195,0.41025641025641024,-0.4411053574650968,-0.4939402100728548,2.4479336216230263,3.4323739753321973,0.5105808194506979,0.49159663865546216,0.03322131917105112,-0.06515374093385339,-0.08137727962768904,-0.08134022839905192,-0.3364895824973214,-0.3759516165312434,ROBUST_NEGATIVE,ctx_body_direction,,,,,,,,,,,,,,,,,,,,,,,,,,,,,,,,,,,,
UP,30,1,0,2,1.0,-0.3826406665843568,-0.3826406665843568,3.6411294903683418,1.0946273909752846,2,0.5,-2.8132104995999585,-2.8132104995999585,1.908255101168364,3.860401347351554,0.5105808194506979,0.49159663865546216,0.03322131917105112,-0.06515374093385339,0.4894191805493021,0.00840336134453784,-0.4158619857554079,-2.748056758666105,NOT_ROBUST,ctx_body_direction,,,,,,,,,,,,,,,,,,,,,,,,,,,,,,,,,,,,
UP,30,1,1,1765,0.5303116147308782,0.11162426994766857,0.15371621621580567,3.3297683609335293,3.025897034218524,757,0.5138705416116248,0.058422528551886184,-0.06671961874497309,3.3053861714167123,3.051642286423938,0.5105808194506979,0.49159663865546216,0.03322131917105112,-0.06515374093385339,0.01973079528018029,0.02227390295616266,0.07840295077661745,0.12357626948573958,NOT_ROBUST,ctx_body_direction,,,,,,,,,,,,,,,,,,,,,,,,,,,,,,,,,,,,
DOWN,30,1,,1052,0.5304182509505704,0.195678756880189,0.09006296727317088,3.4895529196424366,2.947523238333785,452,0.5508849557522124,0.16903785906934152,0.2274830205258905,3.292058906391442,2.872236386277367,0.5433604336043361,0.5521601685985248,0.29064199025315085,0.27913311980511907,-0.012942182653765677,-0.001275212846312379,-0.09496323337296186,-0.11009526073577755,NOT_ROBUST,ctx_structure_state,-1,,,,,,,,,,,,,,,,,,,,,,,,,,,,,,,,,,,
DOWN,30,1,,0,,,,,,1,1.0,6.421487603305786,6.421487603305786,8.700826446280866,1.622148760330629,0.5433604336043361,0.5521601685985248,0.29064199025315085,0.27913311980511907,,0.4478398314014752,,6.142354483500666,NOT_ROBUST,ctx_structure_state,0,,,,,,,,,,,,,,,,,,,,,,,,,,,,,,,,,,,
DOWN,30,1,,1160,0.5568965517241379,0.3735405828950458,0.3492996972015389,3.515169356059903,2.7701844634583233,498,0.5481927710843374,0.3742790538487426,0.5616492086313363,3.4054279423146205,2.8572412633253053,0.5433604336043361,0.5521601685985248,0.29064199025315085,0.27913311980511907,0.013536118119801821,-0.0039673975141873985,0.08289859264189497,0.09514593404362354,NOT_ROBUST,ctx_structure_state,1,,,,,,,,,,,,,,,,,,,,,,,,,,,,,,,,,,,
UP,30,1,,1171,0.5166524338172502,0.009864268867055468,0.13118440779609158,3.148203953143889,3.1688071721442306,503,0.48906560636182905,-0.16187398194980462,-0.027722772277204006,2.9196139984984013,3.2105118021992816,0.5105808194506979,0.49159663865546216,0.03322131917105112,-0.06515374093385339,0.006071614366552347,-0.0025310322936331064,-0.02335705030399565,-0.09672024101595124,NOT_ROBUST,ctx_structure_state,-1,,,,,,,,,,,,,,,,,,,,,,,,,,,,,,,,,,,
UP,30,1,,0,,,,,,1,0.0,-6.951967296883097,-6.951967296883097,1.5738375063873138,9.823709759836584,0.5105808194506979,0.49159663865546216,0.03322131917105112,-0.06515374093385339,,-0.49159663865546216,,-6.886813555949243,NOT_ROBUST,ctx_structure_state,0,,,,,,,,,,,,,,,,,,,,,,,,,,,,,,,,,,,
UP,30,1,,1048,0.5009541984732825,0.06568076310508113,0.007009345794333867,3.296323714236733,3.070781003584405,450,0.5022222222222222,0.04388504477791991,-0.20852277611956566,3.4437135663449023,3.0822317591491313,0.5105808194506979,0.49159663865546216,0.03322131917105112,-0.06515374093385339,-0.009626620977415401,0.010625583566760077,0.03245944393403001,0.10903878571177329,NOT_ROBUST,ctx_structure_state,1,,,,,,,,,,,,,,,,,,,,,,,,,,,,,,,,,,,
DOWN,30,1,,779,0.5609756097560976,0.39636029247086263,0.4195659662417567,3.574488740042279,2.814622086726664,334,0.5538922155688623,0.3593879658029959,0.31338438819423453,3.432095895158632,2.6706712959124417,0.5433604336043361,0.5521601685985248,0.29064199025315085,0.27913311980511907,0.017615176151761558,0.0017320469703374641,0.10571830221771178,0.08025484599787686,NOT_ROBUST,ctx_session_name,,ASIA,,,,,,,,,,,,,,,,,,,,,,,,,,,,,,,,,,
DOWN,30,1,,390,0.5512820512820513,0.2530382762230931,0.2975607860451797,3.417933803833596,2.6947194966975565,168,0.5119047619047619,0.13907719009615918,0.2274830205258905,2.9972844063250483,2.844292677199648,0.5433604336043361,0.5521601685985248,0.29064199025315085,0.27913311980511907,0.007921617677715265,-0.04025540669376293,-0.037603714030057744,-0.1400559297089599,NOT_ROBUST,ctx_session_name,,LONDON,,,,,,,,,,,,,,,,,,,,,,,,,,,,,,,,,,
DOWN,30,1,,833,0.524609843937575,0.3198079651173474,0.08172588832504002,3.489379286118495,2.9088312309736515,358,0.553072625698324,0.23761362636924507,0.5710882109689602,3.4123978071148406,3.1918774063139277,0.5433604336043361,0.5521601685985248,0.29064199025315085,0.27913311980511907,-0.01875058966676102,0.0009124570997992576,0.02916597486419653,-0.041519493435873994,NOT_ROBUST,ctx_session_name,,NEW_YORK,,,,,,,,,,,,,,,,,,,,,,,,,,,,,,,,,,
DOWN,30,1,,210,0.5428571428571428,-0.2712358932496021,-0.23921377060879223,3.359611352022879,3.100700059954682,91,0.6043956043956044,0.6925535982290857,0.8411272839890254,3.7365519391095865,2.2715982143314704,0.5433604336043361,0.5521601685985248,0.29064199025315085,0.27913311980511907,-0.0005032907471932413,0.052235435797079566,-0.5618778835027529,0.4134204784239666,NOT_ROBUST,ctx_session_name,,OFF_SESSION,,,,,,,,,,,,,,,,,,,,,,,,,,,,,,,,,,
UP,30,1,,785,0.5019108280254777,-0.11772036954889885,-0.11923556294138447,3.1493311650185025,3.185620194149241,337,0.486646884272997,-0.06784802639423573,0.09117221418218864,2.982238526215371,3.180886184248884,0.5105808194506979,0.49159663865546216,0.03322131917105112,-0.06515374093385339,-0.00866999142522018,-0.0049497543824651435,-0.15094168871994995,-0.002694285460382348,NOT_ROBUST,ctx_session_name,,ASIA,,,,,,,,,,,,,,,,,,,,,,,,,,,,,,,,,,
UP,30,1,,384,0.5,0.0011386440050334679,-0.07981928364338434,3.041062079685883,3.040722897772188,165,0.509090909090909,-0.04832269135961991,-0.1410974244123224,2.921773266815589,2.822178053245788,0.5105808194506979,0.49159663865546216,0.03322131917105112,-0.06515374093385339,-0.010580819450697887,0.01749427043544688,-0.03208267516601765,0.016831049574233474,NOT_ROBUST,ctx_session_name,,LONDON,,,,,,,,,,,,,,,,,,,,,,,,,,,,,,,,,,
UP,30,1,,842,0.505938242280285,-0.05793608680777313,0.12794781490879353,3.2322739770844993,3.1975957631993595,361,0.48476454293628807,-0.09595405053504834,-0.5806938159882356,3.3095671203792447,3.2749007441464295,0.5105808194506979,0.49159663865546216,0.03322131917105112,-0.06515374093385339,-0.004642577170412832,-0.006832095719174092,-0.09115740597882424,-0.030800309601194953,NOT_ROBUST,ctx_session_name,,NEW_YORK,,,,,,,,,,,,,,,,,,,,,,,,,,,,,,,,,,
UP,30,1,,209,0.583732057416268,1.1162556758136637,0.7368421052629128,3.9707653933629508,2.705100054845961,90,0.5,-0.17007078480816334,0.11802000074511784,3.1954078153879046,3.2735438608656113,0.5105808194506979,0.49159663865546216,0.03322131917105112,-0.06515374093385339,0.0731512379655701,0.00840336134453784,1.0830343566426126,-0.10491704387430996,NOT_ROBUST,ctx_session_name,,OFF_SESSION,,,,,,,,,,,,,,,,,,,,,,,,,,,,,,,,,,
DOWN,30,1,,1435,0.535191637630662,0.23480388013193962,0.14250462677356882,3.4646753338861473,2.873202074979052,615,0.5479674796747968,0.23192663530601312,0.512646281615878,3.314739561461276,2.974549224134525,0.5433604336043361,0.5521601685985248,0.29064199025315085,0.27913311980511907,-0.008168795973674037,-0.0041926889237280385,-0.05583811012121123,-0.047206484499105944,NOT_ROBUST,ctx_in_asia_session,,,0,,,,,,,,,,,,,,,,,,,,,,,,,,,,,,,,,
DOWN,30,1,,779,0.5609756097560976,0.39636029247086263,0.4195659662417567,3.574488740042279,2.814622086726664,334,0.5538922155688623,0.3593879658029959,0.31338438819423453,3.432095895158632,2.6706712959124417,0.5433604336043361,0.5521601685985248,0.29064199025315085,0.27913311980511907,0.017615176151761558,0.0017320469703374641,0.10571830221771178,0.08025484599787686,NOT_ROBUST,ctx_in_asia_session,,,1,,,,,,,,,,,,,,,,,,,,,,,,,,,,,,,,,
UP,30,1,,1435,0.5149825783972125,0.1156620646955147,0.15879017013218863,3.2611388598956466,3.0924400453712013,616,0.49512987012987014,-0.06321688204130599,-0.25154221180236197,3.253135151677796,3.1335148808666125,0.5105808194506979,0.49159663865546216,0.03322131917105112,-0.06515374093385339,0.004401758946514622,0.003533231474407983,0.08244074552446358,0.0019368588925473967,NOT_ROBUST,ctx_in_asia_session,,,0,,,,,,,,,,,,,,,,,,,,,,,,,,,,,,,,,
UP,30,1,,785,0.5019108280254777,-0.11772036954889885,-0.11923556294138447,3.1493311650185025,3.185620194149241,337,0.486646884272997,-0.06784802639423573,0.09117221418218864,2.982238526215371,3.180886184248884,0.5105808194506979,0.49159663865546216,0.03322131917105112,-0.06515374093385339,-0.00866999142522018,-0.0049497543824651435,-0.15094168871994995,-0.002694285460382348,NOT_ROBUST,ctx_in_asia_session,,,1,,,,,,,,,,,,,,,,,,,,,,,,,,,,,,,,,
DOWN,30,1,,1823,0.5419637959407569,0.2995263210932207,0.2361057876578658,3.520902084520839,2.887391331681072,782,0.5601023017902813,0.3072791791552833,0.4787248402447044,3.4348826445805947,2.8701936031922215,0.5433604336043361,0.5521601685985248,0.29064199025315085,0.27913311980511907,-0.0013966376635791145,0.007942133191756517,0.008884330840069843,0.028146059350164232,NOT_ROBUST,ctx_in_london_session,,,,0,,,,,,,,,,,,,,,,,,,,,,,,,,,,,,,,
DOWN,30,1,,390,0.5512820512820513,0.2530382762230931,0.2975607860451797,3.417933803833596,2.6947194966975565,168,0.5119047619047619,0.13907719009615918,0.2274830205258905,2.9972844063250483,2.844292677199648,0.5433604336043361,0.5521601685985248,0.29064199025315085,0.27913311980511907,0.007921617677715265,-0.04025540669376293,-0.037603714030057744,-0.1400559297089599,NOT_ROBUST,ctx_in_london_session,,,,1,,,,,,,,,,,,,,,,,,,,,,,,,,,,,,,,
UP,30,1,,1836,0.5125272331154684,0.03882854119097383,0.11269114020459543,3.2584248609232693,3.142782980881172,788,0.4885786802030457,-0.0659835131222683,-0.13837773697949893,3.208853290582239,3.2196961977063814,0.5105808194506979,0.49159663865546216,0.03322131917105112,-0.06515374093385339,0.0019464136647705521,-0.0030179584524164804,0.005607222019922711,-0.0008297721884149151,NOT_ROBUST,ctx_in_london_session,,,,0,,,,,,,,,,,,,,,,,,,,,,,,,,,,,,,,
UP,30,1,,384,0.5,0.0011386440050334679,-0.07981928364338434,3.041062079685883,3.040722897772188,165,0.509090909090909,-0.04832269135961991,-0.1410974244123224,2.921773266815589,2.822178053245788,0.5105808194506979,0.49159663865546216,0.03322131917105112,-0.06515374093385339,-0.010580819450697887,0.01749427043544688,-0.03208267516601765,0.016831049574233474,NOT_ROBUST,ctx_in_london_session,,,,1,,,,,,,,,,,,,,,,,,,,,,,,,,,,,,,,
DOWN,30,1,,1380,0.5543478260869565,0.26988395854726105,0.2968632512656121,3.506433943822507,2.82347921118204,592,0.5523648648648649,0.31161000192123944,0.39997899997902153,3.334544745172882,2.6601988691551464,0.5433604336043361,0.5521601685985248,0.29064199025315085,0.27913311980511907,0.010987392482620484,0.00020469626634012084,-0.0207580317058898,0.032476882116120376,NOT_ROBUST,ctx_in_ny_session,,,,,0,,,,,,,,,,,,,,,,,,,,,,,,,,,,,,,
DOWN,30,1,,833,0.524609843937575,0.3198079651173474,0.08172588832504002,3.489379286118495,2.9088312309736515,358,0.553072625698324,0.23761362636924507,0.5710882109689602,3.4123978071148406,3.1918774063139277,0.5433604336043361,0.5521601685985248,0.29064199025315085,0.27913311980511907,-0.01875058966676102,0.0009124570997992576,0.02916597486419653,-0.041519493435873994,NOT_ROBUST,ctx_in_ny_session,,,,,1,,,,,,,,,,,,,,,,,,,,,,,,,,,,,,,
UP,30,1,,1379,0.514140681653372,0.08232555218188699,0.04653974010299358,3.239863256550551,3.088049353665237,591,0.494077834179357,-0.03104424807723962,0.024423337856213957,3.0064382661803957,3.0584302339516958,0.5105808194506979,0.49159663865546216,0.03322131917105112,-0.06515374093385339,0.0035598622026741245,0.0024811955238948635,0.04910423301083587,0.034109492856613764,NOT_ROBUST,ctx_in_ny_session,,,,,0,,,,,,,,,,,,,,,,,,,,,,,,,,,,,,,
UP,30,1,,842,0.505938242280285,-0.05793608680777313,0.12794781490879353,3.2322739770844993,3.1975957631993595,361,0.48476454293628807,-0.09595405053504834,-0.5806938159882356,3.3095671203792447,3.2749007441464295,0.5105808194506979,0.49159663865546216,0.03322131917105112,-0.06515374093385339,-0.004642577170412832,-0.006832095719174092,-0.09115740597882424,-0.030800309601194953,NOT_ROBUST,ctx_in_ny_session,,,,,1,,,,,,,,,,,,,,,,,,,,,,,,,,,,,,,
DOWN,30,1,,1926,0.543613707165109,0.36094821845178177,0.2660789057023328,3.589688437526955,2.8568177657522673,826,0.5544794188861986,0.34390584332688134,0.4787248402447044,3.460199586289697,2.87479965285853,0.5433604336043361,0.5521601685985248,0.29064199025315085,0.27913311980511907,0.0002532735607729819,0.0023192502876737686,0.07030622819863092,0.06477272352176228,NOT_ROBUST,ctx_london_killzone,,,,,,0,,,,,,,,,,,,,,,,,,,,,,,,,,,,,,
DOWN,30,1,,287,0.5435540069686411,-0.17642325347117396,0.1694524495677521,2.9114844220474687,2.833829511969397,124,0.532258064516129,-0.16322842309979627,0.25233822582859256,2.691611885656434,2.797282006429596,0.5433604336043361,0.5521601685985248,0.29064199025315085,0.27913311980511907,0.00019357336430503302,-0.01990210408239579,-0.4670652437243248,-0.44236154290491536,NOT_ROBUST,ctx_london_killzone,,,,,,1,,,,,,,,,,,,,,,,,,,,,,,,,,,,,,
UP,30,1,,1932,0.5119047619047619,0.010868523618112635,0.11482745363478691,3.2454874769527273,3.179458560136982,829,0.48854041013269,-0.10634683534127926,-0.17174280879862905,3.21003329723923,3.2100522478684033,0.5105808194506979,0.49159663865546216,0.03322131917105112,-0.06515374093385339,0.0013239424540639755,-0.003056228522772153,-0.02235279555293848,-0.04119309440742587,NOT_ROBUST,ctx_london_killzone,,,,,,0,,,,,,,,,,,,,,,,,,,,,,,,,,,,,,
UP,30,1,,288,0.5,0.1711109524020438,-0.1622733502379931,3.0467873343251712,2.762114255933172,124,0.5161290322580645,0.2390465571436643,0.1838071348940797,2.8389572910341863,2.751862668098598,0.5105808194506979,0.49159663865546216,0.03322131917105112,-0.06515374093385339,-0.010580819450697887,0.024532393602602343,0.13788963323099268,0.3042002980775177,NOT_ROBUST,ctx_london_killzone,,,,,,1,,,,,,,,,,,,,,,,,,,,,,,,,,,,,,
DOWN,30,1,,1929,0.5417314670813893,0.30307725710662337,0.2091082149654911,3.536087772613432,2.866489083613227,828,0.5543478260869565,0.28415692519751806,0.42014590047674816,3.342375762237772,2.818099779066866,0.5433604336043361,0.5521601685985248,0.29064199025315085,0.27913311980511907,-0.001628966522946751,0.002187657488431749,0.012435266853472515,0.0050238053923989945,NOT_ROBUST,ctx_ny_killzone,,,,,,,0,,,,,,,,,,,,,,,,,,,,,,,,,,,,,
DOWN,30,1,,284,0.5528169014084507,0.20716760024974543,0.44482523363473264,3.2627742440702283,2.7788170035107087,122,0.5409836065573771,0.24282898051135188,0.5959522376768834,3.4917406727958666,3.155405577689987,0.5433604336043361,0.5521601685985248,0.29064199025315085,0.27913311980511907,0.009456467804114688,-0.011176562041147697,-0.08347439000340542,-0.03630413929376719,NOT_ROBUST,ctx_ny_killzone,,,,,,,1,,,,,,,,,,,,,,,,,,,,,,,,,,,,,
UP,30,1,,1928,0.516597510373444,0.05109494915953917,0.11482745363478691,3.2589662985133763,3.1347354802766354,827,0.4921402660217654,-0.07113914272671651,-0.06671961874497309,3.159906637361393,3.168904980071806,0.5105808194506979,0.49159663865546216,0.03322131917105112,-0.06515374093385339,0.0060166909227461485,0.0005436273663032565,0.01787362998848805,-0.005985401792863124,NOT_ROBUST,ctx_ny_killzone,,,,,,,0,,,,,,,,,,,,,,,,,,,,,,,,,,,,,
UP,30,1,,292,0.4726027397260274,-0.06197637292998741,-0.08155790280968586,3.000370623282364,3.04928994954884,126,0.48412698412698413,-0.07796588523146424,-0.5538264933613338,3.0814827827600597,3.061270146504257,0.5105808194506979,0.49159663865546216,0.03322131917105112,-0.06515374093385339,-0.03797807972467049,-0.007469654528478031,-0.09519769210103853,-0.01281214429761085,NOT_ROBUST,ctx_ny_killzone,,,,,,,1,,,,,,,,,,,,,,,,,,,,,,,,,,,,,
DOWN,30,1,,1965,0.5419847328244275,0.24937665399198092,0.21369385085063372,3.4006940989359333,2.7984826623062276,843,0.561091340450771,0.33461248165047824,0.5592543275631988,3.3571926449690963,2.805804202528624,0.5433604336043361,0.5521601685985248,0.29064199025315085,0.27913311980511907,-0.0013757007799085619,0.008931171852246234,-0.04126533626116993,0.055479361845359176,NOT_ROBUST,ctx_compression_flag,,,,,,,,0,,,,,,,,,,,,,,,,,,,,,,,,,,,,
DOWN,30,1,,248,0.5483870967741935,0.5806472633982979,0.4278989251497779,4.26184282296473,3.3448229777672966,107,0.4953271028037383,-0.07219879750317396,-0.18887015177090608,3.4748258662421945,3.207103702643388,0.5433604336043361,0.5521601685985248,0.29064199025315085,0.27913311980511907,0.005026663169857448,-0.056833065794786475,0.290005273145147,-0.35133191730829305,NOT_ROBUST,ctx_compression_flag,,,,,,,,1,,,,,,,,,,,,,,,,,,,,,,,,,,,,
UP,30,1,,1976,0.5116396761133604,0.041601818656021604,0.06913792142371292,3.1531464103005256,3.052708546947798,848,0.49410377358490565,-0.1293348034269268,-0.11479634874398045,3.014235621044321,3.089472816751942,0.5105808194506979,0.49159663865546216,0.03322131917105112,-0.06515374093385339,0.0010588566626624774,0.0025071349294434886,0.008380499484970487,-0.06418106249307341,NOT_ROBUST,ctx_compression_flag,,,,,,,,0,,,,,,,,,,,,,,,,,,,,,,,,,,,,
UP,30,1,,244,0.4959016393442623,-0.06663937585010454,0.07378794915009766,3.788661147238473,3.707867661802721,105,0.4857142857142857,0.5284658653241601,-0.21307779030474397,4.283642208878753,3.6554512511064288,0.5105808194506979,0.49159663865546216,0.03322131917105112,-0.06515374093385339,-0.014679180106435596,-0.00588235294117645,-0.09986069502115566,0.5936196062580135,NOT_ROBUST,ctx_compression_flag,,,,,,,,1,,,,,,,,,,,,,,,,,,,,,,,,,,,,
DOWN,30,1,,1556,0.5404884318766067,0.2665557231922423,0.1950308181025035,3.614832961411035,3.0452645261237716,667,0.5412293853073463,0.09862589109703472,0.24800277874271762,3.3995239965565154,3.0579484492644484,0.5433604336043361,0.5521601685985248,0.29064199025315085,0.27913311980511907,-0.0028720017277293897,-0.01093078329117847,-0.02408626706090855,-0.18050722870808433,NOT_ROBUST,ctx_expansion_flag,,,,,,,,,0,,,,,,,,,,,,,,,,,,,,,,,,,,,
DOWN,30,1,,658,0.5501519756838906,0.34759978895645455,0.38885668143607405,3.2329612840580424,2.4023731692249024,282,0.5780141843971631,0.7060775224586379,0.8540272318265223,3.2686864302562677,2.404761720477088,0.5433604336043361,0.5521601685985248,0.29064199025315085,0.27913311980511907,0.006791542079554569,0.02585401579863833,0.0569577987033037,0.4269444026535188,NOT_ROBUST,ctx_expansion_flag,,,,,,,,,1,,,,,,,,,,,,,,,,,,,,,,,,,,,
UP,30,1,,1566,0.5070242656449553,-0.014162024677458694,0.02033651808792116,3.3890178474003654,3.295158676523946,672,0.49107142857142855,-0.021209600955573813,-0.060133217007775144,3.283745663404908,3.2876593446936693,0.5105808194506979,0.49159663865546216,0.03322131917105112,-0.06515374093385339,-0.0035565538057426016,-0.0005252100840336116,-0.04738334384850981,0.043944139978279576,NOT_ROBUST,ctx_expansion_flag,,,,,,,,,0,,,,,,,,,,,,,,,,,,,,,,,,,,,
UP,30,1,,654,0.5229357798165137,0.139066628296867,0.19647937452069686,2.888222212993065,2.724928908692259,281,0.48398576512455516,-0.15217367939227416,-0.2996756756756155,2.6979662032859224,2.8076087361749185,0.5105808194506979,0.49159663865546216,0.03322131917105112,-0.06515374093385339,0.012354960365815848,-0.007610873530907003,0.10584530912581588,-0.08701993845842078,NOT_ROBUST,ctx_expansion_flag,,,,,,,,,1,,,,,,,,,,,,,,,,,,,,,,,,,,,
DOWN,30,1,,2191,0.5463258785942492,0.30257823326401523,0.2610966057441214,3.5134335988372696,2.8359993690269953,940,0.5542553191489362,0.295359891160575,0.4368982414313216,3.3699900993309524,2.850785443253003,0.5433604336043361,0.5521601685985248,0.29064199025315085,0.27913311980511907,0.002965444989913135,0.0020951505504114287,0.011936243010864378,0.016226771355455916,NOT_ROBUST,ctx_bos_up,,,,,,,,,,0,,,,,,,,,,,,,,,,,,,,,,,,,,
DOWN,30,1,,22,0.2727272727272727,-0.6846844108680744,-0.2604427485338596,2.629341184481027,4.472057855111793,10,0.3,-1.71454526177662,-1.691664734680026,1.7651477419090575,4.518936182407,0.5433604336043361,0.5521601685985248,0.29064199025315085,0.27913311980511907,-0.27063316087706335,-0.2521601685985248,-0.9753264011212253,-1.993678381581739,NOT_ROBUST,ctx_bos_up,,,,,,,,,,1,,,,,,,,,,,,,,,,,,,,,,,,,,
UP,30,1,,2023,0.5032130499258527,-0.008621509231139001,0.025104602510245076,3.1732602344096072,3.1461617649550337,868,0.4815668202764977,-0.24504730299111083,-0.19759344578479293,2.9901348641909244,3.2364099049892263,0.5105808194506979,0.49159663865546216,0.03322131917105112,-0.06515374093385339,-0.007367769524845191,-0.010029818378964439,-0.04184282840219012,-0.17989356205725743,NOT_ROBUST,ctx_bos_up,,,,,,,,,,0,,,,,,,,,,,,,,,,,,,,,,,,,,
UP,30,1,,197,0.5888324873096447,0.5525573222471455,0.7368421052629128,3.769092014441127,2.8505766651738127,85,0.5882352941176471,1.5652560964478448,0.4208523592084864,4.746484965701406,2.4131114958424886,0.5105808194506979,0.49159663865546216,0.03322131917105112,-0.06515374093385339,0.07825166785894677,0.09663865546218492,0.5193360030760944,1.6304098373816982,ROBUST_POSITIVE,ctx_bos_up,,,,,,,,,,1,,,,,,,,,,,,,,,,,,,,,,,,,,
DOWN,30,1,,2064,0.5348837209302325,0.21642791395375094,0.16921253623513277,3.4251531289099644,2.913260420526175,885,0.5468926553672316,0.22931517737935553,0.39312039312025576,3.2932500898866515,2.892906105508248,0.5433604336043361,0.5521601685985248,0.29064199025315085,0.27913311980511907,-0.008476712674103548,-0.005267513231293153,-0.07421407629939991,-0.04981794242576354,NOT_ROBUST,ctx_bos_dn,,,,,,,,,,,0,,,,,,,,,,,,,,,,,,,,,,,,,
DOWN,30,1,,149,0.6711409395973155,1.3917584420748612,1.628211116300524,4.690587280752831,2.085863041106512,65,0.6,0.7900852748478165,0.9565491183879484,3.97355076075691,2.3538856056431507,0.5433604336043361,0.5521601685985248,0.29064199025315085,0.27913311980511907,0.1277805059929794,0.047839831401475186,1.1011164518217105,0.5109521550426974,ROBUST_POSITIVE,ctx_bos_dn,,,,,,,,,,,1,,,,,,,,,,,,,,,,,,,,,,,,,
UP,30,1,,2202,0.5104450499545867,0.03434830894228673,0.06913792142371292,3.235845785904972,3.1203693730638515,944,0.4904661016949153,-0.06790681081962067,-0.14239459883173344,3.125898037288362,3.1463337946434313,0.5105808194506979,0.49159663865546216,0.03322131917105112,-0.06515374093385339,-0.00013576949611115996,-0.0011305369605468796,0.001126989771235612,-0.0027530698857672897,NOT_ROBUST,ctx_bos_dn,,,,,,,,,,,0,,,,,,,,,,,,,,,,,,,,,,,,,
UP,30,1,,18,0.5,-0.2740739688186749,0.317835449275251,3.1073442695471862,3.931003742007777,9,0.6666666666666666,0.5733970079354125,2.1833013435701374,3.1991667381185582,3.179622137154959,0.5105808194506979,0.49159663865546216,0.03322131917105112,-0.06515374093385339,-0.010580819450697887,0.17507002801120447,-0.30729528798972605,0.6385507488692659,NOT_ROBUST,ctx_bos_dn,,,,,,,,,,,1,,,,,,,,,,,,,,,,,,,,,,,,,
DOWN,30,1,,2212,0.5438517179023508,0.29327616142223273,0.2509426107641444,3.5030453990811488,2.8531004260079746,949,0.5521601685985248,0.2802108066412229,0.43405149763473566,3.3621365351781702,2.8634996306474014,0.5433604336043361,0.5521601685985248,0.29064199025315085,0.27913311980511907,0.0004912842980147047,0.0,0.002634171169081878,0.0010776868361038194,NOT_ROBUST,ctx_choch_up,,,,,,,,,,,,0,,,,,,,,,,,,,,,,,,,,,,,,
DOWN,30,1,,1,0.0,-4.174074074074039,-4.174074074074039,0.59953703703685,4.48194444444464,1,0.0,-2.0941533788911957,-2.0941533788911957,1.217160212604378,3.9863325740318687,0.5433604336043361,0.5521601685985248,0.29064199025315085,0.27913311980511907,-0.5433604336043361,-0.5521601685985248,-4.46471606432719,-2.3732864986963147,NOT_ROBUST,ctx_choch_up,,,,,,,,,,,,1,,,,,,,,,,,,,,,,,,,,,,,,
UP,30,1,,2133,0.5049226441631505,-0.005855626904159167,0.05172413793111881,3.1881423500321433,3.1464815086441957,915,0.4918032786885246,-0.06594291856793763,-0.15526802218100247,3.147262260926648,3.1636707610926185,0.5105808194506979,0.49159663865546216,0.03322131917105112,-0.06515374093385339,-0.005658175287547418,0.00020664003306242185,-0.039076946075210284,-0.0007891776340842455,NOT_ROBUST,ctx_choch_up,,,,,,,,,,,,0,,,,,,,,,,,,,,,,,,,,,,,,
UP,30,1,,87,0.632183908045977,0.97240107895252,1.0141612200435355,3.987774642763636,2.5839458029125812,38,0.5263157894736842,-0.0003390179673331258,0.21190782291943955,3.52410184134205,2.883158921824338,0.5105808194506979,0.49159663865546216,0.03322131917105112,-0.06515374093385339,0.12160308859527913,0.03471915081822202,0.939179759781469,0.06481472296652026,NOT_ROBUST,ctx_choch_up,,,,,,,,,,,,1,,,,,,,,,,,,,,,,,,,,,,,,
DOWN,30,1,,2160,0.5407407407407407,0.2559142394029538,0.23673916368897402,3.464734403644358,2.8752228663426376,927,0.5469255663430421,0.25391168182574014,0.4068376068377873,3.3307008653180845,2.880748452647413,0.5433604336043361,0.5521601685985248,0.29064199025315085,0.27913311980511907,-0.002619692863595313,-0.005234602255482668,-0.034727750850197026,-0.025221437979378925,NOT_ROBUST,ctx_choch_dn,,,,,,,,,,,,,0,,,,,,,,,,,,,,,,,,,,,,,
DOWN,30,1,,53,0.6981132075471698,1.9528095478758234,1.7564196625091941,5.290568086809632,1.8066201913186921,23,0.6521739130434783,0.7273436919684378,1.2505507710795827,3.888459533853773,2.621803990798273,0.5433604336043361,0.5521601685985248,0.29064199025315085,0.27913311980511907,0.1547527739428337,0.10001374444495348,1.6621675576226727,0.4482105721633188,NOT_ROBUST,ctx_choch_dn,,,,,,,,,,,,,1,,,,,,,,,,,,,,,,,,,,,,,
UP,30,1,,2220,0.5103603603603604,0.03016387556128671,0.06977687776025626,3.218979552986372,3.1234599264534926,952,0.49159663865546216,-0.06515374093385339,-0.13708056256008788,3.1573436825048353,3.156926669921152,0.5105808194506979,0.49159663865546216,0.03322131917105112,-0.06515374093385339,-0.00022045909033752142,0.0,-0.0030574436097644056,0.0,NOT_ROBUST,ctx_choch_dn,,,,,,,,,,,,,0,,,,,,,,,,,,,,,,,,,,,,,
UP,30,1,,0,,,,,,1,1.0,6.820746132848024,6.820746132848024,8.97907188353037,1.091901728844387,0.5105808194506979,0.49159663865546216,0.03322131917105112,-0.06515374093385339,,0.5084033613445378,,6.885899873781877,NOT_ROBUST,ctx_choch_dn,,,,,,,,,,,,,1,,,,,,,,,,,,,,,,,,,,,,,
DOWN,30,1,,2214,0.5433604336043361,0.29064199025315085,0.2456140350875594,3.5013408368860715,2.8541974471538274,949,0.5521601685985248,0.27913311980511907,0.43405149763473566,3.360644972640108,2.863850812259142,0.5433604336043361,0.5521601685985248,0.29064199025315085,0.27913311980511907,0.0,0.0,0.0,0.0,NOT_ROBUST,ctx_sweep_high,,,,,,,,,,,,,,0,,,,,,,,,,,,,,,,,,,,,,
UP,30,1,,1344,0.5625,0.3050324295568104,0.3716029554035255,3.512819922448853,2.848588021995448,576,0.5347222222222222,0.27267313805566196,0.12228772589958972,3.5134854182572757,2.8818184498014756,0.5105808194506979,0.49159663865546216,0.03322131917105112,-0.06515374093385339,0.05191918054930211,0.04312558356676005,0.27181111038575934,0.33782687898951536,ROBUST_POSITIVE,ctx_sweep_high,,,,,,,,,,,,,,0,,,,,,,,,,,,,,,,,,,,,,
UP,30,1,,877,0.4298745724059293,-0.41014595468411835,-0.4285249104524257,2.803502318422641,3.572188928946412,376,0.42819148936170215,-0.5201253246717198,-0.6611429129079516,2.545839774770673,3.508850289593084,0.5105808194506979,0.49159663865546216,0.03322131917105112,-0.06515374093385339,-0.08070624704476859,-0.06340514929376001,-0.4433672738551695,-0.4549715837378664,ROBUST_NEGATIVE,ctx_sweep_high,,,,,,,,,,,,,,1,,,,,,,,,,,,,,,,,,,,,,
DOWN,30,1,,1320,0.6,0.5920947612165106,0.553646682858946,3.873482238181438,2.5785697753612413,567,0.5873015873015873,0.46917835488482396,0.594358251057878,3.6091027064378305,2.6749130108270425,0.5433604336043361,0.5521601685985248,0.29064199025315085,0.27913311980511907,0.05663956639566392,0.03514141870306253,0.30145277096335976,0.1900452350797049,ROBUST_POSITIVE,ctx_sweep_low,,,,,,,,,,,,,,,0,,,,,,,,,,,,,,,,,,,,,
DOWN,30,1,,893,0.46248600223964165,-0.13633785195887174,-0.2380122057541539,2.9661609972058067,3.2448371107431053,383,0.4934725848563969,-0.045589590367317925,0.09476534296064974,2.9584363771454094,3.1826638337418682,0.5433604336043361,0.5521601685985248,0.29064199025315085,0.27913311980511907,-0.08087443136469441,-0.0586875837421279,-0.42697984221202256,-0.324722710172437,ROBUST_NEGATIVE,ctx_sweep_low,,,,,,,,,,,,,,,1,,,,,,,,,,,,,,,,,,,,,
UP,30,1,,2221,0.5105808194506979,0.03322131917105112,0.0700981373923476,3.2215730209424924,3.1225452221772168,952,0.49159663865546216,-0.06515374093385339,-0.13708056256008788,3.1573436825048353,3.156926669921152,0.5105808194506979,0.49159663865546216,0.03322131917105112,-0.06515374093385339,0.0,0.0,0.0,0.0,NOT_ROBUST,ctx_sweep_low,,,,,,,,,,,,,,,0,,,,,,,,,,,,,,,,,,,,,
DOWN,30,1,,2212,0.5433996383363472,0.29079972763270806,0.2456140350875594,3.5022615852039807,2.85470124706331,949,0.5511064278187566,0.2756434897426258,0.4275503573751413,3.3575205855378947,2.867460488571619,0.5433604336043361,0.5521601685985248,0.29064199025315085,0.27913311980511907,3.920473201113328e-05,-0.0010537407797681642,0.00015773737955721012,-0.003489630062493254,NOT_ROBUST,ctx_fvg_up,,,,,,,,,,,,,,,,0,,,,,,,,,,,,,,,,,,,,
DOWN,30,1,,1,1.0,1.3037974683545162,1.3037974683545162,2.3333333333332695,0.9409282700424112,1,1.0,2.2402303578773486,2.2402303578773486,5.597696421225731,0.22747840394898222,0.5433604336043361,0.5521601685985248,0.29064199025315085,0.27913311980511907,0.45663956639566394,0.4478398314014752,1.0131554781013654,1.9610972380722296,NOT_ROBUST,ctx_fvg_up,,,,,,,,,,,,,,,,1,,,,,,,,,,,,,,,,,,,,
UP,30,1,,1965,0.5063613231552163,-0.046577316250119176,0.04956726986582793,3.1545573268497207,3.1424316342569534,843,0.4887307236061684,-0.1065985511016625,-0.20324508966703766,3.112985504090126,3.2215547401162286,0.5105808194506979,0.49159663865546216,0.03322131917105112,-0.06515374093385339,-0.004219496295481573,-0.0028659150492937324,-0.0797986354211703,-0.04144481016780911,NOT_ROBUST,ctx_fvg_up,,,,,,,,,,,,,,,,0,,,,,,,,,,,,,,,,,,,,
UP,30,1,,255,0.5411764705882353,0.5567013335783128,0.3642611683846904,3.829398614961652,3.0736566300660995,110,0.5181818181818182,0.46533048597810933,0.3093222608656784,3.285966283954368,2.4194170938253268,0.5105808194506979,0.49159663865546216,0.03322131917105112,-0.06515374093385339,0.030595651137537372,0.02658517952635603,0.5234800144072617,0.5304842269119627,NOT_ROBUST,ctx_fvg_up,,,,,,,,,,,,,,,,1,,,,,,,,,,,,,,,,,,,,
DOWN,30,1,,1990,0.5376884422110553,0.26315998289385556,0.16980674742148166,3.466710658656774,2.8744066255648164,853,0.5486518171160609,0.21034982835507593,0.4068376068377873,3.334832348961294,2.9050973107470397,0.5433604336043361,0.5521601685985248,0.29064199025315085,0.27913311980511907,-0.005671991393280784,-0.0035083514824638673,-0.02748200735929529,-0.06878329145004314,NOT_ROBUST,ctx_fvg_dn,,,,,,,,,,,,,,,,,0,,,,,,,,,,,,,,,,,,,
DOWN,30,1,,224,0.59375,0.5096391848688038,0.7059728954613358,3.7908024436596475,2.696240623873443,96,0.5833333333333334,0.9489869808257253,0.8761897437599592,3.6324452096927113,2.447004980662903,0.5433604336043361,0.5521601685985248,0.29064199025315085,0.27913311980511907,0.05038956639566394,0.03117316473480858,0.21899719461565292,0.6698538610206062,ROBUST_POSITIVE,ctx_fvg_dn,,,,,,,,,,,,,,,,,1,,,,,,,,,,,,,,,,,,,
UP,30,1,,2219,0.5114916629112213,0.0321147967688775,0.07014028056095732,3.2392121904561004,3.1276923833962265,951,0.491062039957939,-0.05638699669240904,-0.13306370070785334,3.123719614782495,3.1421107328831956,0.5105808194506979,0.49159663865546216,0.03322131917105112,-0.06515374093385339,0.0009108434605233917,-0.0005345986975231476,-0.0011065224021736195,0.008766744241444344,NOT_ROBUST,ctx_fvg_dn,,,,,,,,,,,,,,,,,0,,,,,,,,,,,,,,,,,,,
UP,30,1,,2,0.0,-1.651790663927458,-1.651790663927458,1.3658387954085973,3.264020005869668,1,0.0,-2.5769303379271604,-2.5769303379271604,-0.296016613177245,5.54238248064956,0.5105808194506979,0.49159663865546216,0.03322131917105112,-0.06515374093385339,-0.5105808194506979,-0.49159663865546216,-1.685011983098509,-2.511776596993307,NOT_ROBUST,ctx_fvg_dn,,,,,,,,,,,,,,,,,1,,,,,,,,,,,,,,,,,,,
DOWN,30,1,,1111,0.5391539153915391,0.18781817846506024,0.03061782394748299,3.6135772123257164,2.920161021483556,477,0.559748427672956,0.34031105496553854,0.4125736738704334,3.3592804610662905,2.7168767132842953,0.5433604336043361,0.5521601685985248,0.29064199025315085,0.27913311980511907,-0.004206518212796939,0.0075882590744311695,-0.10282381178809061,0.06117793516041947,NOT_ROBUST,ctx_ema20_above_ema50,,,,,,,,,,,,,,,,,,0,,,,,,,,,,,,,,,,,,
DOWN,30,1,,1102,0.5471869328493648,0.3676401418602126,0.4089902717210433,3.383261595030385,2.7902704875793063,473,0.5454545454545454,0.2795875080176236,0.5228215767634815,3.3737956688271673,3.0060473666284655,0.5433604336043361,0.5521601685985248,0.29064199025315085,0.27913311980511907,0.0038264992450287583,-0.006705623143979378,0.07699815160706175,0.00045438821250454176,NOT_ROBUST,ctx_ema20_above_ema50,,,,,,,,,,,,,,,,,,1,,,,,,,,,,,,,,,,,,
UP,30,1,,1198,0.5125208681135225,0.013262631538767555,0.16455483132430482,3.133811919153084,3.1407067482351043,514,0.490272373540856,-0.1338914360582704,-0.01661676510061647,2.9092341819793455,3.148422213786666,0.5105808194506979,0.49159663865546216,0.03322131917105112,-0.06515374093385339,0.0019400486628246005,-0.001324265114606149,-0.01995868763228356,-0.068737695124417,NOT_ROBUST,ctx_ema20_above_ema50,,,,,,,,,,,,,,,,,,0,,,,,,,,,,,,,,,,,,
UP,30,1,,1022,0.5048923679060665,0.07076244217955382,0.018682497545563344,3.3114031136976476,3.097830499284904,439,0.5011389521640092,-0.017379184162005554,-0.2501942501942721,3.478354975799784,3.174780536855036,0.5105808194506979,0.49159663865546216,0.03322131917105112,-0.06515374093385339,-0.005688451544631379,0.009542313508547007,0.03754112300850271,0.04777455677184783,NOT_ROBUST,ctx_ema20_above_ema50,,,,,,,,,,,,,,,,,,1,,,,,,,,,,,,,,,,,,
DOWN,30,1,,2119,0.5417649834827749,0.26503516392387744,0.24561403508762816,3.4706026108714028,2.8808740561085533,909,0.5456545654565457,0.2792122650806595,0.4068376068377873,3.3415095398844037,2.8877766191221625,0.5433604336043361,0.5521601685985248,0.29064199025315085,0.27913311980511907,-0.0015954501215611483,-0.006505603141979122,-0.025606826329273413,7.91452755404265e-05,NOT_ROBUST,ctx_vol_spike_1p5,,,,,,,,,,,,,,,,,,,0,,,,,,,,,,,,,,,,,
DOWN,30,1,,94,0.6063829787234043,0.8452357406920421,0.4809747007001063,4.2189621477749455,2.2853844124396314,41,0.6341463414634146,0.32958722384064015,1.2225020990764668,3.731686483389153,2.258545424075691,0.5433604336043361,0.5521601685985248,0.29064199025315085,0.27913311980511907,0.06302254511906824,0.08198617286488985,0.5545937504388913,0.050454104035521086,NOT_ROBUST,ctx_vol_spike_1p5,,,,,,,,,,,,,,,,,,,1,,,,,,,,,,,,,,,,,
UP,30,1,,2101,0.5069014754878629,-0.014333624285514575,0.060085836910010286,3.1826440952711383,3.170598359756208,901,0.48612652608213097,-0.12567045797652773,-0.18348623853224788,3.094111868573643,3.1770801602792567,0.5105808194506979,0.49159663865546216,0.03322131917105112,-0.06515374093385339,-0.00367934396283498,-0.005470112573331187,-0.04755494345656569,-0.06051671704267435,NOT_ROBUST,ctx_vol_spike_1p5,,,,,,,,,,,,,,,,,,,0,,,,,,,,,,,,,,,,,
UP,30,1,,119,0.5630252100840336,0.7475488725291812,0.387056236255132,4.024063672662642,2.494299450674234,52,0.6153846153846154,1.2719980757619458,0.631743666817532,3.990600970413642,2.303252217901849,0.5105808194506979,0.49159663865546216,0.03322131917105112,-0.06515374093385339,0.052444390633335725,0.12378797672915326,0.7143275533581301,1.3371518166957992,NOT_ROBUST,ctx_vol_spike_1p5,,,,,,,,,,,,,,,,,,,1,,,,,,,,,,,,,,,,,
DOWN,30,1,,2191,0.5422181652213601,0.2661969321780605,0.24073078989772495,3.470902835652583,2.870967847687655,939,0.549520766773163,0.2671148403923618,0.412741443578355,3.3492213188106197,2.881826984199572,0.5433604336043361,0.5521601685985248,0.29064199025315085,0.27913311980511907,-0.0011422683829759306,-0.00263940182536182,-0.024445058075090342,-0.012018279412757293,NOT_ROBUST,ctx_vol_spike_2p0,,,,,,,,,,,,,,,,,,,,0,,,,,,,,,,,,,,,,
DOWN,30,1,,23,0.6521739130434783,2.666339442008865,2.2128592303945465,6.545368226491067,1.2461915268621264,10,0.8,1.2994576418771762,1.517716948563916,4.101029141395033,1.1999071267620334,0.5433604336043361,0.5521601685985248,0.29064199025315085,0.27913311980511907,0.10881347943914221,0.24783983140147525,2.375697451755714,1.0203245220720571,NOT_ROBUST,ctx_vol_spike_2p0,,,,,,,,,,,,,,,,,,,,1,,,,,,,,,,,,,,,,
UP,30,1,,2186,0.5073193046660567,0.006517214279488004,0.068656687702222,3.2137342042978445,3.1543803160200046,938,0.4904051172707889,-0.08211191367718564,-0.14239459883173344,3.1099962326619672,3.1635718794430936,0.5105808194506979,0.49159663865546216,0.03322131917105112,-0.06515374093385339,-0.0032615147846412063,-0.0011915213846732664,-0.026704104891563114,-0.01695817274333225,NOT_ROBUST,ctx_vol_spike_2p0,,,,,,,,,,,,,,,,,,,,0,,,,,,,,,,,,,,,,
UP,30,1,,34,0.7352941176470589,1.2696036972157994,0.5129681552921249,4.300047835454058,1.6783478683318072,15,0.5333333333333333,2.091067161251883,1.5822714681440002,4.820253468028481,1.3731671306600348,0.5105808194506979,0.49159663865546216,0.03322131917105112,-0.06515374093385339,0.224713298196361,0.04173669467787117,1.2363823780447483,2.1562209021857366,NOT_ROBUST,ctx_vol_spike_2p0,,,,,,,,,,,,,,,,,,,,1,,,,,,,,,,,,,,,,
DOWN,30,1,,535,0.5046728971962616,0.05958639884220493,-0.10617551462646696,3.2380402149939487,2.9813668276952545,230,0.5304347826086957,0.4009710268402129,0.5311438278598897,3.2446661803058885,2.785411239572791,0.5433604336043361,0.5521601685985248,0.29064199025315085,0.27913311980511907,-0.03868753640807443,-0.021725385989829094,-0.23105559141094592,0.12183790703509384,NOT_ROBUST,ctx_vol_ratio_bucket,,,,,,,,,,,,,,,,,,,,,Q1_LOW,,,,,,,,,,,,,,,
DOWN,30,1,,620,0.5338709677419354,0.11115712880028808,0.040041862665024186,3.3559985645993735,2.9998449892531296,266,0.5037593984962406,-0.37661252036427684,-0.07530546167829083,3.138397799579277,3.284432134087035,0.5433604336043361,0.5521601685985248,0.29064199025315085,0.27913311980511907,-0.009489465862400626,-0.04840077010228416,-0.17948486145286277,-0.655745640169396,NOT_ROBUST,ctx_vol_ratio_bucket,,,,,,,,,,,,,,,,,,,,,Q2,,,,,,,,,,,,,,,
DOWN,30,1,,547,0.5502742230347349,0.1800765016584733,0.32110091743131686,3.361637232851791,2.89445375597818,235,0.5829787234042553,0.6357885847640392,0.8505195843327634,3.394762644877884,2.691737319608225,0.5433604336043361,0.5521601685985248,0.29064199025315085,0.27913311980511907,0.006913789430398887,0.03081855480573048,-0.11056548859467755,0.35665546495892014,NOT_ROBUST,ctx_vol_ratio_bucket,,,,,,,,,,,,,,,,,,,,,Q3,,,,,,,,,,,,,,,
DOWN,30,1,,510,0.5882352941176471,0.7359739247380506,0.6169941877158985,4.04690684676041,2.5718570152143028,219,0.5981735159817352,0.8486657309405423,0.9565491183879484,3.825821572872542,2.4596127340734344,0.5433604336043361,0.5521601685985248,0.29064199025315085,0.27913311980511907,0.04487486051331102,0.04601334738321039,0.4453319344848997,0.5695326111354233,ROBUST_POSITIVE,ctx_vol_ratio_bucket,,,,,,,,,,,,,,,,,,,,,Q4_HIGH,,,,,,,,,,,,,,,
DOWN,30,1,,0,,,,,,1,1.0,6.421487603305786,6.421487603305786,8.700826446280866,1.622148760330629,0.5433604336043361,0.5521601685985248,0.29064199025315085,0.27913311980511907,,0.4478398314014752,,6.142354483500666,NOT_ROBUST,ctx_vol_ratio_bucket,,,,,,,,,,,,,,,,,,,,,UNKNOWN,,,,,,,,,,,,,,,
UP,30,1,,535,0.49906542056074765,-0.14071011847358522,-0.14873837981479224,3.073300197723297,3.242251860332383,230,0.4,-0.3143607028737296,-0.8104504901825924,3.0528715359204783,3.4317241100547187,0.5105808194506979,0.49159663865546216,0.03322131917105112,-0.06515374093385339,-0.011515398889950235,-0.09159663865546214,-0.17393143764463634,-0.24920696193987618,NOT_ROBUST,ctx_vol_ratio_bucket,,,,,,,,,,,,,,,,,,,,,Q1_LOW,,,,,,,,,,,,,,,
UP,30,1,,574,0.4843205574912892,-0.15376373695307222,0.055904987420564545,2.9686631917872424,3.2553030859152425,247,0.5263157894736842,-0.12632368934236696,-0.020858164481600695,3.14558014953916,3.206685780487331,0.5105808194506979,0.49159663865546216,0.03322131917105112,-0.06515374093385339,-0.02626026195940867,0.03471915081822202,-0.18698505612412333,-0.06116994840851357,NOT_ROBUST,ctx_vol_ratio_bucket,,,,,,,,,,,,,,,,,,,,,Q2,,,,,,,,,,,,,,,
UP,30,1,,568,0.4647887323943662,-0.3186295633211884,-0.16177245099680482,2.9253298223548425,3.316245334924582,244,0.5,-0.005548285259473594,0.07999232965525746,3.0542266993928213,3.0314639011609272,0.5105808194506979,0.49159663865546216,0.03322131917105112,-0.06515374093385339,-0.0457920870563317,0.00840336134453784,-0.3518508824922395,0.05960545567437979,NOT_ROBUST,ctx_vol_ratio_bucket,,,,,,,,,,,,,,,,,,,,,Q3,,,,,,,,,,,,,,,
UP,30,1,,541,0.589648798521257,0.7442939225536069,0.6963157894738714,3.9089677601688444,2.702855851755354,233,0.5579399141630901,0.28080570213716066,0.10490076954229365,3.478170762596673,2.835610347014988,0.5105808194506979,0.49159663865546216,0.03322131917105112,-0.06515374093385339,0.07906797907055907,0.06634327550762792,0.7110726033825558,0.34595944307101406,ROBUST_POSITIVE,ctx_vol_ratio_bucket,,,,,,,,,,,,,,,,,,,,,Q4_HIGH,,,,,,,,,,,,,,,
UP,30,1,,0,,,,,,1,0.0,-6.951967296883097,-6.951967296883097,1.5738375063873138,9.823709759836584,0.5105808194506979,0.49159663865546216,0.03322131917105112,-0.06515374093385339,,-0.49159663865546216,,-6.886813555949243,NOT_ROBUST,ctx_vol_ratio_bucket,,,,,,,,,,,,,,,,,,,,,UNKNOWN,,,,,,,,,,,,,,,
DOWN,30,1,,554,0.5469314079422383,0.40091434198126596,0.44113423471184376,4.0129339596853555,3.278259226652103,238,0.5084033613445378,-0.06715611243337007,0.04862593042580635,3.690827428225471,3.6587142291452643,0.5433604336043361,0.5521601685985248,0.29064199025315085,0.27913311980511907,0.0035709743379022107,-0.04375680725398701,0.11027235172811511,-0.3462892322384891,NOT_ROBUST,ctx_ATR_Z_bucket,,,,,,,,,,,,,,,,,,,,,,Q1_LOW,,,,,,,,,,,,,,
DOWN,30,1,,542,0.5535055350553506,0.23141064829679278,0.18510968565904112,3.5401667155041796,3.0078747402955317,233,0.5879828326180258,0.28055649467608335,0.5228215767634815,3.2153493784253424,2.7394228627245014,0.5433604336043361,0.5521601685985248,0.29064199025315085,0.27913311980511907,0.010145101451014549,0.03582266401950096,-0.05923134195635807,0.001423374870964278,NOT_ROBUST,ctx_ATR_Z_bucket,,,,,,,,,,,,,,,,,,,,,,Q2,,,,,,,,,,,,,,
DOWN,30,1,,550,0.5327272727272727,0.2684337654039202,0.05432957214614877,3.397091448647925,2.7700058931230513,236,0.559322033898305,0.3247113497990769,0.20787915323621448,3.3370148390768373,2.6000525908843644,0.5433604336043361,0.5521601685985248,0.29064199025315085,0.27913311980511907,-0.010633160877063341,0.007161865299780246,-0.02220822484923063,0.04557822999395783,NOT_ROBUST,ctx_ATR_Z_bucket,,,,,,,,,,,,,,,,,,,,,,Q3,,,,,,,,,,,,,,
DOWN,30,1,,562,0.5427046263345195,0.26830308750946213,0.38885668143607405,3.076040761133969,2.368217479387788,241,0.5560165975103735,0.5724163850993218,0.8250325945238989,3.185926188216027,2.461237276900774,0.5433604336043361,0.5521601685985248,0.29064199025315085,0.27913311980511907,-0.0006558072698165107,0.003856428911848675,-0.022338902743688716,0.29328326529420273,NOT_ROBUST,ctx_ATR_Z_bucket,,,,,,,,,,,,,,,,,,,,,,Q4_HIGH,,,,,,,,,,,,,,
DOWN,30,1,,4,0.5,1.2779106937553482,1.1309198797645605,3.745693075840168,1.903481074239764,3,0.0,-2.2199015027827693,-4.009612666101478,1.4099650474334424,4.226116787767864,0.5433604336043361,0.5521601685985248,0.29064199025315085,0.27913311980511907,-0.04336043360433606,-0.5521601685985248,0.9872687035021973,-2.4990346225878883,NOT_ROBUST,ctx_ATR_Z_bucket,,,,,,,,,,,,,,,,,,,,,,UNKNOWN,,,,,,,,,,,,,,
UP,30,1,,544,0.5110294117647058,-0.1945674749688469,0.03753522071678888,3.697529258945533,3.6583034970322803,234,0.4444444444444444,-0.14170052812217285,-0.4281411441003675,3.5291779561201464,3.7727620279405745,0.5105808194506979,0.49159663865546216,0.03322131917105112,-0.06515374093385339,0.0004485923140079562,-0.04715219421101774,-0.22778879413989803,-0.07654678718831946,NOT_ROBUST,ctx_ATR_Z_bucket,,,,,,,,,,,,,,,,,,,,,,Q1_LOW,,,,,,,,,,,,,,
UP,30,1,,560,0.5125,-0.034174627763868023,0.055918401967794774,3.3174902044847023,3.303078421789243,241,0.5352697095435685,0.22860352919976246,0.02161605764263758,3.2943445124803645,2.8638547144169193,0.5105808194506979,0.49159663865546216,0.03322131917105112,-0.06515374093385339,0.0019191805493020686,0.04367307088810629,-0.06739594693491914,0.29375727013361586,NOT_ROBUST,ctx_ATR_Z_bucket,,,,,,,,,,,,,,,,,,,,,,Q2,,,,,,,,,,,,,,
UP,30,1,,547,0.4789762340036563,0.13555260368736785,0.04619509177145921,3.0697817816188353,2.959415524879676,235,0.48936170212765956,-0.27997085681634165,-0.289256198346913,2.9426689072679064,3.1266939355625594,0.5105808194506979,0.49159663865546216,0.03322131917105112,-0.06515374093385339,-0.03160458544704159,-0.0022349365278026,0.10233128451631673,-0.21481711588248825,NOT_ROBUST,ctx_ATR_Z_bucket,,,,,,,,,,,,,,,,,,,,,,Q3,,,,,,,,,,,,,,
UP,30,1,,563,0.5293072824156305,0.1920507509567551,0.19626168224304774,2.82795264014631,2.6332586973746346,242,0.512396694214876,-0.01161634543373364,0.08771486839832056,2.8564629274395807,2.7786683277852693,0.5105808194506979,0.49159663865546216,0.03322131917105112,-0.06515374093385339,0.018726462964932633,0.020800055559413833,0.158829431785704,0.053537395500119746,NOT_ROBUST,ctx_ATR_Z_bucket,,,,,,,,,,,,,,,,,,,,,,Q4_HIGH,,,,,,,,,,,,,,
UP,30,1,,4,0.5,-1.7277694212456325,-1.2615234347517426,1.6909608893795076,4.253178827144442,3,1.0,2.6828990367612273,1.739530602853409,3.675576162154566,0.7207815665032863,0.5105808194506979,0.49159663865546216,0.03322131917105112,-0.06515374093385339,-0.010580819450697887,0.5084033613445378,-1.7609907404166836,2.7480527776950807,NOT_ROBUST,ctx_ATR_Z_bucket,,,,,,,,,,,,,,,,,,,,,,UNKNOWN,,,,,,,,,,,,,,
DOWN,30,1,,548,0.5383211678832117,0.31929236708123565,0.35955881739006335,3.8807901155588302,3.2777617675304396,236,0.5254237288135594,0.4464916757735662,0.32246126443922996,3.6791081839708606,3.0929295637748786,0.5433604336043361,0.5521601685985248,0.29064199025315085,0.27913311980511907,-0.005039265721124342,-0.026736439784965427,0.0286503768280848,0.16735855596844712,NOT_ROBUST,ctx_BB_Width_Z_bucket,,,,,,,,,,,,,,,,,,,,,,,Q1_LOW,,,,,,,,,,,,,
DOWN,30,1,,550,0.54,0.17003483574194198,0.0699062683519389,3.4926978267942577,2.9807935610980474,237,0.5611814345991561,-0.31310261345481205,0.3485254691692099,3.1708754987298167,3.3020238306056013,0.5433604336043361,0.5521601685985248,0.29064199025315085,0.27913311980511907,-0.0033604336043360217,0.009021266000631356,-0.12060715451120887,-0.5922357332599311,NOT_ROBUST,ctx_BB_Width_Z_bucket,,,,,,,,,,,,,,,,,,,,,,,Q2,,,,,,,,,,,,,
DOWN,30,1,,534,0.5468164794007491,0.2871371116190751,0.3049494087031098,3.419200683020768,2.803809162737629,229,0.5327510917030568,0.10723041294525852,-0.10277689115844503,3.184772518161303,2.7319092263355365,0.5433604336043361,0.5521601685985248,0.29064199025315085,0.27913311980511907,0.00345604579641301,-0.019409076895468003,-0.0035048786340757254,-0.17190270685986053,NOT_ROBUST,ctx_BB_Width_Z_bucket,,,,,,,,,,,,,,,,,,,,,,,Q3,,,,,,,,,,,,,
DOWN,30,1,,575,0.5565217391304348,0.40754558932990165,0.2948846539619407,3.254782359540898,2.3634510725884046,247,0.5748987854251012,0.8017934004160353,0.8260626398208959,3.3518958852159906,2.3753388242354943,0.5433604336043361,0.5521601685985248,0.29064199025315085,0.27913311980511907,0.013161305526098732,0.022738616826576408,0.1169035990767508,0.5226602806109162,NOT_ROBUST,ctx_BB_Width_Z_bucket,,,,,,,,,,,,,,,,,,,,,,,Q4_HIGH,,,,,,,,,,,,,
DOWN,30,1,,4,0.5,1.2779106937553482,1.1309198797645605,3.745693075840168,1.903481074239764,3,0.0,-2.2199015027827693,-4.009612666101478,1.4099650474334424,4.226116787767864,0.5433604336043361,0.5521601685985248,0.29064199025315085,0.27913311980511907,-0.04336043360433606,-0.5521601685985248,0.9872687035021973,-2.4990346225878883,NOT_ROBUST,ctx_BB_Width_Z_bucket,,,,,,,,,,,,,,,,,,,,,,,UNKNOWN,,,,,,,,,,,,,
UP,30,1,,559,0.5026833631484794,-0.16525033763034644,-0.14688017669765022,3.681242153786189,3.6594074870683664,240,0.5083333333333333,0.36385452057850454,0.15724510043207202,3.7258323645293943,3.2946811664866216,0.5105808194506979,0.49159663865546216,0.03322131917105112,-0.06515374093385339,-0.007897456302218497,0.016736694677871145,-0.19847165680139756,0.42900826151235794,NOT_ROBUST,ctx_BB_Width_Z_bucket,,,,,,,,,,,,,,,,,,,,,,,Q1_LOW,,,,,,,,,,,,,
UP,30,1,,536,0.5298507462686567,0.06969021911852645,0.05744613724582831,3.2148637560252036,3.0479670510485772,230,0.5173913043478261,0.2146512140522218,0.03691173949960068,3.196637365117531,3.029752701608716,0.5105808194506979,0.49159663865546216,0.03322131917105112,-0.06515374093385339,0.019269926817958805,0.02579466569236394,0.03646889994747533,0.27980495498607516,NOT_ROBUST,ctx_BB_Width_Z_bucket,,,,,,,,,,,,,,,,,,,,,,,Q2,,,,,,,,,,,,,
UP,30,1,,525,0.52,0.20068456865076303,0.16274768824291516,3.258822528457374,2.898031239703164,225,0.4444444444444444,-0.6719318901964221,-0.7383115444272572,2.875034352050161,3.5650546011224677,0.5105808194506979,0.49159663865546216,0.03322131917105112,-0.06515374093385339,0.00941918054930213,-0.04715219421101774,0.16746324947971192,-0.6067781492625687,NOT_ROBUST,ctx_BB_Width_Z_bucket,,,,,,,,,,,,,,,,,,,,,,,Q3,,,,,,,,,,,,,
UP,30,1,,595,0.48739495798319327,-0.008014453971245523,0.13118440779609158,2.8155727925254883,2.938365461705571,256,0.5,-0.07991967551956336,-0.15754988374457451,2.7331102591787055,2.666309400159642,0.5105808194506979,0.49159663865546216,0.03322131917105112,-0.06515374093385339,-0.02318586146750462,0.00840336134453784,-0.041235773142296636,-0.014765934585709975,NOT_ROBUST,ctx_BB_Width_Z_bucket,,,,,,,,,,,,,,,,,,,,,,,Q4_HIGH,,,,,,,,,,,,,
UP,30,1,,4,0.5,-1.7277694212456325,-1.2615234347517426,1.6909608893795076,4.253178827144442,3,1.0,2.6828990367612273,1.739530602853409,3.675576162154566,0.7207815665032863,0.5105808194506979,0.49159663865546216,0.03322131917105112,-0.06515374093385339,-0.010580819450697887,0.5084033613445378,-1.7609907404166836,2.7480527776950807,NOT_ROBUST,ctx_BB_Width_Z_bucket,,,,,,,,,,,,,,,,,,,,,,,UNKNOWN,,,,,,,,,,,,,
DOWN,30,1,,553,0.5551537070524413,0.4625925738451479,0.35139442231081275,3.8706153448009197,3.0598477053200517,238,0.5042016806722689,-0.03130512141144346,-0.15219817412617,3.302615865476511,3.148435793849198,0.5433604336043361,0.5521601685985248,0.29064199025315085,0.27913311980511907,0.011793273448105213,-0.0479584879262559,0.17195058359199705,-0.31043824121656255,NOT_ROBUST,ctx_ADX_bucket,,,,,,,,,,,,,,,,,,,,,,,,Q1_LOW,,,,,,,,,,,,
DOWN,30,1,,564,0.5372340425531915,0.05136813500940824,0.14827696127411055,3.4366717968864555,3.0212817691148435,242,0.5785123966942148,0.3144725293955614,1.1606304496914075,3.5382672831082367,3.1289618106886885,0.5433604336043361,0.5521601685985248,0.29064199025315085,0.27913311980511907,-0.006126391051144542,0.026352228095690045,-0.23927385524374262,0.03533940959044235,NOT_ROBUST,ctx_ADX_bucket,,,,,,,,,,,,,,,,,,,,,,,,Q2,,,,,,,,,,,,
DOWN,30,1,,534,0.5617977528089888,0.5856741000642941,0.33853666613827216,3.6085021747560897,2.676950930020933,230,0.5260869565217391,0.3691088611534753,0.11217140387483282,3.3977211598216943,2.6406201569806074,0.5433604336043361,0.5521601685985248,0.29064199025315085,0.27913311980511907,0.018437319204652747,-0.0260732120767857,0.29503210981114325,0.08997574134835623,NOT_ROBUST,ctx_ADX_bucket,,,,,,,,,,,,,,,,,,,,,,,,Q3,,,,,,,,,,,,
DOWN,30,1,,561,0.5258467023172906,0.1049921244462641,0.05141388174825985,3.1283026839840304,2.6500863109815342,241,0.5850622406639004,0.40828237801689693,0.710287539936156,3.1402922012156442,2.534520911575141,0.5433604336043361,0.5521601685985248,0.29064199025315085,0.27913311980511907,-0.017513731287045475,0.032902072065375654,-0.18564986580688675,0.12914925821177786,NOT_ROBUST,ctx_ADX_bucket,,,,,,,,,,,,,,,,,,,,,,,,Q4_HIGH,,,,,,,,,,,,
UP,30,1,,533,0.47842401500938087,-0.014012283102365929,-0.3073727933540159,3.4445900667538925,3.4601926355813886,229,0.519650655021834,0.24772022200965163,-0.02383654937550846,3.663500459839216,3.177384943616338,0.5105808194506979,0.49159663865546216,0.03322131917105112,-0.06515374093385339,-0.03215680444131702,0.028054016366371892,-0.047233602273417045,0.312873962943505,NOT_ROBUST,ctx_ADX_bucket,,,,,,,,,,,,,,,,,,,,,,,,Q1_LOW,,,,,,,,,,,,
UP,30,1,,553,0.5280289330922242,-0.04369842868841202,-0.008301215535312564,3.329860290874559,3.1133375567066492,237,0.45147679324894513,-0.5444929405665176,-0.664824120603112,2.9492316673721812,3.651217729846624,0.5105808194506979,0.49159663865546216,0.03322131917105112,-0.06515374093385339,0.01744811364152632,-0.04011984540651703,-0.07691974785946314,-0.47933919963266425,NOT_ROBUST,ctx_ADX_bucket,,,,,,,,,,,,,,,,,,,,,,,,Q2,,,,,,,,,,,,
UP,30,1,,571,0.5131348511383538,-0.036394519196185186,0.07689822294025954,3.245233514510855,3.0976332386130108,245,0.5306122448979592,0.03454657366549506,0.10490076954229365,3.0704895049874397,2.8939604654558138,0.5105808194506979,0.49159663865546216,0.03322131917105112,-0.06515374093385339,0.002554031687655889,0.03901560624249706,-0.06961583836723631,0.09970031459934844,NOT_ROBUST,ctx_ADX_bucket,,,,,,,,,,,,,,,,,,,,,,,,Q3,,,,,,,,,,,,
UP,30,1,,563,0.522202486678508,0.18771123532516462,0.3791695708454062,2.8787334252499233,2.847387919716048,242,0.4628099173553719,0.09233387176483972,-0.05870831883832711,2.9735162166558187,2.8958708200423477,0.5105808194506979,0.49159663865546216,0.03322131917105112,-0.06515374093385339,0.011621667227810106,-0.028786721300090246,0.1544899161541135,0.1574876126986931,NOT_ROBUST,ctx_ADX_bucket,,,,,,,,,,,,,,,,,,,,,,,,Q4_HIGH,,,,,,,,,,,,
DOWN,30,1,,611,0.5728314238952537,0.64214077150151,0.3853211009175231,3.8764263531071586,2.5860314297286924,262,0.6030534351145038,0.6047166160698628,0.5482572403711428,3.6771232025546663,2.4856235740635464,0.5433604336043361,0.5521601685985248,0.29064199025315085,0.27913311980511907,0.029470990290917598,0.05089326651597903,0.3514987812483592,0.32558349626474375,NOT_ROBUST,ctx_RSI_bucket,,,,,,,,,,,,,,,,,,,,,,,,,Q1_LOW,,,,,,,,,,,
DOWN,30,1,,574,0.5400696864111498,0.17818768332551552,0.23868539592224697,3.5984223030924567,3.028778331188772,247,0.5465587044534413,0.13146619851281474,0.43405149763473566,3.3094308278497655,2.9867563331529365,0.5433604336043361,0.5521601685985248,0.29064199025315085,0.27913311980511907,-0.0032907471931862275,-0.005601464145083446,-0.11245430692763533,-0.14766692129230433,NOT_ROBUST,ctx_RSI_bucket,,,,,,,,,,,,,,,,,,,,,,,,,Q2,,,,,,,,,,,
DOWN,30,1,,569,0.5219683655536028,0.20018018374996707,0.2182088075210666,3.4630073620707895,2.955801699769886,244,0.5122950819672131,0.04163907073834791,0.18011566526936118,3.066411343471599,2.875879210016877,0.5433604336043361,0.5521601685985248,0.29064199025315085,0.27913311980511907,-0.021392068050733237,-0.03986508663131172,-0.09046180650318378,-0.23749404906677116,NOT_ROBUST,ctx_RSI_bucket,,,,,,,,,,,,,,,,,,,,,,,,,Q3,,,,,,,,,,,
DOWN,30,1,,458,0.5393013100436681,0.10679402768807975,0.18292560126320342,2.9726421658180806,2.862342983490409,197,0.5279187817258884,0.2205453855734098,0.571738344777735,3.236383753366277,3.2147232632505944,0.5433604336043361,0.5521601685985248,0.29064199025315085,0.27913311980511907,-0.004059123560667954,-0.02424138687263644,-0.1838479625650711,-0.058587734231709265,NOT_ROBUST,ctx_RSI_bucket,,,,,,,,,,,,,,,,,,,,,,,,,Q4_HIGH,,,,,,,,,,,
DOWN,30,1,,0,,,,,,1,1.0,6.421487603305786,6.421487603305786,8.700826446280866,1.622148760330629,0.5433604336043361,0.5521601685985248,0.29064199025315085,0.27913311980511907,,0.4478398314014752,,6.142354483500666,NOT_ROBUST,ctx_RSI_bucket,,,,,,,,,,,,,,,,,,,,,,,,,UNKNOWN,,,,,,,,,,,
UP,30,1,,454,0.4933920704845815,-0.20620408181431507,0.19656120945043193,2.7572982944826117,3.3423699233437096,196,0.46938775510204084,-0.2464053403715852,-0.12365817902844409,2.7880127779252857,3.349659340842168,0.5105808194506979,0.49159663865546216,0.03322131917105112,-0.06515374093385339,-0.017188748966116385,-0.02220888355342132,-0.2394254009853662,-0.18125159943773184,NOT_ROBUST,ctx_RSI_bucket,,,,,,,,,,,,,,,,,,,,,,,,,Q1_LOW,,,,,,,,,,,
UP,30,1,,586,0.5051194539249146,-0.23402223230243538,-0.07903080946101226,3.1609038360489565,3.317982975962676,252,0.48412698412698413,-0.18819993769327112,-0.13708056256008788,2.9770977733832087,3.224578180160638,0.5105808194506979,0.49159663865546216,0.03322131917105112,-0.06515374093385339,-0.005461365525783246,-0.007469654528478031,-0.2672435514734865,-0.12304619675941773,NOT_ROBUST,ctx_RSI_bucket,,,,,,,,,,,,,,,,,,,,,,,,,Q2,,,,,,,,,,,
UP,30,1,,576,0.5069444444444444,0.19564037666139958,0.05041284245182281,3.400051886420566,3.0731635466620135,248,0.4475806451612903,-0.4364637813009274,-0.38020298833512056,2.7450795457116612,3.267289718112722,0.5105808194506979,0.49159663865546216,0.03322131917105112,-0.06515374093385339,-0.003636375006253467,-0.044015993494171846,0.16241905749034846,-0.371310040367074,NOT_ROBUST,ctx_RSI_bucket,,,,,,,,,,,,,,,,,,,,,,,,,Q3,,,,,,,,,,,
UP,30,1,,602,0.5332225913621262,0.32578506962118414,0.1491585775915509,3.520053456031639,2.835465340739389,258,0.5581395348837209,0.5605318487788039,0.062291510654438026,3.8770039392247604,2.761481895537182,0.5105808194506979,0.49159663865546216,0.03322131917105112,-0.06515374093385339,0.022641771911428354,0.06654289622825876,0.29256375045013305,0.6256855897126573,NOT_ROBUST,ctx_RSI_bucket,,,,,,,,,,,,,,,,,,,,,,,,,Q4_HIGH,,,,,,,,,,,
UP,30,1,,0,,,,,,1,0.0,-6.951967296883097,-6.951967296883097,1.5738375063873138,9.823709759836584,0.5105808194506979,0.49159663865546216,0.03322131917105112,-0.06515374093385339,,-0.49159663865546216,,-6.886813555949243,NOT_ROBUST,ctx_RSI_bucket,,,,,,,,,,,,,,,,,,,,,,,,,UNKNOWN,,,,,,,,,,,
DOWN,30,1,,537,0.4972067039106145,0.21081771986743075,0.05141388174825985,3.179462699055965,3.0535453181630183,231,0.48484848484848486,0.17854647459686962,0.25198827961452613,3.0659796716996635,3.0354991790798285,0.5433604336043361,0.5521601685985248,0.29064199025315085,0.27913311980511907,-0.04615372969372156,-0.06731168375003993,-0.0798242703857201,-0.10058664520824945,NOT_ROBUST,ctx_range_atr_bucket,,,,,,,,,,,,,,,,,,,,,,,,,,Q1_LOW,,,,,,,,,,
DOWN,30,1,,529,0.4896030245746692,0.0306872325508502,-0.055118110236243696,3.2258403065007712,3.066593275989724,228,0.5394736842105263,-0.5003675349590342,0.31047889900938086,3.0166275852040374,3.483399356360468,0.5433604336043361,0.5521601685985248,0.29064199025315085,0.27913311980511907,-0.05375740902966686,-0.012686484387998465,-0.25995475770230064,-0.7795006547641532,NOT_ROBUST,ctx_range_atr_bucket,,,,,,,,,,,,,,,,,,,,,,,,,,Q2,,,,,,,,,,
DOWN,30,1,,572,0.5559440559440559,-0.07450499968610912,0.20625972971881323,3.398499552733479,3.0152800587451503,246,0.5691056910569106,0.5523157393222797,0.4097056403541104,3.3681221314870338,2.7125025323154297,0.5433604336043361,0.5521601685985248,0.29064199025315085,0.27913311980511907,0.01258362233971988,0.016945522458385764,-0.36514698993926,0.27318261951716066,NOT_ROBUST,ctx_range_atr_bucket,,,,,,,,,,,,,,,,,,,,,,,,,,Q3,,,,,,,,,,
DOWN,30,1,,573,0.6230366492146597,0.9537478471035508,0.7684816290394766,4.161056332259071,2.3150117145534423,246,0.6097560975609756,0.8357877309741468,1.0475833589157868,3.926265908292816,2.274190441510134,0.5433604336043361,0.5521601685985248,0.29064199025315085,0.27913311980511907,0.07967621561032368,0.057595928962450804,0.6631058568503999,0.5566546111690278,ROBUST_POSITIVE,ctx_range_atr_bucket,,,,,,,,,,,,,,,,,,,,,,,,,,Q4_HIGH,,,,,,,,,,
DOWN,30,1,,0,,,,,,1,1.0,6.421487603305786,6.421487603305786,8.700826446280866,1.622148760330629,0.5433604336043361,0.5521601685985248,0.29064199025315085,0.27913311980511907,,0.4478398314014752,,6.142354483500666,NOT_ROBUST,ctx_range_atr_bucket,,,,,,,,,,,,,,,,,,,,,,,,,,UNKNOWN,,,,,,,,,,
UP,30,1,,523,0.4435946462715105,-0.5918301683527531,-0.3279452054794509,2.893298534388573,3.727881412034783,225,0.4577777777777778,-0.049712032466030176,-0.23534235342347387,2.9340910784344154,3.1838637592432404,0.5105808194506979,0.49159663865546216,0.03322131917105112,-0.06515374093385339,-0.06698617317918737,-0.033818860877684376,-0.6250514875238042,0.01544170846782321,NOT_ROBUST,ctx_range_atr_bucket,,,,,,,,,,,,,,,,,,,,,,,,,,Q1_LOW,,,,,,,,,,
UP,30,1,,525,0.4895238095238095,0.09006784279902211,0.05172413793111881,3.075969710931487,3.193532127297951,226,0.40707964601769914,-0.6763257557196052,-0.5052451513869203,2.553569964346304,3.575992740732243,0.5105808194506979,0.49159663865546216,0.03322131917105112,-0.06515374093385339,-0.02105700992688836,-0.08451699263776302,0.05684652362797099,-0.6111720147857518,NOT_ROBUST,ctx_range_atr_bucket,,,,,,,,,,,,,,,,,,,,,,,,,,Q2,,,,,,,,,,
UP,30,1,,569,0.5114235500878734,-0.08013178447890978,-0.010823347506754793,3.122751282311873,3.12008562377179,244,0.48360655737704916,-0.22767995566958016,-0.02012885129383555,2.9700772409643803,3.1344831138024647,0.5105808194506979,0.49159663865546216,0.03322131917105112,-0.06515374093385339,0.0008427306371755483,-0.007990081278412997,-0.1133531036499609,-0.16252621473572676,NOT_ROBUST,ctx_range_atr_bucket,,,,,,,,,,,,,,,,,,,,,,,,,,Q3,,,,,,,,,,
UP,30,1,,602,0.6013289036544851,0.7605382061352022,0.6387411091056778,3.81407876718249,2.4528552586694374,258,0.5697674418604651,0.3422148796191298,0.12228772589958972,3.861840105281418,2.957953110414398,0.5105808194506979,0.49159663865546216,0.03322131917105112,-0.06515374093385339,0.09074808420378722,0.07817080320500297,0.7273168869641511,0.4073686205529832,ROBUST_POSITIVE,ctx_range_atr_bucket,,,,,,,,,,,,,,,,,,,,,,,,,,Q4_HIGH,,,,,,,,,,
UP,30,1,,0,,,,,,1,0.0,-6.951967296883097,-6.951967296883097,1.5738375063873138,9.823709759836584,0.5105808194506979,0.49159663865546216,0.03322131917105112,-0.06515374093385339,,-0.49159663865546216,,-6.886813555949243,NOT_ROBUST,ctx_range_atr_bucket,,,,,,,,,,,,,,,,,,,,,,,,,,UNKNOWN,,,,,,,,,,
DOWN,30,1,,550,0.47454545454545455,0.025102974897002715,-0.18663611708639627,3.14441026632408,3.1755141602520447,237,0.510548523206751,0.22962347833938765,0.5069499778663232,3.205090405035086,3.0421735144065747,0.5433604336043361,0.5521601685985248,0.29064199025315085,0.27913311980511907,-0.06881497905888151,-0.041611645391773755,-0.26553901535614816,-0.04950964146573142,NOT_ROBUST,ctx_body_atr_bucket,,,,,,,,,,,,,,,,,,,,,,,,,,,Q1_LOW,,,,,,,,,
DOWN,30,1,,530,0.48867924528301887,-0.09394265892174859,-0.10269383960612047,3.1657261403602,3.088630642303571,228,0.5,0.1150549701830828,0.05141716932688097,3.0353832396765066,3.0159960770800125,0.5433604336043361,0.5521601685985248,0.29064199025315085,0.27913311980511907,-0.05468118832131719,-0.05216016859852479,-0.38458464917489943,-0.16407814962203626,NOT_ROBUST,ctx_body_atr_bucket,,,,,,,,,,,,,,,,,,,,,,,,,,,Q2,,,,,,,,,
DOWN,30,1,,550,0.5472727272727272,0.3489297521912094,0.25868389609239106,3.4743522357943477,2.9059231613372325,237,0.5358649789029536,-0.34758144773746597,-0.04721753794261915,3.0257927343966764,3.231209861284355,0.5433604336043361,0.5521601685985248,0.29064199025315085,0.27913311980511907,0.003912293668391187,-0.0162951896955712,0.05828776193805857,-0.626714567542585,NOT_ROBUST,ctx_body_atr_bucket,,,,,,,,,,,,,,,,,,,,,,,,,,,Q3,,,,,,,,,
DOWN,30,1,,581,0.6609294320137694,0.8430980719227711,1.0181460120973147,4.180739417971857,2.276139408323333,249,0.6385542168674698,1.0357925485972286,1.1264367816092031,4.08260783279391,2.235842132242266,0.5433604336043361,0.5521601685985248,0.29064199025315085,0.27913311980511907,0.11756899840943336,0.08639404826894503,0.5524560816696202,0.7566594287921096,ROBUST_POSITIVE,ctx_body_atr_bucket,,,,,,,,,,,,,,,,,,,,,,,,,,,Q4_HIGH,,,,,,,,,
DOWN,30,1,,0,,,,,,1,1.0,6.421487603305786,6.421487603305786,8.700826446280866,1.622148760330629,0.5433604336043361,0.5521601685985248,0.29064199025315085,0.27913311980511907,,0.4478398314014752,,6.142354483500666,NOT_ROBUST,ctx_body_atr_bucket,,,,,,,,,,,,,,,,,,,,,,,,,,,UNKNOWN,,,,,,,,,
UP,30,1,,509,0.47347740667976423,-0.3385599192851412,-0.20531113753460173,2.879773325891863,3.480310487088613,219,0.45662100456621,-0.2552129938297281,-0.18348623853224788,2.761606665973942,3.185600766118709,0.5105808194506979,0.49159663865546216,0.03322131917105112,-0.06515374093385339,-0.03710341277093365,-0.03497563408925214,-0.37178123845619226,-0.19005925289587472,ROBUST_NEGATIVE,ctx_body_atr_bucket,,,,,,,,,,,,,,,,,,,,,,,,,,,Q1_LOW,,,,,,,,,
UP,30,1,,521,0.4491362763915547,-0.22174376858111303,-0.31087289433382775,3.016373175131516,3.494172526250851,224,0.4375,-0.33612232363453476,-0.7652879187853364,2.8352784302221514,3.421649618547509,0.5105808194506979,0.49159663865546216,0.03322131917105112,-0.06515374093385339,-0.06144454305914321,-0.05409663865546216,-0.25496508775216414,-0.27096858270068136,ROBUST_NEGATIVE,ctx_body_atr_bucket,,,,,,,,,,,,,,,,,,,,,,,,,,,Q2,,,,,,,,,
UP,30,1,,544,0.4797794117647059,-0.28771763853976084,0.039617235890261004,2.9298468281003984,3.27206476421795,234,0.49572649572649574,-0.16076866187317249,0.11751887792200746,3.0488291481015226,3.209108536813863,0.5105808194506979,0.49159663865546216,0.03322131917105112,-0.06515374093385339,-0.03080140768599199,0.0041298570710335825,-0.32093895771081193,-0.0956149209393191,NOT_ROBUST,ctx_body_atr_bucket,,,,,,,,,,,,,,,,,,,,,,,,,,,Q3,,,,,,,,,
UP,30,1,,644,0.6149068322981367,0.8360357228614143,0.7044551864913117,3.8987639160707697,2.3761067963933806,277,0.5631768953068592,0.33747278345741416,0.1862602805999478,3.841281932559601,2.9370325118950027,0.5105808194506979,0.49159663865546216,0.03322131917105112,-0.06515374093385339,0.10432601284743881,0.07158025665139706,0.8028144036903632,0.40262652439126756,ROBUST_POSITIVE,ctx_body_atr_bucket,,,,,,,,,,,,,,,,,,,,,,,,,,,Q4_HIGH,,,,,,,,,
UP,30,1,,0,,,,,,1,0.0,-6.951967296883097,-6.951967296883097,1.5738375063873138,9.823709759836584,0.5105808194506979,0.49159663865546216,0.03322131917105112,-0.06515374093385339,,-0.49159663865546216,,-6.886813555949243,NOT_ROBUST,ctx_body_atr_bucket,,,,,,,,,,,,,,,,,,,,,,,,,,,UNKNOWN,,,,,,,,,
DOWN,30,1,,583,0.5591766723842195,0.5123707644237817,0.38360898543558825,3.692657287861714,2.8588235308699597,250,0.56,0.24419745786370192,0.31338438819423453,3.4702723167868252,2.9978118216673457,0.5433604336043361,0.5521601685985248,0.29064199025315085,0.27913311980511907,0.015816238779883474,0.007839831401475261,0.22172877417063086,-0.034935661941417145,NOT_ROBUST,ctx_spread_z_bucket,,,,,,,,,,,,,,,,,,,,,,,,,,,,Q1_LOW,,,,,,,,
DOWN,30,1,,480,0.5125,-0.1770238395881193,-0.09337917252435851,3.145372769260567,2.980172399150905,206,0.5533980582524272,0.5331065096736858,0.6289179758263761,3.1525295896681738,2.4823242485372545,0.5433604336043361,0.5521601685985248,0.29064199025315085,0.27913311980511907,-0.0308604336043361,0.0012378896539023687,-0.46766582984127014,0.2539733898685667,NOT_ROBUST,ctx_spread_z_bucket,,,,,,,,,,,,,,,,,,,,,,,,,,,,Q2,,,,,,,,
DOWN,30,1,,581,0.5576592082616179,0.40000258076932316,0.542053034000356,3.4679965976600866,2.817145846787052,249,0.5461847389558233,0.36617199851686916,0.6198910081741045,3.4087827862699465,2.8920940055154443,0.5433604336043361,0.5521601685985248,0.29064199025315085,0.27913311980511907,0.014298774657281799,-0.00597542964270148,0.1093605905161723,0.08703887871175009,NOT_ROBUST,ctx_spread_z_bucket,,,,,,,,,,,,,,,,,,,,,,,,,,,,Q3,,,,,,,,
DOWN,30,1,,564,0.5336879432624113,0.23210895327701184,0.1617508726712022,3.616603191793506,2.912022481089384,243,0.5679012345679012,0.2914772182200696,0.7586461993712267,3.452525039199581,2.713715431177241,0.5433604336043361,0.5521601685985248,0.29064199025315085,0.27913311980511907,-0.009672490341924744,0.01574106596937641,-0.05853303697613901,0.012344098414950544,NOT_ROBUST,ctx_spread_z_bucket,,,,,,,,,,,,,,,,,,,,,,,,,,,,Q4_HIGH,,,,,,,,
DOWN,30,1,,4,0.5,1.2779106937553482,1.1309198797645605,3.745693075840168,1.903481074239764,3,0.0,-2.2199015027827693,-4.009612666101478,1.4099650474334424,4.226116787767864,0.5433604336043361,0.5521601685985248,0.29064199025315085,0.27913311980511907,-0.04336043360433606,-0.5521601685985248,0.9872687035021973,-2.4990346225878883,NOT_ROBUST,ctx_spread_z_bucket,,,,,,,,,,,,,,,,,,,,,,,,,,,,UNKNOWN,,,,,,,,
UP,30,1,,533,0.5065666041275797,0.06369415448397732,-0.09406952965217688,3.320312979041156,3.0740370614599843,229,0.4847161572052402,-0.3496753084853296,-0.26193993106841457,3.0599697561801835,3.322364543779882,0.5105808194506979,0.49159663865546216,0.03322131917105112,-0.06515374093385339,-0.0040142153231181865,-0.006880481450221965,0.030472835312926203,-0.2845215675514762,NOT_ROBUST,ctx_spread_z_bucket,,,,,,,,,,,,,,,,,,,,,,,,,,,,Q1_LOW,,,,,,,,
UP,30,1,,505,0.5623762376237624,0.30766613636322904,0.25057365764134104,3.404838867992617,2.8878820138000107,217,0.42857142857142855,-0.48242973344572826,-0.1775011526049416,2.7109961160681744,3.249788594097724,0.5105808194506979,0.49159663865546216,0.03322131917105112,-0.06515374093385339,0.051795418173064545,-0.06302521008403361,0.27444481719217795,-0.41727599251187486,NOT_ROBUST,ctx_spread_z_bucket,,,,,,,,,,,,,,,,,,,,,,,,,,,,Q2,,,,,,,,
UP,30,1,,596,0.5016778523489933,-0.16053344485051116,0.13407650300907525,2.9655522928417635,3.247136801612726,256,0.515625,0.3167976223543174,-0.103239897261593,3.3829683858536193,2.947967675916772,0.5105808194506979,0.49159663865546216,0.03322131917105112,-0.06515374093385339,-0.008902967101704573,0.02402836134453784,-0.19375476402156228,0.3819513632881708,NOT_ROBUST,ctx_spread_z_bucket,,,,,,,,,,,,,,,,,,,,,,,,,,,,Q3,,,,,,,,
UP,30,1,,581,0.4853700516351119,0.06790011084370033,-0.07148468185395347,3.3728813775578077,3.2217451719754635,249,0.5060240963855421,-0.0755387104816974,-0.027722772277204006,3.099483783226225,3.1996670213929637,0.5105808194506979,0.49159663865546216,0.03322131917105112,-0.06515374093385339,-0.02521076781558601,0.014427457730079973,0.034678791672649215,-0.010384969547844014,NOT_ROBUST,ctx_spread_z_bucket,,,,,,,,,,,,,,,,,,,,,,,,,,,,Q4_HIGH,,,,,,,,
UP,30,1,,4,0.5,-1.7277694212456325,-1.2615234347517426,1.6909608893795076,4.253178827144442,3,1.0,2.6828990367612273,1.739530602853409,3.675576162154566,0.7207815665032863,0.5105808194506979,0.49159663865546216,0.03322131917105112,-0.06515374093385339,-0.010580819450697887,0.5084033613445378,-1.7609907404166836,2.7480527776950807,NOT_ROBUST,ctx_spread_z_bucket,,,,,,,,,,,,,,,,,,,,,,,,,,,,UNKNOWN,,,,,,,,
DOWN,30,1,,464,0.5387931034482759,0.20292414244367588,0.01859582542698917,3.639948970278243,2.7946724834921883,200,0.57,0.22021383497150432,0.20486572833901912,3.2443334735665403,2.805273863299499,0.5433604336043361,0.5521601685985248,0.29064199025315085,0.27913311980511907,-0.004567330156060145,0.01783983140147516,-0.08771784780947497,-0.05891928483361475,NOT_ROBUST,ctx_ema20_slope_5_bucket,,,,,,,,,,,,,,,,,,,,,,,,,,,,,Q1_LOW,,,,,,,
DOWN,30,1,,512,0.57421875,0.6500867015112921,0.5789287377911225,3.701870007145244,2.6876070399595564,220,0.5545454545454546,0.3739509604491997,0.4700983194955096,3.6220141208369374,2.9166250725861294,0.5433604336043361,0.5521601685985248,0.29064199025315085,0.27913311980511907,0.030858316395663943,0.0023852859469297716,0.35944471125814126,0.09481784064408061,NOT_ROBUST,ctx_ema20_slope_5_bucket,,,,,,,,,,,,,,,,,,,,,,,,,,,,,Q2,,,,,,,
DOWN,30,1,,562,0.5142348754448398,0.10914883723708577,-0.08940886971865529,3.79079780820179,3.3466647613775953,242,0.5413223140495868,0.1809233933503461,0.2889174042618596,3.3007131948166997,2.8050727751292084,0.5433604336043361,0.5521601685985248,0.29064199025315085,0.27913311980511907,-0.029125558159496245,-0.010837854548938042,-0.18149315301606508,-0.09820972645477297,NOT_ROBUST,ctx_ema20_slope_5_bucket,,,,,,,,,,,,,,,,,,,,,,,,,,,,,Q3,,,,,,,
DOWN,30,1,,673,0.5527488855869243,0.24185618054041158,0.31853324497452146,3.036546244966458,2.5926988186223356,289,0.532871972318339,0.2794107983727796,0.710287539936156,3.2170232320850065,2.9596220838593186,0.5433604336043361,0.5521601685985248,0.29064199025315085,0.27913311980511907,0.009388451982588197,-0.019288196280185743,-0.04878580971273927,0.0002776785676605331,NOT_ROBUST,ctx_ema20_slope_5_bucket,,,,,,,,,,,,,,,,,,,,,,,,,,,,,Q4_HIGH,,,,,,,
DOWN,30,1,,0,,,,,,1,1.0,6.421487603305786,6.421487603305786,8.700826446280866,1.622148760330629,0.5433604336043361,0.5521601685985248,0.29064199025315085,0.27913311980511907,,0.4478398314014752,,6.142354483500666,NOT_ROBUST,ctx_ema20_slope_5_bucket,,,,,,,,,,,,,,,,,,,,,,,,,,,,,UNKNOWN,,,,,,,
UP,30,1,,683,0.5241581259150805,0.06740341248093917,0.3475524475524499,2.8820611856663496,2.94092673398757,293,0.48464163822525597,-0.24215933702259854,-0.1714079942380045,2.8600530778951487,3.191947664330727,0.5105808194506979,0.49159663865546216,0.03322131917105112,-0.06515374093385339,0.0135773064643826,-0.006955000430206193,0.034182093309888056,-0.17700559608874517,NOT_ROBUST,ctx_ema20_slope_5_bucket,,,,,,,,,,,,,,,,,,,,,,,,,,,,,Q1_LOW,,,,,,,
UP,30,1,,583,0.49914236706689535,-0.25620926994448306,-0.2890514393581809,3.418167080185529,3.5102168862095424,250,0.48,-0.13204356182786944,-0.11479634874398045,3.025451381364365,3.3349646505965316,0.5105808194506979,0.49159663865546216,0.03322131917105112,-0.06515374093385339,-0.011438452383802533,-0.011596638655462177,-0.2894305891155342,-0.06688982089401606,NOT_ROBUST,ctx_ema20_slope_5_bucket,,,,,,,,,,,,,,,,,,,,,,,,,,,,,Q2,,,,,,,
UP,30,1,,489,0.49693251533742333,-0.011011827154036485,-0.059134107708499854,3.3779335709045286,3.3671820313083347,210,0.47619047619047616,0.14642428908119878,-0.2228248637075878,3.603735594574064,3.268186899413059,0.5105808194506979,0.49159663865546216,0.03322131917105112,-0.06515374093385339,-0.013648304113274556,-0.015406162464985995,-0.044233146325087604,0.21157803001505215,NOT_ROBUST,ctx_ema20_slope_5_bucket,,,,,,,,,,,,,,,,,,,,,,,,,,,,,Q3,,,,,,,
UP,30,1,,464,0.5193965517241379,0.4010275143341461,0.1952343465480953,3.385096088461383,2.6662689745894275,200,0.535,0.07283060892364217,-0.059185209803965314,3.122274284749463,2.6831605989648826,0.5105808194506979,0.49159663865546216,0.03322131917105112,-0.06515374093385339,0.008815732273440013,0.04340336134453787,0.367806195163095,0.13798434985749555,NOT_ROBUST,ctx_ema20_slope_5_bucket,,,,,,,,,,,,,,,,,,,,,,,,,,,,,Q4_HIGH,,,,,,,
UP,30,1,,0,,,,,,1,0.0,-6.951967296883097,-6.951967296883097,1.5738375063873138,9.823709759836584,0.5105808194506979,0.49159663865546216,0.03322131917105112,-0.06515374093385339,,-0.49159663865546216,,-6.886813555949243,NOT_ROBUST,ctx_ema20_slope_5_bucket,,,,,,,,,,,,,,,,,,,,,,,,,,,,,UNKNOWN,,,,,,,
DOWN,30,1,,489,0.5173824130879345,0.0860176198037847,-0.08208134847921916,3.3874048869393345,2.7613988365333584,211,0.5734597156398105,0.3086650740551082,0.21107994389915785,3.3243229524226052,2.60849886858461,0.5433604336043361,0.5521601685985248,0.29064199025315085,0.27913311980511907,-0.025978020516401523,0.02129954704128567,-0.20462437044936616,0.029531954249989112,NOT_ROBUST,ctx_ema50_slope_5_bucket,,,,,,,,,,,,,,,,,,,,,,,,,,,,,,Q1_LOW,,,,,,
DOWN,30,1,,534,0.5599250936329588,0.27686806470066677,0.14827696127411055,3.761383091180031,3.0044959147116685,230,0.5695652173913044,0.39218283498150247,0.52697125290442,3.5703551396754225,2.933859118532891,0.5433604336043361,0.5521601685985248,0.29064199025315085,0.27913311980511907,0.01656466002862278,0.0174050487927796,-0.013773925552484079,0.1130497151763834,NOT_ROBUST,ctx_ema50_slope_5_bucket,,,,,,,,,,,,,,,,,,,,,,,,,,,,,,Q2,,,,,,
DOWN,30,1,,569,0.5500878734622144,0.7019472882481183,0.6065380070893474,3.944443887788364,2.98587952557441,245,0.5142857142857142,0.18037556181758593,0.2943327239494766,3.3436405030333254,3.001177409727375,0.5433604336043361,0.5521601685985248,0.29064199025315085,0.27913311980511907,0.006727439857878381,-0.03787445431281056,0.4113052979949674,-0.09875755798753313,NOT_ROBUST,ctx_ema50_slope_5_bucket,,,,,,,,,,,,,,,,,,,,,,,,,,,,,,Q3,,,,,,
DOWN,30,1,,618,0.5485436893203883,0.09037990282818098,0.2737031380698097,2.9776464742440276,2.6667154173729237,265,0.5433962264150943,0.22956056297418093,0.594358251057878,3.167046856197818,2.902373862882324,0.5433604336043361,0.5521601685985248,0.29064199025315085,0.27913311980511907,0.005183255716052271,-0.008763942183430462,-0.20026208742496987,-0.04957255683093814,NOT_ROBUST,ctx_ema50_slope_5_bucket,,,,,,,,,,,,,,,,,,,,,,,,,,,,,,Q4_HIGH,,,,,,
DOWN,30,1,,1,1.0,6.421487603305786,6.421487603305786,8.700826446280866,1.622148760330629,1,0.0,-3.571684587813514,-3.571684587813514,1.8530465949821076,4.046594982078846,0.5433604336043361,0.5521601685985248,0.29064199025315085,0.27913311980511907,0.45663956639566394,-0.5521601685985248,6.130845613052635,-3.850817707618633,NOT_ROBUST,ctx_ema50_slope_5_bucket,,,,,,,,,,,,,,,,,,,,,,,,,,,,,,UNKNOWN,,,,,,
UP,30,1,,656,0.5198170731707317,0.004302040307918581,0.3498702993939282,2.825960866963764,2.9520188836149845,282,0.4716312056737589,-0.18547168778113687,0.0010496166963898223,2.801435899899254,3.2118318952832516,0.5105808194506979,0.49159663865546216,0.03322131917105112,-0.06515374093385339,0.009236253720033782,-0.01996543298170328,-0.028919278863132537,-0.12031794684728349,NOT_ROBUST,ctx_ema50_slope_5_bucket,,,,,,,,,,,,,,,,,,,,,,,,,,,,,,Q1_LOW,,,,,,
UP,30,1,,552,0.49094202898550726,-0.18336647972729225,-0.18764753046142724,3.4349216611868174,3.547636351653707,237,0.4810126582278481,-0.2347152568824419,-0.289256198346913,3.0316083616850964,3.164823386311649,0.5105808194506979,0.49159663865546216,0.03322131917105112,-0.06515374093385339,-0.019638790465190625,-0.010583980427614048,-0.21658779889834337,-0.16956151594858854,NOT_ROBUST,ctx_ema50_slope_5_bucket,,,,,,,,,,,,,,,,,,,,,,,,,,,,,,Q2,,,,,,
UP,30,1,,546,0.521978021978022,-0.08966002441278427,-0.03816392213793884,3.3774990811806127,3.3868479185696145,235,0.5148936170212766,0.41433202167843197,0.024423337856213957,3.866482887398188,3.293558023651457,0.5105808194506979,0.49159663865546216,0.03322131917105112,-0.06515374093385339,0.011397202527324124,0.023296978365814403,-0.12288134358383539,0.47948576261228537,NOT_ROBUST,ctx_ema50_slope_5_bucket,,,,,,,,,,,,,,,,,,,,,,,,,,,,,,Q3,,,,,,
UP,30,1,,464,0.5043103448275862,0.4495071667767143,0.10990368089225584,3.3093931096772318,2.6012702547024356,199,0.5125628140703518,-0.17342747548342508,-0.3609226594299283,3.0654601384091213,2.7535575206312073,0.5105808194506979,0.49159663865546216,0.03322131917105112,-0.06515374093385339,-0.006270474623111699,0.0209661754148896,0.41628584760566323,-0.10827373454957169,NOT_ROBUST,ctx_ema50_slope_5_bucket,,,,,,,,,,,,,,,,,,,,,,,,,,,,,,Q4_HIGH,,,,,,
UP,30,1,,1,0.0,-6.951967296883097,-6.951967296883097,1.5738375063873138,9.823709759836584,1,1.0,2.5639364814040513,2.5639364814040513,2.604889260342718,1.9715837860425554,0.5105808194506979,0.49159663865546216,0.03322131917105112,-0.06515374093385339,-0.5105808194506979,0.5084033613445378,-6.985188616054148,2.6290902223379047,NOT_ROBUST,ctx_ema50_slope_5_bucket,,,,,,,,,,,,,,,,,,,,,,,,,,,,,,UNKNOWN,,,,,,
DOWN,30,1,,623,0.5730337078651685,0.6579097643323502,0.42581011938625735,3.863976262393224,2.552675478891883,268,0.6007462686567164,0.514483119812682,0.32767383440779596,3.680506842790337,2.5215712315857552,0.5433604336043361,0.5521601685985248,0.29064199025315085,0.27913311980511907,0.02967327426083244,0.04858610005819164,0.3672677740791993,0.23535000000756295,NOT_ROBUST,ctx_dist_ema20_atr_bucket,,,,,,,,,,,,,,,,,,,,,,,,,,,,,,,Q1_LOW,,,,,
DOWN,30,1,,584,0.547945205479452,0.13362234801730394,0.22929422102849106,3.651462030056191,3.0361773775931775,251,0.5617529880478087,0.38044033725575427,0.8006932409013634,3.3350056901994463,2.830555409514242,0.5433604336043361,0.5521601685985248,0.29064199025315085,0.27913311980511907,0.004584771875115967,0.009592819449283918,-0.1570196422358469,0.1013072174506352,NOT_ROBUST,ctx_dist_ema20_atr_bucket,,,,,,,,,,,,,,,,,,,,,,,,,,,,,,,Q2,,,,,
DOWN,30,1,,579,0.5284974093264249,0.3614294433161136,0.33463172804541313,3.4636321908404595,2.9000214533872546,249,0.4859437751004016,-0.2074688341749736,-0.14261857047441337,2.9011242337007532,2.991799444637991,0.5433604336043361,0.5521601685985248,0.29064199025315085,0.27913311980511907,-0.014863024277911197,-0.0662163934981232,0.07078745306296275,-0.48660195398009265,NOT_ROBUST,ctx_dist_ema20_atr_bucket,,,,,,,,,,,,,,,,,,,,,,,,,,,,,,,Q3,,,,,
DOWN,30,1,,425,0.52,-0.08804977442382644,0.0662299854440159,2.8794044353259105,2.981577500587813,183,0.5409836065573771,0.3305203305450292,0.710287539936156,3.3758290088614937,3.2482491222904484,0.5433604336043361,0.5521601685985248,0.29064199025315085,0.27913311980511907,-0.02336043360433604,-0.011176562041147697,-0.3786917646769773,0.05138721073991015,NOT_ROBUST,ctx_dist_ema20_atr_bucket,,,,,,,,,,,,,,,,,,,,,,,,,,,,,,,Q4_HIGH,,,,,
DOWN,30,1,,0,,,,,,1,1.0,6.421487603305786,6.421487603305786,8.700826446280866,1.622148760330629,0.5433604336043361,0.5521601685985248,0.29064199025315085,0.27913311980511907,,0.4478398314014752,,6.142354483500666,NOT_ROBUST,ctx_dist_ema20_atr_bucket,,,,,,,,,,,,,,,,,,,,,,,,,,,,,,,UNKNOWN,,,,,
UP,30,1,,420,0.5023809523809524,-0.2175523279134276,0.09041721685049461,2.7917315550546187,3.356400653397813,180,0.46111111111111114,-0.25793490427811283,-0.18611783176074514,2.8564537597431263,3.4670540206755707,0.5105808194506979,0.49159663865546216,0.03322131917105112,-0.06515374093385339,-0.008199867069745514,-0.03048552754435102,-0.2507736470844787,-0.19278116334425943,NOT_ROBUST,ctx_dist_ema20_atr_bucket,,,,,,,,,,,,,,,,,,,,,,,,,,,,,,,Q1_LOW,,,,,
UP,30,1,,597,0.4824120603015075,-0.13384028270662218,-0.09406952965217688,3.0871495251458994,3.2865939018848733,256,0.50390625,-0.27930491752575914,-0.09488628073364772,3.0149409732771195,3.3518916059825523,0.5105808194506979,0.49159663865546216,0.03322131917105112,-0.06515374093385339,-0.02816875914919037,0.01230961134453784,-0.1670616018776733,-0.21415117659190575,NOT_ROBUST,ctx_dist_ema20_atr_bucket,,,,,,,,,,,,,,,,,,,,,,,,,,,,,,,Q2,,,,,
UP,30,1,,579,0.49222797927461137,-0.034047728355908274,0.04202719406676563,3.2080868947432055,3.159572060507127,249,0.44176706827309237,-0.4476388351570119,-0.5456128891791712,2.7880244306996023,3.254746340180282,0.5105808194506979,0.49159663865546216,0.03322131917105112,-0.06515374093385339,-0.018352840176086516,-0.04982957038236979,-0.06726904752695939,-0.3824850942231585,NOT_ROBUST,ctx_dist_ema20_atr_bucket,,,,,,,,,,,,,,,,,,,,,,,,,,,,,,,Q3,,,,,
UP,30,1,,623,0.5553772070626003,0.4534608657120411,0.21182646286851917,3.6579656761597366,2.751011119230495,268,0.5597014925373134,0.5842713033450452,0.15284413557258952,3.8327460099093718,2.6981366445376738,0.5105808194506979,0.49159663865546216,0.03322131917105112,-0.06515374093385339,0.04479638761190241,0.06810485388185122,0.42023954654098994,0.6494250442788986,ROBUST_POSITIVE,ctx_dist_ema20_atr_bucket,,,,,,,,,,,,,,,,,,,,,,,,,,,,,,,Q4_HIGH,,,,,
UP,30,1,,0,,,,,,1,0.0,-6.951967296883097,-6.951967296883097,1.5738375063873138,9.823709759836584,0.5105808194506979,0.49159663865546216,0.03322131917105112,-0.06515374093385339,,-0.49159663865546216,,-6.886813555949243,NOT_ROBUST,ctx_dist_ema20_atr_bucket,,,,,,,,,,,,,,,,,,,,,,,,,,,,,,,UNKNOWN,,,,,
DOWN,30,1,,591,0.5651438240270727,0.4658308496304939,0.14359528032697594,3.7902173930959915,2.6358818948521074,254,0.594488188976378,0.48207718195005805,0.2274830205258905,3.6317209563316353,2.6020747137818456,0.5433604336043361,0.5521601685985248,0.29064199025315085,0.27913311980511907,0.021783390422736693,0.042328020377853215,0.17518885937734308,0.20294406214493899,NOT_ROBUST,ctx_dist_ema50_atr_bucket,,,,,,,,,,,,,,,,,,,,,,,,,,,,,,,,Q1_LOW,,,,
DOWN,30,1,,567,0.5520282186948854,0.37854686781801306,0.3738489871086075,3.711659909266432,2.9417824999300874,243,0.5596707818930041,0.1289248247633659,0.4125736738704334,3.2651074816951566,2.814897853367693,0.5433604336043361,0.5521601685985248,0.29064199025315085,0.27913311980511907,0.00866778509054933,0.007510613294479329,0.0879048775648622,-0.15020829504175318,NOT_ROBUST,ctx_dist_ema50_atr_bucket,,,,,,,,,,,,,,,,,,,,,,,,,,,,,,,,Q2,,,,
DOWN,30,1,,562,0.5142348754448398,0.17730451122222202,0.25498077956425336,3.4561302474690714,3.0070466017299116,241,0.4979253112033195,0.1979994584739404,0.272093876054613,3.138706686528624,2.970860261570731,0.5433604336043361,0.5521601685985248,0.29064199025315085,0.27913311980511907,-0.029125558159496245,-0.05423485739520528,-0.11333747903092883,-0.08113366133117866,NOT_ROBUST,ctx_dist_ema50_atr_bucket,,,,,,,,,,,,,,,,,,,,,,,,,,,,,,,,Q3,,,,
DOWN,30,1,,492,0.540650406504065,0.07968273099337657,0.22553319528535798,2.974081205381611,2.8579963532098724,211,0.5545023696682464,0.35660446841205795,0.74089529590287,3.356575670366053,3.0734742801572663,0.5433604336043361,0.5521601685985248,0.29064199025315085,0.27913311980511907,-0.0027100271002710175,0.0023422010697216056,-0.21095925925977427,0.07747134860693888,NOT_ROBUST,ctx_dist_ema50_atr_bucket,,,,,,,,,,,,,,,,,,,,,,,,,,,,,,,,Q4_HIGH,,,,
DOWN,30,1,,1,1.0,6.421487603305786,6.421487603305786,8.700826446280866,1.622148760330629,1,0.0,-3.571684587813514,-3.571684587813514,1.8530465949821076,4.046594982078846,0.5433604336043361,0.5521601685985248,0.29064199025315085,0.27913311980511907,0.45663956639566394,-0.5521601685985248,6.130845613052635,-3.850817707618633,NOT_ROBUST,ctx_dist_ema50_atr_bucket,,,,,,,,,,,,,,,,,,,,,,,,,,,,,,,,UNKNOWN,,,,
UP,30,1,,503,0.4870775347912525,-0.18706037827597252,0.23104693140805654,2.776948347897895,3.306966386950823,217,0.4930875576036866,-0.32499191570931724,-0.06671961874497309,2.8003480307006434,3.3787853293496486,0.5105808194506979,0.49159663865546216,0.03322131917105112,-0.06515374093385339,-0.0235032846594454,0.0014909189482244511,-0.22028169744702364,-0.25983817477546384,NOT_ROBUST,ctx_dist_ema50_atr_bucket,,,,,,,,,,,,,,,,,,,,,,,,,,,,,,,,Q1_LOW,,,,
UP,30,1,,566,0.5212014134275619,-0.01916486580753581,0.013603015420907305,3.2953941053244953,3.1668319126384716,243,0.4567901234567901,-0.12213342488174062,-0.05670886075944209,2.9165807782935382,3.172395106552018,0.5105808194506979,0.49159663865546216,0.03322131917105112,-0.06515374093385339,0.01062059397686399,-0.03480651519867206,-0.05238618497858692,-0.05697968394788723,NOT_ROBUST,ctx_dist_ema50_atr_bucket,,,,,,,,,,,,,,,,,,,,,,,,,,,,,,,,Q2,,,,
UP,30,1,,552,0.49094202898550726,-0.14032307405374866,-0.23323800909841136,3.1923847853597884,3.2854270601046656,237,0.45569620253164556,-0.3251984080998997,-0.26193993106841457,2.9407105695200966,3.3834640514549323,0.5105808194506979,0.49159663865546216,0.03322131917105112,-0.06515374093385339,-0.019638790465190625,-0.035900436123816604,-0.17354439322479978,-0.2600446671660463,NOT_ROBUST,ctx_dist_ema50_atr_bucket,,,,,,,,,,,,,,,,,,,,,,,,,,,,,,,,Q3,,,,
UP,30,1,,597,0.5393634840871022,0.42419635186286403,0.15879017013218863,3.614401979172039,2.7805316803897653,256,0.5546875,0.4787957388110746,-0.02905162550994157,3.7553930313941413,2.7087434435887423,0.5105808194506979,0.49159663865546216,0.03322131917105112,-0.06515374093385339,0.02878266463640433,0.06309086134453784,0.3909750326918129,0.543949479744928,NOT_ROBUST,ctx_dist_ema50_atr_bucket,,,,,,,,,,,,,,,,,,,,,,,,,,,,,,,,Q4_HIGH,,,,
UP,30,1,,1,0.0,-6.951967296883097,-6.951967296883097,1.5738375063873138,9.823709759836584,1,1.0,2.5639364814040513,2.5639364814040513,2.604889260342718,1.9715837860425554,0.5105808194506979,0.49159663865546216,0.03322131917105112,-0.06515374093385339,-0.5105808194506979,0.5084033613445378,-6.985188616054148,2.6290902223379047,NOT_ROBUST,ctx_dist_ema50_atr_bucket,,,,,,,,,,,,,,,,,,,,,,,,,,,,,,,,UNKNOWN,,,,
DOWN,30,1,,556,0.5593525179856115,0.5036858513385756,0.24085991137274698,3.827080393305057,2.6619361713224214,239,0.6150627615062761,0.5790252285509531,0.5895645028759622,3.609289387243152,2.480278750410969,0.5433604336043361,0.5521601685985248,0.29064199025315085,0.27913311980511907,0.015992084381275418,0.06290259290775135,0.21304386108542472,0.299892108745834,NOT_ROBUST,ctx_dist_donchian_high20_atr_bucket,,,,,,,,,,,,,,,,,,,,,,,,,,,,,,,,,Q1_LOW,,,
DOWN,30,1,,609,0.555008210180624,0.2903540114997265,0.31853324497452146,3.459547189366298,2.7089335750001493,261,0.5517241379310345,0.16415097782503477,0.411437648927624,3.306182498007074,2.8802877226061656,0.5433604336043361,0.5521601685985248,0.29064199025315085,0.27913311980511907,0.011647776576287905,-0.00043603066749031694,-0.000287978753424345,-0.1149821419800843,NOT_ROBUST,ctx_dist_donchian_high20_atr_bucket,,,,,,,,,,,,,,,,,,,,,,,,,,,,,,,,,Q2,,,
DOWN,30,1,,710,0.5577464788732395,0.33115913392433316,0.3791965479854579,3.458820213726414,2.888199798171146,305,0.5114754098360655,0.07802961956896702,0.2943327239494766,3.1816443327274215,3.062097949248692,0.5433604336043361,0.5521601685985248,0.29064199025315085,0.27913311980511907,0.014386045268903414,-0.04068475876245925,0.04051714367118231,-0.20110350023615203,NOT_ROBUST,ctx_dist_donchian_high20_atr_bucket,,,,,,,,,,,,,,,,,,,,,,,,,,,,,,,,,Q3,,,
DOWN,30,1,,337,0.4807121661721068,-0.0026997875403543766,-0.1443298969070981,3.2550722961272704,3.2797848127513394,145,0.496551724137931,0.04027350120636408,0.47210300429199,3.097530316550273,3.2496374591297568,0.5433604336043361,0.5521601685985248,0.29064199025315085,0.27913311980511907,-0.06264826743222923,-0.055608444460593764,-0.29334177779350523,-0.23885961859875499,NOT_ROBUST,ctx_dist_donchian_high20_atr_bucket,,,,,,,,,,,,,,,,,,,,,,,,,,,,,,,,,Q4_HIGH,,,
DOWN,30,1,,0,,,,,,1,1.0,6.421487603305786,6.421487603305786,8.700826446280866,1.622148760330629,0.5433604336043361,0.5521601685985248,0.29064199025315085,0.27913311980511907,,0.4478398314014752,,6.142354483500666,NOT_ROBUST,ctx_dist_donchian_high20_atr_bucket,,,,,,,,,,,,,,,,,,,,,,,,,,,,,,,,,UNKNOWN,,,
UP,30,1,,523,0.5200764818355641,-0.10451699237472312,0.12808065720681497,2.946253367851878,3.206325629058131,225,0.48,-0.293406785074988,-0.20324508966703766,2.7633295521030705,3.225932502126148,0.5105808194506979,0.49159663865546216,0.03322131917105112,-0.06515374093385339,0.00949566238486621,-0.011596638655462177,-0.13773831154577423,-0.22825304414113462,NOT_ROBUST,ctx_dist_donchian_high20_atr_bucket,,,,,,,,,,,,,,,,,,,,,,,,,,,,,,,,,Q1_LOW,,,
UP,30,1,,534,0.46441947565543074,-0.32143876877537036,-0.09403215385986882,3.039089868214662,3.3518665634889984,230,0.48695652173913045,-0.06932331385170021,-0.14239459883173344,3.1514422891555065,3.2174477161147093,0.5105808194506979,0.49159663865546216,0.03322131917105112,-0.06515374093385339,-0.04616134379526715,-0.004640116916331705,-0.35466008794642145,-0.004169572917846823,NOT_ROBUST,ctx_dist_donchian_high20_atr_bucket,,,,,,,,,,,,,,,,,,,,,,,,,,,,,,,,,Q2,,,
UP,30,1,,500,0.474,0.024372476382305452,-0.17629280179246817,3.113363378454139,3.162475351504011,215,0.4186046511627907,-0.6832935681996113,-0.711531720995315,2.458311360261793,3.4047919805897435,0.5105808194506979,0.49159663865546216,0.03322131917105112,-0.06515374093385339,-0.03658081945069791,-0.07299198749267144,-0.008848842788745665,-0.6181398272657579,NOT_ROBUST,ctx_dist_donchian_high20_atr_bucket,,,,,,,,,,,,,,,,,,,,,,,,,,,,,,,,,Q3,,,
UP,30,1,,661,0.5658093797276853,0.4287312979391026,0.19377162629784464,3.7092052652447056,2.8696165595454834,284,0.5669014084507042,0.6278599479104486,0.2718552582684838,3.915430771124184,2.7746693113980245,0.5105808194506979,0.49159663865546216,0.03322131917105112,-0.06515374093385339,0.055228560276987415,0.07530476979524209,0.3955099787680515,0.693013688844302,ROBUST_POSITIVE,ctx_dist_donchian_high20_atr_bucket,,,,,,,,,,,,,,,,,,,,,,,,,,,,,,,,,Q4_HIGH,,,
UP,30,1,,0,,,,,,1,0.0,-6.951967296883097,-6.951967296883097,1.5738375063873138,9.823709759836584,0.5105808194506979,0.49159663865546216,0.03322131917105112,-0.06515374093385339,,-0.49159663865546216,,-6.886813555949243,NOT_ROBUST,ctx_dist_donchian_high20_atr_bucket,,,,,,,,,,,,,,,,,,,,,,,,,,,,,,,,,UNKNOWN,,,
DOWN,30,1,,665,0.5789473684210527,0.5653283412097935,0.5058336469702573,3.861336357870261,2.726562588786865,286,0.5734265734265734,0.4010736048032594,0.2080665190019625,3.548847014309197,2.630253428788653,0.5433604336043361,0.5521601685985248,0.29064199025315085,0.27913311980511907,0.0355869348167166,0.021266404828048646,0.2746863509566426,0.12194048499814031,NOT_ROBUST,ctx_dist_donchian_low20_atr_bucket,,,,,,,,,,,,,,,,,,,,,,,,,,,,,,,,,,Q1_LOW,,
DOWN,30,1,,510,0.5235294117647059,0.1993411498940478,-0.030090435736017128,3.6162894683437763,2.958490479098901,219,0.5342465753424658,0.25631244097116884,0.43405149763473566,3.4031441921554877,2.9508113178544124,0.5433604336043361,0.5521601685985248,0.29064199025315085,0.27913311980511907,-0.019831021839630147,-0.017913593256059013,-0.09130084035910305,-0.022820678833950225,NOT_ROBUST,ctx_dist_donchian_low20_atr_bucket,,,,,,,,,,,,,,,,,,,,,,,,,,,,,,,,,,Q2,,
DOWN,30,1,,533,0.525328330206379,-0.01516317409192678,0.23175675675686577,3.2123158278153787,3.1359640715812254,229,0.5327510917030568,-0.07465043115788017,0.24800277874271762,2.8651930620008117,2.9381371069145965,0.5433604336043361,0.5521601685985248,0.29064199025315085,0.27913311980511907,-0.018032103397957022,-0.019409076895468003,-0.30580516434507765,-0.35378355096299924,NOT_ROBUST,ctx_dist_donchian_low20_atr_bucket,,,,,,,,,,,,,,,,,,,,,,,,,,,,,,,,,,Q3,,
DOWN,30,1,,503,0.5506958250497018,0.40287778198729157,0.3018610985019821,3.3128655726985583,2.6083180998693103,217,0.5253456221198156,0.35041381014689826,0.710287539936156,3.3433170688951828,3.0350448989598835,0.5433604336043361,0.5521601685985248,0.29064199025315085,0.27913311980511907,0.007335391445365769,-0.026814546478709178,0.11223579173414072,0.0712806903417792,NOT_ROBUST,ctx_dist_donchian_low20_atr_bucket,,,,,,,,,,,,,,,,,,,,,,,,,,,,,,,,,,Q4_HIGH,,
DOWN,30,1,,0,,,,,,1,1.0,6.421487603305786,6.421487603305786,8.700826446280866,1.622148760330629,0.5433604336043361,0.5521601685985248,0.29064199025315085,0.27913311980511907,,0.4478398314014752,,6.142354483500666,NOT_ROBUST,ctx_dist_donchian_low20_atr_bucket,,,,,,,,,,,,,,,,,,,,,,,,,,,,,,,,,,UNKNOWN,,
UP,30,1,,346,0.4393063583815029,-0.539459621670078,-0.3512007192324023,2.7254771038750665,3.7279257270980897,149,0.5100671140939598,-0.2117081205355913,-0.020858164481600695,2.924592290324784,3.424406945452837,0.5105808194506979,0.49159663865546216,0.03322131917105112,-0.06515374093385339,-0.071274461069195,0.018470475438497613,-0.5726809408411291,-0.1465543796017379,NOT_ROBUST,ctx_dist_donchian_low20_atr_bucket,,,,,,,,,,,,,,,,,,,,,,,,,,,,,,,,,,Q1_LOW,,
UP,30,1,,728,0.5164835164835165,0.022169099414216433,0.11925415213557042,3.253823939491756,3.13871868704309,313,0.4696485623003195,-0.2293078832226839,-0.17174280879862905,2.9962773479235527,3.3102441294979235,0.5105808194506979,0.49159663865546216,0.03322131917105112,-0.06515374093385339,0.005902697032818649,-0.021948076355142676,-0.011052219756834684,-0.16415414228883052,NOT_ROBUST,ctx_dist_donchian_low20_atr_bucket,,,,,,,,,,,,,,,,,,,,,,,,,,,,,,,,,,Q2,,
UP,30,1,,585,0.5264957264957265,0.1747805092304951,0.1410424879544519,3.3493985788970684,2.975859332920897,252,0.47619047619047616,0.2361808654297092,-0.0644699716834859,3.4583218285634767,3.1845110934352348,0.5105808194506979,0.49159663865546216,0.03322131917105112,-0.06515374093385339,0.015914907045028626,-0.015406162464985995,0.14155919005944398,0.3013346063635626,NOT_ROBUST,ctx_dist_donchian_low20_atr_bucket,,,,,,,,,,,,,,,,,,,,,,,,,,,,,,,,,,Q3,,
UP,30,1,,559,0.5277280858676208,0.21480756129227926,0.1827079934745541,3.3861946714907027,2.9323448445326155,240,0.5333333333333333,0.04458481328770557,-0.06261754233454458,3.1256457078590483,2.612481632974713,0.5105808194506979,0.49159663865546216,0.03322131917105112,-0.06515374093385339,0.01714726641692288,0.04173669467787117,0.18158624212122815,0.10973855422155895,NOT_ROBUST,ctx_dist_donchian_low20_atr_bucket,,,,,,,,,,,,,,,,,,,,,,,,,,,,,,,,,,Q4_HIGH,,
UP,30,1,,0,,,,,,1,0.0,-6.951967296883097,-6.951967296883097,1.5738375063873138,9.823709759836584,0.5105808194506979,0.49159663865546216,0.03322131917105112,-0.06515374093385339,,-0.49159663865546216,,-6.886813555949243,NOT_ROBUST,ctx_dist_donchian_low20_atr_bucket,,,,,,,,,,,,,,,,,,,,,,,,,,,,,,,,,,UNKNOWN,,
DOWN,30,1,,2214,0.5433604336043361,0.29064199025315085,0.2456140350875594,3.5013408368860715,2.8541974471538274,949,0.5521601685985248,0.27913311980511907,0.43405149763473566,3.360644972640108,2.863850812259142,0.5433604336043361,0.5521601685985248,0.29064199025315085,0.27913311980511907,0.0,0.0,0.0,0.0,NOT_ROBUST,ctx_fvg_up_size_atr_bucket,,,,,,,,,,,,,,,,,,,,,,,,,,,,,,,,,,,UNKNOWN,
UP,30,1,,2221,0.5105808194506979,0.03322131917105112,0.0700981373923476,3.2215730209424924,3.1225452221772168,952,0.49159663865546216,-0.06515374093385339,-0.13708056256008788,3.1573436825048353,3.156926669921152,0.5105808194506979,0.49159663865546216,0.03322131917105112,-0.06515374093385339,0.0,0.0,0.0,0.0,NOT_ROBUST,ctx_fvg_up_size_atr_bucket,,,,,,,,,,,,,,,,,,,,,,,,,,,,,,,,,,,UNKNOWN,
DOWN,30,1,,2214,0.5433604336043361,0.29064199025315085,0.2456140350875594,3.5013408368860715,2.8541974471538274,949,0.5521601685985248,0.27913311980511907,0.43405149763473566,3.360644972640108,2.863850812259142,0.5433604336043361,0.5521601685985248,0.29064199025315085,0.27913311980511907,0.0,0.0,0.0,0.0,NOT_ROBUST,ctx_fvg_dn_size_atr_bucket,,,,,,,,,,,,,,,,,,,,,,,,,,,,,,,,,,,,UNKNOWN
UP,30,1,,2221,0.5105808194506979,0.03322131917105112,0.0700981373923476,3.2215730209424924,3.1225452221772168,952,0.49159663865546216,-0.06515374093385339,-0.13708056256008788,3.1573436825048353,3.156926669921152,0.5105808194506979,0.49159663865546216,0.03322131917105112,-0.06515374093385339,0.0,0.0,0.0,0.0,NOT_ROBUST,ctx_fvg_dn_size_atr_bucket,,,,,,,,,,,,,,,,,,,,,,,,,,,,,,,,,,,,UNKNOWN
DOWN,60,1,-1,914,0.5776805251641138,0.5234314342720838,0.41141848262238834,5.262660864096495,3.958837029402528,392,0.5714285714285714,0.8447175583817552,0.647991388064114,4.908435960746537,3.787575857034439,0.5422413793103448,0.5542168674698795,0.38960801213919577,0.5031174882824032,0.03543914585376906,0.01721170395869187,0.13382342213288806,0.341600070099352,NOT_ROBUST,ctx_body_direction,,,,,,,,,,,,,,,,,,,,,,,,,,,,,,,,,,,,
DOWN,60,1,0,3,0.3333333333333333,-4.29683478744674,-4.474901574802938,2.8944565505170963,7.43399085512517,2,0.5,3.3827167291264617,3.3827167291264617,7.051427099799081,2.7668401328526238,0.5422413793103448,0.5542168674698795,0.38960801213919577,0.5031174882824032,-0.20890804597701146,-0.054216867469879526,-4.686442799585936,2.8795992408440583,NOT_ROBUST,ctx_body_direction,,,,,,,,,,,,,,,,,,,,,,,,,,,,,,,,,,,,
DOWN,60,1,1,242,0.4132231404958678,-0.04568008480377099,-0.2550294229336455,4.110922727189815,4.409365181133597,105,0.4857142857142857,-0.8558872298821808,0.3560606060604629,4.385687196416633,5.612747650314774,0.5422413793103448,0.5542168674698795,0.38960801213919577,0.5031174882824032,-0.129018238814477,-0.06850258175559382,-0.4352880969429668,-1.359004718164584,ROBUST_NEGATIVE,ctx_body_direction,,,,,,,,,,,,,,,,,,,,,,,,,,,,,,,,,,,,
UP,60,1,-1,237,0.4345991561181435,-0.8241929434849494,-0.6057861635221022,3.990204433595702,5.351770743728189,102,0.38235294117647056,-0.7981187719449067,-0.719771018455318,3.3474242287304588,4.779680731809126,0.5030198446937014,0.46987951807228917,0.02060136236695478,-0.2691090470798077,-0.06842068857555794,-0.08752657689581861,-0.8447943058519042,-0.5290097248650989,ROBUST_NEGATIVE,ctx_body_direction,,,,,,,,,,,,,,,,,,,,,,,,,,,,,,,,,,,,
UP,60,1,0,2,0.5,8.400469707519825,8.400469707519825,12.849363869334148,2.809864181599558,1,1.0,2.3931881871093146,2.3931881871093146,2.4927786160810514,1.7232162103901354,0.5030198446937014,0.46987951807228917,0.02060136236695478,-0.2691090470798077,-0.0030198446937014234,0.5301204819277108,8.37986834515287,2.6622972341891225,NOT_ROBUST,ctx_body_direction,,,,,,,,,,,,,,,,,,,,,,,,,,,,,,,,,,,,
UP,60,1,1,920,0.5195652173913043,0.19446535332074286,0.3969301957484789,4.609903497789659,4.444620824600515,395,0.4936708860759494,-0.0797461690515508,-0.19062581827702893,4.54878587055268,4.535985557862025,0.5030198446937014,0.46987951807228917,0.02060136236695478,-0.2691090470798077,0.016545372697602923,0.023791368003660218,0.17386399095378807,0.1893628780282569,NOT_ROBUST,ctx_body_direction,,,,,,,,,,,,,,,,,,,,,,,,,,,,,,,,,,,,
DOWN,60,1,,524,0.5343511450381679,0.4404345392513579,0.09287064479215251,5.0946364930655115,4.004598098342865,225,0.5511111111111111,0.4012453302120231,0.6229143492771312,4.7170425009351975,4.009085983266096,0.5422413793103448,0.5542168674698795,0.38960801213919577,0.5031174882824032,-0.007890234272176833,-0.003105756358768419,0.05082652711216212,-0.10187215807038014,NOT_ROBUST,ctx_structure_state,-1,,,,,,,,,,,,,,,,,,,,,,,,,,,,,,,,,,,
DOWN,60,1,,0,,,,,,1,1.0,1.6591735537190253,1.6591735537190253,8.980826446280874,1.622148760330629,0.5422413793103448,0.5542168674698795,0.38960801213919577,0.5031174882824032,,0.4457831325301205,,1.156056065436622,NOT_ROBUST,ctx_structure_state,0,,,,,,,,,,,,,,,,,,,,,,,,,,,,,,,,,,,
DOWN,60,1,,635,0.5480314960629922,0.3834853501757645,0.40657802659220404,4.951884292787676,4.091564670501362,273,0.5567765567765568,0.49911184785845303,0.45877763328972665,4.864300983181203,4.348453650126905,0.5422413793103448,0.5542168674698795,0.38960801213919577,0.5031174882824032,0.005790116752647401,0.002559689306677271,-0.006122661963431253,-0.004005640423950185,NOT_ROBUST,ctx_structure_state,1,,,,,,,,,,,,,,,,,,,,,,,,,,,,,,,,,,,
UP,60,1,,606,0.48514851485148514,0.04557574573843247,0.307937766499002,4.29086700982417,4.654244193438064,261,0.42911877394636017,-0.49200762317768865,-0.4752066115702776,3.750145941215105,4.755448961601257,0.5030198446937014,0.46987951807228917,0.02060136236695478,-0.2691090470798077,-0.017871329842216288,-0.040760744125929005,0.024974383371477688,-0.22289857609788094,NOT_ROBUST,ctx_structure_state,-1,,,,,,,,,,,,,,,,,,,,,,,,,,,,,,,,,,,
UP,60,1,,0,,,,,,1,0.0,-3.3597342871744353,-3.3597342871744353,1.5738375063873138,10.132856412876965,0.5030198446937014,0.46987951807228917,0.02060136236695478,-0.2691090470798077,,-0.46987951807228917,,-3.0906252400946275,NOT_ROBUST,ctx_structure_state,0,,,,,,,,,,,,,,,,,,,,,,,,,,,,,,,,,,,
UP,60,1,,552,0.5181159420289855,0.003963415861050407,0.1913059264366876,4.734534792521925,4.54800096737564,237,0.5274261603375527,-0.03448232066954625,-0.19062581827702893,4.890710226553387,4.47988164077658,0.5030198446937014,0.46987951807228917,0.02060136236695478,-0.2691090470798077,0.015096097335284053,0.05754664226526357,-0.016637946505904375,0.23462672641026144,NOT_ROBUST,ctx_structure_state,1,,,,,,,,,,,,,,,,,,,,,,,,,,,,,,,,,,,
DOWN,60,1,,408,0.571078431372549,0.6615607181469164,0.5280751731724358,5.030431647922426,3.860710893028998,175,0.5542857142857143,0.5000046632878291,0.3110031239154718,4.812228759668464,3.812430380404892,0.5422413793103448,0.5542168674698795,0.38960801213919577,0.5031174882824032,0.028837052062204216,6.884681583474439e-05,0.27195270600772065,-0.0031128249945741038,NOT_ROBUST,ctx_session_name,,ASIA,,,,,,,,,,,,,,,,,,,,,,,,,,,,,,,,,,
DOWN,60,1,,204,0.5490196078431373,0.4156489581983491,0.6978157697536422,4.910550599423191,3.708594461957778,88,0.5340909090909091,0.5465961884479505,0.37245753702412265,4.318063661083834,3.607738921181422,0.5422413793103448,0.5542168674698795,0.38960801213919577,0.5031174882824032,0.00677822853279253,-0.020125958378970465,0.026040946059153358,0.043478700165547335,NOT_ROBUST,ctx_session_name,,LONDON,,,,,,,,,,,,,,,,,,,,,,,,,,,,,,,,,,
DOWN,60,1,,440,0.5159090909090909,0.416537249039853,0.12218946655453106,5.142996910424695,4.329552145668489,189,0.5185185185185185,0.22346127462189713,0.6485623003194413,4.766995510640616,4.847226754497516,0.5422413793103448,0.5542168674698795,0.38960801213919577,0.5031174882824032,-0.0263322884012539,-0.035698348951361036,0.02692923690065724,-0.2796562136605061,NOT_ROBUST,ctx_session_name,,NEW_YORK,,,,,,,,,,,,,,,,,,,,,,,,,,,,,,,,,,
DOWN,60,1,,107,0.514018691588785,-0.9301055478932503,-0.8694905552375666,4.500882225509113,4.656523314786205,47,0.7659574468085106,1.834001813923677,1.2453319502076499,6.181539273876887,3.225337429224339,0.5422413793103448,0.5542168674698795,0.38960801213919577,0.5031174882824032,-0.02822268772155978,0.2117405793386311,-1.319713560032446,1.3308843256412737,NOT_ROBUST,ctx_session_name,,OFF_SESSION,,,,,,,,,,,,,,,,,,,,,,,,,,,,,,,,,,
UP,60,1,,408,0.4803921568627451,-0.37827035038198376,-0.43825732497800407,4.372038852625548,4.751813459587464,175,0.48,-0.20237489970161107,-0.2950672645741485,4.037886829067542,4.454458243799111,0.5030198446937014,0.46987951807228917,0.02060136236695478,-0.2691090470798077,-0.02262768783095631,0.010120481927710812,-0.3988717127489385,0.06673414737819663,NOT_ROBUST,ctx_session_name,,ASIA,,,,,,,,,,,,,,,,,,,,,,,,,,,,,,,,,,
UP,60,1,,204,0.5049019607843137,0.11255301167428411,0.5049237027533854,4.145607661377163,4.284551582253139,88,0.4659090909090909,-0.5008866391899744,-0.5471160471856154,3.5590890141848273,4.423262773613635,0.5030198446937014,0.46987951807228917,0.02060136236695478,-0.2691090470798077,0.0018821160906122847,-0.003970427163198287,0.09195164930732933,-0.23177759211016674,NOT_ROBUST,ctx_session_name,,LONDON,,,,,,,,,,,,,,,,,,,,,,,,,,,,,,,,,,
UP,60,1,,439,0.5056947608200456,0.02742526942186158,0.2508960573476025,4.549170860715139,4.728083495948814,189,0.4444444444444444,-0.40598052690710484,-0.4375000000002526,4.69819922629693,4.979318884956053,0.5030198446937014,0.46987951807228917,0.02060136236695478,-0.2691090470798077,0.0026749161263441845,-0.02543507362784475,0.0068239070549067984,-0.13687147982729714,NOT_ROBUST,ctx_session_name,,NEW_YORK,,,,,,,,,,,,,,,,,,,,,,,,,,,,,,,,,,
UP,60,1,,107,0.5887850467289719,1.6895659406735914,0.8078175895767095,5.591151715842545,3.9422427329011884,47,0.5106382978723404,-0.32691777732930344,-0.12022160664835344,4.692853764590732,4.763827064613917,0.5030198446937014,0.46987951807228917,0.02060136236695478,-0.2691090470798077,0.0857652020352705,0.040758779800051215,1.6689645783066367,-0.05780873024949573,NOT_ROBUST,ctx_session_name,,OFF_SESSION,,,,,,,,,,,,,,,,,,,,,,,,,,,,,,,,,,
DOWN,60,1,,752,0.526595744680851,0.23641594521506368,0.07697434623280973,5.000038696051541,4.152079451947229,323,0.5541795665634675,0.5179424871983401,0.6474204758087868,4.822663656738638,4.40445263773644,0.5422413793103448,0.5542168674698795,0.38960801213919577,0.5031174882824032,-0.015645634629493754,-3.73009064120744e-05,-0.1531920669241321,0.014824998915936916,NOT_ROBUST,ctx_in_asia_session,,,0,,,,,,,,,,,,,,,,,,,,,,,,,,,,,,,,,
DOWN,60,1,,408,0.571078431372549,0.6615607181469164,0.5280751731724358,5.030431647922426,3.860710893028998,175,0.5542857142857143,0.5000046632878291,0.3110031239154718,4.812228759668464,3.812430380404892,0.5422413793103448,0.5542168674698795,0.38960801213919577,0.5031174882824032,0.028837052062204216,6.884681583474439e-05,0.27195270600772065,-0.0031128249945741038,NOT_ROBUST,ctx_in_asia_session,,,1,,,,,,,,,,,,,,,,,,,,,,,,,,,,,,,,,
UP,60,1,,751,0.5153129161118508,0.23789925408722992,0.4542504866969454,4.575996106928375,4.5321340678389825,323,0.46439628482972134,-0.3066617829050218,-0.3801498127340243,4.41546050161294,4.712392354012598,0.5030198446937014,0.46987951807228917,0.02060136236695478,-0.2691090470798077,0.012293071418149393,-0.005483233242567831,0.21729789172027514,-0.03755273582521407,NOT_ROBUST,ctx_in_asia_session,,,0,,,,,,,,,,,,,,,,,,,,,,,,,,,,,,,,,
UP,60,1,,408,0.4803921568627451,-0.37827035038198376,-0.43825732497800407,4.372038852625548,4.751813459587464,175,0.48,-0.20237489970161107,-0.2950672645741485,4.037886829067542,4.454458243799111,0.5030198446937014,0.46987951807228917,0.02060136236695478,-0.2691090470798077,-0.02262768783095631,0.010120481927710812,-0.3988717127489385,0.06673414737819663,NOT_ROBUST,ctx_in_asia_session,,,1,,,,,,,,,,,,,,,,,,,,,,,,,,,,,,,,,
DOWN,60,1,,956,0.5407949790794979,0.38405115754079905,0.15281229561810744,5.029308482087714,4.119764428970526,410,0.5585365853658537,0.4937854745883343,0.6813213800447828,4.933036030531968,4.3288249301968245,0.5422413793103448,0.5542168674698795,0.38960801213919577,0.5031174882824032,-0.001446400230846856,0.004319717895974184,-0.005556854598396721,-0.009332013694068886,NOT_ROBUST,ctx_in_london_session,,,,0,,,,,,,,,,,,,,,,,,,,,,,,,,,,,,,,
DOWN,60,1,,204,0.5490196078431373,0.4156489581983491,0.6978157697536422,4.910550599423191,3.708594461957778,88,0.5340909090909091,0.5465961884479505,0.37245753702412265,4.318063661083834,3.607738921181422,0.5422413793103448,0.5542168674698795,0.38960801213919577,0.5031174882824032,0.00677822853279253,-0.020125958378970465,0.026040946059153358,0.043478700165547335,NOT_ROBUST,ctx_in_london_session,,,,1,,,,,,,,,,,,,,,,,,,,,,,,,,,,,,,,
UP,60,1,,955,0.5026178010471204,0.0009593346615147842,0.1300041271153615,4.577836829970417,4.675544178881481,410,0.47073170731707314,-0.2193616614561621,-0.31801350370439346,4.445002186564093,4.672110150683464,0.5030198446937014,0.46987951807228917,0.02060136236695478,-0.2691090470798077,-0.00040204364658102953,0.0008521892447839741,-0.019642027705439997,0.04974738562364561,NOT_ROBUST,ctx_in_london_session,,,,0,,,,,,,,,,,,,,,,,,,,,,,,,,,,,,,,
UP,60,1,,204,0.5049019607843137,0.11255301167428411,0.5049237027533854,4.145607661377163,4.284551582253139,88,0.4659090909090909,-0.5008866391899744,-0.5471160471856154,3.5590890141848273,4.423262773613635,0.5030198446937014,0.46987951807228917,0.02060136236695478,-0.2691090470798077,0.0018821160906122847,-0.003970427163198287,0.09195164930732933,-0.23177759211016674,NOT_ROBUST,ctx_in_london_session,,,,1,,,,,,,,,,,,,,,,,,,,,,,,,,,,,,,,
DOWN,60,1,,720,0.5569444444444445,0.3702358113509483,0.34303080518230966,4.933618727356851,3.9246384742115468,309,0.5792880258899676,0.6809626168037125,0.4705505761842669,4.8421337542291125,3.6908699309171307,0.5422413793103448,0.5542168674698795,0.38960801213919577,0.5031174882824032,0.014703065134099691,0.025071158420088113,-0.019372200788247473,0.1778451285213093,NOT_ROBUST,ctx_in_ny_session,,,,,0,,,,,,,,,,,,,,,,,,,,,,,,,,,,,,,
DOWN,60,1,,440,0.5159090909090909,0.416537249039853,0.12218946655453106,5.142996910424695,4.329552145668489,189,0.5185185185185185,0.22346127462189713,0.6485623003194413,4.766995510640616,4.847226754497516,0.5422413793103448,0.5542168674698795,0.38960801213919577,0.5031174882824032,-0.0263322884012539,-0.035698348951361036,0.02692923690065724,-0.2796562136605061,NOT_ROBUST,ctx_in_ny_session,,,,,1,,,,,,,,,,,,,,,,,,,,,,,,,,,,,,,
UP,60,1,,720,0.5027777777777778,0.03766664637645296,0.24326142607827544,4.481372716903815,4.5152396965772255,309,0.48220064724919093,-0.23485011502991643,-0.2950672645741485,4.017976852710097,4.454087359080417,0.5030198446937014,0.46987951807228917,0.02060136236695478,-0.2691090470798077,-0.00024206691592365548,0.012321129176901757,0.017065284009498177,0.03425893204989128,NOT_ROBUST,ctx_in_ny_session,,,,,0,,,,,,,,,,,,,,,,,,,,,,,,,,,,,,,
UP,60,1,,439,0.5056947608200456,0.02742526942186158,0.2508960573476025,4.549170860715139,4.728083495948814,189,0.4444444444444444,-0.40598052690710484,-0.4375000000002526,4.69819922629693,4.979318884956053,0.5030198446937014,0.46987951807228917,0.02060136236695478,-0.2691090470798077,0.0026749161263441845,-0.02543507362784475,0.0068239070549067984,-0.13687147982729714,NOT_ROBUST,ctx_in_ny_session,,,,,1,,,,,,,,,,,,,,,,,,,,,,,,,,,,,,,
DOWN,60,1,,1007,0.5441906653426017,0.48228355696270425,0.17367332873878652,5.172691813398038,4.079989507696585,432,0.5648148148148148,0.6165101746102224,0.8657647583447508,5.004218793329086,4.273842859861087,0.5422413793103448,0.5542168674698795,0.38960801213919577,0.5031174882824032,0.0019492860322569694,0.010597947344935243,0.09267554482350848,0.11339268632781918,NOT_ROBUST,ctx_london_killzone,,,,,,0,,,,,,,,,,,,,,,,,,,,,,,,,,,,,,
DOWN,60,1,,153,0.5294117647058824,-0.2203545606534383,0.3837918959480645,3.9272586605644517,3.8333243796388796,66,0.48484848484848486,-0.2390891858633233,-0.39846617355322844,3.6471493329593803,3.72725956037384,0.5422413793103448,0.5542168674698795,0.38960801213919577,0.5031174882824032,-0.012829614604462414,-0.06936838262139466,-0.6099625727926341,-0.7422066741457265,NOT_ROBUST,ctx_london_killzone,,,,,,1,,,,,,,,,,,,,,,,,,,,,,,,,,,,,,
UP,60,1,,1006,0.5029821073558648,0.0010437405767231324,0.21702032326324366,4.561322454454031,4.724818882210497,432,0.4675925925925926,-0.35068197324956,-0.4447843087789144,4.416002119585949,4.721224621668937,0.5030198446937014,0.46987951807228917,0.02060136236695478,-0.2691090470798077,-3.773733783662969e-05,-0.0022869254796965555,-0.019557621790231648,-0.08157292616975231,NOT_ROBUST,ctx_london_killzone,,,,,,0,,,,,,,,,,,,,,,,,,,,,,,,,,,,,,
UP,60,1,,153,0.5032679738562091,0.14919592132756265,0.25095227425504185,4.110115989293688,3.8302314908999735,66,0.48484848484848486,0.2648228333040263,0.29716076974764644,3.4536032436123145,4.018837110564234,0.5030198446937014,0.46987951807228917,0.02060136236695478,-0.2691090470798077,0.00024812916250771533,0.014968966776195691,0.12859455896060787,0.533931880383834,NOT_ROBUST,ctx_london_killzone,,,,,,1,,,,,,,,,,,,,,,,,,,,,,,,,,,,,,
DOWN,60,1,,1007,0.5402184707050646,0.388942921122304,0.2252309652756183,5.011742552909012,4.0630406901684575,433,0.5704387990762124,0.4879469744623412,0.589999999999899,4.831244130849022,4.083179638531908,0.5422413793103448,0.5542168674698795,0.38960801213919577,0.5031174882824032,-0.0020229086052802048,0.016221931606332896,-0.0006650910168917723,-0.015170513820062015,NOT_ROBUST,ctx_ny_killzone,,,,,,,0,,,,,,,,,,,,,,,,,,,,,,,,,,,,,
DOWN,60,1,,152,0.5592105263157895,0.4141980400158773,0.22208077515713265,5.016370007244466,3.9325736244454497,66,0.4393939393939394,0.5544415098687379,0.7336541101117896,4.7130894744471235,5.001475172427455,0.5422413793103448,0.5542168674698795,0.38960801213919577,0.5031174882824032,0.016969147005444718,-0.11482292807594013,0.02459002787668152,0.051324021586334645,NOT_ROBUST,ctx_ny_killzone,,,,,,,1,,,,,,,,,,,,,,,,,,,,,,,,,,,,,
UP,60,1,,1006,0.5019880715705766,0.0468778151770939,0.20012875597991026,4.528028894460989,4.615727310921414,432,0.4652777777777778,-0.2036344928228761,-0.4447843087789144,4.257786609881901,4.5769336817892885,0.5030198446937014,0.46987951807228917,0.02060136236695478,-0.2691090470798077,-0.0010317731231248572,-0.0046017402945113806,0.026276452810139118,0.0654745542569316,NOT_ROBUST,ctx_ny_killzone,,,,,,,0,,,,,,,,,,,,,,,,,,,,,,,,,,,,,
UP,60,1,,153,0.5098039215686274,-0.15217060839775087,0.4173946069124402,4.329026586372126,4.547526397545832,66,0.5,-0.697669765852451,-0.09555236045519108,4.489195670766087,4.963286898867389,0.5030198446937014,0.46987951807228917,0.02060136236695478,-0.2691090470798077,0.006784076874925993,0.03012048192771083,-0.17277197076470566,-0.4285607187726433,NOT_ROBUST,ctx_ny_killzone,,,,,,,1,,,,,,,,,,,,,,,,,,,,,,,,,,,,,
DOWN,60,1,,1057,0.5477767265846736,0.5259683049073309,0.264689527340235,4.975814869070828,3.8974571457279894,454,0.5572687224669604,0.6227993360395615,0.5076040552154215,4.808007211588141,3.978562287977012,0.5422413793103448,0.5542168674698795,0.38960801213919577,0.5031174882824032,0.005535347274328806,0.0030518549970808273,0.13636029276813516,0.11968184775715829,NOT_ROBUST,ctx_compression_flag,,,,,,,,0,,,,,,,,,,,,,,,,,,,,,,,,,,,,
DOWN,60,1,,102,0.4803921568627451,-1.0110974631407694,-0.31102755099591767,5.3328842607757885,5.62913407668406,45,0.5333333333333333,-0.7348811636121599,1.423391397085247,5.023996012970181,6.384358959601131,0.5422413793103448,0.5542168674698795,0.38960801213919577,0.5031174882824032,-0.06184922244759966,-0.0208835341365462,-1.4007054752799653,-1.2379986518945632,NOT_ROBUST,ctx_compression_flag,,,,,,,,1,,,,,,,,,,,,,,,,,,,,,,,,,,,,
UP,60,1,,1043,0.5043144774688398,-0.13667959154196146,0.153987167735884,4.3221524449074575,4.54814498158713,448,0.4642857142857143,-0.351846286424274,-0.36301270672679603,4.179619042344785,4.660189697387833,0.5030198446937014,0.46987951807228917,0.02060136236695478,-0.2691090470798077,0.0012946327751384157,-0.005593803786574869,-0.15728095390891625,-0.0827372393444663,NOT_ROBUST,ctx_compression_flag,,,,,,,,0,,,,,,,,,,,,,,,,,,,,,,,,,,,,
UP,60,1,,116,0.49137931034482757,1.4367108607927537,1.31033420627416,6.116315660471353,5.094377966209312,50,0.52,0.4677232796387515,-0.24319808208181007,5.264438353172277,4.431549103285378,0.5030198446937014,0.46987951807228917,0.02060136236695478,-0.2691090470798077,-0.011640534348873854,0.05012048192771085,1.416109498425799,0.7368323267185592,NOT_ROBUST,ctx_compression_flag,,,,,,,,1,,,,,,,,,,,,,,,,,,,,,,,,,,,,
DOWN,60,1,,803,0.5354919053549191,0.45080428380147647,0.32982261640812405,5.284609856171045,4.301735898233173,345,0.5507246376811594,0.38860850217991183,0.637596899224721,4.9536488280254165,4.412526425563428,0.5422413793103448,0.5542168674698795,0.38960801213919577,0.5031174882824032,-0.006749473955425689,-0.0034922297887201026,0.0611962716622807,-0.11450898610249138,NOT_ROBUST,ctx_expansion_flag,,,,,,,,,0,,,,,,,,,,,,,,,,,,,,,,,,,,,
DOWN,60,1,,357,0.5602240896358543,0.25632247719945933,0.1257758902319933,4.408021976814631,3.465234801312987,153,0.5555555555555556,0.7511431747793575,0.4705505761842669,4.484256208854438,3.74930028503605,0.5422413793103448,0.5542168674698795,0.38960801213919577,0.5031174882824032,0.017982710325509577,0.0013386880856760541,-0.13328553493973644,0.24802568649695433,NOT_ROBUST,ctx_expansion_flag,,,,,,,,,1,,,,,,,,,,,,,,,,,,,,,,,,,,,
UP,60,1,,811,0.4956843403205919,-0.15757802476102473,-0.07445442875480487,4.691883359343767,4.971436627467889,348,0.45689655172413796,-0.44339533486729804,-0.6306043756911174,4.397544170865117,4.8761944708327265,0.5030198446937014,0.46987951807228917,0.02060136236695478,-0.2691090470798077,-0.007335504373109536,-0.012982966348151215,-0.1781793871279795,-0.17428628778749033,NOT_ROBUST,ctx_expansion_flag,,,,,,,,,0,,,,,,,,,,,,,,,,,,,,,,,,,,,
UP,60,1,,348,0.5201149425287356,0.4358412559324472,0.5898783919291195,4.05868026182441,3.7567761745258523,150,0.5,0.13523514058716998,0.32733054583836746,4.03536905518988,4.052644066722877,0.5030198446937014,0.46987951807228917,0.02060136236695478,-0.2691090470798077,0.017095097835034156,0.03012048192771083,0.41523989356549246,0.40434418766697766,NOT_ROBUST,ctx_expansion_flag,,,,,,,,,1,,,,,,,,,,,,,,,,,,,,,,,,,,,
DOWN,60,1,,1148,0.5418118466898955,0.39557992466720765,0.22701236979735878,5.027703574860155,4.085444434710344,493,0.5578093306288032,0.5262466520832859,0.6229143492771312,4.829883242847934,4.115002185222547,0.5422413793103448,0.5542168674698795,0.38960801213919577,0.5031174882824032,-0.0004295326204493133,0.0035924631589236977,0.00597191252801188,0.0231291638008827,NOT_ROBUST,ctx_bos_up,,,,,,,,,,0,,,,,,,,,,,,,,,,,,,,,,,,,,
DOWN,60,1,,11,0.5454545454545454,0.5213541436602291,-1.7040454222853259,4.397129532863785,2.983215298565111,6,0.3333333333333333,-2.80040755486217,-1.3200752112789371,1.8335063877799804,5.957609022244455,0.5422413793103448,0.5542168674698795,0.38960801213919577,0.5031174882824032,0.003213166144200641,-0.2208835341365462,0.13174613152103337,-3.303525043144573,NOT_ROBUST,ctx_bos_up,,,,,,,,,,1,,,,,,,,,,,,,,,,,,,,,,,,,,
UP,60,1,,1068,0.5,0.009849322327198626,0.21702032326324366,4.476194982248729,4.60756970841377,458,0.4585152838427948,-0.3821754224552784,-0.4447843087789144,4.168801868863063,4.689846790780397,0.5030198446937014,0.46987951807228917,0.02060136236695478,-0.2691090470798077,-0.0030198446937014234,-0.011364234229494397,-0.010752040039756154,-0.1130663753754707,NOT_ROBUST,ctx_bos_up,,,,,,,,,,0,,,,,,,,,,,,,,,,,,,,,,,,,,
UP,60,1,,91,0.5494505494505495,0.23450871800231982,0.46849315068495484,5.146497885790336,4.717846775526881,40,0.575,0.8259411859603658,0.2114385023139139,4.874251517359656,3.6461791033350237,0.5030198446937014,0.46987951807228917,0.02060136236695478,-0.2691090470798077,0.046430704756848074,0.10512048192771078,0.21390735563536503,1.0950502330401735,NOT_ROBUST,ctx_bos_up,,,,,,,,,,1,,,,,,,,,,,,,,,,,,,,,,,,,,
DOWN,60,1,,1070,0.5383177570093458,0.3319115285382013,0.15281229561810744,4.968465699226631,4.11515991284168,459,0.5577342047930284,0.47906436585335804,0.637596899224721,4.758315893166851,4.181336002515211,0.5422413793103448,0.5542168674698795,0.38960801213919577,0.5031174882824032,-0.0039236223009989635,0.0035173373231488503,-0.0576964836009945,-0.02405312242904517,NOT_ROBUST,ctx_bos_dn,,,,,,,,,,,0,,,,,,,,,,,,,,,,,,,,,,,,,
DOWN,60,1,,90,0.5777777777777777,0.8743403561248251,0.6398794489355901,5.4248322115661525,3.315635094859592,39,0.5384615384615384,1.2505459418539215,0.7048054919905147,5.737061889093235,4.268867188395666,0.5422413793103448,0.5542168674698795,0.38960801213919577,0.5031174882824032,0.03553639846743295,-0.01575532900834109,0.4847323439856293,0.7474284535715183,NOT_ROBUST,ctx_bos_dn,,,,,,,,,,,1,,,,,,,,,,,,,,,,,,,,,,,,,
UP,60,1,,1150,0.5043478260869565,0.013394712762727008,0.243942216124923,4.496753788867916,4.602516766652689,494,0.46963562753036436,-0.2631743814816416,-0.35924538317949867,4.29686920759753,4.636066481907316,0.5030198446937014,0.46987951807228917,0.02060136236695478,-0.2691090470798077,0.0013279813932550733,-0.0002438905419248072,-0.007206649604227773,0.005934665598166133,NOT_ROBUST,ctx_bos_dn,,,,,,,,,,,0,,,,,,,,,,,,,,,,,,,,,,,,,
UP,60,1,,9,0.3333333333333333,1.3128693866712924,-2.035035408125592,5.410078565858314,4.800408756133411,4,0.5,-1.8377315419226075,-1.263714217713012,2.644478109556369,4.422674237916508,0.5030198446937014,0.46987951807228917,0.02060136236695478,-0.2691090470798077,-0.1696865113603681,0.03012048192771083,1.2922680243043376,-1.5686224948427998,NOT_ROBUST,ctx_bos_dn,,,,,,,,,,,1,,,,,,,,,,,,,,,,,,,,,,,,,
DOWN,60,1,,1157,0.5419187554019015,0.3855337862192792,0.21404056162236226,5.011009569814301,4.051764356180438,496,0.5544354838709677,0.5017622556372575,0.6064571746385151,4.834895094270639,4.206071855092842,0.5422413793103448,0.5542168674698795,0.38960801213919577,0.5031174882824032,-0.0003226239084432869,0.000218616401088223,-0.004074225919916574,-0.0013552326451456986,NOT_ROBUST,ctx_choch_up,,,,,,,,,,,,0,,,,,,,,,,,,,,,,,,,,,,,,
DOWN,60,1,,3,0.6666666666666666,1.9609011419203863,4.052219321149291,4.0110529610132835,2.3855680781475743,2,0.5,0.8392151842784813,0.8392151842784813,2.213203967623715,3.043803159306692,0.5422413793103448,0.5542168674698795,0.38960801213919577,0.5031174882824032,0.12442528735632186,-0.054216867469879526,1.5712931297811905,0.3360976959960781,NOT_ROBUST,ctx_choch_up,,,,,,,,,,,,1,,,,,,,,,,,,,,,,,,,,,,,,
UP,60,1,,1120,0.5026785714285714,0.013343720487466414,0.24326142607827544,4.502165058978246,4.591346457910006,480,0.46458333333333335,-0.3350122595266659,-0.40451254455186103,4.196223908395015,4.635067783142822,0.5030198446937014,0.46987951807228917,0.02060136236695478,-0.2691090470798077,-0.00034127326513000433,-0.0052961847389558225,-0.007257641879488366,-0.0659032124468582,NOT_ROBUST,ctx_choch_up,,,,,,,,,,,,0,,,,,,,,,,,,,,,,,,,,,,,,
UP,60,1,,39,0.5641025641025641,0.2805399341791181,0.324607329842936,5.306966412354565,5.25750076103633,18,0.5,1.3766963184115544,0.20900071951674892,4.978046284175639,3.9901333900832032,0.5030198446937014,0.46987951807228917,0.02060136236695478,-0.2691090470798077,0.061082719408862673,0.03012048192771083,0.25993857181216334,1.645805365491362,NOT_ROBUST,ctx_choch_up,,,,,,,,,,,,1,,,,,,,,,,,,,,,,,,,,,,,,
DOWN,60,1,,1129,0.5438441098317095,0.4010364879281794,0.2252309652756183,5.008289586354159,4.037146494322527,484,0.5557851239669421,0.5819025951139867,0.647991388064114,4.848954737150267,4.132221901541198,0.5422413793103448,0.5542168674698795,0.38960801213919577,0.5031174882824032,0.0016027305213647258,0.0015682564970626034,0.01142847578898365,0.07878510683158346,NOT_ROBUST,ctx_choch_dn,,,,,,,,,,,,,0,,,,,,,,,,,,,,,,,,,,,,,
DOWN,60,1,,31,0.5483870967741935,-0.12198021899776602,0.027862829148828618,5.09248867849976,4.453087268020222,14,0.35714285714285715,-2.009418633646397,-4.256994811732612,3.798958645971663,6.526272359655236,0.5422413793103448,0.5542168674698795,0.38960801213919577,0.5031174882824032,0.006145717463848732,-0.19707401032702238,-0.5115882311369618,-2.5125361219288003,NOT_ROBUST,ctx_choch_dn,,,,,,,,,,,,,1,,,,,,,,,,,,,,,,,,,,,,,
UP,60,1,,1159,0.5030198446937014,0.0010851132891873945,0.24268258027871628,4.483624603569987,4.599943318245556,497,0.4688128772635815,-0.27814750531303656,-0.3801498127340243,4.285363405168312,4.63726742509329,0.5030198446937014,0.46987951807228917,0.02060136236695478,-0.2691090470798077,0.0,-0.001066640808707664,-0.019516249077767386,-0.009038458233228852,NOT_ROBUST,ctx_choch_dn,,,,,,,,,,,,,0,,,,,,,,,,,,,,,,,,,,,,,
UP,60,1,,0,,,,,,1,1.0,26.842337375967375,26.842337375967375,26.842337375967375,7.949283351710825,0.5030198446937014,0.46987951807228917,0.02060136236695478,-0.2691090470798077,,0.5301204819277108,,27.111446423047184,NOT_ROBUST,ctx_choch_dn,,,,,,,,,,,,,1,,,,,,,,,,,,,,,,,,,,,,,
DOWN,60,1,,1160,0.5422413793103448,0.38960801213919577,0.21963576344899027,5.008423475136366,4.047455227875181,498,0.5542168674698795,0.5031174882824032,0.6064571746385151,4.824366214243945,4.201404109326633,0.5422413793103448,0.5542168674698795,0.38960801213919577,0.5031174882824032,0.0,0.0,0.0,0.0,NOT_ROBUST,ctx_sweep_high,,,,,,,,,,,,,,0,,,,,,,,,,,,,,,,,,,,,,
UP,60,1,,695,0.5482014388489208,0.3895918598897271,0.6031036623215891,4.873371997281861,4.2138899297426455,299,0.5317725752508361,0.14960752854593334,-0.15566037735846425,4.864135398410565,4.382292716625522,0.5030198446937014,0.46987951807228917,0.02060136236695478,-0.2691090470798077,0.045181594155219384,0.06189305717854693,0.36899049752277235,0.41871657562574105,ROBUST_POSITIVE,ctx_sweep_high,,,,,,,,,,,,,,0,,,,,,,,,,,,,,,,,,,,,,
UP,60,1,,464,0.4375,-0.512976067882613,-0.46988946490881345,4.030259846485551,5.2053077395694665,199,0.37185929648241206,-0.9428011287613347,-0.6314152410580653,3.2250164536546975,4.973787361142071,0.5030198446937014,0.46987951807228917,0.02060136236695478,-0.2691090470798077,-0.06551984469370142,-0.09802022158987711,-0.5335774302495677,-0.673692081681527,ROBUST_NEGATIVE,ctx_sweep_high,,,,,,,,,,,,,,1,,,,,,,,,,,,,,,,,,,,,,
DOWN,60,1,,701,0.5777460770328102,0.5837512217642454,0.509301364200116,5.3654886701422235,3.9238014048662575,301,0.584717607973422,0.9126312867775755,0.7140804597701245,5.052240425700188,3.7210535305967807,0.5422413793103448,0.5542168674698795,0.38960801213919577,0.5031174882824032,0.03550469772246545,0.030500740503542456,0.19414320962504966,0.40951379849517233,ROBUST_POSITIVE,ctx_sweep_low,,,,,,,,,,,,,,,0,,,,,,,,,,,,,,,,,,,,,
DOWN,60,1,,459,0.4793028322440087,-0.011565359078213096,-0.12894736842107393,4.399730287466301,4.32497380171552,197,0.5279187817258884,0.1212927882549101,0.5446575342465761,4.623845065985698,4.728743341480062,0.5422413793103448,0.5542168674698795,0.38960801213919577,0.5031174882824032,-0.06293854706633606,-0.026298085743991173,-0.40117337121740887,-0.38182470002749314,NOT_ROBUST,ctx_sweep_low,,,,,,,,,,,,,,,1,,,,,,,,,,,,,,,,,,,,,
UP,60,1,,1159,0.5030198446937014,0.02060136236695478,0.24268258027871628,4.501758529372468,4.606724084220409,498,0.46987951807228917,-0.2691090470798077,-0.35924538317949867,4.288455280601491,4.628137120197229,0.5030198446937014,0.46987951807228917,0.02060136236695478,-0.2691090470798077,0.0,0.0,0.0,0.0,NOT_ROBUST,ctx_sweep_low,,,,,,,,,,,,,,,0,,,,,,,,,,,,,,,,,,,,,
DOWN,60,1,,1159,0.5418464193270061,0.38862628811141464,0.21404056162236226,5.0100289489502075,4.050135579003596,497,0.5533199195171026,0.5035851884480326,0.6229143492771312,4.822810217851626,4.209052313144168,0.5422413793103448,0.5542168674698795,0.38960801213919577,0.5031174882824032,-0.0003949599833387163,-0.0008969479527769497,-0.0009817240277811279,0.0004677001656293589,NOT_ROBUST,ctx_fvg_up,,,,,,,,,,,,,,,,0,,,,,,,,,,,,,,,,,,,,
DOWN,60,1,,1,1.0,1.5274261603375352,1.5274261603375352,3.147679324894589,0.9409282700424112,1,1.0,0.270670505964509,0.270670505964509,5.597696421225731,0.4002468120116131,0.5422413793103448,0.5542168674698795,0.38960801213919577,0.5031174882824032,0.4577586206896552,0.4457831325301205,1.1378181481983394,-0.23244698231789424,NOT_ROBUST,ctx_fvg_up,,,,,,,,,,,,,,,,1,,,,,,,,,,,,,,,,,,,,
UP,60,1,,1020,0.4970588235294118,-0.07532742233994903,0.19819025926160855,4.43435220737765,4.655441639816363,438,0.4726027397260274,-0.1987745705881642,-0.31670410909956076,4.262854446968568,4.573113593938689,0.5030198446937014,0.46987951807228917,0.02060136236695478,-0.2691090470798077,-0.005961021164289648,0.002723221653738228,-0.09592878470690382,0.07033447649164351,NOT_ROBUST,ctx_fvg_up,,,,,,,,,,,,,,,,0,,,,,,,,,,,,,,,,,,,,
UP,60,1,,139,0.5467625899280576,0.7559648646908741,0.43825249397998245,4.910375225176823,4.243275020820006,60,0.45,-0.8553534991685207,-0.6155342908767197,4.674620161420314,5.043600746964308,0.5030198446937014,0.46987951807228917,0.02060136236695478,-0.2691090470798077,0.04374274523435617,-0.01987951807228916,0.7353635023239193,-0.5862444520887129,NOT_ROBUST,ctx_fvg_up,,,,,,,,,,,,,,,,1,,,,,,,,,,,,,,,,,,,,
DOWN,60,1,,1040,0.5384615384615384,0.29211982000542697,0.11239804281799481,4.912999113969158,4.115718090870022,447,0.5525727069351231,0.46906309321936546,0.637596899224721,4.8501760032617405,4.241512855399615,0.5422413793103448,0.5542168674698795,0.38960801213919577,0.5031174882824032,-0.0037798408488063373,-0.001644160534756467,-0.0974881921337688,-0.03405439506303776,NOT_ROBUST,ctx_fvg_dn,,,,,,,,,,,,,,,,,0,,,,,,,,,,,,,,,,,,,
DOWN,60,1,,119,0.5882352941176471,1.371169953158529,0.9474007997538106,5.89633617947724,3.4513969474951613,52,0.5384615384615384,0.4971685258757394,-0.27729285262479375,4.482574009768406,3.8524617915288126,0.5422413793103448,0.5542168674698795,0.38960801213919577,0.5031174882824032,0.045993914807302305,-0.01575532900834109,0.9815619410193333,-0.005948962406663816,NOT_ROBUST,ctx_fvg_dn,,,,,,,,,,,,,,,,,1,,,,,,,,,,,,,,,,,,,
UP,60,1,,1157,0.5047536732929991,0.027238411885322673,0.24404416037201138,4.512469828812396,4.604332901215143,497,0.4688128772635815,-0.27814750531303656,-0.3801498127340243,4.285363405168312,4.63726742509329,0.5030198446937014,0.46987951807228917,0.02060136236695478,-0.2691090470798077,0.0017338285992977154,-0.001066640808707664,0.006637049518367893,-0.009038458233228852,NOT_ROBUST,ctx_fvg_dn,,,,,,,,,,,,,,,,,0,,,,,,,,,,,,,,,,,,,
UP,60,1,,2,0.0,-0.8537386682319195,-0.8537386682319195,1.3658387954085973,3.264020005869668,1,0.0,-1.7073815367189282,-1.7073815367189282,-0.296016613177245,5.54238248064956,0.5030198446937014,0.46987951807228917,0.02060136236695478,-0.2691090470798077,-0.5030198446937014,-0.46987951807228917,-0.8743400305988742,-1.4382724896391206,NOT_ROBUST,ctx_fvg_dn,,,,,,,,,,,,,,,,,1,,,,,,,,,,,,,,,,,,,
DOWN,60,1,,578,0.5657439446366782,0.604677977844015,0.1171850838477252,5.239521140851453,3.833989539824925,248,0.5725806451612904,0.5249845523066787,0.339847201500148,4.780275090560673,3.813563670759998,0.5422413793103448,0.5542168674698795,0.38960801213919577,0.5031174882824032,0.023502565326333436,0.018363777691410843,0.21506996570481923,0.021867064024275518,NOT_ROBUST,ctx_ema20_above_ema50,,,,,,,,,,,,,,,,,,0,,,,,,,,,,,,,,,,,,
DOWN,60,1,,582,0.5189003436426117,0.19075424729571067,0.2908777671188437,4.792798324174017,4.285630618740785,250,0.536,0.4471151646164133,0.9355055335345179,4.835782157244821,4.5252021852218,0.5422413793103448,0.5542168674698795,0.38960801213919577,0.5031174882824032,-0.023341035667733045,-0.018216867469879494,-0.1988537648434851,-0.056002323665989895,NOT_ROBUST,ctx_ema20_above_ema50,,,,,,,,,,,,,,,,,,1,,,,,,,,,,,,,,,,,,
UP,60,1,,625,0.488,0.016535244077707397,0.3068720379146325,4.343294184595233,4.652385064186411,268,0.4141791044776119,-0.401380946295298,-0.4636376145639269,3.906196644871828,4.907820780763871,0.5030198446937014,0.46987951807228917,0.02060136236695478,-0.2691090470798077,-0.015019844693701434,-0.055700413594677256,-0.0040661182892473835,-0.13227189921549032,NOT_ROBUST,ctx_ema20_above_ema50,,,,,,,,,,,,,,,,,,0,,,,,,,,,,,,,,,,,,
UP,60,1,,534,0.5243445692883895,0.022763874102383206,0.004439753309464722,4.760470055834031,4.5653223670120315,230,0.5260869565217391,-0.10895508336758053,-0.25639600979020355,4.5638186489964765,4.274290091843591,0.5030198446937014,0.46987951807228917,0.02060136236695478,-0.2691090470798077,0.021324724594688038,0.05620743844944992,0.0021625117354284254,0.16015396371222718,NOT_ROBUST,ctx_ema20_above_ema50,,,,,,,,,,,,,,,,,,1,,,,,,,,,,,,,,,,,,
DOWN,60,1,,1103,0.5475974614687217,0.39775820185173455,0.24085659287781114,4.964357468053242,4.07425583520025,473,0.547568710359408,0.3848686104630406,0.5446575342465761,4.719974814685542,4.187994230501634,0.5422413793103448,0.5542168674698795,0.38960801213919577,0.5031174882824032,0.005356082158376907,-0.006648157110471509,0.00815018971253878,-0.11824887781936261,NOT_ROBUST,ctx_vol_spike_1p5,,,,,,,,,,,,,,,,,,,0,,,,,,,,,,,,,,,,,
DOWN,60,1,,57,0.45614035087719296,0.4173934577378037,-0.33103159656835823,6.257090465355556,4.1682302041620884,25,0.64,2.3174490705427013,1.2453319502076499,5.896682988696628,2.9973092755793966,0.5422413793103448,0.5542168674698795,0.38960801213919577,0.5031174882824032,-0.08610102843315182,0.08578313253012049,0.027785445598607905,1.8143315822602981,NOT_ROBUST,ctx_vol_spike_1p5,,,,,,,,,,,,,,,,,,,1,,,,,,,,,,,,,,,,,
UP,60,1,,1073,0.5004659832246039,-0.019368285288230445,0.1993606509734627,4.458315062481286,4.640427081032083,460,0.45652173913043476,-0.3921330805684433,-0.4801654338917237,4.155693600001476,4.699833710142053,0.5030198446937014,0.46987951807228917,0.02060136236695478,-0.2691090470798077,-0.002553861469097529,-0.013357778941854415,-0.03996964765518522,-0.12302403348863561,NOT_ROBUST,ctx_vol_spike_1p5,,,,,,,,,,,,,,,,,,,0,,,,,,,,,,,,,,,,,
UP,60,1,,86,0.5232558139534884,0.6590121756389591,0.8276825464453943,5.103008980368129,4.1747874206006115,38,0.6578947368421053,0.9039214107463426,1.3570774665406775,5.761551971775656,3.7861057022434856,0.5030198446937014,0.46987951807228917,0.02060136236695478,-0.2691090470798077,0.02023596925978699,0.18801521876981614,0.6384108132720043,1.1730304578261503,NOT_ROBUST,ctx_vol_spike_1p5,,,,,,,,,,,,,,,,,,,1,,,,,,,,,,,,,,,,,
DOWN,60,1,,1145,0.5406113537117904,0.3603329326860906,0.2252309652756183,4.964671811715815,4.103919310765419,491,0.5519348268839104,0.4966415616135178,0.589999999999899,4.808162363398219,4.162808386815624,0.5422413793103448,0.5542168674698795,0.38960801213919577,0.5031174882824032,-0.0016300255985544077,-0.0022820405859691473,-0.029275079453105146,-0.006475926668885412,NOT_ROBUST,ctx_vol_spike_2p0,,,,,,,,,,,,,,,,,,,,0,,,,,,,,,,,,,,,,
DOWN,60,1,,15,0.6666666666666666,3.198334449455653,3.574324324324413,8.741830099854642,2.057329052527651,7,0.7142857142857143,-0.2727754533631402,1.2453319502076499,5.117315644388313,1.937263748440413,0.5422413793103448,0.5542168674698795,0.38960801213919577,0.5031174882824032,0.12442528735632186,0.16006884681583478,2.8087264373164573,-0.7758929416455433,NOT_ROBUST,ctx_vol_spike_2p0,,,,,,,,,,,,,,,,,,,,1,,,,,,,,,,,,,,,,
UP,60,1,,1128,0.49822695035460995,-0.028145590216583617,0.21702032326324366,4.486127029126233,4.675940894419253,484,0.4690082644628099,-0.27403313387955486,-0.3839171362813217,4.213537202126705,4.623224989876329,0.5030198446937014,0.46987951807228917,0.02060136236695478,-0.2691090470798077,-0.004792894339091469,-0.0008712536094792611,-0.048746952583538394,-0.004924086799747152,NOT_ROBUST,ctx_vol_spike_2p0,,,,,,,,,,,,,,,,,,,,0,,,,,,,,,,,,,,,,
UP,60,1,,31,0.6129032258064516,0.09794570521433762,-0.5680628272250066,5.1544144538635015,3.5562175411332144,14,0.6428571428571429,3.657472802708771,2.814545009865401,6.692765894910624,1.5471808349632028,0.5030198446937014,0.46987951807228917,0.02060136236695478,-0.2691090470798077,0.1098833811127502,0.17297762478485373,0.07734434284738284,3.9265818497885787,NOT_ROBUST,ctx_vol_spike_2p0,,,,,,,,,,,,,,,,,,,,1,,,,,,,,,,,,,,,,
DOWN,60,1,,259,0.4942084942084942,0.08705101290321142,0.014314928425236286,4.762596012651995,4.193576791045351,112,0.5357142857142857,0.18138545815205612,0.47334196623835256,4.547130350504797,4.247188099269409,0.5422413793103448,0.5542168674698795,0.38960801213919577,0.5031174882824032,-0.04803288510185055,-0.018502581755593828,-0.30255699923598434,-0.3217320301303471,NOT_ROBUST,ctx_vol_ratio_bucket,,,,,,,,,,,,,,,,,,,,,Q1_LOW,,,,,,,,,,,,,,,
DOWN,60,1,,308,0.5616883116883117,0.8724135879055513,0.6707300890600216,4.950904457317435,3.7590717794071344,132,0.5681818181818182,1.0775074830153035,0.6357383247982862,5.138044783663515,3.67894373242493,0.5422413793103448,0.5542168674698795,0.38960801213919577,0.5031174882824032,0.019446932377966908,0.013964950711938706,0.4828055757663556,0.5743899947329003,NOT_ROBUST,ctx_vol_ratio_bucket,,,,,,,,,,,,,,,,,,,,,Q2,,,,,,,,,,,,,,,
DOWN,60,1,,310,0.5741935483870968,0.7339412978451989,0.43844318845546687,5.112306149382574,4.069479400169485,133,0.5639097744360902,-0.04412193483646356,0.45877763328972665,4.699250817680836,4.5884065734606,0.5422413793103448,0.5542168674698795,0.38960801213919577,0.5031174882824032,0.031952169076752024,0.009692906966210724,0.34433328570600313,-0.5472394231188668,NOT_ROBUST,ctx_vol_ratio_bucket,,,,,,,,,,,,,,,,,,,,,Q3,,,,,,,,,,,,,,,
DOWN,60,1,,282,0.5319148936170213,-0.19649287127884923,-0.388795037232185,5.1812584489667035,4.273575589099848,121,0.5371900826446281,0.6677708917881522,0.4312517502097889,4.847133726494809,4.161520833340312,0.5422413793103448,0.5542168674698795,0.38960801213919577,0.5031174882824032,-0.010326485693323506,-0.01702678482525144,-0.586100883418045,0.16465340350574897,NOT_ROBUST,ctx_vol_ratio_bucket,,,,,,,,,,,,,,,,,,,,,Q4_HIGH,,,,,,,,,,,,,,,
DOWN,60,1,,0,,,,,,1,1.0,1.6591735537190253,1.6591735537190253,8.980826446280874,1.622148760330629,0.5422413793103448,0.5542168674698795,0.38960801213919577,0.5031174882824032,,0.4457831325301205,,1.156056065436622,NOT_ROBUST,ctx_vol_ratio_bucket,,,,,,,,,,,,,,,,,,,,,UNKNOWN,,,,,,,,,,,,,,,
UP,60,1,,264,0.4583333333333333,-0.19428979929496354,-0.3276538494279593,4.510750748898052,4.812061611620381,114,0.4649122807017544,-0.2425226505971258,-0.6305260746240471,4.3059511994372945,4.725167972620017,0.5030198446937014,0.46987951807228917,0.02060136236695478,-0.2691090470798077,-0.04468651136036811,-0.004967237370534783,-0.21489116166191832,0.026586396482681907,NOT_ROBUST,ctx_vol_ratio_bucket,,,,,,,,,,,,,,,,,,,,,Q1_LOW,,,,,,,,,,,,,,,
UP,60,1,,291,0.5120274914089347,0.12653422898475325,0.4173946069124402,4.279102831921703,4.381112162202503,126,0.49206349206349204,-0.79506070165561,-0.468596436885373,3.919868372349998,4.88120228265438,0.5030198446937014,0.46987951807228917,0.02060136236695478,-0.2691090470798077,0.009007646715233242,0.022183973991202866,0.10593286661779847,-0.5259516545758023,NOT_ROBUST,ctx_vol_ratio_bucket,,,,,,,,,,,,,,,,,,,,,Q2,,,,,,,,,,,,,,,
UP,60,1,,287,0.5226480836236934,-0.09229272385726071,0.24268258027871628,4.197545333317816,4.448024738151135,124,0.45161290322580644,0.09607440011305104,-0.10455483427772488,4.468173138522069,4.570242407649829,0.5030198446937014,0.46987951807228917,0.02060136236695478,-0.2691090470798077,0.019628238929991992,-0.01826661484648273,-0.1128940862242155,0.3651834471928588,NOT_ROBUST,ctx_vol_ratio_bucket,,,,,,,,,,,,,,,,,,,,,Q3,,,,,,,,,,,,,,,
UP,60,1,,315,0.5079365079365079,0.16655721133649742,0.4665451705284282,4.88544445865861,4.672958525718081,135,0.4888888888888889,-0.017585560424178293,-0.2976860537838139,4.689719037105045,4.589696354783741,0.5030198446937014,0.46987951807228917,0.02060136236695478,-0.2691090470798077,0.004916663242806485,0.019009370816599702,0.14595584896954264,0.2515234866556294,NOT_ROBUST,ctx_vol_ratio_bucket,,,,,,,,,,,,,,,,,,,,,Q4_HIGH,,,,,,,,,,,,,,,
UP,60,1,,0,,,,,,1,0.0,-3.3597342871744353,-3.3597342871744353,1.5738375063873138,10.132856412876965,0.5030198446937014,0.46987951807228917,0.02060136236695478,-0.2691090470798077,,-0.46987951807228917,,-3.0906252400946275,NOT_ROBUST,ctx_vol_ratio_bucket,,,,,,,,,,,,,,,,,,,,,UNKNOWN,,,,,,,,,,,,,,,
DOWN,60,1,,279,0.5161290322580645,0.16099767627642328,0.0741176470589394,5.720229535845039,5.002920866747236,120,0.575,0.6887148721489419,1.3681059549528833,5.847066608560562,5.0670220071533265,0.5422413793103448,0.5542168674698795,0.38960801213919577,0.5031174882824032,-0.02611234705228027,0.02078313253012043,-0.2286103358627725,0.18559738386653868,NOT_ROBUST,ctx_ATR_Z_bucket,,,,,,,,,,,,,,,,,,,,,,Q1_LOW,,,,,,,,,,,,,,
DOWN,60,1,,277,0.5270758122743683,0.4716098235491366,0.42424242424254316,5.056114492409582,4.205660088687367,120,0.5833333333333334,0.13500033150769408,0.09286498815250394,4.73495175427162,4.002198759948562,0.5422413793103448,0.5542168674698795,0.38960801213919577,0.5031174882824032,-0.01516556703597649,0.029116465863453844,0.08200181140994084,-0.36811715677470913,NOT_ROBUST,ctx_ATR_Z_bucket,,,,,,,,,,,,,,,,,,,,,,Q2,,,,,,,,,,,,,,
DOWN,60,1,,305,0.5606557377049181,0.6280834759566489,0.5568297285529105,4.823960909281532,3.606842750084793,131,0.549618320610687,0.6072046374112088,0.45877763328972665,4.263052330407386,3.8243197627802616,0.5422413793103448,0.5542168674698795,0.38960801213919577,0.5031174882824032,0.018414358394573282,-0.004598546859192476,0.23847546381745316,0.10408714912880557,NOT_ROBUST,ctx_ATR_Z_bucket,,,,,,,,,,,,,,,,,,,,,,Q3,,,,,,,,,,,,,,
DOWN,60,1,,295,0.5491525423728814,0.20419998373064702,0.013361966117858653,4.405654077697351,3.5318849295120867,127,0.5433070866141733,0.7438810927949739,0.5784895215500608,4.708330304891545,3.7930598184590973,0.5422413793103448,0.5542168674698795,0.38960801213919577,0.5031174882824032,0.006911163062536585,-0.010909780855706264,-0.18540802840854875,0.24076360451257073,NOT_ROBUST,ctx_ATR_Z_bucket,,,,,,,,,,,,,,,,,,,,,,Q4_HIGH,,,,,,,,,,,,,,
DOWN,60,1,,2,1.0,2.058765193855154,2.058765193855154,6.5118458232531085,1.5283144628875753,2,0.0,-0.9204930188923044,-0.9204930188923044,2.7790607554511073,5.251922281272233,0.5422413793103448,0.5542168674698795,0.38960801213919577,0.5031174882824032,0.4577586206896552,-0.5542168674698795,1.669157181715958,-1.4236105071747076,NOT_ROBUST,ctx_ATR_Z_bucket,,,,,,,,,,,,,,,,,,,,,,UNKNOWN,,,,,,,,,,,,,,
UP,60,1,,270,0.48518518518518516,0.2211293996013635,0.02745722466833922,5.384823104456813,5.511399918496006,116,0.4827586206896552,0.34803162791523784,-0.5920835163914728,5.043614405717186,4.877165981436371,0.5030198446937014,0.46987951807228917,0.02060136236695478,-0.2691090470798077,-0.01783465950851626,0.012879102617366023,0.2005280372344087,0.6171406749950455,NOT_ROBUST,ctx_ATR_Z_bucket,,,,,,,,,,,,,,,,,,,,,,Q1_LOW,,,,,,,,,,,,,,
UP,60,1,,301,0.5083056478405316,-0.2767217736240556,0.24384027187783464,4.670092619215114,4.838182083807279,129,0.4496124031007752,-0.7171123998733303,-0.546341463414738,4.268985936460442,4.809461820237089,0.5030198446937014,0.46987951807228917,0.02060136236695478,-0.2691090470798077,0.005285803146830137,-0.020267114971513955,-0.29732313599101035,-0.4480033527935226,NOT_ROBUST,ctx_ATR_Z_bucket,,,,,,,,,,,,,,,,,,,,,,Q2,,,,,,,,,,,,,,
UP,60,1,,281,0.498220640569395,-0.35335454311307957,-0.11484374999977774,4.152706207592323,4.539204026781256,121,0.47107438016528924,-0.7744233911968342,-0.4851242562131698,3.7241003358624853,4.8008733377948305,0.5030198446937014,0.46987951807228917,0.02060136236695478,-0.2691090470798077,-0.0047992041243064,0.0011948620930000708,-0.3739559054800343,-0.5053143441170265,NOT_ROBUST,ctx_ATR_Z_bucket,,,,,,,,,,,,,,,,,,,,,,Q3,,,,,,,,,,,,,,
UP,60,1,,304,0.5197368421052632,0.5286234934208932,0.5898783919291195,3.9981051587769385,3.637130090869014,131,0.46564885496183206,-0.003086834288389401,-0.020245842372097183,3.9052628105123857,4.081092580040199,0.5030198446937014,0.46987951807228917,0.02060136236695478,-0.2691090470798077,0.01671699741156174,-0.004230663110457111,0.5080221310539385,0.2660222127914183,NOT_ROBUST,ctx_ATR_Z_bucket,,,,,,,,,,,,,,,,,,,,,,Q4_HIGH,,,,,,,,,,,,,,
UP,60,1,,2,0.5,-2.190071225219861,-2.190071225219861,2.3685514062548054,6.139132288071097,2,1.0,1.3328264716902205,1.3328264716902205,4.276603798964119,2.2259700041314434,0.5030198446937014,0.46987951807228917,0.02060136236695478,-0.2691090470798077,-0.0030198446937014234,0.5301204819277108,-2.210672587586816,1.6019355187700282,NOT_ROBUST,ctx_ATR_Z_bucket,,,,,,,,,,,,,,,,,,,,,,UNKNOWN,,,,,,,,,,,,,,
DOWN,60,1,,251,0.5059760956175299,0.13314844809377052,0.21404056162236226,5.586172255569011,4.883324934047231,109,0.5596330275229358,-0.045717583839585976,1.1793611793610475,5.359522922653778,5.323712217484531,0.5422413793103448,0.5542168674698795,0.38960801213919577,0.5031174882824032,-0.0362652836928149,0.005416160053056229,-0.25645956404542525,-0.5488350721219892,NOT_ROBUST,ctx_BB_Width_Z_bucket,,,,,,,,,,,,,,,,,,,,,,,Q1_LOW,,,,,,,,,,,,,
DOWN,60,1,,292,0.5513698630136986,0.21370342491949323,0.39867307763981286,5.1479313222595735,4.278548377087664,126,0.5238095238095238,0.19362510566015978,0.14937126382302718,4.57475730110751,4.039392100217587,0.5422413793103448,0.5542168674698795,0.38960801213919577,0.5031174882824032,0.00912848370335384,-0.03040734366035569,-0.17590458721970254,-0.30949238262224343,NOT_ROBUST,ctx_BB_Width_Z_bucket,,,,,,,,,,,,,,,,,,,,,,,Q2,,,,,,,,,,,,,
DOWN,60,1,,303,0.528052805280528,0.646775920555886,0.013361966117858653,4.909820145643721,3.9056802212612354,130,0.5769230769230769,0.8282381715369092,0.7094429758803196,4.970769677289852,3.7758505671203015,0.5422413793103448,0.5542168674698795,0.38960801213919577,0.5031174882824032,-0.01418857402981677,0.022706209453197346,0.2571679084166902,0.32512068325450594,NOT_ROBUST,ctx_BB_Width_Z_bucket,,,,,,,,,,,,,,,,,,,,,,,Q3,,,,,,,,,,,,,
DOWN,60,1,,310,0.5741935483870968,0.5125800008182853,0.23085198099935061,4.548069256425632,3.4186946923116937,133,0.5639097744360902,0.9206179337713108,0.6474204758087868,4.391083911790695,3.5745194061537746,0.5422413793103448,0.5542168674698795,0.38960801213919577,0.5031174882824032,0.031952169076752024,0.009692906966210724,0.12297198867908948,0.41750044548890763,NOT_ROBUST,ctx_BB_Width_Z_bucket,,,,,,,,,,,,,,,,,,,,,,,Q4_HIGH,,,,,,,,,,,,,
DOWN,60,1,,2,1.0,2.058765193855154,2.058765193855154,6.5118458232531085,1.5283144628875753,2,0.0,-0.9204930188923044,-0.9204930188923044,2.7790607554511073,5.251922281272233,0.5422413793103448,0.5542168674698795,0.38960801213919577,0.5031174882824032,0.4577586206896552,-0.5542168674698795,1.669157181715958,-1.4236105071747076,NOT_ROBUST,ctx_BB_Width_Z_bucket,,,,,,,,,,,,,,,,,,,,,,,UNKNOWN,,,,,,,,,,,,,
UP,60,1,,283,0.49469964664310956,0.23438530457860435,0.24384027187783464,5.192242759010432,5.0554179699975785,122,0.45901639344262296,-1.090588213406403,-1.2302240627249117,4.529476624650379,5.2347230580430555,0.5030198446937014,0.46987951807228917,0.02060136236695478,-0.2691090470798077,-0.008320198050591865,-0.01086312462966621,0.21378394221164956,-0.8214791663265955,NOT_ROBUST,ctx_BB_Width_Z_bucket,,,,,,,,,,,,,,,,,,,,,,,Q1_LOW,,,,,,,,,,,,,
UP,60,1,,268,0.4664179104477612,-0.4593931394860434,-0.08397699175930334,4.330358732738512,5.122900366583699,115,0.4782608695652174,0.20164296454556288,-0.5319415448851368,5.0859544691031005,4.747176240759414,0.5030198446937014,0.46987951807228917,0.02060136236695478,-0.2691090470798077,-0.036601934245940215,0.008381351492928235,-0.47999450185299813,0.4707520116253706,NOT_ROBUST,ctx_BB_Width_Z_bucket,,,,,,,,,,,,,,,,,,,,,,,Q2,,,,,,,,,,,,,
UP,60,1,,289,0.532871972318339,-0.18025938728087254,0.0887652947719239,4.532088368735413,4.4743011473641126,125,0.432,-0.25296428212747807,-0.1589296574092677,3.518562235634189,4.57846389551322,0.5030198446937014,0.46987951807228917,0.02060136236695478,-0.2691090470798077,0.029852127624637625,-0.037879518072289176,-0.20086074964782732,0.016144764952329638,NOT_ROBUST,ctx_BB_Width_Z_bucket,,,,,,,,,,,,,,,,,,,,,,,Q3,,,,,,,,,,,,,
UP,60,1,,315,0.5174603174603175,0.5511809393914827,0.5766531215366498,4.043997807911639,3.831837557680217,136,0.49264705882352944,-0.2329573042223417,-0.12631045306159053,4.0369387796525364,4.166789567399186,0.5030198446937014,0.46987951807228917,0.02060136236695478,-0.2691090470798077,0.014440472766616086,0.022767540751240267,0.530579577024528,0.036151742857466,NOT_ROBUST,ctx_BB_Width_Z_bucket,,,,,,,,,,,,,,,,,,,,,,,Q4_HIGH,,,,,,,,,,,,,
UP,60,1,,2,0.5,-2.190071225219861,-2.190071225219861,2.3685514062548054,6.139132288071097,2,1.0,1.3328264716902205,1.3328264716902205,4.276603798964119,2.2259700041314434,0.5030198446937014,0.46987951807228917,0.02060136236695478,-0.2691090470798077,-0.0030198446937014234,0.5301204819277108,-2.210672587586816,1.6019355187700282,NOT_ROBUST,ctx_BB_Width_Z_bucket,,,,,,,,,,,,,,,,,,,,,,,UNKNOWN,,,,,,,,,,,,,
DOWN,60,1,,269,0.5315985130111525,0.5269235053397595,0.1157671248183816,5.49316787643343,4.251735042774949,116,0.5431034482758621,0.414952482187643,1.0672421979814493,4.74473377831126,4.504820114670715,0.5422413793103448,0.5542168674698795,0.38960801213919577,0.5031174882824032,-0.01064286629919231,-0.011113419194017427,0.13731549320056374,-0.08816500609476019,NOT_ROBUST,ctx_ADX_bucket,,,,,,,,,,,,,,,,,,,,,,,,Q1_LOW,,,,,,,,,,,,
DOWN,60,1,,289,0.5467128027681661,0.1739920432160075,0.6921458625529813,5.096510857619601,4.41354576178109,125,0.568,0.842976857159196,1.1649928263987142,5.5201531171838525,4.755576587251365,0.5422413793103448,0.5542168674698795,0.38960801213919577,0.5031174882824032,0.004471423457821366,0.013783132530120423,-0.21561596892318827,0.3398593688767928,NOT_ROBUST,ctx_ADX_bucket,,,,,,,,,,,,,,,,,,,,,,,,Q2,,,,,,,,,,,,
DOWN,60,1,,282,0.549645390070922,0.3205790284744767,0.30673883846553673,4.969305537750572,4.05890102663008,122,0.5819672131147541,0.8374364797078171,0.7094429758803196,5.170341276836948,3.820193321749635,0.5422413793103448,0.5542168674698795,0.38960801213919577,0.5031174882824032,0.007404010760577173,0.027750345644874552,-0.06902898366471905,0.3343189914254139,NOT_ROBUST,ctx_ADX_bucket,,,,,,,,,,,,,,,,,,,,,,,,Q3,,,,,,,,,,,,
DOWN,60,1,,318,0.5220125786163522,0.32249949321547905,-0.20081858605707031,4.407053240497382,3.686375041956519,137,0.5693430656934306,0.45138473974407156,0.28613744075851866,4.2903271781678,3.4172898854389966,0.5422413793103448,0.5542168674698795,0.38960801213919577,0.5031174882824032,-0.020228800693992577,0.015126198223551102,-0.06710851892371672,-0.05173274853833165,NOT_ROBUST,ctx_ADX_bucket,,,,,,,,,,,,,,,,,,,,,,,,Q4_HIGH,,,,,,,,,,,,
UP,60,1,,284,0.4788732394366197,-0.03578618816122537,-0.27725964928218444,4.9889001710235,5.162676758489218,123,0.5284552845528455,-0.5052065207490924,-0.6314152410580653,4.888603914343803,4.878486238932055,0.5030198446937014,0.46987951807228917,0.02060136236695478,-0.2691090470798077,-0.024146605257081732,0.058575766480556346,-0.05638755052818015,-0.23609747366928474,NOT_ROBUST,ctx_ADX_bucket,,,,,,,,,,,,,,,,,,,,,,,,Q1_LOW,,,,,,,,,,,,
UP,60,1,,277,0.49097472924187724,-0.015707872142947905,0.542635658914744,4.619601903739689,4.79544424360808,119,0.37815126050420167,-0.806099966621316,-0.849199663015914,4.2547904017007365,5.2676994403305795,0.5030198446937014,0.46987951807228917,0.02060136236695478,-0.2691090470798077,-0.012045115451824184,-0.0917282575680875,-0.036309234509902685,-0.5369909195415083,NOT_ROBUST,ctx_ADX_bucket,,,,,,,,,,,,,,,,,,,,,,,,Q2,,,,,,,,,,,,
UP,60,1,,305,0.5180327868852459,0.19251175886562766,0.12262773722635499,4.459881764026814,4.365848365675751,131,0.5648854961832062,0.5744013993120307,0.867521367521301,4.447461219433944,3.931788579537895,0.5030198446937014,0.46987951807228917,0.02060136236695478,-0.2691090470798077,0.015012942191544476,0.09500597811091699,0.17191039649867287,0.8435104463918384,NOT_ROBUST,ctx_ADX_bucket,,,,,,,,,,,,,,,,,,,,,,,,Q3,,,,,,,,,,,,
UP,60,1,,292,0.5136986301369864,-0.12434716482155646,0.3291751321124583,3.931447777679561,4.176443968417443,126,0.42063492063492064,-0.27946006346811175,-0.35231522325351794,3.63673842263915,4.415773885419486,0.5030198446937014,0.46987951807228917,0.02060136236695478,-0.2691090470798077,0.010678785443284933,-0.04924459743736853,-0.14494852718851123,-0.010351016388304046,NOT_ROBUST,ctx_ADX_bucket,,,,,,,,,,,,,,,,,,,,,,,,Q4_HIGH,,,,,,,,,,,,
DOWN,60,1,,312,0.5705128205128205,0.9053804749269997,0.27183950711899363,5.690065116187706,3.724420756761771,134,0.5373134328358209,0.33924294752541034,0.1131795234619592,4.8928321109147435,3.9894372658856434,0.5422413793103448,0.5542168674698795,0.38960801213919577,0.5031174882824032,0.02827144120247571,-0.016903434634058634,0.515772462787804,-0.16387454075699287,NOT_ROBUST,ctx_RSI_bucket,,,,,,,,,,,,,,,,,,,,,,,,,Q1_LOW,,,,,,,,,,,
DOWN,60,1,,299,0.5351170568561873,0.24080628095453335,0.24085659287781114,4.870592908387556,4.1239226548560755,129,0.5736434108527132,0.6413265221509202,0.589999999999899,4.817131274579404,4.140085146156628,0.5422413793103448,0.5542168674698795,0.38960801213919577,0.5031174882824032,-0.007124322454157506,0.019426543382833672,-0.14880173118466242,0.13820903386851702,NOT_ROBUST,ctx_RSI_bucket,,,,,,,,,,,,,,,,,,,,,,,,,Q2,,,,,,,,,,,
DOWN,60,1,,290,0.5137931034482759,0.40401491454168764,0.20515278046852012,5.0925629710106355,4.551947012333982,125,0.592,0.30317511678847475,1.1649928263987142,4.971417130464607,4.378139762548146,0.5422413793103448,0.5542168674698795,0.38960801213919577,0.5031174882824032,-0.028448275862068884,0.037783132530120445,0.014406902402491872,-0.19994237149392846,NOT_ROBUST,ctx_RSI_bucket,,,,,,,,,,,,,,,,,,,,,,,,,Q3,,,,,,,,,,,
DOWN,60,1,,257,0.5408560311284046,-0.047151310261944114,0.3298275136723654,4.255714896714435,3.9685040309184014,111,0.5225225225225225,0.6777102622121858,0.45877763328972665,4.528636170332046,3.9167549079605397,0.5422413793103448,0.5542168674698795,0.38960801213919577,0.5031174882824032,-0.001385348181940138,-0.03169434494735701,-0.4367593224011399,0.17459277392978256,NOT_ROBUST,ctx_RSI_bucket,,,,,,,,,,,,,,,,,,,,,,,,,Q4_HIGH,,,,,,,,,,,
DOWN,60,1,,0,,,,,,1,1.0,1.6591735537190253,1.6591735537190253,8.980826446280874,1.622148760330629,0.5422413793103448,0.5542168674698795,0.38960801213919577,0.5031174882824032,,0.4457831325301205,,1.156056065436622,NOT_ROBUST,ctx_RSI_bucket,,,,,,,,,,,,,,,,,,,,,,,,,UNKNOWN,,,,,,,,,,,
UP,60,1,,242,0.49173553719008267,-0.04699347715821602,0.32744920720796583,3.8819530200521166,4.6469305818784,105,0.3523809523809524,-1.1570288510460598,-0.5464222353635155,3.0293980591499707,5.261664289035114,0.5030198446937014,0.46987951807228917,0.02060136236695478,-0.2691090470798077,-0.011284307503618751,-0.11749856569133676,-0.0675948395251708,-0.8879198039662521,NOT_ROBUST,ctx_RSI_bucket,,,,,,,,,,,,,,,,,,,,,,,,,Q1_LOW,,,,,,,,,,,
UP,60,1,,296,0.47635135135135137,-0.30102848443263625,-0.025187265981119672,4.3642570970266465,4.888313059931391,127,0.4645669291338583,0.10527667945222677,-0.2950672645741485,4.318396555981238,4.4626806349269215,0.5030198446937014,0.46987951807228917,0.02060136236695478,-0.2691090470798077,-0.026668493342350053,-0.0053125889384308955,-0.321629846799591,0.3743857265320345,NOT_ROBUST,ctx_RSI_bucket,,,,,,,,,,,,,,,,,,,,,,,,,Q2,,,,,,,,,,,
UP,60,1,,294,0.47959183673469385,-0.1081972530119926,0.19427688440921834,4.632110720101165,4.89378030823739,127,0.4566929133858268,-1.047353503909077,-1.1170895750533592,4.315567725816216,5.2328176780804485,0.5030198446937014,0.46987951807228917,0.02060136236695478,-0.2691090470798077,-0.02342800795900757,-0.013186604686462378,-0.12879861537894738,-0.7782444568292695,NOT_ROBUST,ctx_RSI_bucket,,,,,,,,,,,,,,,,,,,,,,,,,Q3,,,,,,,,,,,
UP,60,1,,325,0.563076923076923,0.6265858254896682,0.6530223702998766,5.062734770353154,3.9358431081115017,140,0.5642857142857143,0.449990327545138,-0.10455483427772488,4.9895191723557515,4.004652283170573,0.5030198446937014,0.46987951807228917,0.02060136236695478,-0.2691090470798077,0.06005707838322161,0.09440619621342511,0.6059844631227135,0.7190993746249457,ROBUST_POSITIVE,ctx_RSI_bucket,,,,,,,,,,,,,,,,,,,,,,,,,Q4_HIGH,,,,,,,,,,,
UP,60,1,,0,,,,,,1,0.0,-3.3597342871744353,-3.3597342871744353,1.5738375063873138,10.132856412876965,0.5030198446937014,0.46987951807228917,0.02060136236695478,-0.2691090470798077,,-0.46987951807228917,,-3.0906252400946275,NOT_ROBUST,ctx_RSI_bucket,,,,,,,,,,,,,,,,,,,,,,,,,UNKNOWN,,,,,,,,,,,
DOWN,60,1,,277,0.5090252707581228,0.14516578961540988,0.08043408873297649,4.413282375118683,4.08294480648908,119,0.5378151260504201,-0.39633768590202567,0.270670505964509,4.400775234092525,5.111336591855635,0.5422413793103448,0.5542168674698795,0.38960801213919577,0.5031174882824032,-0.03321610855222201,-0.01640174141945938,-0.2444422225237859,-0.8994551741844289,NOT_ROBUST,ctx_range_atr_bucket,,,,,,,,,,,,,,,,,,,,,,,,,,Q1_LOW,,,,,,,,,,
DOWN,60,1,,277,0.5126353790613718,0.3669814145715238,0.08016657990628225,4.713575827643164,3.9548093568760345,119,0.5462184873949579,0.955243334994481,0.7048054919905147,4.66865524697432,3.600627193692444,0.5422413793103448,0.5542168674698795,0.38960801213919577,0.5031174882824032,-0.029606000248972975,-0.007998380074921596,-0.02262659756767199,0.4521258467120778,NOT_ROBUST,ctx_range_atr_bucket,,,,,,,,,,,,,,,,,,,,,,,,,,Q2,,,,,,,,,,
DOWN,60,1,,287,0.5714285714285714,0.9981328277236712,0.72262773722609,5.52225405926733,4.188162456833939,123,0.5691056910569106,0.4238254180443253,0.8888186986735184,4.614725813894103,3.952547815690905,0.5422413793103448,0.5542168674698795,0.38960801213919577,0.5031174882824032,0.029187192118226624,0.01488882358703103,0.6085248155844754,-0.07929207023807794,NOT_ROBUST,ctx_range_atr_bucket,,,,,,,,,,,,,,,,,,,,,,,,,,Q3,,,,,,,,,,
DOWN,60,1,,318,0.5691823899371069,0.16916064868107128,-0.03660148605870436,5.45295111645652,4.090883024491029,137,0.5620437956204379,0.7304842892983624,0.6229143492771312,5.17800134920826,3.8939909493263882,0.5422413793103448,0.5542168674698795,0.38960801213919577,0.5031174882824032,0.02694101062676213,0.00782692815055841,-0.2204473634581245,0.22736680101595919,NOT_ROBUST,ctx_range_atr_bucket,,,,,,,,,,,,,,,,,,,,,,,,,,Q4_HIGH,,,,,,,,,,
DOWN,60,1,,0,,,,,,1,1.0,1.6591735537190253,1.6591735537190253,8.980826446280874,1.622148760330629,0.5422413793103448,0.5542168674698795,0.38960801213919577,0.5031174882824032,,0.4457831325301205,,1.156056065436622,NOT_ROBUST,ctx_range_atr_bucket,,,,,,,,,,,,,,,,,,,,,,,,,,UNKNOWN,,,,,,,,,,
UP,60,1,,247,0.4777327935222672,-0.2714838560452201,-0.3308239230447788,4.294333906184089,4.507094921263462,106,0.41509433962264153,-0.3851141286065479,-0.56994646742036,3.86877293689232,4.692376127309432,0.5030198446937014,0.46987951807228917,0.02060136236695478,-0.2691090470798077,-0.025287051171434205,-0.05478517844964764,-0.29208521841217483,-0.11600508152674022,NOT_ROBUST,ctx_range_atr_bucket,,,,,,,,,,,,,,,,,,,,,,,,,,Q1_LOW,,,,,,,,,,
UP,60,1,,292,0.4486301369863014,-0.5834163410383015,-0.6081228890554853,4.183685234280578,5.305633648144349,126,0.49206349206349204,-0.232172333186177,-0.18252945536328768,4.091125153169393,4.477338314397893,0.5030198446937014,0.46987951807228917,0.02060136236695478,-0.2691090470798077,-0.05438970770740004,0.022183973991202866,-0.6040177034052563,0.03693671389363071,NOT_ROBUST,ctx_range_atr_bucket,,,,,,,,,,,,,,,,,,,,,,,,,,Q2,,,,,,,,,,
UP,60,1,,274,0.5218978102189781,0.22722157214628896,0.6600961985148472,4.381539751899785,4.416708317999073,118,0.4576271186440678,-0.4769045835950019,-0.25639600979020355,3.7900012581755727,4.939388540987715,0.5030198446937014,0.46987951807228917,0.02060136236695478,-0.2691090470798077,0.018877965525276652,-0.012252399428221372,0.20662020977933418,-0.20779553651519417,NOT_ROBUST,ctx_range_atr_bucket,,,,,,,,,,,,,,,,,,,,,,,,,,Q3,,,,,,,,,,
UP,60,1,,345,0.5478260869565217,0.4139351977460282,0.7129488574538012,5.019277773340583,4.292531652312469,148,0.5135135135135135,0.35080196174718825,-0.3389179332589191,5.164147916491606,4.296549514334733,0.5030198446937014,0.46987951807228917,0.02060136236695478,-0.2691090470798077,0.04480624226282026,0.043633995441224316,0.39333383537907346,0.6199110088269959,ROBUST_POSITIVE,ctx_range_atr_bucket,,,,,,,,,,,,,,,,,,,,,,,,,,Q4_HIGH,,,,,,,,,,
UP,60,1,,0,,,,,,1,0.0,-3.3597342871744353,-3.3597342871744353,1.5738375063873138,10.132856412876965,0.5030198446937014,0.46987951807228917,0.02060136236695478,-0.2691090470798077,,-0.46987951807228917,,-3.0906252400946275,NOT_ROBUST,ctx_range_atr_bucket,,,,,,,,,,,,,,,,,,,,,,,,,,UNKNOWN,,,,,,,,,,
DOWN,60,1,,283,0.4558303886925795,-0.03719433821045408,-0.7775061124695059,4.312449231778137,4.2708077479829845,122,0.5163934426229508,-0.455997595719866,0.3335318649879674,4.374473363378201,5.036664776941106,0.5422413793103448,0.5542168674698795,0.38960801213919577,0.5031174882824032,-0.08641099061776525,-0.03782342484692869,-0.42680235034964986,-0.9591150840022692,ROBUST_NEGATIVE,ctx_body_atr_bucket,,,,,,,,,,,,,,,,,,,,,,,,,,,Q1_LOW,,,,,,,,,
DOWN,60,1,,274,0.5109489051094891,-0.0966719470779114,0.40328922182435856,4.377906597168239,4.384253482660188,118,0.5423728813559322,0.8326839828870662,1.3150771233043497,4.589449785859203,4.058671247963028,0.5422413793103448,0.5542168674698795,0.38960801213919577,0.5031174882824032,-0.03129247420085568,-0.011843986113947325,-0.48627995921710715,0.32956649460466303,NOT_ROBUST,ctx_body_atr_bucket,,,,,,,,,,,,,,,,,,,,,,,,,,,Q2,,,,,,,,,
DOWN,60,1,,274,0.5802919708029197,0.9574081073842261,0.7364818127609425,5.5137246479973365,3.941989660992504,118,0.5423728813559322,0.7378908188482725,0.38297954369513143,4.747774188247919,3.8521752458375262,0.5422413793103448,0.5542168674698795,0.38960801213919577,0.5031174882824032,0.03805059149257495,-0.011843986113947325,0.5678000952450304,0.23477333056586924,NOT_ROBUST,ctx_body_atr_bucket,,,,,,,,,,,,,,,,,,,,,,,,,,,Q3,,,,,,,,,
DOWN,60,1,,327,0.6055045871559633,0.6574909128872373,0.41625893865257263,5.671386501268676,3.784483981869126,141,0.6170212765957447,0.9278529861059588,0.6485623003194413,5.550163974788443,3.6185581337094725,0.5422413793103448,0.5542168674698795,0.38960801213919577,0.5031174882824032,0.06326320784561856,0.06280440912586516,0.2678829007480415,0.4247354978235556,ROBUST_POSITIVE,ctx_body_atr_bucket,,,,,,,,,,,,,,,,,,,,,,,,,,,Q4_HIGH,,,,,,,,,
DOWN,60,1,,0,,,,,,1,1.0,1.6591735537190253,1.6591735537190253,8.980826446280874,1.622148760330629,0.5422413793103448,0.5542168674698795,0.38960801213919577,0.5031174882824032,,0.4457831325301205,,1.156056065436622,NOT_ROBUST,ctx_body_atr_bucket,,,,,,,,,,,,,,,,,,,,,,,,,,,UNKNOWN,,,,,,,,,
UP,60,1,,270,0.4444444444444444,-0.7486948927124213,-0.40479737714209485,4.16483045570077,5.6397669953980545,117,0.4444444444444444,-0.308526599313379,-0.38768445982861904,3.7971719266834314,4.229577811636889,0.5030198446937014,0.46987951807228917,0.02060136236695478,-0.2691090470798077,-0.058575400249257004,-0.02543507362784475,-0.769296255079376,-0.039417552233571296,NOT_ROBUST,ctx_body_atr_bucket,,,,,,,,,,,,,,,,,,,,,,,,,,,Q1_LOW,,,,,,,,,
UP,60,1,,277,0.4259927797833935,-0.32803628955117703,-0.5310767435075507,3.9271194108689937,4.582541044779975,119,0.4369747899159664,-0.7659215226572366,-0.6269302038294788,3.7803557681036235,5.18696648707242,0.5030198446937014,0.46987951807228917,0.02060136236695478,-0.2691090470798077,-0.07702706491030792,-0.03290472815632278,-0.3486376519181318,-0.49681247557742886,ROBUST_NEGATIVE,ctx_body_atr_bucket,,,,,,,,,,,,,,,,,,,,,,,,,,,Q2,,,,,,,,,
UP,60,1,,261,0.5019157088122606,0.11523827264673098,0.1950578338589928,4.283014703786978,4.410312473401044,113,0.5398230088495575,0.47863544126515245,0.38241758241753004,5.0631499031367015,4.465781859955709,0.5030198446937014,0.46987951807228917,0.02060136236695478,-0.2691090470798077,-0.0011041358814408708,0.0699434907772683,0.09463691027977619,0.7477444883449602,NOT_ROBUST,ctx_body_atr_bucket,,,,,,,,,,,,,,,,,,,,,,,,,,,Q3,,,,,,,,,
UP,60,1,,349,0.6045845272206304,0.7981937889886533,1.060606060605941,5.366678901829309,3.9822919181029026,150,0.48,-0.32837514668107987,-0.4636376145639269,4.547957084122378,4.560781892143705,0.5030198446937014,0.46987951807228917,0.02060136236695478,-0.2691090470798077,0.10156468252692896,0.010120481927710812,0.7775924266216986,-0.05926609960127216,NOT_ROBUST,ctx_body_atr_bucket,,,,,,,,,,,,,,,,,,,,,,,,,,,Q4_HIGH,,,,,,,,,
UP,60,1,,0,,,,,,1,0.0,-3.3597342871744353,-3.3597342871744353,1.5738375063873138,10.132856412876965,0.5030198446937014,0.46987951807228917,0.02060136236695478,-0.2691090470798077,,-0.46987951807228917,,-3.0906252400946275,NOT_ROBUST,ctx_body_atr_bucket,,,,,,,,,,,,,,,,,,,,,,,,,,,UNKNOWN,,,,,,,,,
DOWN,60,1,,304,0.5197368421052632,-0.013735048761066874,0.24476788959303838,4.710257127707697,4.377155712676632,131,0.6106870229007634,0.9907351972208964,1.1649928263987142,5.366218084798378,3.8362694309672416,0.5422413793103448,0.5542168674698795,0.38960801213919577,0.5031174882824032,-0.02250453720508161,0.05647015543088385,-0.4033430609002626,0.4876177089384932,NOT_ROBUST,ctx_spread_z_bucket,,,,,,,,,,,,,,,,,,,,,,,,,,,,Q1_LOW,,,,,,,,
DOWN,60,1,,255,0.5372549019607843,0.023435728275972255,0.24085659287781114,4.5554801787630845,4.123850895996265,110,0.5,0.5289913111059995,0.8534295059323993,4.350094330387256,3.699060402653309,0.5422413793103448,0.5542168674698795,0.38960801213919577,0.5031174882824032,-0.004986477349560481,-0.054216867469879526,-0.36617228386322354,0.025873822823596293,NOT_ROBUST,ctx_spread_z_bucket,,,,,,,,,,,,,,,,,,,,,,,,,,,,Q2,,,,,,,,
DOWN,60,1,,311,0.5852090032154341,1.1871678014433438,0.5601851851852397,5.775235621496126,3.762187768559547,134,0.5522388059701493,0.1893702277321661,0.6761129838996507,4.801686526080095,4.753111898243152,0.5422413793103448,0.5542168674698795,0.38960801213919577,0.5031174882824032,0.04296762390508935,-0.0019780614997302326,0.797559789304148,-0.3137472605502371,NOT_ROBUST,ctx_spread_z_bucket,,,,,,,,,,,,,,,,,,,,,,,,,,,,Q3,,,,,,,,
DOWN,60,1,,286,0.5174825174825175,0.36676838182659166,-0.25853444167966705,4.968128153258522,4.157563563645137,123,0.5609756097560976,0.08914385352989246,-0.03578732106336348,4.538734229458405,3.9518781530172853,0.5422413793103448,0.5542168674698795,0.38960801213919577,0.5031174882824032,-0.024758861827827272,0.006758742286218089,-0.02283963031260411,-0.41397363475251076,NOT_ROBUST,ctx_spread_z_bucket,,,,,,,,,,,,,,,,,,,,,,,,,,,,Q4_HIGH,,,,,,,,
DOWN,60,1,,2,1.0,2.058765193855154,2.058765193855154,6.5118458232531085,1.5283144628875753,2,0.0,-0.9204930188923044,-0.9204930188923044,2.7790607554511073,5.251922281272233,0.5422413793103448,0.5542168674698795,0.38960801213919577,0.5031174882824032,0.4577586206896552,-0.5542168674698795,1.669157181715958,-1.4236105071747076,NOT_ROBUST,ctx_spread_z_bucket,,,,,,,,,,,,,,,,,,,,,,,,,,,,UNKNOWN,,,,,,,,
UP,60,1,,287,0.5261324041811847,0.10867984480178776,0.324607329842936,4.957996722223218,4.9211178924751655,123,0.5040650406504065,0.3613474493757104,-0.13239929947482762,4.460073307214975,4.2033431558078655,0.5030198446937014,0.46987951807228917,0.02060136236695478,-0.2691090470798077,0.023112559487483253,0.0341855225781173,0.08807848243483297,0.6304564964555182,NOT_ROBUST,ctx_spread_z_bucket,,,,,,,,,,,,,,,,,,,,,,,,,,,,Q1_LOW,,,,,,,,
UP,60,1,,270,0.5037037037037037,0.16715554172695932,0.5049237027533854,4.398838625255611,4.3331797425543135,117,0.4188034188034188,-1.7084634104047127,-1.38538622129431,3.1868317874075642,4.93959672636694,0.5030198446937014,0.46987951807228917,0.02060136236695478,-0.2691090470798077,0.0006838590100022301,-0.051076099268870356,0.14655417936000453,-1.439354363324905,NOT_ROBUST,ctx_spread_z_bucket,,,,,,,,,,,,,,,,,,,,,,,,,,,,Q2,,,,,,,,
UP,60,1,,314,0.4968152866242038,-0.45883739657527295,0.1816176631237678,4.008323818267545,4.715867741144931,135,0.4,-0.47944290047431,-0.18764568764534303,4.147619853372456,4.8419627889070185,0.5030198446937014,0.46987951807228917,0.02060136236695478,-0.2691090470798077,-0.006204558069497601,-0.06987951807228915,-0.4794387589422277,-0.21033385339450228,NOT_ROBUST,ctx_spread_z_bucket,,,,,,,,,,,,,,,,,,,,,,,,,,,,Q3,,,,,,,,
UP,60,1,,284,0.4964788732394366,0.46295056984975097,-0.0025811724707894583,4.935222760621967,4.536741967277268,123,0.5284552845528455,0.39039273427399007,-0.2494956287826661,4.777830143924066,4.285607627457181,0.5030198446937014,0.46987951807228917,0.02060136236695478,-0.2691090470798077,-0.006540971454264799,0.058575766480556346,0.4423492074827962,0.6595017813537978,NOT_ROBUST,ctx_spread_z_bucket,,,,,,,,,,,,,,,,,,,,,,,,,,,,Q4_HIGH,,,,,,,,
UP,60,1,,2,0.5,-2.190071225219861,-2.190071225219861,2.3685514062548054,6.139132288071097,2,1.0,1.3328264716902205,1.3328264716902205,4.276603798964119,2.2259700041314434,0.5030198446937014,0.46987951807228917,0.02060136236695478,-0.2691090470798077,-0.0030198446937014234,0.5301204819277108,-2.210672587586816,1.6019355187700282,NOT_ROBUST,ctx_spread_z_bucket,,,,,,,,,,,,,,,,,,,,,,,,,,,,UNKNOWN,,,,,,,,
DOWN,60,1,,242,0.5619834710743802,1.0508031361794743,-0.10918171340762424,5.436744272293911,3.354729644207438,104,0.5576923076923077,1.0735298109226563,1.0077702112800133,4.974527083236239,3.8258316118480025,0.5422413793103448,0.5542168674698795,0.38960801213919577,0.5031174882824032,0.019742091764035408,0.0034754402224281833,0.6611951240402785,0.5704123226402531,NOT_ROBUST,ctx_ema20_slope_5_bucket,,,,,,,,,,,,,,,,,,,,,,,,,,,,,Q1_LOW,,,,,,,
DOWN,60,1,,254,0.5511811023622047,-0.03798589730846912,0.48539481836949366,5.165405217008768,4.589164449681909,110,0.5545454545454546,0.34929085862492565,0.41330559112236487,4.731060837716889,4.129982377515168,0.5422413793103448,0.5542168674698795,0.38960801213919577,0.5031174882824032,0.008939723051859971,0.0003285870755750375,-0.4275939094476649,-0.15382662965747756,NOT_ROBUST,ctx_ema20_slope_5_bucket,,,,,,,,,,,,,,,,,,,,,,,,,,,,,Q2,,,,,,,
DOWN,60,1,,281,0.5195729537366548,0.6076055313071745,0.334707337180474,5.565793808810918,4.5059873198023395,121,0.5289256198347108,-0.20512911137232362,0.27821149751594326,4.626345141528805,5.185594545074943,0.5422413793103448,0.5542168674698795,0.38960801213919577,0.5031174882824032,-0.022668425573689976,-0.025291247635168768,0.21799751916797877,-0.7082465996547268,NOT_ROBUST,ctx_ema20_slope_5_bucket,,,,,,,,,,,,,,,,,,,,,,,,,,,,,Q3,,,,,,,
DOWN,60,1,,381,0.5354330708661418,-0.01956026288465401,0.1257758902319933,4.193912127323501,3.931149269697305,164,0.5792682926829268,1.022314159795082,0.6807504677894556,4.9768041992286705,3.442933049817546,0.5422413793103448,0.5542168674698795,0.38960801213919577,0.5031174882824032,-0.006808308444202993,0.025051425213047263,-0.4091682750238498,0.5191966715126788,NOT_ROBUST,ctx_ema20_slope_5_bucket,,,,,,,,,,,,,,,,,,,,,,,,,,,,,Q4_HIGH,,,,,,,
DOWN,60,1,,0,,,,,,1,1.0,1.6591735537190253,1.6591735537190253,8.980826446280874,1.622148760330629,0.5422413793103448,0.5542168674698795,0.38960801213919577,0.5031174882824032,,0.4457831325301205,,1.156056065436622,NOT_ROBUST,ctx_ema20_slope_5_bucket,,,,,,,,,,,,,,,,,,,,,,,,,,,,,UNKNOWN,,,,,,,
UP,60,1,,358,0.505586592178771,-0.216077963100867,0.4525712824527337,3.865446822465649,4.632219359902995,154,0.42207792207792205,-0.12389004198115829,-0.26639272300729944,3.789435487642682,4.450557567728845,0.5030198446937014,0.46987951807228917,0.02060136236695478,-0.2691090470798077,0.002566747485069576,-0.04780159599436712,-0.23667932546782178,0.14521900509864943,NOT_ROBUST,ctx_ema20_slope_5_bucket,,,,,,,,,,,,,,,,,,,,,,,,,,,,,Q1_LOW,,,,,,,
UP,60,1,,286,0.47202797202797203,0.1885582624521123,-0.3799021972219945,4.826399998115247,4.650594805852762,123,0.45528455284552843,-0.7613537306546423,-1.134461264470461,4.137361866412809,5.015417907783983,0.5030198446937014,0.46987951807228917,0.02060136236695478,-0.2691090470798077,-0.030991872665729392,-0.014594965226760737,0.1679569000851575,-0.4922446835748346,NOT_ROBUST,ctx_ema20_slope_5_bucket,,,,,,,,,,,,,,,,,,,,,,,,,,,,,Q2,,,,,,,
UP,60,1,,270,0.48518518518518516,-0.40038569375020266,-0.19365621027364477,4.8833694025882215,5.331794401466926,117,0.42735042735042733,-1.0627531479496213,-0.8402585410891014,4.254465035000609,5.603295531705466,0.5030198446937014,0.46987951807228917,0.02060136236695478,-0.2691090470798077,-0.01783465950851626,-0.04252909072186184,-0.4209870561171574,-0.7936441008698136,NOT_ROBUST,ctx_ema20_slope_5_bucket,,,,,,,,,,,,,,,,,,,,,,,,,,,,,Q3,,,,,,,
UP,60,1,,243,0.5473251028806584,0.4912323040960809,0.5483377913642237,4.664616530624613,3.847094683527119,105,0.6285714285714286,1.3566765392044686,0.867521367521301,5.1922107282929755,2.982587199497758,0.5030198446937014,0.46987951807228917,0.02060136236695478,-0.2691090470798077,0.044305258186956964,0.1586919104991394,0.4706309417291261,1.6257855862842763,ROBUST_POSITIVE,ctx_ema20_slope_5_bucket,,,,,,,,,,,,,,,,,,,,,,,,,,,,,Q4_HIGH,,,,,,,
UP,60,1,,0,,,,,,1,0.0,-3.3597342871744353,-3.3597342871744353,1.5738375063873138,10.132856412876965,0.5030198446937014,0.46987951807228917,0.02060136236695478,-0.2691090470798077,,-0.46987951807228917,,-3.0906252400946275,NOT_ROBUST,ctx_ema20_slope_5_bucket,,,,,,,,,,,,,,,,,,,,,,,,,,,,,UNKNOWN,,,,,,,
DOWN,60,1,,257,0.5447470817120622,0.7527218828228355,-0.08941605839417455,4.961880489845029,3.3526383977380503,111,0.5405405405405406,0.7126385615394123,0.589999999999899,4.666496864677605,3.778255821301339,0.5422413793103448,0.5542168674698795,0.38960801213919577,0.5031174882824032,0.0025057024017174356,-0.013676326929338956,0.3631138706836397,0.20952107325700908,NOT_ROBUST,ctx_ema50_slope_5_bucket,,,,,,,,,,,,,,,,,,,,,,,,,,,,,,Q1_LOW,,,,,,
DOWN,60,1,,264,0.5757575757575758,0.6906099803279062,0.568261459920739,5.823215945298236,4.304765615556949,114,0.5526315789473685,0.06748655976730344,0.013208811003972747,4.657161368918129,4.108156609019008,0.5422413793103448,0.5542168674698795,0.38960801213919577,0.5031174882824032,0.03351619644723103,-0.0015852885225110525,0.30100196818871044,-0.43563092851509977,NOT_ROBUST,ctx_ema50_slope_5_bucket,,,,,,,,,,,,,,,,,,,,,,,,,,,,,,Q2,,,,,,
DOWN,60,1,,303,0.5082508250825083,0.4190297710737823,0.334707337180474,5.249611058241299,4.436047095406151,130,0.6076923076923076,0.6188145232789131,1.4484438181717438,5.337643672224229,4.856481248439971,0.5422413793103448,0.5542168674698795,0.38960801213919577,0.5031174882824032,-0.03399055422783648,0.05347544022242812,0.02942175893458654,0.11569703499650985,NOT_ROBUST,ctx_ema50_slope_5_bucket,,,,,,,,,,,,,,,,,,,,,,,,,,,,,,Q3,,,,,,
DOWN,60,1,,334,0.5389221556886228,-0.16756822805561808,0.1516155619879131,4.215676738743645,4.167631968471288,144,0.5277777777777778,0.6029694608678001,0.608043210387391,4.5092574801663945,3.6977000835176614,0.5422413793103448,0.5542168674698795,0.38960801213919577,0.5031174882824032,-0.0033192236217219895,-0.026439089692101736,-0.5571762401948138,0.09985197258539691,NOT_ROBUST,ctx_ema50_slope_5_bucket,,,,,,,,,,,,,,,,,,,,,,,,,,,,,,Q4_HIGH,,,,,,
DOWN,60,1,,0,,,,,,1,1.0,1.6591735537190253,1.6591735537190253,8.980826446280874,1.622148760330629,0.5422413793103448,0.5542168674698795,0.38960801213919577,0.5031174882824032,,0.4457831325301205,,1.156056065436622,NOT_ROBUST,ctx_ema50_slope_5_bucket,,,,,,,,,,,,,,,,,,,,,,,,,,,,,,UNKNOWN,,,,,,
UP,60,1,,343,0.47230320699708456,-0.3495676434323567,0.33374293438198055,3.646465491846744,4.680746334987437,148,0.39864864864864863,-0.2325667632523337,-0.17564139799065087,3.652860860429514,4.635187533934155,0.5030198446937014,0.46987951807228917,0.02060136236695478,-0.2691090470798077,-0.030716637696616866,-0.07123086942364054,-0.37016900579931145,0.036542283827474015,NOT_ROBUST,ctx_ema50_slope_5_bucket,,,,,,,,,,,,,,,,,,,,,,,,,,,,,,Q1_LOW,,,,,,
UP,60,1,,288,0.5,-0.003889696822954875,0.20244161254174325,4.98451105316774,5.071880760461332,124,0.4838709677419355,-0.05452069554997758,-0.6342184788534713,4.258525795898563,4.3743348045483925,0.5030198446937014,0.46987951807228917,0.02060136236695478,-0.2691090470798077,-0.0030198446937014234,0.013991449669646328,-0.024491059189909656,0.21458835152983013,NOT_ROBUST,ctx_ema50_slope_5_bucket,,,,,,,,,,,,,,,,,,,,,,,,,,,,,,Q2,,,,,,
UP,60,1,,289,0.4809688581314879,-0.29988584116612216,-0.28992628992636366,4.713929020174568,4.8042715483642295,124,0.46774193548387094,-1.5160536973497254,-0.8264741912331133,4.550236298949178,5.801080771842924,0.5030198446937014,0.46987951807228917,0.02060136236695478,-0.2691090470798077,-0.022050986562213548,-0.00213758258841823,-0.3204872035330769,-1.2469446502699177,NOT_ROBUST,ctx_ema50_slope_5_bucket,,,,,,,,,,,,,,,,,,,,,,,,,,,,,,Q3,,,,,,
UP,60,1,,237,0.569620253164557,0.9784306418324972,0.7840696950839541,4.906287496526878,3.6949986698852584,103,0.5825242718446602,0.953324212336467,-0.01667162846083576,4.925365535418398,3.454044101052395,0.5030198446937014,0.46987951807228917,0.02060136236695478,-0.2691090470798077,0.06660040847085558,0.11264475377237099,0.9578292794655424,1.2224332594162748,ROBUST_POSITIVE,ctx_ema50_slope_5_bucket,,,,,,,,,,,,,,,,,,,,,,,,,,,,,,Q4_HIGH,,,,,,
UP,60,1,,0,,,,,,1,0.0,-3.3597342871744353,-3.3597342871744353,1.5738375063873138,10.132856412876965,0.5030198446937014,0.46987951807228917,0.02060136236695478,-0.2691090470798077,,-0.46987951807228917,,-3.0906252400946275,NOT_ROBUST,ctx_ema50_slope_5_bucket,,,,,,,,,,,,,,,,,,,,,,,,,,,,,,UNKNOWN,,,,,,
DOWN,60,1,,315,0.5873015873015873,0.9202213960652458,0.15454545454552737,5.710876648382546,3.620467430730837,135,0.5333333333333333,0.5545763149272767,0.4312517502097889,4.873285837813658,4.036454236366928,0.5422413793103448,0.5542168674698795,0.38960801213919577,0.5031174882824032,0.04506020799124255,-0.0208835341365462,0.5306133839260501,0.051458826644873445,NOT_ROBUST,ctx_dist_ema20_atr_bucket,,,,,,,,,,,,,,,,,,,,,,,,,,,,,,,Q1_LOW,,,,,
DOWN,60,1,,308,0.5097402597402597,0.18327249885806993,0.23304377907671472,4.819624942087277,4.24247763290777,132,0.6212121212121212,0.731025040314118,0.6357383247982862,5.0769669655948455,3.917383179839352,0.5422413793103448,0.5542168674698795,0.38960801213919577,0.5031174882824032,-0.03250111957008506,0.06699525374224169,-0.20633551328112584,0.22790755203171476,NOT_ROBUST,ctx_dist_ema20_atr_bucket,,,,,,,,,,,,,,,,,,,,,,,,,,,,,,,Q2,,,,,
DOWN,60,1,,293,0.5324232081911263,0.5946310753510696,0.3731037310370826,5.1599001274918885,4.343983456886183,126,0.5158730158730159,-0.6202100749954784,-0.4584437495885649,4.682131470080076,5.108300561831073,0.5422413793103448,0.5542168674698795,0.38960801213919577,0.5031174882824032,-0.009818171119218455,-0.0383438515968636,0.20502306321187386,-1.1233275632778816,NOT_ROBUST,ctx_dist_ema20_atr_bucket,,,,,,,,,,,,,,,,,,,,,,,,,,,,,,,Q3,,,,,
DOWN,60,1,,243,0.5349794238683128,-0.016243504486099025,0.1257758902319933,4.131484169784835,3.9281681188282747,105,0.5428571428571428,0.8669008419865706,0.6474204758087868,4.630009234244907,3.862866973540655,0.5422413793103448,0.5542168674698795,0.38960801213919577,0.5031174882824032,-0.007261955442032009,-0.01135972461273671,-0.4058515166252948,0.36378335370416737,NOT_ROBUST,ctx_dist_ema20_atr_bucket,,,,,,,,,,,,,,,,,,,,,,,,,,,,,,,Q4_HIGH,,,,,
DOWN,60,1,,0,,,,,,1,1.0,1.6591735537190253,1.6591735537190253,8.980826446280874,1.622148760330629,0.5422413793103448,0.5542168674698795,0.38960801213919577,0.5031174882824032,,0.4457831325301205,,1.156056065436622,NOT_ROBUST,ctx_dist_ema20_atr_bucket,,,,,,,,,,,,,,,,,,,,,,,,,,,,,,,UNKNOWN,,,,,
UP,60,1,,229,0.49344978165938863,-0.008438258238519283,0.33374293438198055,3.975478708484272,4.78235856264204,99,0.35353535353535354,-1.2312804769373447,-0.6297935103241694,3.056254931016367,5.130738531547054,0.5030198446937014,0.46987951807228917,0.02060136236695478,-0.2691090470798077,-0.009570063034312792,-0.11634416453693563,-0.029039620605474062,-0.962171429857537,NOT_ROBUST,ctx_dist_ema20_atr_bucket,,,,,,,,,,,,,,,,,,,,,,,,,,,,,,,Q1_LOW,,,,,
UP,60,1,,301,0.48172757475083056,-0.37035970545263996,-0.20160234591820678,4.290965394516575,4.852370286774235,130,0.45384615384615384,0.09006441665043763,-0.25639600979020355,4.301985774258535,4.526165327436684,0.5030198446937014,0.46987951807228917,0.02060136236695478,-0.2691090470798077,-0.021292269942870867,-0.016033364226135327,-0.3909610678195947,0.35917346373024533,NOT_ROBUST,ctx_dist_ema20_atr_bucket,,,,,,,,,,,,,,,,,,,,,,,,,,,,,,,Q2,,,,,
UP,60,1,,289,0.45674740484429066,-0.28482783197129896,-0.11484374999977774,4.3843010130160005,4.787956307895889,124,0.4838709677419355,-0.10826484810918989,-0.5956976195538266,4.465371413642101,4.462089868405123,0.5030198446937014,0.46987951807228917,0.02060136236695478,-0.2691090470798077,-0.04627243984941076,0.013991449669646328,-0.3054291943382537,0.1608441989706178,NOT_ROBUST,ctx_dist_ema20_atr_bucket,,,,,,,,,,,,,,,,,,,,,,,,,,,,,,,Q3,,,,,
UP,60,1,,338,0.5650887573964497,0.5293674947800208,0.7096629360848743,5.078406481643987,4.135452575052456,146,0.5616438356164384,0.23036510085229106,-0.0957436531476629,5.140767069248741,4.431527271718639,0.5030198446937014,0.46987951807228917,0.02060136236695478,-0.2691090470798077,0.06206891270274828,0.09176431754414921,0.508766132413066,0.49947414793209877,ROBUST_POSITIVE,ctx_dist_ema20_atr_bucket,,,,,,,,,,,,,,,,,,,,,,,,,,,,,,,Q4_HIGH,,,,,
UP,60,1,,0,,,,,,1,0.0,-3.3597342871744353,-3.3597342871744353,1.5738375063873138,10.132856412876965,0.5030198446937014,0.46987951807228917,0.02060136236695478,-0.2691090470798077,,-0.46987951807228917,,-3.0906252400946275,NOT_ROBUST,ctx_dist_ema20_atr_bucket,,,,,,,,,,,,,,,,,,,,,,,,,,,,,,,UNKNOWN,,,,,
DOWN,60,1,,311,0.5852090032154341,1.0907429277826544,0.15454545454552737,5.593081582259138,3.538631948855335,134,0.5223880597014925,0.4187241740039019,0.3747593332488538,4.728227160128038,3.7432630826434328,0.5422413793103448,0.5542168674698795,0.38960801213919577,0.5031174882824032,0.04296762390508935,-0.031828807768387035,0.7011349156434585,-0.08439331427850133,NOT_ROBUST,ctx_dist_ema50_atr_bucket,,,,,,,,,,,,,,,,,,,,,,,,,,,,,,,,Q1_LOW,,,,
DOWN,60,1,,278,0.5143884892086331,0.03551352827067535,-0.13530701754390367,5.278880777898209,4.561149245699923,120,0.6083333333333333,0.16062579082307302,0.1258270519263252,4.765380580670992,4.35114914260249,0.5422413793103448,0.5542168674698795,0.38960801213919577,0.5031174882824032,-0.027852890101711658,0.054116465863453755,-0.35409448386852044,-0.34249169745933017,NOT_ROBUST,ctx_dist_ema50_atr_bucket,,,,,,,,,,,,,,,,,,,,,,,,,,,,,,,,Q2,,,,
DOWN,60,1,,294,0.5408163265306123,0.7016554724392788,0.7236913718086533,4.9976380831119664,4.072402397884792,127,0.5433070866141733,0.48016490984834975,0.6474204758087868,4.86911274506598,4.579332553608615,0.5422413793103448,0.5542168674698795,0.38960801213919577,0.5031174882824032,-0.001425052779732483,-0.010909780855706264,0.31204746030008307,-0.02295257843405346,NOT_ROBUST,ctx_dist_ema50_atr_bucket,,,,,,,,,,,,,,,,,,,,,,,,,,,,,,,,Q3,,,,
DOWN,60,1,,275,0.5163636363636364,-0.3559338390593109,-0.024842716567114034,4.098151619912883,4.251309106146555,118,0.559322033898305,0.9065664183971363,1.2802753657833486,4.883430774534562,3.7754613725229675,0.5422413793103448,0.5542168674698795,0.38960801213919577,0.5031174882824032,-0.025877742946708415,0.005105166428425512,-0.7455418511985067,0.40344893011473304,NOT_ROBUST,ctx_dist_ema50_atr_bucket,,,,,,,,,,,,,,,,,,,,,,,,,,,,,,,,Q4_HIGH,,,,
DOWN,60,1,,0,,,,,,1,1.0,1.6591735537190253,1.6591735537190253,8.980826446280874,1.622148760330629,0.5422413793103448,0.5542168674698795,0.38960801213919577,0.5031174882824032,,0.4457831325301205,,1.156056065436622,NOT_ROBUST,ctx_dist_ema50_atr_bucket,,,,,,,,,,,,,,,,,,,,,,,,,,,,,,,,UNKNOWN,,,,
UP,60,1,,265,0.4679245283018868,-0.11142519155147444,0.290396927016801,3.772700727448198,4.6786442939001285,114,0.34210526315789475,-1.1153348492368125,-0.5701941642596502,3.0534317555824995,5.1022796431715,0.5030198446937014,0.46987951807228917,0.02060136236695478,-0.2691090470798077,-0.035095316391814624,-0.12777425491439443,-0.1320265539184292,-0.8462258021570048,ROBUST_NEGATIVE,ctx_dist_ema50_atr_bucket,,,,,,,,,,,,,,,,,,,,,,,,,,,,,,,,Q1_LOW,,,,
UP,60,1,,287,0.5052264808362369,-0.21363914763055442,0.3170381020848893,4.539856013607021,5.150658279645217,123,0.5121951219512195,0.6466473273636569,0.38241758241753004,4.651185059932952,4.243000218383757,0.5030198446937014,0.46987951807228917,0.02060136236695478,-0.2691090470798077,0.0022066361425354675,0.04231560387893035,-0.2342405099975092,0.9157563744434647,NOT_ROBUST,ctx_dist_ema50_atr_bucket,,,,,,,,,,,,,,,,,,,,,,,,,,,,,,,,Q2,,,,
UP,60,1,,293,0.43686006825938567,-0.5279976327788304,-0.5610423738092524,4.334081001876281,4.689407119626291,126,0.42857142857142855,-1.5029376353098338,-1.5003161537172773,4.051131554690553,5.464854040733676,0.5030198446937014,0.46987951807228917,0.02060136236695478,-0.2691090470798077,-0.06615977643431575,-0.04130808950086062,-0.5485989951457851,-1.2338285882300262,ROBUST_NEGATIVE,ctx_dist_ema50_atr_bucket,,,,,,,,,,,,,,,,,,,,,,,,,,,,,,,,Q3,,,,
UP,60,1,,313,0.5910543130990416,0.910814287959677,0.8078175895767095,5.271618813379405,3.9159273245655895,135,0.5851851851851851,0.6715677542589992,0.16121020546406312,5.173175396742122,3.8814142589656107,0.5030198446937014,0.46987951807228917,0.02060136236695478,-0.2691090470798077,0.08803446840534013,0.11530566711289597,0.8902129255927222,0.9406768013388069,ROBUST_POSITIVE,ctx_dist_ema50_atr_bucket,,,,,,,,,,,,,,,,,,,,,,,,,,,,,,,,Q4_HIGH,,,,
UP,60,1,,0,,,,,,1,0.0,-3.3597342871744353,-3.3597342871744353,1.5738375063873138,10.132856412876965,0.5030198446937014,0.46987951807228917,0.02060136236695478,-0.2691090470798077,,-0.46987951807228917,,-3.0906252400946275,NOT_ROBUST,ctx_dist_ema50_atr_bucket,,,,,,,,,,,,,,,,,,,,,,,,,,,,,,,,UNKNOWN,,,,
DOWN,60,1,,301,0.5813953488372093,0.8622144613134256,0.10902896081760802,5.481596468341192,3.555928992758948,129,0.5581395348837209,0.6215158327075926,0.7048054919905147,4.8189150171286945,3.8646321279348124,0.5422413793103448,0.5542168674698795,0.38960801213919577,0.5031174882824032,0.03915396952686456,0.003922667413841396,0.47260644917422984,0.11839834442518937,NOT_ROBUST,ctx_dist_donchian_high20_atr_bucket,,,,,,,,,,,,,,,,,,,,,,,,,,,,,,,,,Q1_LOW,,,
DOWN,60,1,,321,0.5233644859813084,0.1049278833961533,0.42424242424254316,4.779623328720259,4.353814549315852,138,0.572463768115942,-0.10524319918080843,0.22862133911655164,5.001984362059164,4.822135565762915,0.5422413793103448,0.5542168674698795,0.38960801213919577,0.5031174882824032,-0.018876893329036415,0.01824690064606249,-0.2846801287430425,-0.6083606874632117,NOT_ROBUST,ctx_dist_donchian_high20_atr_bucket,,,,,,,,,,,,,,,,,,,,,,,,,,,,,,,,,Q2,,,
DOWN,60,1,,364,0.510989010989011,0.13937904044261837,0.08406477143452896,4.825618824119596,4.314325662435321,157,0.535031847133758,0.6587968221874512,0.637596899224721,4.629131586406955,3.762798631468823,0.5422413793103448,0.5542168674698795,0.38960801213919577,0.5031174882824032,-0.03125236832133382,-0.019185020336121572,-0.25022897169657743,0.15567933390504796,NOT_ROBUST,ctx_dist_donchian_high20_atr_bucket,,,,,,,,,,,,,,,,,,,,,,,,,,,,,,,,,Q3,,,
DOWN,60,1,,172,0.5697674418604651,0.8071048928768836,0.6127522857340963,5.1752635189447975,3.9506498940026438,75,0.56,0.653215092735782,0.5784895215500608,4.449960512503876,4.1751747233909375,0.5422413793103448,0.5542168674698795,0.38960801213919577,0.5031174882824032,0.027526062550120356,0.005783132530120527,0.4174968807376878,0.15009760445337883,NOT_ROBUST,ctx_dist_donchian_high20_atr_bucket,,,,,,,,,,,,,,,,,,,,,,,,,,,,,,,,,Q4_HIGH,,,
DOWN,60,1,,0,,,,,,1,1.0,1.6591735537190253,1.6591735537190253,8.980826446280874,1.622148760330629,0.5422413793103448,0.5542168674698795,0.38960801213919577,0.5031174882824032,,0.4457831325301205,,1.156056065436622,NOT_ROBUST,ctx_dist_donchian_high20_atr_bucket,,,,,,,,,,,,,,,,,,,,,,,,,,,,,,,,,UNKNOWN,,,
UP,60,1,,265,0.4716981132075472,-0.38455939296683866,0.031116430159026813,3.8497354349842756,4.904668714140757,114,0.39473684210526316,-0.5017054771300359,-0.2891785409030406,3.555438152211183,4.766585025955996,0.5030198446937014,0.46987951807228917,0.02060136236695478,-0.2691090470798077,-0.03132173148615425,-0.075142675967026,-0.4051607553337934,-0.23259643005022818,ROBUST_NEGATIVE,ctx_dist_donchian_high20_atr_bucket,,,,,,,,,,,,,,,,,,,,,,,,,,,,,,,,,Q1_LOW,,,
UP,60,1,,271,0.4944649446494465,0.07175564198285869,0.3170381020848893,4.350829665957123,4.458705337825821,117,0.4358974358974359,-0.7249748955271111,-0.7590909090909825,4.0530014288419105,4.916971929518162,0.5030198446937014,0.46987951807228917,0.02060136236695478,-0.2691090470798077,-0.00855490004425491,-0.03398208217485327,0.05115427961590391,-0.45586584844730343,NOT_ROBUST,ctx_dist_donchian_high20_atr_bucket,,,,,,,,,,,,,,,,,,,,,,,,,,,,,,,,,Q2,,,
UP,60,1,,276,0.4855072463768116,0.1066664520653167,0.2162522182567961,4.749241093974734,4.696968076520744,119,0.5378151260504201,0.38416613189709375,0.403686087990222,4.324962908513119,4.028840500178896,0.5030198446937014,0.46987951807228917,0.02060136236695478,-0.2691090470798077,-0.017512598316889838,0.06793560797813097,0.08606508969836192,0.6532751789769015,NOT_ROBUST,ctx_dist_donchian_high20_atr_bucket,,,,,,,,,,,,,,,,,,,,,,,,,,,,,,,,,Q3,,,
UP,60,1,,345,0.5362318840579711,0.20373583113005841,0.5514223194749195,4.883850908273639,4.438725841644869,149,0.5302013422818792,-0.1862095104199151,-0.18764568764534303,5.117110671809126,4.6979480170308525,0.5030198446937014,0.46987951807228917,0.02060136236695478,-0.2691090470798077,0.03321203936426964,0.060321824209590036,0.18313446876310363,0.08289953665989261,NOT_ROBUST,ctx_dist_donchian_high20_atr_bucket,,,,,,,,,,,,,,,,,,,,,,,,,,,,,,,,,Q4_HIGH,,,
UP,60,1,,0,,,,,,1,0.0,-3.3597342871744353,-3.3597342871744353,1.5738375063873138,10.132856412876965,0.5030198446937014,0.46987951807228917,0.02060136236695478,-0.2691090470798077,,-0.46987951807228917,,-3.0906252400946275,NOT_ROBUST,ctx_dist_donchian_high20_atr_bucket,,,,,,,,,,,,,,,,,,,,,,,,,,,,,,,,,UNKNOWN,,,
DOWN,60,1,,336,0.5386904761904762,0.5189485263506612,0.05572031942408602,5.615791693119699,4.102099937302949,144,0.5416666666666666,0.4536044627034827,0.3747593332488538,4.888899391693481,4.062017853394991,0.5422413793103448,0.5542168674698795,0.38960801213919577,0.5031174882824032,-0.003550903119868609,-0.012550200803212896,0.12934051421146547,-0.04951302557892051,NOT_ROBUST,ctx_dist_donchian_low20_atr_bucket,,,,,,,,,,,,,,,,,,,,,,,,,,,,,,,,,,Q1_LOW,,
DOWN,60,1,,266,0.5714285714285714,0.6680219546121053,0.7145943300405939,5.033510994709744,3.896455522929355,115,0.5391304347826087,-0.31487904315170173,0.6485623003194413,4.707959711367775,5.154062116958447,0.5422413793103448,0.5542168674698795,0.38960801213919577,0.5031174882824032,0.029187192118226624,-0.015086432687270834,0.27841394247290957,-0.8179965314341049,NOT_ROBUST,ctx_dist_donchian_low20_atr_bucket,,,,,,,,,,,,,,,,,,,,,,,,,,,,,,,,,,Q2,,
DOWN,60,1,,263,0.5171102661596958,-0.2938825894301501,-0.07000000000005877,4.41160920561929,4.428443644106491,114,0.5526315789473685,0.4517098818439034,0.33621530531392463,4.535427404569327,3.9154549705810386,0.5422413793103448,0.5542168674698795,0.38960801213919577,0.5031174882824032,-0.025131113150648976,-0.0015852885225110525,-0.6834906015693458,-0.05140760643849979,NOT_ROBUST,ctx_dist_donchian_low20_atr_bucket,,,,,,,,,,,,,,,,,,,,,,,,,,,,,,,,,,Q3,,
DOWN,60,1,,293,0.5460750853242321,0.753872852466998,0.6076904930408549,4.931088916658633,3.8497412979760086,126,0.5714285714285714,0.9887427060474678,0.6425086875167538,4.84116642010688,3.6055393197954504,0.5422413793103448,0.5542168674698795,0.38960801213919577,0.5031174882824032,0.003833706013887328,0.01721170395869187,0.3642648403278022,0.4856252177650646,NOT_ROBUST,ctx_dist_donchian_low20_atr_bucket,,,,,,,,,,,,,,,,,,,,,,,,,,,,,,,,,,Q4_HIGH,,
DOWN,60,1,,0,,,,,,1,1.0,1.6591735537190253,1.6591735537190253,8.980826446280874,1.622148760330629,0.5422413793103448,0.5542168674698795,0.38960801213919577,0.5031174882824032,,0.4457831325301205,,1.156056065436622,NOT_ROBUST,ctx_dist_donchian_low20_atr_bucket,,,,,,,,,,,,,,,,,,,,,,,,,,,,,,,,,,UNKNOWN,,
UP,60,1,,181,0.425414364640884,-1.007182779198741,-0.2885181550540229,3.591706417977072,5.344581082023835,78,0.4358974358974359,-0.6994274370673493,-0.5881078728438425,3.4926811898450287,4.735675439625104,0.5030198446937014,0.46987951807228917,0.02060136236695478,-0.2691090470798077,-0.07760548005281742,-0.03398208217485327,-1.0277841415656959,-0.4303183899875416,ROBUST_NEGATIVE,ctx_dist_donchian_low20_atr_bucket,,,,,,,,,,,,,,,,,,,,,,,,,,,,,,,,,,Q1_LOW,,
UP,60,1,,366,0.4781420765027322,-0.17303873962680902,0.1816176631237678,4.334390422909549,4.929026278546344,157,0.4267515923566879,-0.5313655565053033,-0.4752066115702776,3.8093027886500916,4.47376529855095,0.5030198446937014,0.46987951807228917,0.02060136236695478,-0.2691090470798077,-0.024877768190969207,-0.043127925715601256,-0.1936401019937638,-0.26225650942549555,NOT_ROBUST,ctx_dist_donchian_low20_atr_bucket,,,,,,,,,,,,,,,,,,,,,,,,,,,,,,,,,,Q2,,
UP,60,1,,305,0.5278688524590164,0.48893761196482977,0.6818945246891681,5.043308765043117,4.260425658079716,132,0.45454545454545453,-0.32537227901112536,-0.15393364714684823,4.790523733198786,5.239425738945069,0.5030198446937014,0.46987951807228917,0.02060136236695478,-0.2691090470798077,0.024849007765314957,-0.01533406352683464,0.468336249597875,-0.05626323193131766,NOT_ROBUST,ctx_dist_donchian_low20_atr_bucket,,,,,,,,,,,,,,,,,,,,,,,,,,,,,,,,,,Q3,,
UP,60,1,,305,0.5409836065573771,0.3143976718946462,0.46849315068495484,4.646457460741454,4.188922748628892,132,0.5909090909090909,0.5663960702881004,-0.0957436531476629,4.976604311095374,3.9550041781241685,0.5030198446937014,0.46987951807228917,0.02060136236695478,-0.2691090470798077,0.03796376186367567,0.12102957283680177,0.2937963095276914,0.835505117367908,ROBUST_POSITIVE,ctx_dist_donchian_low20_atr_bucket,,,,,,,,,,,,,,,,,,,,,,,,,,,,,,,,,,Q4_HIGH,,
UP,60,1,,0,,,,,,1,0.0,-3.3597342871744353,-3.3597342871744353,1.5738375063873138,10.132856412876965,0.5030198446937014,0.46987951807228917,0.02060136236695478,-0.2691090470798077,,-0.46987951807228917,,-3.0906252400946275,NOT_ROBUST,ctx_dist_donchian_low20_atr_bucket,,,,,,,,,,,,,,,,,,,,,,,,,,,,,,,,,,UNKNOWN,,
DOWN,60,1,,1160,0.5422413793103448,0.38960801213919577,0.21963576344899027,5.008423475136366,4.047455227875181,498,0.5542168674698795,0.5031174882824032,0.6064571746385151,4.824366214243945,4.201404109326633,0.5422413793103448,0.5542168674698795,0.38960801213919577,0.5031174882824032,0.0,0.0,0.0,0.0,NOT_ROBUST,ctx_fvg_up_size_atr_bucket,,,,,,,,,,,,,,,,,,,,,,,,,,,,,,,,,,,UNKNOWN,
UP,60,1,,1159,0.5030198446937014,0.02060136236695478,0.24268258027871628,4.501758529372468,4.606724084220409,498,0.46987951807228917,-0.2691090470798077,-0.35924538317949867,4.288455280601491,4.628137120197229,0.5030198446937014,0.46987951807228917,0.02060136236695478,-0.2691090470798077,0.0,0.0,0.0,0.0,NOT_ROBUST,ctx_fvg_up_size_atr_bucket,,,,,,,,,,,,,,,,,,,,,,,,,,,,,,,,,,,UNKNOWN,
DOWN,60,1,,1160,0.5422413793103448,0.38960801213919577,0.21963576344899027,5.008423475136366,4.047455227875181,498,0.5542168674698795,0.5031174882824032,0.6064571746385151,4.824366214243945,4.201404109326633,0.5422413793103448,0.5542168674698795,0.38960801213919577,0.5031174882824032,0.0,0.0,0.0,0.0,NOT_ROBUST,ctx_fvg_dn_size_atr_bucket,,,,,,,,,,,,,,,,,,,,,,,,,,,,,,,,,,,,UNKNOWN
UP,60,1,,1159,0.5030198446937014,0.02060136236695478,0.24268258027871628,4.501758529372468,4.606724084220409,498,0.46987951807228917,-0.2691090470798077,-0.35924538317949867,4.288455280601491,4.628137120197229,0.5030198446937014,0.46987951807228917,0.02060136236695478,-0.2691090470798077,0.0,0.0,0.0,0.0,NOT_ROBUST,ctx_fvg_dn_size_atr_bucket,,,,,,,,,,,,,,,,,,,,,,,,,,,,,,,,,,,,UNKNOWN
