higher_tf_context,sample_size,false_breakout_rate,retest_rate,avg_quality,avg_breakout_atr,aligned_rate,near_obstacle_rate,avg_available_space_atr,success_rate_3,avg_mfe_3_atr,avg_mae_3_atr,avg_return_3_atr,success_rate_6,avg_mfe_6_atr,avg_mae_6_atr,avg_return_6_atr,success_rate_12,avg_mfe_12_atr,avg_mae_12_atr,avg_return_12_atr
NO_NEAR_HTF_ZONE,51,0.3333333333333333,0.49019607843137253,47.9340361222809,0.6198638502560612,0.0,0.0,,0.47058823529411764,0.9599590229378264,0.798027749790677,0.14396403633061397,0.5490196078431373,1.346098430413338,1.068585125674656,0.2993186747627373,0.5686274509803921,2.0709212175557012,2.037856117255227,0.10235099602197857
INSIDE_HTF_CANDLE_RANGE,45,0.4888888888888889,0.5777777777777777,49.3495501122907,0.46519297037118174,0.0,1.0,0.55619593097844,0.4222222222222222,0.6326199698064454,0.9094800260314945,-0.2417529257703393,0.4666666666666667,1.0175217148924294,1.2018185685755667,-0.11778787241912414,0.4888888888888889,1.7116593643430706,1.9236693919774348,-0.1220686299527972
STRUCTURAL_OBSTACLE_AHEAD,10,0.4,0.4,43.46640909386234,0.8358254252048274,0.0,1.0,0.6076902624153611,0.2,0.3934786360284936,1.086808172700992,-0.516336783397694,0.2,0.4897671258364763,2.0335430099292653,-1.438921052532575,0.1,0.7247039246671707,2.9315883677660244,-1.8329933196520307
HTF_ZONE_ALIGNMENT_CLEAR_SPACE,7,0.42857142857142855,0.7142857142857143,45.93944148858982,0.6198887883682687,1.0,0.0,,0.2857142857142857,0.7063035997425728,0.84882523225575,-0.23322525815144024,0.2857142857142857,0.7473124582004363,1.0931289189832494,-0.370977479977877,0.14285714285714285,0.8157615087974467,1.2802765446156994,-0.30030963200250155
ALIGNED_WITH_NEAR_OBSTACLE,1,0.0,0.0,36.496494984790694,0.27145183353299596,1.0,1.0,0.9695251207944252,0.0,0.7900350376792049,0.9446979815632313,0.01254023869340218,0.0,0.8234756741946906,0.9446979815632313,0.5726709003283579,0.0,0.9363378224345499,2.4411664656325467,-2.1109401800418404
RANGE_BOUNDARY_AHEAD,1,0.0,1.0,50.41258521730959,0.34609441860983775,0.0,1.0,0.2876743888700978,0.0,0.37607894144999127,0.24098262267659348,-0.1679575855019185,0.0,0.37607894144999127,0.6937378531599104,-0.628015319702703,0.0,0.37607894144999127,1.7599033959111614,-1.6430633364316813
