side,horizon_minutes,sample_size,success_rate,avg_return_atr,avg_mfe_atr,avg_mae_atr
DOWN,5,14598,0.5576791341279628,0.17278368117570989,1.405648870811535,1.0278501755270422
UP,5,14446,0.5391111726429462,0.12509063353578437,1.3437975049997573,1.0837071217823984
DOWN,15,5965,0.5456831517183571,0.20573336109971158,2.406519359999467,1.9486369938959593
UP,15,5934,0.5163464779238288,0.08111684740452169,2.284100568599694,2.1000420060558134
DOWN,30,3163,0.5460006323110971,0.2871889652594164,3.4591276294344686,2.8570937618819157
UP,30,3173,0.5048849669082887,0.0037057007594945117,3.20230219516479,3.132860740063201
DOWN,60,1658,0.5458383594692401,0.4237019319940312,4.9531396898984745,4.093695603606679
UP,60,1657,0.4930597465298733,-0.06646911675464305,4.437651699023677,4.613159625509762
