side,entry,stop,target,exit_price,pnl_points,pnl_r,mfe_points,mae_points,exit_reason,exit_time,signal_time,entry_time,fast,mid,slow,stop_atr,target_atr,max_hold_minutes,m15_mode,m5_mode,max_entry_candle_atr,max_distance_slow_atr
BUY,4128.89,4126.03404,4131.17477,4131.17477,2.28477,0.8,6.43,2.32,TARGET,2026-07-02 21:13:00,2026-07-02 21:09:00,2026-07-02 21:10:00,6,37,91,1.0,0.8,15,required,closed_all,1.2,1.2
BUY,4185.64,4182.01471,4188.54024,4188.54024,2.90024,0.8,4.02,1.32,TARGET,2026-07-05 22:28:00,2026-07-05 22:25:00,2026-07-05 22:26:00,6,37,91,1.0,0.8,15,required,closed_all,1.2,1.2
BUY,4187.16,4183.5908,4190.01536,4190.01536,2.85536,0.8,4.41,2.59,TARGET,2026-07-05 22:30:00,2026-07-05 22:26:00,2026-07-05 22:27:00,6,37,91,1.0,0.8,15,required,closed_all,1.2,1.2
BUY,4188.14,4184.57074,4190.99541,4190.99541,2.85541,0.8,3.43,2.27,TARGET,2026-07-05 22:30:00,2026-07-05 22:27:00,2026-07-05 22:28:00,6,37,91,1.0,0.8,15,required,closed_all,1.2,1.2
BUY,4127.19,4125.04332,4128.90735,4128.90735,1.71735,0.8,2.97,0.59,TARGET,2026-07-08 02:38:00,2026-07-08 02:36:00,2026-07-08 02:37:00,6,37,91,1.0,0.8,15,required,closed_all,1.2,1.2
BUY,4128.26,4126.14808,4129.94954,4129.94954,1.68954,0.8,1.9,1.34,TARGET,2026-07-08 02:38:00,2026-07-08 02:37:00,2026-07-08 02:38:00,6,37,91,1.0,0.8,15,required,closed_all,1.2,1.2
BUY,4185.64,4180.92712,4189.26529,4189.26529,3.62529,0.76923,4.02,1.32,TARGET,2026-07-05 22:28:00,2026-07-05 22:25:00,2026-07-05 22:26:00,3,34,62,1.3,1.0,15,required,closed_all,0.8,0.8
BUY,4187.16,4182.52004,4190.7292,4190.7292,3.5692,0.76923,4.41,2.59,TARGET,2026-07-05 22:30:00,2026-07-05 22:26:00,2026-07-05 22:27:00,3,34,62,1.3,1.0,15,required,closed_all,0.8,0.8
BUY,4128.26,4125.5145,4130.37192,4130.37192,2.11192,0.76923,2.82,1.7,TARGET,2026-07-08 02:42:00,2026-07-08 02:37:00,2026-07-08 02:38:00,3,34,62,1.3,1.0,15,required,closed_all,0.8,0.8
BUY,4128.02,4125.56569,4129.90793,4125.56569,-2.45431,-1.0,1.17,3.48,STOP,2026-07-08 03:02:00,2026-07-08 02:56:00,2026-07-08 02:57:00,3,34,62,1.3,1.0,15,required,closed_all,0.8,0.8
BUY,4128.6,4125.63586,4130.88011,4130.88011,2.28011,0.76923,3.12,1.59,TARGET,2026-07-02 20:56:00,2026-07-02 20:54:00,2026-07-02 20:55:00,3,23,66,1.3,1.0,15,warning_only,closed_all,1.8,1.2
BUY,4182.25,4180.39026,4183.68057,4180.39026,-1.85974,-1.0,0.03,2.64,STOP,2026-07-03 00:30:00,2026-07-03 00:28:00,2026-07-03 00:29:00,3,23,66,1.3,1.0,15,warning_only,closed_all,1.8,1.2
BUY,4183.04,4181.02669,4184.5887,4181.02669,-2.01331,-1.0,0.02,2.42,STOP,2026-07-03 00:35:00,2026-07-03 00:33:00,2026-07-03 00:34:00,3,23,66,1.3,1.0,15,warning_only,closed_all,1.8,1.2
BUY,4174.42,4172.07312,4176.22529,4176.22529,1.80529,0.76923,2.59,1.85,TARGET,2026-07-03 04:30:00,2026-07-03 04:25:00,2026-07-03 04:26:00,3,23,66,1.3,1.0,15,warning_only,closed_all,1.8,1.2
BUY,4177.27,4175.75762,4178.43337,4175.75762,-1.51238,-1.0,0.65,1.82,STOP,2026-07-03 08:00:00,2026-07-03 07:56:00,2026-07-03 07:57:00,3,23,66,1.3,1.0,15,warning_only,closed_all,1.8,1.2
BUY,4187.16,4182.52004,4190.7292,4190.7292,3.5692,0.76923,4.41,2.59,TARGET,2026-07-05 22:30:00,2026-07-05 22:26:00,2026-07-05 22:27:00,3,23,66,1.3,1.0,15,warning_only,closed_all,1.8,1.2
BUY,4188.14,4183.49996,4191.70926,4191.70926,3.56926,0.76923,6.24,2.27,TARGET,2026-07-05 22:32:00,2026-07-05 22:27:00,2026-07-05 22:28:00,3,23,66,1.3,1.0,15,warning_only,closed_all,1.8,1.2
BUY,4155.65,4153.83257,4157.04802,4153.83257,-1.81743,-1.0,0.55,1.93,STOP,2026-07-06 09:00:00,2026-07-06 08:59:00,2026-07-06 09:00:00,3,23,66,1.3,1.0,15,warning_only,closed_all,1.8,1.2
BUY,4162.39,4161.14208,4163.34994,4161.14208,-1.24792,-1.0,0.85,2.28,STOP,2026-07-06 16:35:00,2026-07-06 16:26:00,2026-07-06 16:27:00,3,23,66,1.3,1.0,15,warning_only,closed_all,1.8,1.2
BUY,4130.25,4127.98963,4131.98875,4131.98875,1.73875,0.76923,1.85,0.58,TARGET,2026-07-07 06:56:00,2026-07-07 06:55:00,2026-07-07 06:56:00,3,23,66,1.3,1.0,15,warning_only,closed_all,1.8,1.2
BUY,4135.55,4133.9266,4136.79877,4133.9266,-1.6234,-1.0,0.36,2.0,STOP,2026-07-07 08:00:00,2026-07-07 07:59:00,2026-07-07 08:00:00,3,23,66,1.3,1.0,15,warning_only,closed_all,1.8,1.2
BUY,4108.98,4105.54559,4111.62185,4111.62185,2.64185,0.76923,3.24,0.87,TARGET,2026-07-07 23:06:00,2026-07-07 23:05:00,2026-07-07 23:06:00,3,23,66,1.3,1.0,15,warning_only,closed_all,1.8,1.2
BUY,4112.22,4108.64926,4114.96672,4114.96672,2.74672,0.76923,3.13,2.12,TARGET,2026-07-07 23:07:00,2026-07-07 23:06:00,2026-07-07 23:07:00,3,23,66,1.3,1.0,15,warning_only,closed_all,1.8,1.2
BUY,4126.98,4124.59829,4128.81208,4124.59829,-2.38171,-1.0,0.19,2.61,STOP,2026-07-08 01:30:00,2026-07-08 01:25:00,2026-07-08 01:26:00,3,23,66,1.3,1.0,15,warning_only,closed_all,1.8,1.2
BUY,4126.21,4124.18401,4127.76846,4127.76846,1.55846,0.76923,1.73,1.52,TARGET,2026-07-08 02:04:00,2026-07-08 01:56:00,2026-07-08 01:57:00,3,23,66,1.3,1.0,15,warning_only,closed_all,1.8,1.2
BUY,4127.05,4125.02828,4128.60517,4125.02828,-2.02172,-1.0,0.35,2.05,STOP,2026-07-08 02:03:00,2026-07-08 02:00:00,2026-07-08 02:01:00,3,23,66,1.3,1.0,15,warning_only,closed_all,1.8,1.2
BUY,4128.76,4126.2922,4130.65831,4126.2922,-2.4678,-1.0,0.21,5.07,STOP,2026-07-08 02:21:00,2026-07-08 02:18:00,2026-07-08 02:19:00,3,23,66,1.3,1.0,15,warning_only,closed_all,1.8,1.2
BUY,4128.92,4126.04666,4131.13026,4131.13026,2.21026,0.76923,2.7,0.64,TARGET,2026-07-08 02:43:00,2026-07-08 02:40:00,2026-07-08 02:41:00,3,23,66,1.3,1.0,15,warning_only,closed_all,1.8,1.2
BUY,4128.02,4125.56569,4129.90793,4125.56569,-2.45431,-1.0,1.17,3.48,STOP,2026-07-08 03:02:00,2026-07-08 02:56:00,2026-07-08 02:57:00,3,23,66,1.3,1.0,15,warning_only,closed_all,1.8,1.2
BUY,4078.04,4072.85794,4082.0262,4072.85794,-5.18206,-1.0,2.16,7.75,STOP,2026-07-08 10:42:00,2026-07-08 10:36:00,2026-07-08 10:37:00,3,23,66,1.3,1.0,15,warning_only,closed_all,1.8,1.2
BUY,4128.89,4124.32046,4131.74596,4131.74596,2.85596,0.625,6.43,2.32,TARGET,2026-07-02 21:13:00,2026-07-02 21:09:00,2026-07-02 21:10:00,7,29,86,1.6,1.0,20,warning_only,closed_all,1.2,2.0
BUY,4134.23,4129.57711,4137.13806,4137.13806,2.90806,0.625,3.54,1.31,TARGET,2026-07-02 21:21:00,2026-07-02 21:17:00,2026-07-02 21:18:00,7,29,86,1.6,1.0,20,warning_only,closed_all,1.2,2.0
BUY,4180.51,4178.41182,4181.82136,4178.41182,-2.09818,-1.0,0.56,2.42,STOP,2026-07-03 02:10:00,2026-07-03 02:06:00,2026-07-03 02:07:00,7,29,86,1.6,1.0,20,warning_only,closed_all,1.2,2.0
BUY,4173.66,4170.58427,4175.58233,4175.58233,1.92233,0.625,3.09,0.53,TARGET,2026-07-03 04:05:00,2026-07-03 04:03:00,2026-07-03 04:04:00,7,29,86,1.6,1.0,20,warning_only,closed_all,1.2,2.0
BUY,4174.9,4171.84168,4176.81145,4176.81145,1.91145,0.625,3.26,0.44,TARGET,2026-07-03 04:06:00,2026-07-03 04:04:00,2026-07-03 04:05:00,7,29,86,1.6,1.0,20,warning_only,closed_all,1.2,2.0
BUY,4175.29,4172.52248,4177.0197,4177.0197,1.7297,0.625,2.93,1.62,TARGET,2026-07-03 04:34:00,2026-07-03 04:29:00,2026-07-03 04:30:00,7,29,86,1.6,1.0,20,warning_only,closed_all,1.2,2.0
BUY,4175.84,4172.92378,4177.66264,4177.66264,1.82264,0.625,2.38,0.95,TARGET,2026-07-03 04:34:00,2026-07-03 04:32:00,2026-07-03 04:33:00,7,29,86,1.6,1.0,20,warning_only,closed_all,1.2,2.0
BUY,4175.91,4173.08551,4177.6753,4177.6753,1.7653,0.625,2.31,0.27,TARGET,2026-07-03 04:34:00,2026-07-03 04:33:00,2026-07-03 04:34:00,7,29,86,1.6,1.0,20,warning_only,closed_all,1.2,2.0
BUY,4179.44,4177.55749,4180.61657,4177.55749,-1.88251,-1.0,0.1,2.02,STOP,2026-07-03 08:07:00,2026-07-03 08:05:00,2026-07-03 08:06:00,7,29,86,1.6,1.0,20,warning_only,closed_all,1.2,2.0
BUY,4187.79,4181.2841,4191.85619,4191.85619,4.06619,0.625,4.99,0.85,TARGET,2026-07-05 22:16:00,2026-07-05 22:13:00,2026-07-05 22:14:00,7,29,86,1.6,1.0,20,warning_only,closed_all,1.2,2.0
BUY,4189.3,4182.98909,4193.24432,4182.98909,-6.31091,-1.0,3.48,7.81,STOP,2026-07-05 22:22:00,2026-07-05 22:14:00,2026-07-05 22:15:00,7,29,86,1.6,1.0,20,warning_only,closed_all,1.2,2.0
BUY,4191.31,4185.1093,4195.18544,4185.1093,-6.2007,-1.0,1.47,7.09,STOP,2026-07-05 22:18:00,2026-07-05 22:15:00,2026-07-05 22:16:00,7,29,86,1.6,1.0,20,warning_only,closed_all,1.2,2.0
BUY,4188.85,4182.74196,4192.66753,4182.74196,-6.10804,-1.0,1.62,7.36,STOP,2026-07-05 22:22:00,2026-07-05 22:19:00,2026-07-05 22:20:00,7,29,86,1.6,1.0,20,warning_only,closed_all,1.2,2.0
BUY,4185.64,4179.83953,4189.26529,4189.26529,3.62529,0.625,4.02,1.32,TARGET,2026-07-05 22:28:00,2026-07-05 22:25:00,2026-07-05 22:26:00,7,29,86,1.6,1.0,20,warning_only,closed_all,1.2,2.0
BUY,4187.16,4181.44928,4190.7292,4190.7292,3.5692,0.625,4.41,2.59,TARGET,2026-07-05 22:30:00,2026-07-05 22:26:00,2026-07-05 22:27:00,7,29,86,1.6,1.0,20,warning_only,closed_all,1.2,2.0
BUY,4188.14,4182.42919,4191.70926,4191.70926,3.56926,0.625,6.24,2.27,TARGET,2026-07-05 22:32:00,2026-07-05 22:27:00,2026-07-05 22:28:00,7,29,86,1.6,1.0,20,warning_only,closed_all,1.2,2.0
BUY,4189.71,4184.0911,4193.22181,4193.22181,3.51181,0.625,4.67,2.34,TARGET,2026-07-05 22:32:00,2026-07-05 22:29:00,2026-07-05 22:30:00,7,29,86,1.6,1.0,20,warning_only,closed_all,1.2,2.0
BUY,4190.51,4184.91656,4194.0059,4194.0059,3.4959,0.625,3.87,1.33,TARGET,2026-07-05 22:32:00,2026-07-05 22:31:00,2026-07-05 22:32:00,7,29,86,1.6,1.0,20,warning_only,closed_all,1.2,2.0
BUY,4155.65,4153.41317,4157.04802,4157.04802,1.39802,0.625,1.72,1.93,TARGET,2026-07-06 09:02:00,2026-07-06 08:59:00,2026-07-06 09:00:00,7,29,86,1.6,1.0,20,warning_only,closed_all,1.2,2.0
BUY,4156.92,4154.51301,4158.42437,4154.51301,-2.40699,-1.0,1.31,2.5,STOP,2026-07-06 09:11:00,2026-07-06 09:05:00,2026-07-06 09:06:00,7,29,86,1.6,1.0,20,warning_only,closed_all,1.2,2.0
BUY,4146.76,4144.34206,4148.27121,4148.27121,1.51121,0.625,1.61,0.52,TARGET,2026-07-06 13:32:00,2026-07-06 13:30:00,2026-07-06 13:31:00,7,29,86,1.6,1.0,20,warning_only,closed_all,1.2,2.0
BUY,4147.29,4145.00586,4148.71759,4148.71759,1.42759,0.625,2.22,0.29,TARGET,2026-07-06 13:37:00,2026-07-06 13:35:00,2026-07-06 13:36:00,7,29,86,1.6,1.0,20,warning_only,closed_all,1.2,2.0
BUY,4162.39,4160.8541,4163.34994,4160.8541,-1.5359,-1.0,0.85,2.28,STOP,2026-07-06 16:35:00,2026-07-06 16:26:00,2026-07-06 16:27:00,7,29,86,1.6,1.0,20,warning_only,closed_all,1.2,2.0
BUY,4162.71,4161.16429,4163.67607,4161.16429,-1.54571,-1.0,0.53,2.6,STOP,2026-07-06 16:35:00,2026-07-06 16:28:00,2026-07-06 16:29:00,7,29,86,1.6,1.0,20,warning_only,closed_all,1.2,2.0
BUY,4162.57,4161.12839,4163.471,4163.471,0.901,0.625,1.19,0.62,TARGET,2026-07-06 16:49:00,2026-07-06 16:46:00,2026-07-06 16:47:00,7,29,86,1.6,1.0,20,warning_only,closed_all,1.2,2.0
BUY,4162.75,4161.60761,4163.46399,4163.46399,0.71399,0.625,1.65,0.38,TARGET,2026-07-06 17:33:00,2026-07-06 17:26:00,2026-07-06 17:27:00,7,29,86,1.6,1.0,20,warning_only,closed_all,1.2,2.0
BUY,4162.96,4161.88617,4163.63115,4163.63115,0.67115,0.625,1.44,0.59,TARGET,2026-07-06 17:33:00,2026-07-06 17:28:00,2026-07-06 17:29:00,7,29,86,1.6,1.0,20,warning_only,closed_all,1.2,2.0
BUY,4163.33,4162.3802,4163.92363,4163.92363,0.59363,0.625,0.82,0.2,TARGET,2026-07-06 17:51:00,2026-07-06 17:47:00,2026-07-06 17:48:00,7,29,86,1.6,1.0,20,warning_only,closed_all,1.2,2.0
BUY,4132.27,4129.5119,4133.99381,4133.99381,1.72381,0.625,2.37,0.43,TARGET,2026-07-07 07:13:00,2026-07-07 07:02:00,2026-07-07 07:03:00,7,29,86,1.6,1.0,20,warning_only,closed_all,1.2,2.0
BUY,4133.13,4130.62677,4134.69452,4134.69452,1.56452,0.625,1.84,1.12,TARGET,2026-07-07 07:14:00,2026-07-07 07:06:00,2026-07-07 07:07:00,7,29,86,1.6,1.0,20,warning_only,closed_all,1.2,2.0
BUY,4133.2,4130.77183,4134.71761,4134.71761,1.51761,0.625,1.65,0.66,TARGET,2026-07-07 07:17:00,2026-07-07 07:15:00,2026-07-07 07:16:00,7,29,86,1.6,1.0,20,warning_only,closed_all,1.2,2.0
BUY,4108.98,4104.75303,4111.62185,4111.62185,2.64185,0.625,3.24,0.87,TARGET,2026-07-07 23:06:00,2026-07-07 23:05:00,2026-07-07 23:06:00,7,29,86,1.6,1.0,20,warning_only,closed_all,1.2,2.0
BUY,4126.3,4123.54652,4128.02093,4128.02093,1.72093,0.625,1.85,1.93,TARGET,2026-07-08 01:32:00,2026-07-08 01:27:00,2026-07-08 01:28:00,7,29,86,1.6,1.0,20,warning_only,closed_all,1.2,2.0
BUY,4127.94,4125.47468,4129.48082,4129.48082,1.54082,0.625,2.66,0.18,TARGET,2026-07-08 02:05:00,2026-07-08 02:04:00,2026-07-08 02:05:00,7,29,86,1.6,1.0,20,warning_only,closed_all,1.2,2.0
BUY,4128.76,4125.7227,4130.65831,4125.7227,-3.0373,-1.0,0.21,5.07,STOP,2026-07-08 02:21:00,2026-07-08 02:18:00,2026-07-08 02:19:00,7,29,86,1.6,1.0,20,warning_only,closed_all,1.2,2.0
BUY,4127.19,4123.75531,4129.33668,4129.33668,2.14668,0.625,2.97,0.59,TARGET,2026-07-08 02:38:00,2026-07-08 02:36:00,2026-07-08 02:37:00,7,29,86,1.6,1.0,20,warning_only,closed_all,1.2,2.0
BUY,4128.26,4124.88093,4130.37192,4130.37192,2.11192,0.625,2.82,1.7,TARGET,2026-07-08 02:42:00,2026-07-08 02:37:00,2026-07-08 02:38:00,7,29,86,1.6,1.0,20,warning_only,closed_all,1.2,2.0
BUY,4128.92,4125.38358,4131.13026,4131.13026,2.21026,0.625,2.7,0.64,TARGET,2026-07-08 02:43:00,2026-07-08 02:40:00,2026-07-08 02:41:00,7,29,86,1.6,1.0,20,warning_only,closed_all,1.2,2.0
BUY,4129.73,4126.28046,4131.88596,4126.28046,-3.44954,-1.0,1.89,4.18,STOP,2026-07-08 02:48:00,2026-07-08 02:41:00,2026-07-08 02:42:00,7,29,86,1.6,1.0,20,warning_only,closed_all,1.2,2.0
BUY,4130.85,4127.58655,4132.88966,4132.88966,2.03966,0.625,2.66,0.99,TARGET,2026-07-08 03:24:00,2026-07-08 03:21:00,2026-07-08 03:22:00,7,29,86,1.6,1.0,20,warning_only,closed_all,1.2,2.0
BUY,4078.04,4071.66208,4082.0262,4071.66208,-6.37792,-1.0,2.16,7.75,STOP,2026-07-08 10:42:00,2026-07-08 10:36:00,2026-07-08 10:37:00,7,29,86,1.6,1.0,20,warning_only,closed_all,1.2,2.0
BUY,4131.32,4128.51143,4134.12857,4128.51143,-2.80857,-1.0,1.38,2.84,STOP,2026-07-02 21:05:00,2026-07-02 21:03:00,2026-07-02 21:04:00,4,33,90,1.0,1.0,10,required,closed_all,1.8,2.0
BUY,4134.23,4131.32194,4137.13806,4137.13806,2.90806,1.0,3.54,1.31,TARGET,2026-07-02 21:21:00,2026-07-02 21:17:00,2026-07-02 21:18:00,4,33,90,1.0,1.0,10,required,closed_all,1.8,2.0
BUY,4183.04,4181.4913,4184.5887,4181.4913,-1.5487,-1.0,0.02,1.65,STOP,2026-07-03 00:34:00,2026-07-03 00:33:00,2026-07-03 00:34:00,4,33,90,1.0,1.0,10,required,closed_all,1.8,2.0
BUY,4173.66,4171.73767,4175.58233,4175.58233,1.92233,1.0,3.09,0.53,TARGET,2026-07-03 04:05:00,2026-07-03 04:03:00,2026-07-03 04:04:00,4,33,90,1.0,1.0,10,required,closed_all,1.8,2.0
BUY,4174.9,4172.98855,4176.81145,4176.81145,1.91145,1.0,3.26,0.44,TARGET,2026-07-03 04:06:00,2026-07-03 04:04:00,2026-07-03 04:05:00,4,33,90,1.0,1.0,10,required,closed_all,1.8,2.0
BUY,4175.29,4173.5603,4177.0197,4177.0197,1.7297,1.0,2.93,1.62,TARGET,2026-07-03 04:34:00,2026-07-03 04:29:00,2026-07-03 04:30:00,4,33,90,1.0,1.0,10,required,closed_all,1.8,2.0
BUY,4175.84,4174.01736,4177.66264,4177.66264,1.82264,1.0,2.38,0.95,TARGET,2026-07-03 04:34:00,2026-07-03 04:32:00,2026-07-03 04:33:00,4,33,90,1.0,1.0,10,required,closed_all,1.8,2.0
BUY,4175.91,4174.1447,4177.6753,4177.6753,1.7653,1.0,2.31,0.27,TARGET,2026-07-03 04:34:00,2026-07-03 04:33:00,2026-07-03 04:34:00,4,33,90,1.0,1.0,10,required,closed_all,1.8,2.0
BUY,4179.44,4178.26343,4180.61657,4178.26343,-1.17657,-1.0,0.1,1.47,STOP,2026-07-03 08:06:00,2026-07-03 08:05:00,2026-07-03 08:06:00,4,33,90,1.0,1.0,10,required,closed_all,1.8,2.0
BUY,4191.06,4186.95522,4195.16478,4186.95522,-4.10478,-1.0,1.75,4.17,STOP,2026-07-05 22:04:00,2026-07-05 22:03:00,2026-07-05 22:04:00,4,33,90,1.0,1.0,10,required,closed_all,1.8,2.0
BUY,4187.79,4183.72381,4191.85619,4191.85619,4.06619,1.0,4.99,0.85,TARGET,2026-07-05 22:16:00,2026-07-05 22:13:00,2026-07-05 22:14:00,4,33,90,1.0,1.0,10,required,closed_all,1.8,2.0
BUY,4189.3,4185.35568,4193.24432,4185.35568,-3.94432,-1.0,3.48,5.08,STOP,2026-07-05 22:18:00,2026-07-05 22:14:00,2026-07-05 22:15:00,4,33,90,1.0,1.0,10,required,closed_all,1.8,2.0
BUY,4191.31,4187.43456,4195.18544,4187.43456,-3.87544,-1.0,1.47,5.52,STOP,2026-07-05 22:17:00,2026-07-05 22:15:00,2026-07-05 22:16:00,4,33,90,1.0,1.0,10,required,closed_all,1.8,2.0
BUY,4188.85,4185.03247,4192.66753,4185.03247,-3.81753,-1.0,1.62,5.64,STOP,2026-07-05 22:21:00,2026-07-05 22:19:00,2026-07-05 22:20:00,4,33,90,1.0,1.0,10,required,closed_all,1.8,2.0
BUY,4185.64,4182.01471,4189.26529,4189.26529,3.62529,1.0,4.02,1.32,TARGET,2026-07-05 22:28:00,2026-07-05 22:25:00,2026-07-05 22:26:00,4,33,90,1.0,1.0,10,required,closed_all,1.8,2.0
BUY,4187.16,4183.5908,4190.7292,4190.7292,3.5692,1.0,4.41,2.59,TARGET,2026-07-05 22:30:00,2026-07-05 22:26:00,2026-07-05 22:27:00,4,33,90,1.0,1.0,10,required,closed_all,1.8,2.0
BUY,4188.14,4184.57074,4191.70926,4191.70926,3.56926,1.0,6.24,2.27,TARGET,2026-07-05 22:32:00,2026-07-05 22:27:00,2026-07-05 22:28:00,4,33,90,1.0,1.0,10,required,closed_all,1.8,2.0
BUY,4189.71,4186.19819,4193.22181,4193.22181,3.51181,1.0,4.67,2.34,TARGET,2026-07-05 22:32:00,2026-07-05 22:29:00,2026-07-05 22:30:00,4,33,90,1.0,1.0,10,required,closed_all,1.8,2.0
BUY,4190.51,4187.0141,4194.0059,4194.0059,3.4959,1.0,3.87,1.33,TARGET,2026-07-05 22:32:00,2026-07-05 22:31:00,2026-07-05 22:32:00,4,33,90,1.0,1.0,10,required,closed_all,1.8,2.0
BUY,4161.96,4160.94054,4162.97946,4162.97946,1.01946,1.0,1.28,0.57,TARGET,2026-07-06 16:29:00,2026-07-06 16:23:00,2026-07-06 16:24:00,4,33,90,1.0,1.0,10,required,closed_all,1.8,2.0
BUY,4162.39,4161.43006,4163.34994,4161.43006,-0.95994,-1.0,0.85,1.05,STOP,2026-07-06 16:31:00,2026-07-06 16:26:00,2026-07-06 16:27:00,4,33,90,1.0,1.0,10,required,closed_all,1.8,2.0
BUY,4162.71,4161.74393,4163.67607,4161.74393,-0.96607,-1.0,0.53,1.14,STOP,2026-07-06 16:30:00,2026-07-06 16:28:00,2026-07-06 16:29:00,4,33,90,1.0,1.0,10,required,closed_all,1.8,2.0
BUY,4162.43,4161.5043,4163.3557,4163.3557,0.9257,1.0,1.33,0.48,TARGET,2026-07-06 16:49:00,2026-07-06 16:45:00,2026-07-06 16:46:00,4,33,90,1.0,1.0,10,required,closed_all,1.8,2.0
BUY,4162.57,4161.669,4163.471,4163.471,0.901,1.0,1.19,0.62,TARGET,2026-07-06 16:49:00,2026-07-06 16:46:00,2026-07-06 16:47:00,4,33,90,1.0,1.0,10,required,closed_all,1.8,2.0
BUY,4162.82,4161.66122,4163.97878,4163.97878,1.15878,1.0,1.68,0.81,TARGET,2026-07-06 17:00:00,2026-07-06 16:58:00,2026-07-06 16:59:00,4,33,90,1.0,1.0,10,required,closed_all,1.8,2.0
BUY,4163.8,4162.59613,4165.00387,4162.59613,-1.20387,-1.0,0.7,1.45,STOP,2026-07-06 17:03:00,2026-07-06 16:59:00,2026-07-06 17:00:00,4,33,90,1.0,1.0,10,required,closed_all,1.8,2.0
BUY,4162.7,4161.9757,4163.4243,4163.4243,0.7243,1.0,1.7,0.53,TARGET,2026-07-06 17:33:00,2026-07-06 17:25:00,2026-07-06 17:26:00,4,33,90,1.0,1.0,10,required,closed_all,1.8,2.0
BUY,4162.75,4162.03601,4163.46399,4163.46399,0.71399,1.0,1.65,0.38,TARGET,2026-07-06 17:33:00,2026-07-06 17:26:00,2026-07-06 17:27:00,4,33,90,1.0,1.0,10,required,closed_all,1.8,2.0
BUY,4162.96,4162.28885,4163.63115,4163.63115,0.67115,1.0,1.44,0.59,TARGET,2026-07-06 17:33:00,2026-07-06 17:28:00,2026-07-06 17:29:00,4,33,90,1.0,1.0,10,required,closed_all,1.8,2.0
BUY,4163.33,4162.73637,4163.92363,4163.92363,0.59363,1.0,0.82,0.2,TARGET,2026-07-06 17:51:00,2026-07-06 17:47:00,2026-07-06 17:48:00,4,33,90,1.0,1.0,10,required,closed_all,1.8,2.0
BUY,4136.65,4135.21076,4138.08924,4138.08924,1.43924,1.0,5.41,1.32,TARGET,2026-07-07 08:18:00,2026-07-07 08:16:00,2026-07-07 08:17:00,4,33,90,1.0,1.0,10,required,closed_all,1.8,2.0
BUY,4127.19,4125.04332,4129.33668,4129.33668,2.14668,1.0,2.97,0.59,TARGET,2026-07-08 02:38:00,2026-07-08 02:36:00,2026-07-08 02:37:00,4,33,90,1.0,1.0,10,required,closed_all,1.8,2.0
BUY,4128.26,4126.14808,4130.37192,4130.37192,2.11192,1.0,2.82,1.7,TARGET,2026-07-08 02:42:00,2026-07-08 02:37:00,2026-07-08 02:38:00,4,33,90,1.0,1.0,10,required,closed_all,1.8,2.0
BUY,4128.92,4126.70974,4131.13026,4131.13026,2.21026,1.0,2.7,0.64,TARGET,2026-07-08 02:43:00,2026-07-08 02:40:00,2026-07-08 02:41:00,4,33,90,1.0,1.0,10,required,closed_all,1.8,2.0
BUY,4129.73,4127.57404,4131.88596,4127.57404,-2.15596,-1.0,1.89,2.62,STOP,2026-07-08 02:47:00,2026-07-08 02:41:00,2026-07-08 02:42:00,4,33,90,1.0,1.0,10,required,closed_all,1.8,2.0
BUY,4130.36,4128.2625,4132.4575,4132.4575,2.0975,1.0,2.45,1.06,TARGET,2026-07-08 03:16:00,2026-07-08 03:13:00,2026-07-08 03:14:00,4,33,90,1.0,1.0,10,required,closed_all,1.8,2.0
BUY,4130.85,4128.81034,4132.88966,4132.88966,2.03966,1.0,2.66,0.99,TARGET,2026-07-08 03:24:00,2026-07-08 03:21:00,2026-07-08 03:22:00,4,33,90,1.0,1.0,10,required,closed_all,1.8,2.0
BUY,4173.66,4171.73767,4175.19786,4175.19786,1.53786,0.8,3.09,0.53,TARGET,2026-07-03 04:05:00,2026-07-03 04:03:00,2026-07-03 04:04:00,4,29,98,1.0,0.8,20,warning_only,closed_all,1.8,1.2
BUY,4187.79,4183.72381,4191.04295,4191.04295,3.25295,0.8,3.52,0.85,TARGET,2026-07-05 22:15:00,2026-07-05 22:13:00,2026-07-05 22:14:00,4,29,98,1.0,0.8,20,warning_only,closed_all,1.8,1.2
BUY,4187.16,4183.5908,4190.01536,4190.01536,2.85536,0.8,4.41,2.59,TARGET,2026-07-05 22:30:00,2026-07-05 22:26:00,2026-07-05 22:27:00,4,29,98,1.0,0.8,20,warning_only,closed_all,1.8,1.2
BUY,4188.14,4184.57074,4190.99541,4190.99541,2.85541,0.8,3.43,2.27,TARGET,2026-07-05 22:30:00,2026-07-05 22:27:00,2026-07-05 22:28:00,4,29,98,1.0,0.8,20,warning_only,closed_all,1.8,1.2
BUY,4162.82,4161.66122,4163.74703,4163.74703,0.92703,0.8,0.98,0.81,TARGET,2026-07-06 16:59:00,2026-07-06 16:58:00,2026-07-06 16:59:00,4,29,98,1.0,0.8,20,warning_only,closed_all,1.8,1.2
BUY,4146.33,4144.97936,4147.41051,4147.41051,1.08051,0.8,1.33,0.35,TARGET,2026-07-07 14:43:00,2026-07-07 14:40:00,2026-07-07 14:41:00,4,29,98,1.0,0.8,20,warning_only,closed_all,1.8,1.2
BUY,4108.98,4106.33815,4111.09348,4111.09348,2.11348,0.8,3.24,0.87,TARGET,2026-07-07 23:06:00,2026-07-07 23:05:00,2026-07-07 23:06:00,4,29,98,1.0,0.8,20,warning_only,closed_all,1.8,1.2
BUY,4112.22,4109.47328,4114.41738,4114.41738,2.19738,0.8,3.13,2.12,TARGET,2026-07-07 23:07:00,2026-07-07 23:06:00,2026-07-07 23:07:00,4,29,98,1.0,0.8,20,warning_only,closed_all,1.8,1.2
BUY,4127.19,4125.04332,4128.90735,4128.90735,1.71735,0.8,2.97,0.59,TARGET,2026-07-08 02:38:00,2026-07-08 02:36:00,2026-07-08 02:37:00,4,29,98,1.0,0.8,20,warning_only,closed_all,1.8,1.2
BUY,4128.26,4126.14808,4129.94954,4129.94954,1.68954,0.8,1.9,1.34,TARGET,2026-07-08 02:38:00,2026-07-08 02:37:00,2026-07-08 02:38:00,4,29,98,1.0,0.8,20,warning_only,closed_all,1.8,1.2
BUY,4128.02,4126.13207,4129.53035,4126.13207,-1.88793,-1.0,1.17,3.48,STOP,2026-07-08 03:02:00,2026-07-08 02:56:00,2026-07-08 02:57:00,4,29,98,1.0,0.8,20,warning_only,closed_all,1.8,1.2
BUY,4128.6,4124.95183,4130.88011,4130.88011,2.28011,0.625,3.12,1.59,TARGET,2026-07-02 20:56:00,2026-07-02 20:54:00,2026-07-02 20:55:00,4,27,67,1.6,1.0,10,warning_only,closed_all,1.8,0.8
BUY,4187.16,4181.44928,4190.7292,4190.7292,3.5692,0.625,4.41,2.59,TARGET,2026-07-05 22:30:00,2026-07-05 22:26:00,2026-07-05 22:27:00,4,27,67,1.6,1.0,10,warning_only,closed_all,1.8,0.8
BUY,4155.65,4153.41317,4157.04802,4157.04802,1.39802,0.625,1.72,1.93,TARGET,2026-07-06 09:02:00,2026-07-06 08:59:00,2026-07-06 09:00:00,4,27,67,1.6,1.0,10,warning_only,closed_all,1.8,0.8
BUY,4161.96,4160.32887,4162.97946,4162.97946,1.01946,0.625,1.28,0.57,TARGET,2026-07-06 16:29:00,2026-07-06 16:23:00,2026-07-06 16:24:00,4,27,67,1.6,1.0,10,warning_only,closed_all,1.8,0.8
BUY,4162.82,4160.96595,4163.97878,4163.97878,1.15878,0.625,1.68,0.81,TARGET,2026-07-06 17:00:00,2026-07-06 16:58:00,2026-07-06 16:59:00,4,27,67,1.6,1.0,10,warning_only,closed_all,1.8,0.8
BUY,4108.98,4104.75303,4111.62185,4111.62185,2.64185,0.625,3.24,0.87,TARGET,2026-07-07 23:06:00,2026-07-07 23:05:00,2026-07-07 23:06:00,4,27,67,1.6,1.0,10,warning_only,closed_all,1.8,0.8
BUY,4126.21,4123.71647,4127.76846,4127.76846,1.55846,0.625,1.73,1.52,TARGET,2026-07-08 02:04:00,2026-07-08 01:56:00,2026-07-08 01:57:00,4,27,67,1.6,1.0,10,warning_only,closed_all,1.8,0.8
BUY,4078.04,4071.66208,4082.0262,4071.66208,-6.37792,-1.0,2.16,7.75,STOP,2026-07-08 10:42:00,2026-07-08 10:36:00,2026-07-08 10:37:00,4,27,67,1.6,1.0,10,warning_only,closed_all,1.8,0.8
BUY,4185.64,4180.92712,4189.26529,4189.26529,3.62529,0.76923,4.02,1.32,TARGET,2026-07-05 22:28:00,2026-07-05 22:25:00,2026-07-05 22:26:00,3,37,85,1.3,1.0,30,warning_only,closed_all,1.2,0.8
BUY,4187.16,4182.52004,4190.7292,4190.7292,3.5692,0.76923,4.41,2.59,TARGET,2026-07-05 22:30:00,2026-07-05 22:26:00,2026-07-05 22:27:00,3,37,85,1.3,1.0,30,warning_only,closed_all,1.2,0.8
BUY,4108.98,4105.54559,4111.62185,4111.62185,2.64185,0.76923,3.24,0.87,TARGET,2026-07-07 23:06:00,2026-07-07 23:05:00,2026-07-07 23:06:00,3,37,85,1.3,1.0,30,warning_only,closed_all,1.2,0.8
BUY,4127.19,4124.39931,4129.33668,4129.33668,2.14668,0.76923,2.97,0.59,TARGET,2026-07-08 02:38:00,2026-07-08 02:36:00,2026-07-08 02:37:00,3,37,85,1.3,1.0,30,warning_only,closed_all,1.2,0.8
BUY,4128.26,4125.5145,4130.37192,4130.37192,2.11192,0.76923,2.82,1.7,TARGET,2026-07-08 02:42:00,2026-07-08 02:37:00,2026-07-08 02:38:00,3,37,85,1.3,1.0,30,warning_only,closed_all,1.2,0.8
BUY,4128.02,4125.56569,4129.90793,4125.56569,-2.45431,-1.0,1.17,3.48,STOP,2026-07-08 03:02:00,2026-07-08 02:56:00,2026-07-08 02:57:00,3,37,85,1.3,1.0,30,warning_only,closed_all,1.2,0.8
BUY,4128.89,4125.17725,4132.60275,4132.60275,3.71275,1.0,6.43,2.32,TARGET,2026-07-02 21:13:00,2026-07-02 21:09:00,2026-07-02 21:10:00,7,29,60,1.3,1.3,5,required,closed_all,1.2,1.2
BUY,4183.17,4180.85399,4185.48601,4182.18,-0.99,-0.42746,0.61,1.8,TIME_EXIT,2026-07-03 00:18:00,2026-07-03 00:13:00,2026-07-03 00:14:00,7,29,60,1.3,1.3,5,required,closed_all,1.2,1.2
BUY,4185.64,4180.92712,4190.35288,4190.35288,4.71288,1.0,5.93,1.32,TARGET,2026-07-05 22:30:00,2026-07-05 22:25:00,2026-07-05 22:26:00,7,29,60,1.3,1.3,5,required,closed_all,1.2,1.2
BUY,4187.16,4182.52004,4191.79996,4190.48,3.32,0.71552,4.41,2.59,TIME_EXIT,2026-07-05 22:31:00,2026-07-05 22:26:00,2026-07-05 22:27:00,7,29,60,1.3,1.3,5,required,closed_all,1.2,1.2
BUY,4188.14,4183.49996,4192.78004,4192.78004,4.64004,1.0,6.24,2.27,TARGET,2026-07-05 22:32:00,2026-07-05 22:27:00,2026-07-05 22:28:00,7,29,60,1.3,1.3,5,required,closed_all,1.2,1.2
BUY,4162.39,4161.14208,4163.63792,4162.71,0.32,0.25643,0.85,1.05,TIME_EXIT,2026-07-06 16:31:00,2026-07-06 16:26:00,2026-07-06 16:27:00,7,29,60,1.3,1.3,5,required,closed_all,1.2,1.2
BUY,4162.71,4161.45411,4163.96589,4161.45411,-1.25589,-1.0,0.53,1.37,STOP,2026-07-06 16:31:00,2026-07-06 16:28:00,2026-07-06 16:29:00,7,29,60,1.3,1.3,5,required,closed_all,1.2,1.2
BUY,4126.3,4124.06279,4128.53721,4126.8,0.5,0.22349,1.85,1.93,TIME_EXIT,2026-07-08 01:32:00,2026-07-08 01:27:00,2026-07-08 01:28:00,7,29,60,1.3,1.3,5,required,closed_all,1.2,1.2
BUY,4128.92,4126.04666,4131.79334,4128.85,-0.07,-0.02436,2.7,1.26,TIME_EXIT,2026-07-08 02:45:00,2026-07-08 02:40:00,2026-07-08 02:41:00,7,29,60,1.3,1.3,5,required,closed_all,1.2,1.2
BUY,4129.73,4126.92725,4132.53275,4129.19,-0.54,-0.19267,1.89,2.07,TIME_EXIT,2026-07-08 02:46:00,2026-07-08 02:41:00,2026-07-08 02:42:00,7,29,60,1.3,1.3,5,required,closed_all,1.2,1.2
BUY,4185.64,4179.83953,4188.54024,4188.54024,2.90024,0.5,4.02,1.32,TARGET,2026-07-05 22:28:00,2026-07-05 22:25:00,2026-07-05 22:26:00,3,32,98,1.6,0.8,20,required,closed_all,0.8,1.2
BUY,4187.16,4181.44928,4190.01536,4190.01536,2.85536,0.5,4.41,2.59,TARGET,2026-07-05 22:30:00,2026-07-05 22:26:00,2026-07-05 22:27:00,3,32,98,1.6,0.8,20,required,closed_all,0.8,1.2
BUY,4128.6,4126.31989,4130.42409,4130.42409,1.82409,0.8,2.11,0.49,TARGET,2026-07-02 20:55:00,2026-07-02 20:54:00,2026-07-02 20:55:00,7,21,79,1.0,0.8,15,required,closed_all,1.8,1.2
BUY,4128.89,4126.03404,4131.17477,4131.17477,2.28477,0.8,6.43,2.32,TARGET,2026-07-02 21:13:00,2026-07-02 21:09:00,2026-07-02 21:10:00,7,21,79,1.0,0.8,15,required,closed_all,1.8,1.2
BUY,4187.79,4183.72381,4191.04295,4191.04295,3.25295,0.8,3.52,0.85,TARGET,2026-07-05 22:15:00,2026-07-05 22:13:00,2026-07-05 22:14:00,7,21,79,1.0,0.8,15,required,closed_all,1.8,1.2
BUY,4187.16,4183.5908,4190.01536,4190.01536,2.85536,0.8,4.41,2.59,TARGET,2026-07-05 22:30:00,2026-07-05 22:26:00,2026-07-05 22:27:00,7,21,79,1.0,0.8,15,required,closed_all,1.8,1.2
BUY,4188.14,4184.57074,4190.99541,4190.99541,2.85541,0.8,3.43,2.27,TARGET,2026-07-05 22:30:00,2026-07-05 22:27:00,2026-07-05 22:28:00,7,21,79,1.0,0.8,15,required,closed_all,1.8,1.2
BUY,4161.96,4160.94054,4162.77557,4162.77557,0.81557,0.8,1.28,0.57,TARGET,2026-07-06 16:29:00,2026-07-06 16:23:00,2026-07-06 16:24:00,7,21,79,1.0,0.8,15,required,closed_all,1.8,1.2
BUY,4128.26,4126.14808,4129.94954,4129.94954,1.68954,0.8,1.9,1.34,TARGET,2026-07-08 02:38:00,2026-07-08 02:37:00,2026-07-08 02:38:00,7,21,79,1.0,0.8,15,required,closed_all,1.8,1.2
BUY,4128.92,4126.70974,4130.68821,4130.68821,1.76821,0.8,2.16,0.64,TARGET,2026-07-08 02:42:00,2026-07-08 02:40:00,2026-07-08 02:41:00,7,21,79,1.0,0.8,15,required,closed_all,1.8,1.2
BUY,4185.64,4182.01471,4190.35288,4190.35288,4.71288,1.3,5.93,1.32,TARGET,2026-07-05 22:30:00,2026-07-05 22:25:00,2026-07-05 22:26:00,7,29,82,1.0,1.3,20,required,closed_all,0.8,1.2
BUY,4187.16,4183.5908,4191.79996,4191.79996,4.63996,1.3,7.22,2.59,TARGET,2026-07-05 22:32:00,2026-07-05 22:26:00,2026-07-05 22:27:00,7,29,82,1.0,1.3,20,required,closed_all,0.8,1.2
BUY,4127.19,4125.04332,4129.98069,4129.98069,2.79069,1.3,2.97,0.59,TARGET,2026-07-08 02:38:00,2026-07-08 02:36:00,2026-07-08 02:37:00,7,29,82,1.0,1.3,20,required,closed_all,0.8,1.2
BUY,4128.26,4126.14808,4131.0055,4131.0055,2.7455,1.3,2.82,1.7,TARGET,2026-07-08 02:42:00,2026-07-08 02:37:00,2026-07-08 02:38:00,7,29,82,1.0,1.3,20,required,closed_all,0.8,1.2
BUY,4128.89,4124.32046,4131.74596,4131.74596,2.85596,0.625,6.43,2.32,TARGET,2026-07-02 21:13:00,2026-07-02 21:09:00,2026-07-02 21:10:00,8,27,87,1.6,1.0,15,warning_only,closed_all,1.8,1.2
BUY,4173.66,4170.58427,4175.58233,4175.58233,1.92233,0.625,3.09,0.53,TARGET,2026-07-03 04:05:00,2026-07-03 04:03:00,2026-07-03 04:04:00,8,27,87,1.6,1.0,15,warning_only,closed_all,1.8,1.2
BUY,4187.79,4181.2841,4191.85619,4191.85619,4.06619,0.625,4.99,0.85,TARGET,2026-07-05 22:16:00,2026-07-05 22:13:00,2026-07-05 22:14:00,8,27,87,1.6,1.0,15,warning_only,closed_all,1.8,1.2
BUY,4185.64,4179.83953,4189.26529,4189.26529,3.62529,0.625,4.02,1.32,TARGET,2026-07-05 22:28:00,2026-07-05 22:25:00,2026-07-05 22:26:00,8,27,87,1.6,1.0,15,warning_only,closed_all,1.8,1.2
BUY,4187.16,4181.44928,4190.7292,4190.7292,3.5692,0.625,4.41,2.59,TARGET,2026-07-05 22:30:00,2026-07-05 22:26:00,2026-07-05 22:27:00,8,27,87,1.6,1.0,15,warning_only,closed_all,1.8,1.2
BUY,4188.14,4182.42919,4191.70926,4191.70926,3.56926,0.625,6.24,2.27,TARGET,2026-07-05 22:32:00,2026-07-05 22:27:00,2026-07-05 22:28:00,8,27,87,1.6,1.0,15,warning_only,closed_all,1.8,1.2
BUY,4108.98,4104.75303,4111.62185,4111.62185,2.64185,0.625,3.24,0.87,TARGET,2026-07-07 23:06:00,2026-07-07 23:05:00,2026-07-07 23:06:00,8,27,87,1.6,1.0,15,warning_only,closed_all,1.8,1.2
BUY,4112.22,4107.82525,4114.96672,4114.96672,2.74672,0.625,3.13,2.12,TARGET,2026-07-07 23:07:00,2026-07-07 23:06:00,2026-07-07 23:07:00,8,27,87,1.6,1.0,15,warning_only,closed_all,1.8,1.2
BUY,4126.3,4123.54652,4128.02093,4128.02093,1.72093,0.625,1.85,1.93,TARGET,2026-07-08 01:32:00,2026-07-08 01:27:00,2026-07-08 01:28:00,8,27,87,1.6,1.0,15,warning_only,closed_all,1.8,1.2
BUY,4126.29,4123.68619,4127.91738,4127.91738,1.62738,0.625,1.86,1.92,TARGET,2026-07-08 01:32:00,2026-07-08 01:29:00,2026-07-08 01:30:00,8,27,87,1.6,1.0,15,warning_only,closed_all,1.8,1.2
BUY,4127.19,4123.75531,4129.33668,4129.33668,2.14668,0.625,2.97,0.59,TARGET,2026-07-08 02:38:00,2026-07-08 02:36:00,2026-07-08 02:37:00,8,27,87,1.6,1.0,15,warning_only,closed_all,1.8,1.2
BUY,4128.26,4124.88093,4130.37192,4130.37192,2.11192,0.625,2.82,1.7,TARGET,2026-07-08 02:42:00,2026-07-08 02:37:00,2026-07-08 02:38:00,8,27,87,1.6,1.0,15,warning_only,closed_all,1.8,1.2
BUY,4078.04,4071.66208,4082.0262,4071.66208,-6.37792,-1.0,2.16,7.75,STOP,2026-07-08 10:42:00,2026-07-08 10:36:00,2026-07-08 10:37:00,8,27,87,1.6,1.0,15,warning_only,closed_all,1.8,1.2
BUY,4134.23,4129.57711,4138.01047,4138.01047,3.78047,0.8125,4.27,1.31,TARGET,2026-07-02 21:22:00,2026-07-02 21:17:00,2026-07-02 21:18:00,6,25,95,1.6,1.3,30,warning_only,closed_all,0.8,2.0
BUY,4175.29,4172.52248,4177.53861,4177.53861,2.24861,0.8125,2.93,1.62,TARGET,2026-07-03 04:34:00,2026-07-03 04:29:00,2026-07-03 04:30:00,6,25,95,1.6,1.3,30,warning_only,closed_all,0.8,2.0
BUY,4175.91,4173.08551,4178.2049,4178.2049,2.2949,0.8125,2.31,0.27,TARGET,2026-07-03 04:34:00,2026-07-03 04:33:00,2026-07-03 04:34:00,6,25,95,1.6,1.3,30,warning_only,closed_all,0.8,2.0
BUY,4179.44,4177.55749,4180.96954,4177.55749,-1.88251,-1.0,0.1,2.02,STOP,2026-07-03 08:07:00,2026-07-03 08:05:00,2026-07-03 08:06:00,6,25,95,1.6,1.3,30,warning_only,closed_all,0.8,2.0
BUY,4189.3,4182.98909,4194.42761,4182.98909,-6.31091,-1.0,3.48,7.81,STOP,2026-07-05 22:22:00,2026-07-05 22:14:00,2026-07-05 22:15:00,6,25,95,1.6,1.3,30,warning_only,closed_all,0.8,2.0
BUY,4191.31,4185.1093,4196.34807,4185.1093,-6.2007,-1.0,1.47,7.09,STOP,2026-07-05 22:18:00,2026-07-05 22:15:00,2026-07-05 22:16:00,6,25,95,1.6,1.3,30,warning_only,closed_all,0.8,2.0
BUY,4187.16,4181.44928,4191.79996,4191.79996,4.63996,0.8125,7.22,2.59,TARGET,2026-07-05 22:32:00,2026-07-05 22:26:00,2026-07-05 22:27:00,6,25,95,1.6,1.3,30,warning_only,closed_all,0.8,2.0
BUY,4189.71,4184.0911,4194.27535,4194.27535,4.56535,0.8125,4.67,2.34,TARGET,2026-07-05 22:32:00,2026-07-05 22:29:00,2026-07-05 22:30:00,6,25,95,1.6,1.3,30,warning_only,closed_all,0.8,2.0
BUY,4190.51,4184.91656,4195.05467,4195.05467,4.54467,0.8125,7.26,1.33,TARGET,2026-07-05 22:34:00,2026-07-05 22:31:00,2026-07-05 22:32:00,6,25,95,1.6,1.3,30,warning_only,closed_all,0.8,2.0
BUY,4156.92,4154.51301,4158.87568,4154.51301,-2.40699,-1.0,1.31,2.5,STOP,2026-07-06 09:11:00,2026-07-06 09:05:00,2026-07-06 09:06:00,6,25,95,1.6,1.3,30,warning_only,closed_all,0.8,2.0
BUY,4147.29,4145.00586,4149.14586,4149.14586,1.85586,0.8125,2.22,0.29,TARGET,2026-07-06 13:37:00,2026-07-06 13:35:00,2026-07-06 13:36:00,6,25,95,1.6,1.3,30,warning_only,closed_all,0.8,2.0
BUY,4162.57,4161.12839,4163.74131,4163.74131,1.17131,0.8125,1.19,0.62,TARGET,2026-07-06 16:49:00,2026-07-06 16:46:00,2026-07-06 16:47:00,6,25,95,1.6,1.3,30,warning_only,closed_all,0.8,2.0
BUY,4162.96,4161.88617,4163.83249,4163.83249,0.87249,0.8125,1.44,0.59,TARGET,2026-07-06 17:33:00,2026-07-06 17:28:00,2026-07-06 17:29:00,6,25,95,1.6,1.3,30,warning_only,closed_all,0.8,2.0
BUY,4163.33,4162.3802,4164.10171,4164.10171,0.77171,0.8125,0.82,0.2,TARGET,2026-07-06 17:51:00,2026-07-06 17:47:00,2026-07-06 17:48:00,6,25,95,1.6,1.3,30,warning_only,closed_all,0.8,2.0
BUY,4133.13,4130.62677,4135.16387,4135.16387,2.03387,0.8125,3.52,1.2,TARGET,2026-07-07 07:18:00,2026-07-07 07:06:00,2026-07-07 07:07:00,6,25,95,1.6,1.3,30,warning_only,closed_all,0.8,2.0
BUY,4146.33,4144.16898,4148.08583,4144.16898,-2.16102,-1.0,1.33,2.93,STOP,2026-07-07 14:50:00,2026-07-07 14:40:00,2026-07-07 14:41:00,6,25,95,1.6,1.3,30,warning_only,closed_all,0.8,2.0
BUY,4108.98,4104.75303,4112.41441,4112.41441,3.43441,0.8125,6.37,0.87,TARGET,2026-07-07 23:07:00,2026-07-07 23:05:00,2026-07-07 23:06:00,6,25,95,1.6,1.3,30,warning_only,closed_all,0.8,2.0
BUY,4126.3,4123.54652,4128.53721,4123.54652,-2.75348,-1.0,1.85,4.2,STOP,2026-07-08 01:43:00,2026-07-08 01:27:00,2026-07-08 01:28:00,6,25,95,1.6,1.3,30,warning_only,closed_all,0.8,2.0
BUY,4127.19,4123.75531,4129.98069,4129.98069,2.79069,0.8125,2.97,0.59,TARGET,2026-07-08 02:38:00,2026-07-08 02:36:00,2026-07-08 02:37:00,6,25,95,1.6,1.3,30,warning_only,closed_all,0.8,2.0
BUY,4128.26,4124.88093,4131.0055,4131.0055,2.7455,0.8125,2.82,1.7,TARGET,2026-07-08 02:42:00,2026-07-08 02:37:00,2026-07-08 02:38:00,6,25,95,1.6,1.3,30,warning_only,closed_all,0.8,2.0
BUY,4129.73,4126.28046,4132.53275,4126.28046,-3.44954,-1.0,1.89,4.18,STOP,2026-07-08 02:48:00,2026-07-08 02:41:00,2026-07-08 02:42:00,6,25,95,1.6,1.3,30,warning_only,closed_all,0.8,2.0
BUY,4130.85,4127.58655,4133.50155,4133.50155,2.65155,0.8125,2.66,0.99,TARGET,2026-07-08 03:24:00,2026-07-08 03:21:00,2026-07-08 03:22:00,6,25,95,1.6,1.3,30,warning_only,closed_all,0.8,2.0
BUY,4187.16,4183.5908,4190.7292,4190.7292,3.5692,1.0,4.41,2.59,TARGET,2026-07-05 22:30:00,2026-07-05 22:26:00,2026-07-05 22:27:00,3,30,100,1.0,1.0,20,required,closed_all,1.2,0.8
BUY,4128.89,4125.17725,4132.60275,4132.60275,3.71275,1.0,6.43,2.32,TARGET,2026-07-02 21:13:00,2026-07-02 21:09:00,2026-07-02 21:10:00,6,31,83,1.3,1.3,30,warning_only,closed_all,1.2,1.2
BUY,4187.79,4182.50396,4193.07604,4182.50396,-5.28604,-1.0,4.99,6.3,STOP,2026-07-05 22:22:00,2026-07-05 22:13:00,2026-07-05 22:14:00,6,31,83,1.3,1.3,30,warning_only,closed_all,1.2,1.2
BUY,4185.64,4180.92712,4190.35288,4190.35288,4.71288,1.0,5.93,1.32,TARGET,2026-07-05 22:30:00,2026-07-05 22:25:00,2026-07-05 22:26:00,6,31,83,1.3,1.3,30,warning_only,closed_all,1.2,1.2
BUY,4187.16,4182.52004,4191.79996,4191.79996,4.63996,1.0,7.22,2.59,TARGET,2026-07-05 22:32:00,2026-07-05 22:26:00,2026-07-05 22:27:00,6,31,83,1.3,1.3,30,warning_only,closed_all,1.2,1.2
BUY,4188.14,4183.49996,4192.78004,4192.78004,4.64004,1.0,6.24,2.27,TARGET,2026-07-05 22:32:00,2026-07-05 22:27:00,2026-07-05 22:28:00,6,31,83,1.3,1.3,30,warning_only,closed_all,1.2,1.2
BUY,4155.65,4153.83257,4157.46743,4153.83257,-1.81743,-1.0,0.55,1.93,STOP,2026-07-06 09:00:00,2026-07-06 08:59:00,2026-07-06 09:00:00,6,31,83,1.3,1.3,30,warning_only,closed_all,1.2,1.2
BUY,4108.98,4105.54559,4112.41441,4112.41441,3.43441,1.0,6.37,0.87,TARGET,2026-07-07 23:07:00,2026-07-07 23:05:00,2026-07-07 23:06:00,6,31,83,1.3,1.3,30,warning_only,closed_all,1.2,1.2
BUY,4126.3,4124.06279,4128.53721,4124.06279,-2.23721,-1.0,1.85,2.24,STOP,2026-07-08 01:41:00,2026-07-08 01:27:00,2026-07-08 01:28:00,6,31,83,1.3,1.3,30,warning_only,closed_all,1.2,1.2
BUY,4127.19,4124.39931,4129.98069,4129.98069,2.79069,1.0,2.97,0.59,TARGET,2026-07-08 02:38:00,2026-07-08 02:36:00,2026-07-08 02:37:00,6,31,83,1.3,1.3,30,warning_only,closed_all,1.2,1.2
BUY,4128.26,4125.5145,4131.0055,4131.0055,2.7455,1.0,2.82,1.7,TARGET,2026-07-08 02:42:00,2026-07-08 02:37:00,2026-07-08 02:38:00,6,31,83,1.3,1.3,30,warning_only,closed_all,1.2,1.2
BUY,4128.92,4126.04666,4131.79334,4126.04666,-2.87334,-1.0,2.7,3.37,STOP,2026-07-08 02:48:00,2026-07-08 02:40:00,2026-07-08 02:41:00,6,31,83,1.3,1.3,30,warning_only,closed_all,1.2,1.2
BUY,4078.04,4072.85794,4083.22206,4072.85794,-5.18206,-1.0,2.16,7.75,STOP,2026-07-08 10:42:00,2026-07-08 10:36:00,2026-07-08 10:37:00,6,31,83,1.3,1.3,30,warning_only,closed_all,1.2,1.2
BUY,4128.6,4124.95183,4130.42409,4130.42409,1.82409,0.5,2.11,0.49,TARGET,2026-07-02 20:55:00,2026-07-02 20:54:00,2026-07-02 20:55:00,5,31,71,1.6,0.8,30,warning_only,closed_all,1.8,1.2
BUY,4183.04,4180.56208,4184.27896,4180.56208,-2.47792,-1.0,0.02,2.67,STOP,2026-07-03 00:36:00,2026-07-03 00:33:00,2026-07-03 00:34:00,5,31,71,1.6,0.8,30,warning_only,closed_all,1.8,1.2
BUY,4185.64,4179.83953,4188.54024,4188.54024,2.90024,0.5,4.02,1.32,TARGET,2026-07-05 22:28:00,2026-07-05 22:25:00,2026-07-05 22:26:00,5,31,71,1.6,0.8,30,warning_only,closed_all,1.8,1.2
BUY,4187.16,4181.44928,4190.01536,4190.01536,2.85536,0.5,4.41,2.59,TARGET,2026-07-05 22:30:00,2026-07-05 22:26:00,2026-07-05 22:27:00,5,31,71,1.6,0.8,30,warning_only,closed_all,1.8,1.2
BUY,4188.14,4182.42919,4190.99541,4190.99541,2.85541,0.5,3.43,2.27,TARGET,2026-07-05 22:30:00,2026-07-05 22:27:00,2026-07-05 22:28:00,5,31,71,1.6,0.8,30,warning_only,closed_all,1.8,1.2
BUY,4155.65,4153.41317,4156.76842,4156.76842,1.11842,0.5,1.31,1.93,TARGET,2026-07-06 09:01:00,2026-07-06 08:59:00,2026-07-06 09:00:00,5,31,71,1.6,0.8,30,warning_only,closed_all,1.8,1.2
BUY,4161.96,4160.32887,4162.77557,4162.77557,0.81557,0.5,1.28,0.57,TARGET,2026-07-06 16:29:00,2026-07-06 16:23:00,2026-07-06 16:24:00,5,31,71,1.6,0.8,30,warning_only,closed_all,1.8,1.2
BUY,4162.39,4160.8541,4163.15795,4163.15795,0.76795,0.5,0.85,0.84,TARGET,2026-07-06 16:29:00,2026-07-06 16:26:00,2026-07-06 16:27:00,5,31,71,1.6,0.8,30,warning_only,closed_all,1.8,1.2
BUY,4162.82,4160.96595,4163.74703,4163.74703,0.92703,0.5,0.98,0.81,TARGET,2026-07-06 16:59:00,2026-07-06 16:58:00,2026-07-06 16:59:00,5,31,71,1.6,0.8,30,warning_only,closed_all,1.8,1.2
BUY,4130.25,4127.468,4131.641,4131.641,1.391,0.5,1.85,0.58,TARGET,2026-07-07 06:56:00,2026-07-07 06:55:00,2026-07-07 06:56:00,5,31,71,1.6,0.8,30,warning_only,closed_all,1.8,1.2
BUY,4135.55,4133.55197,4136.54901,4133.55197,-1.99803,-1.0,0.36,2.0,STOP,2026-07-07 08:00:00,2026-07-07 07:59:00,2026-07-07 08:00:00,5,31,71,1.6,0.8,30,warning_only,closed_all,1.8,1.2
BUY,4108.98,4104.75303,4111.09348,4111.09348,2.11348,0.5,3.24,0.87,TARGET,2026-07-07 23:06:00,2026-07-07 23:05:00,2026-07-07 23:06:00,5,31,71,1.6,0.8,30,warning_only,closed_all,1.8,1.2
BUY,4112.22,4107.82525,4114.41738,4114.41738,2.19738,0.5,3.13,2.12,TARGET,2026-07-07 23:07:00,2026-07-07 23:06:00,2026-07-07 23:07:00,5,31,71,1.6,0.8,30,warning_only,closed_all,1.8,1.2
BUY,4126.98,4124.04867,4128.44567,4124.04867,-2.93133,-1.0,1.17,3.09,STOP,2026-07-08 01:42:00,2026-07-08 01:25:00,2026-07-08 01:26:00,5,31,71,1.6,0.8,30,warning_only,closed_all,1.8,1.2
BUY,4126.3,4123.54652,4127.67674,4127.67674,1.37674,0.5,1.85,1.93,TARGET,2026-07-08 01:32:00,2026-07-08 01:27:00,2026-07-08 01:28:00,5,31,71,1.6,0.8,30,warning_only,closed_all,1.8,1.2
BUY,4127.05,4124.56173,4128.29413,4128.29413,1.24413,0.5,3.55,2.05,TARGET,2026-07-08 02:05:00,2026-07-08 02:00:00,2026-07-08 02:01:00,5,31,71,1.6,0.8,30,warning_only,closed_all,1.8,1.2
BUY,4128.76,4125.7227,4130.27865,4125.7227,-3.0373,-1.0,0.21,5.07,STOP,2026-07-08 02:21:00,2026-07-08 02:18:00,2026-07-08 02:19:00,5,31,71,1.6,0.8,30,warning_only,closed_all,1.8,1.2
BUY,4128.26,4124.88093,4129.94954,4129.94954,1.68954,0.5,1.9,1.34,TARGET,2026-07-08 02:38:00,2026-07-08 02:37:00,2026-07-08 02:38:00,5,31,71,1.6,0.8,30,warning_only,closed_all,1.8,1.2
BUY,4128.92,4125.38358,4130.68821,4130.68821,1.76821,0.5,2.16,0.64,TARGET,2026-07-08 02:42:00,2026-07-08 02:40:00,2026-07-08 02:41:00,5,31,71,1.6,0.8,30,warning_only,closed_all,1.8,1.2
BUY,4078.04,4071.66208,4081.22896,4071.66208,-6.37792,-1.0,2.16,7.75,STOP,2026-07-08 10:42:00,2026-07-08 10:36:00,2026-07-08 10:37:00,5,31,71,1.6,0.8,30,warning_only,closed_all,1.8,1.2
BUY,4128.6,4125.63586,4131.56414,4131.56414,2.96414,1.0,3.12,1.59,TARGET,2026-07-02 20:56:00,2026-07-02 20:54:00,2026-07-02 20:55:00,3,24,60,1.3,1.3,5,warning_only,closed_all,1.8,1.2
BUY,4183.17,4180.85399,4185.48601,4182.18,-0.99,-0.42746,0.61,1.8,TIME_EXIT,2026-07-03 00:18:00,2026-07-03 00:13:00,2026-07-03 00:14:00,3,24,60,1.3,1.3,5,warning_only,closed_all,1.8,1.2
BUY,4183.04,4181.02669,4185.05331,4181.02669,-2.01331,-1.0,0.02,2.42,STOP,2026-07-03 00:35:00,2026-07-03 00:33:00,2026-07-03 00:34:00,3,24,60,1.3,1.3,5,warning_only,closed_all,1.8,1.2
BUY,4174.42,4172.07312,4176.76688,4176.76688,2.34688,1.0,2.59,1.85,TARGET,2026-07-03 04:30:00,2026-07-03 04:25:00,2026-07-03 04:26:00,3,24,60,1.3,1.3,5,warning_only,closed_all,1.8,1.2
BUY,4177.27,4175.75762,4178.78238,4175.75762,-1.51238,-1.0,0.65,1.82,STOP,2026-07-03 08:00:00,2026-07-03 07:56:00,2026-07-03 07:57:00,3,24,60,1.3,1.3,5,warning_only,closed_all,1.8,1.2
BUY,4187.16,4182.52004,4191.79996,4190.48,3.32,0.71552,4.41,2.59,TIME_EXIT,2026-07-05 22:31:00,2026-07-05 22:26:00,2026-07-05 22:27:00,3,24,60,1.3,1.3,5,warning_only,closed_all,1.8,1.2
BUY,4188.14,4183.49996,4192.78004,4192.78004,4.64004,1.0,6.24,2.27,TARGET,2026-07-05 22:32:00,2026-07-05 22:27:00,2026-07-05 22:28:00,3,24,60,1.3,1.3,5,warning_only,closed_all,1.8,1.2
BUY,4155.65,4153.83257,4157.46743,4153.83257,-1.81743,-1.0,0.55,1.93,STOP,2026-07-06 09:00:00,2026-07-06 08:59:00,2026-07-06 09:00:00,3,24,60,1.3,1.3,5,warning_only,closed_all,1.8,1.2
BUY,4156.2,4154.2821,4158.1179,4158.1179,1.9179,1.0,2.05,1.0,TARGET,2026-07-06 09:03:00,2026-07-06 09:00:00,2026-07-06 09:01:00,3,24,60,1.3,1.3,5,warning_only,closed_all,1.8,1.2
BUY,4162.71,4161.45411,4163.96589,4161.45411,-1.25589,-1.0,0.53,1.37,STOP,2026-07-06 16:31:00,2026-07-06 16:28:00,2026-07-06 16:29:00,3,24,60,1.3,1.3,5,warning_only,closed_all,1.8,1.2
BUY,4130.22,4127.86575,4132.57425,4131.13,0.91,0.38653,2.06,0.77,TIME_EXIT,2026-07-07 06:59:00,2026-07-07 06:54:00,2026-07-07 06:55:00,3,24,60,1.3,1.3,5,warning_only,closed_all,1.8,1.2
BUY,4130.25,4127.98963,4132.51037,4132.51037,2.26037,1.0,3.52,0.58,TARGET,2026-07-07 07:00:00,2026-07-07 06:55:00,2026-07-07 06:56:00,3,24,60,1.3,1.3,5,warning_only,closed_all,1.8,1.2
BUY,4135.55,4133.9266,4137.1734,4133.9266,-1.6234,-1.0,0.36,2.0,STOP,2026-07-07 08:00:00,2026-07-07 07:59:00,2026-07-07 08:00:00,3,24,60,1.3,1.3,5,warning_only,closed_all,1.8,1.2
BUY,4108.98,4105.54559,4112.41441,4112.41441,3.43441,1.0,6.37,0.87,TARGET,2026-07-07 23:07:00,2026-07-07 23:05:00,2026-07-07 23:06:00,3,24,60,1.3,1.3,5,warning_only,closed_all,1.8,1.2
BUY,4112.22,4108.64926,4115.79074,4115.79074,3.57074,1.0,5.2,2.12,TARGET,2026-07-07 23:08:00,2026-07-07 23:06:00,2026-07-07 23:07:00,3,24,60,1.3,1.3,5,warning_only,closed_all,1.8,1.2
BUY,4126.98,4124.59829,4129.36171,4124.59829,-2.38171,-1.0,0.19,2.61,STOP,2026-07-08 01:30:00,2026-07-08 01:25:00,2026-07-08 01:26:00,3,24,60,1.3,1.3,5,warning_only,closed_all,1.8,1.2
BUY,4126.21,4124.18401,4128.23599,4126.23,0.02,0.00987,1.19,1.52,TIME_EXIT,2026-07-08 02:01:00,2026-07-08 01:56:00,2026-07-08 01:57:00,3,24,60,1.3,1.3,5,warning_only,closed_all,1.8,1.2
BUY,4127.05,4125.02828,4129.07172,4125.02828,-2.02172,-1.0,0.35,2.05,STOP,2026-07-08 02:03:00,2026-07-08 02:00:00,2026-07-08 02:01:00,3,24,60,1.3,1.3,5,warning_only,closed_all,1.8,1.2
BUY,4128.76,4126.2922,4131.2278,4126.2922,-2.4678,-1.0,0.21,5.07,STOP,2026-07-08 02:21:00,2026-07-08 02:18:00,2026-07-08 02:19:00,3,24,60,1.3,1.3,5,warning_only,closed_all,1.8,1.2
BUY,4128.92,4126.04666,4131.79334,4128.85,-0.07,-0.02436,2.7,1.26,TIME_EXIT,2026-07-08 02:45:00,2026-07-08 02:40:00,2026-07-08 02:41:00,3,24,60,1.3,1.3,5,warning_only,closed_all,1.8,1.2
BUY,4129.73,4126.92725,4132.53275,4129.19,-0.54,-0.19267,1.89,2.07,TIME_EXIT,2026-07-08 02:46:00,2026-07-08 02:41:00,2026-07-08 02:42:00,3,24,60,1.3,1.3,5,warning_only,closed_all,1.8,1.2
BUY,4128.02,4125.56569,4130.47431,4128.18,0.16,0.06519,1.17,1.59,TIME_EXIT,2026-07-08 03:01:00,2026-07-08 02:56:00,2026-07-08 02:57:00,3,24,60,1.3,1.3,5,warning_only,closed_all,1.8,1.2
BUY,4078.04,4072.85794,4083.22206,4077.91,-0.13,-0.02509,2.16,3.58,TIME_EXIT,2026-07-08 10:41:00,2026-07-08 10:36:00,2026-07-08 10:37:00,3,24,60,1.3,1.3,5,warning_only,closed_all,1.8,1.2
BUY,4173.66,4171.73767,4176.15903,4176.15903,2.49903,1.3,3.09,0.53,TARGET,2026-07-03 04:05:00,2026-07-03 04:03:00,2026-07-03 04:04:00,3,23,91,1.0,1.3,20,required,closed_all,1.2,1.2
BUY,4174.42,4172.61471,4176.76688,4172.61471,-1.80529,-1.0,0.11,1.85,STOP,2026-07-03 04:27:00,2026-07-03 04:25:00,2026-07-03 04:26:00,3,23,91,1.0,1.3,20,required,closed_all,1.2,1.2
BUY,4177.27,4176.10663,4178.78238,4176.10663,-1.16337,-1.0,0.65,1.82,STOP,2026-07-03 08:00:00,2026-07-03 07:56:00,2026-07-03 07:57:00,3,23,91,1.0,1.3,20,required,closed_all,1.2,1.2
BUY,4187.79,4183.72381,4193.07604,4183.72381,-4.06619,-1.0,4.99,4.58,STOP,2026-07-05 22:21:00,2026-07-05 22:13:00,2026-07-05 22:14:00,3,23,91,1.0,1.3,20,required,closed_all,1.2,1.2
BUY,4187.16,4183.5908,4191.79996,4191.79996,4.63996,1.3,7.22,2.59,TARGET,2026-07-05 22:32:00,2026-07-05 22:26:00,2026-07-05 22:27:00,3,23,91,1.0,1.3,20,required,closed_all,1.2,1.2
BUY,4188.14,4184.57074,4192.78004,4192.78004,4.64004,1.3,6.24,2.27,TARGET,2026-07-05 22:32:00,2026-07-05 22:27:00,2026-07-05 22:28:00,3,23,91,1.0,1.3,20,required,closed_all,1.2,1.2
BUY,4127.19,4125.04332,4129.98069,4129.98069,2.79069,1.3,2.97,0.59,TARGET,2026-07-08 02:38:00,2026-07-08 02:36:00,2026-07-08 02:37:00,3,23,91,1.0,1.3,20,required,closed_all,1.2,1.2
BUY,4128.26,4126.14808,4131.0055,4131.0055,2.7455,1.3,2.82,1.7,TARGET,2026-07-08 02:42:00,2026-07-08 02:37:00,2026-07-08 02:38:00,3,23,91,1.0,1.3,20,required,closed_all,1.2,1.2
BUY,4185.64,4182.01471,4189.26529,4189.26529,3.62529,1.0,4.02,1.32,TARGET,2026-07-05 22:28:00,2026-07-05 22:25:00,2026-07-05 22:26:00,3,31,94,1.0,1.0,15,warning_only,closed_all,0.8,1.2
BUY,4187.16,4183.5908,4190.7292,4190.7292,3.5692,1.0,4.41,2.59,TARGET,2026-07-05 22:30:00,2026-07-05 22:26:00,2026-07-05 22:27:00,3,31,94,1.0,1.0,15,warning_only,closed_all,0.8,1.2
BUY,4108.98,4106.33815,4111.62185,4111.62185,2.64185,1.0,3.24,0.87,TARGET,2026-07-07 23:06:00,2026-07-07 23:05:00,2026-07-07 23:06:00,3,31,94,1.0,1.0,15,warning_only,closed_all,0.8,1.2
BUY,4127.19,4125.04332,4129.33668,4129.33668,2.14668,1.0,2.97,0.59,TARGET,2026-07-08 02:38:00,2026-07-08 02:36:00,2026-07-08 02:37:00,3,31,94,1.0,1.0,15,warning_only,closed_all,0.8,1.2
BUY,4128.26,4126.14808,4130.37192,4130.37192,2.11192,1.0,2.82,1.7,TARGET,2026-07-08 02:42:00,2026-07-08 02:37:00,2026-07-08 02:38:00,3,31,94,1.0,1.0,15,warning_only,closed_all,0.8,1.2
BUY,4128.02,4126.13207,4129.90793,4126.13207,-1.88793,-1.0,1.17,3.48,STOP,2026-07-08 03:02:00,2026-07-08 02:56:00,2026-07-08 02:57:00,3,31,94,1.0,1.0,15,warning_only,closed_all,0.8,1.2
BUY,4178.03,4176.90694,4179.15306,4176.90694,-1.12306,-1.0,0.95,1.36,STOP,2026-07-03 08:04:00,2026-07-03 08:03:00,2026-07-03 08:04:00,4,26,85,1.0,1.0,10,required,closed_all,1.8,0.8
BUY,4187.16,4183.5908,4190.7292,4190.7292,3.5692,1.0,4.41,2.59,TARGET,2026-07-05 22:30:00,2026-07-05 22:26:00,2026-07-05 22:27:00,4,26,85,1.0,1.0,10,required,closed_all,1.8,0.8
BUY,4127.19,4125.04332,4129.33668,4129.33668,2.14668,1.0,2.97,0.59,TARGET,2026-07-08 02:38:00,2026-07-08 02:36:00,2026-07-08 02:37:00,4,26,85,1.0,1.0,10,required,closed_all,1.8,0.8
BUY,4128.26,4126.14808,4130.37192,4130.37192,2.11192,1.0,2.82,1.7,TARGET,2026-07-08 02:42:00,2026-07-08 02:37:00,2026-07-08 02:38:00,4,26,85,1.0,1.0,10,required,closed_all,1.8,0.8
BUY,4128.6,4124.95183,4130.42409,4130.42409,1.82409,0.5,2.11,0.49,TARGET,2026-07-02 20:55:00,2026-07-02 20:54:00,2026-07-02 20:55:00,4,28,75,1.6,0.8,20,warning_only,closed_all,1.8,1.2
BUY,4187.79,4181.2841,4191.04295,4191.04295,3.25295,0.5,3.52,0.85,TARGET,2026-07-05 22:15:00,2026-07-05 22:13:00,2026-07-05 22:14:00,4,28,75,1.6,0.8,20,warning_only,closed_all,1.8,1.2
BUY,4187.16,4181.44928,4190.01536,4190.01536,2.85536,0.5,4.41,2.59,TARGET,2026-07-05 22:30:00,2026-07-05 22:26:00,2026-07-05 22:27:00,4,28,75,1.6,0.8,20,warning_only,closed_all,1.8,1.2
BUY,4188.14,4182.42919,4190.99541,4190.99541,2.85541,0.5,3.43,2.27,TARGET,2026-07-05 22:30:00,2026-07-05 22:27:00,2026-07-05 22:28:00,4,28,75,1.6,0.8,20,warning_only,closed_all,1.8,1.2
BUY,4155.65,4153.41317,4156.76842,4156.76842,1.11842,0.5,1.31,1.93,TARGET,2026-07-06 09:01:00,2026-07-06 08:59:00,2026-07-06 09:00:00,4,28,75,1.6,0.8,20,warning_only,closed_all,1.8,1.2
BUY,4161.96,4160.32887,4162.77557,4162.77557,0.81557,0.5,1.28,0.57,TARGET,2026-07-06 16:29:00,2026-07-06 16:23:00,2026-07-06 16:24:00,4,28,75,1.6,0.8,20,warning_only,closed_all,1.8,1.2
BUY,4162.82,4160.96595,4163.74703,4163.74703,0.92703,0.5,0.98,0.81,TARGET,2026-07-06 16:59:00,2026-07-06 16:58:00,2026-07-06 16:59:00,4,28,75,1.6,0.8,20,warning_only,closed_all,1.8,1.2
BUY,4162.7,4161.54112,4163.27944,4163.27944,0.57944,0.5,0.7,0.53,TARGET,2026-07-06 17:31:00,2026-07-06 17:25:00,2026-07-06 17:26:00,4,28,75,1.6,0.8,20,warning_only,closed_all,1.8,1.2
BUY,4130.25,4127.468,4131.641,4131.641,1.391,0.5,1.85,0.58,TARGET,2026-07-07 06:56:00,2026-07-07 06:55:00,2026-07-07 06:56:00,4,28,75,1.6,0.8,20,warning_only,closed_all,1.8,1.2
BUY,4108.98,4104.75303,4111.09348,4111.09348,2.11348,0.5,3.24,0.87,TARGET,2026-07-07 23:06:00,2026-07-07 23:05:00,2026-07-07 23:06:00,4,28,75,1.6,0.8,20,warning_only,closed_all,1.8,1.2
BUY,4112.22,4107.82525,4114.41738,4114.41738,2.19738,0.5,3.13,2.12,TARGET,2026-07-07 23:07:00,2026-07-07 23:06:00,2026-07-07 23:07:00,4,28,75,1.6,0.8,20,warning_only,closed_all,1.8,1.2
BUY,4126.98,4124.04867,4128.44567,4124.04867,-2.93133,-1.0,1.17,3.09,STOP,2026-07-08 01:42:00,2026-07-08 01:25:00,2026-07-08 01:26:00,4,28,75,1.6,0.8,20,warning_only,closed_all,1.8,1.2
BUY,4126.3,4123.54652,4127.67674,4127.67674,1.37674,0.5,1.85,1.93,TARGET,2026-07-08 01:32:00,2026-07-08 01:27:00,2026-07-08 01:28:00,4,28,75,1.6,0.8,20,warning_only,closed_all,1.8,1.2
BUY,4126.21,4123.71647,4127.45677,4127.45677,1.24677,0.5,1.73,1.52,TARGET,2026-07-08 02:04:00,2026-07-08 01:56:00,2026-07-08 01:57:00,4,28,75,1.6,0.8,20,warning_only,closed_all,1.8,1.2
BUY,4127.05,4124.56173,4128.29413,4128.29413,1.24413,0.5,3.55,2.05,TARGET,2026-07-08 02:05:00,2026-07-08 02:00:00,2026-07-08 02:01:00,4,28,75,1.6,0.8,20,warning_only,closed_all,1.8,1.2
BUY,4128.76,4125.7227,4130.27865,4125.7227,-3.0373,-1.0,0.21,5.07,STOP,2026-07-08 02:21:00,2026-07-08 02:18:00,2026-07-08 02:19:00,4,28,75,1.6,0.8,20,warning_only,closed_all,1.8,1.2
BUY,4127.19,4123.75531,4128.90735,4128.90735,1.71735,0.5,2.97,0.59,TARGET,2026-07-08 02:38:00,2026-07-08 02:36:00,2026-07-08 02:37:00,4,28,75,1.6,0.8,20,warning_only,closed_all,1.8,1.2
BUY,4128.26,4124.88093,4129.94954,4129.94954,1.68954,0.5,1.9,1.34,TARGET,2026-07-08 02:38:00,2026-07-08 02:37:00,2026-07-08 02:38:00,4,28,75,1.6,0.8,20,warning_only,closed_all,1.8,1.2
BUY,4128.92,4125.38358,4130.68821,4130.68821,1.76821,0.5,2.16,0.64,TARGET,2026-07-08 02:42:00,2026-07-08 02:40:00,2026-07-08 02:41:00,4,28,75,1.6,0.8,20,warning_only,closed_all,1.8,1.2
BUY,4128.02,4124.99931,4129.53035,4124.99931,-3.02069,-1.0,1.17,3.48,STOP,2026-07-08 03:02:00,2026-07-08 02:56:00,2026-07-08 02:57:00,4,28,75,1.6,0.8,20,warning_only,closed_all,1.8,1.2
BUY,4078.04,4071.66208,4081.22896,4071.66208,-6.37792,-1.0,2.16,7.75,STOP,2026-07-08 10:42:00,2026-07-08 10:36:00,2026-07-08 10:37:00,4,28,75,1.6,0.8,20,warning_only,closed_all,1.8,1.2
BUY,4128.89,4124.32046,4131.74596,4131.74596,2.85596,0.625,6.43,2.32,TARGET,2026-07-02 21:13:00,2026-07-02 21:09:00,2026-07-02 21:10:00,6,20,93,1.6,1.0,10,required,closed_all,1.2,2.0
BUY,4134.23,4129.57711,4137.13806,4137.13806,2.90806,0.625,3.54,1.31,TARGET,2026-07-02 21:21:00,2026-07-02 21:17:00,2026-07-02 21:18:00,6,20,93,1.6,1.0,10,required,closed_all,1.2,2.0
BUY,4180.51,4178.41182,4181.82136,4178.41182,-2.09818,-1.0,0.56,2.42,STOP,2026-07-03 02:10:00,2026-07-03 02:06:00,2026-07-03 02:07:00,6,20,93,1.6,1.0,10,required,closed_all,1.2,2.0
BUY,4173.47,4170.54667,4175.29708,4171.44,-2.03,-0.69441,0.91,2.68,TIME_EXIT,2026-07-03 04:02:00,2026-07-03 03:52:00,2026-07-03 03:53:00,6,20,93,1.6,1.0,10,required,closed_all,1.2,2.0
BUY,4173.66,4170.58427,4175.58233,4175.58233,1.92233,0.625,3.09,0.53,TARGET,2026-07-03 04:05:00,2026-07-03 04:03:00,2026-07-03 04:04:00,6,20,93,1.6,1.0,10,required,closed_all,1.2,2.0
BUY,4174.9,4171.84168,4176.81145,4176.81145,1.91145,0.625,3.26,0.44,TARGET,2026-07-03 04:06:00,2026-07-03 04:04:00,2026-07-03 04:05:00,6,20,93,1.6,1.0,10,required,closed_all,1.2,2.0
BUY,4175.29,4172.52248,4177.0197,4177.0197,1.7297,0.625,2.93,1.62,TARGET,2026-07-03 04:34:00,2026-07-03 04:29:00,2026-07-03 04:30:00,6,20,93,1.6,1.0,10,required,closed_all,1.2,2.0
BUY,4175.84,4172.92378,4177.66264,4177.66264,1.82264,0.625,2.38,0.95,TARGET,2026-07-03 04:34:00,2026-07-03 04:32:00,2026-07-03 04:33:00,6,20,93,1.6,1.0,10,required,closed_all,1.2,2.0
BUY,4175.91,4173.08551,4177.6753,4177.6753,1.7653,0.625,2.31,0.27,TARGET,2026-07-03 04:34:00,2026-07-03 04:33:00,2026-07-03 04:34:00,6,20,93,1.6,1.0,10,required,closed_all,1.2,2.0
BUY,4179.44,4177.55749,4180.61657,4177.55749,-1.88251,-1.0,0.1,2.02,STOP,2026-07-03 08:07:00,2026-07-03 08:05:00,2026-07-03 08:06:00,6,20,93,1.6,1.0,10,required,closed_all,1.2,2.0
BUY,4188.13,4184.16643,4190.60723,4184.16643,-3.96357,-1.0,0.69,4.93,STOP,2026-07-05 21:49:00,2026-07-05 21:45:00,2026-07-05 21:46:00,6,20,93,1.6,1.0,10,required,closed_all,1.2,2.0
BUY,4187.79,4181.2841,4191.85619,4191.85619,4.06619,0.625,4.99,0.85,TARGET,2026-07-05 22:16:00,2026-07-05 22:13:00,2026-07-05 22:14:00,6,20,93,1.6,1.0,10,required,closed_all,1.2,2.0
BUY,4189.3,4182.98909,4193.24432,4182.98909,-6.31091,-1.0,3.48,7.81,STOP,2026-07-05 22:22:00,2026-07-05 22:14:00,2026-07-05 22:15:00,6,20,93,1.6,1.0,10,required,closed_all,1.2,2.0
BUY,4191.31,4185.1093,4195.18544,4185.1093,-6.2007,-1.0,1.47,7.09,STOP,2026-07-05 22:18:00,2026-07-05 22:15:00,2026-07-05 22:16:00,6,20,93,1.6,1.0,10,required,closed_all,1.2,2.0
BUY,4188.85,4182.74196,4192.66753,4182.74196,-6.10804,-1.0,1.62,7.36,STOP,2026-07-05 22:22:00,2026-07-05 22:19:00,2026-07-05 22:20:00,6,20,93,1.6,1.0,10,required,closed_all,1.2,2.0
BUY,4188.14,4182.42919,4191.70926,4191.70926,3.56926,0.625,6.24,2.27,TARGET,2026-07-05 22:32:00,2026-07-05 22:27:00,2026-07-05 22:28:00,6,20,93,1.6,1.0,10,required,closed_all,1.2,2.0
BUY,4189.71,4184.0911,4193.22181,4193.22181,3.51181,0.625,4.67,2.34,TARGET,2026-07-05 22:32:00,2026-07-05 22:29:00,2026-07-05 22:30:00,6,20,93,1.6,1.0,10,required,closed_all,1.2,2.0
BUY,4190.51,4184.91656,4194.0059,4194.0059,3.4959,0.625,3.87,1.33,TARGET,2026-07-05 22:32:00,2026-07-05 22:31:00,2026-07-05 22:32:00,6,20,93,1.6,1.0,10,required,closed_all,1.2,2.0
BUY,4161.96,4160.32887,4162.97946,4162.97946,1.01946,0.625,1.28,0.57,TARGET,2026-07-06 16:29:00,2026-07-06 16:23:00,2026-07-06 16:24:00,6,20,93,1.6,1.0,10,required,closed_all,1.2,2.0
BUY,4162.39,4160.8541,4163.34994,4160.8541,-1.5359,-1.0,0.85,2.28,STOP,2026-07-06 16:35:00,2026-07-06 16:26:00,2026-07-06 16:27:00,6,20,93,1.6,1.0,10,required,closed_all,1.2,2.0
BUY,4162.71,4161.16429,4163.67607,4161.16429,-1.54571,-1.0,0.53,2.6,STOP,2026-07-06 16:35:00,2026-07-06 16:28:00,2026-07-06 16:29:00,6,20,93,1.6,1.0,10,required,closed_all,1.2,2.0
BUY,4162.57,4161.12839,4163.471,4163.471,0.901,0.625,1.19,0.62,TARGET,2026-07-06 16:49:00,2026-07-06 16:46:00,2026-07-06 16:47:00,6,20,93,1.6,1.0,10,required,closed_all,1.2,2.0
BUY,4162.75,4161.60761,4163.46399,4163.46399,0.71399,0.625,1.65,0.38,TARGET,2026-07-06 17:33:00,2026-07-06 17:26:00,2026-07-06 17:27:00,6,20,93,1.6,1.0,10,required,closed_all,1.2,2.0
BUY,4162.96,4161.88617,4163.63115,4163.63115,0.67115,0.625,1.44,0.59,TARGET,2026-07-06 17:33:00,2026-07-06 17:28:00,2026-07-06 17:29:00,6,20,93,1.6,1.0,10,required,closed_all,1.2,2.0
BUY,4163.33,4162.3802,4163.92363,4163.92363,0.59363,0.625,0.82,0.2,TARGET,2026-07-06 17:51:00,2026-07-06 17:47:00,2026-07-06 17:48:00,6,20,93,1.6,1.0,10,required,closed_all,1.2,2.0
BUY,4127.19,4123.75531,4129.33668,4129.33668,2.14668,0.625,2.97,0.59,TARGET,2026-07-08 02:38:00,2026-07-08 02:36:00,2026-07-08 02:37:00,6,20,93,1.6,1.0,10,required,closed_all,1.2,2.0
BUY,4128.26,4124.88093,4130.37192,4130.37192,2.11192,0.625,2.82,1.7,TARGET,2026-07-08 02:42:00,2026-07-08 02:37:00,2026-07-08 02:38:00,6,20,93,1.6,1.0,10,required,closed_all,1.2,2.0
BUY,4128.92,4125.38358,4131.13026,4131.13026,2.21026,0.625,2.7,0.64,TARGET,2026-07-08 02:43:00,2026-07-08 02:40:00,2026-07-08 02:41:00,6,20,93,1.6,1.0,10,required,closed_all,1.2,2.0
BUY,4129.73,4126.28046,4131.88596,4126.28046,-3.44954,-1.0,1.89,4.18,STOP,2026-07-08 02:48:00,2026-07-08 02:41:00,2026-07-08 02:42:00,6,20,93,1.6,1.0,10,required,closed_all,1.2,2.0
BUY,4130.85,4127.58655,4132.88966,4132.88966,2.03966,0.625,2.66,0.99,TARGET,2026-07-08 03:24:00,2026-07-08 03:21:00,2026-07-08 03:22:00,6,20,93,1.6,1.0,10,required,closed_all,1.2,2.0
BUY,4185.64,4180.92712,4188.54024,4188.54024,2.90024,0.61538,4.02,1.32,TARGET,2026-07-05 22:28:00,2026-07-05 22:25:00,2026-07-05 22:26:00,6,33,61,1.3,0.8,5,warning_only,closed_all,0.8,0.8
BUY,4187.16,4182.52004,4190.01536,4190.01536,2.85536,0.61538,4.41,2.59,TARGET,2026-07-05 22:30:00,2026-07-05 22:26:00,2026-07-05 22:27:00,6,33,61,1.3,0.8,5,warning_only,closed_all,0.8,0.8
BUY,4108.98,4105.54559,4111.09348,4111.09348,2.11348,0.61538,3.24,0.87,TARGET,2026-07-07 23:06:00,2026-07-07 23:05:00,2026-07-07 23:06:00,6,33,61,1.3,0.8,5,warning_only,closed_all,0.8,0.8
BUY,4126.3,4124.06279,4127.67674,4127.67674,1.37674,0.61538,1.85,1.93,TARGET,2026-07-08 01:32:00,2026-07-08 01:27:00,2026-07-08 01:28:00,6,33,61,1.3,0.8,5,warning_only,closed_all,0.8,0.8
BUY,4129.43,4126.51881,4131.2215,4126.51881,-2.91119,-1.0,1.25,3.19,STOP,2026-07-02 20:52:00,2026-07-02 20:47:00,2026-07-02 20:48:00,3,23,74,1.3,0.8,20,required,closed_all,1.2,2.0
BUY,4130.59,4127.73539,4132.34668,4127.73539,-2.85461,-1.0,0.09,3.38,STOP,2026-07-02 20:51:00,2026-07-02 20:48:00,2026-07-02 20:49:00,3,23,74,1.3,0.8,20,required,closed_all,1.2,2.0
BUY,4130.63,4127.79172,4132.37663,4127.79172,-2.83828,-1.0,0.05,3.42,STOP,2026-07-02 20:51:00,2026-07-02 20:49:00,2026-07-02 20:50:00,3,23,74,1.3,0.8,20,required,closed_all,1.2,2.0
BUY,4134.23,4130.44953,4136.55645,4136.55645,2.32645,0.61538,2.45,1.31,TARGET,2026-07-02 21:20:00,2026-07-02 21:17:00,2026-07-02 21:18:00,3,23,74,1.3,0.8,20,required,closed_all,1.2,2.0
BUY,4135.16,4131.44156,4137.44827,4137.44827,2.28827,0.61538,2.61,1.83,TARGET,2026-07-02 21:21:00,2026-07-02 21:18:00,2026-07-02 21:19:00,3,23,74,1.3,0.8,20,required,closed_all,1.2,2.0
BUY,4183.17,4180.85399,4184.59523,4180.85399,-2.31601,-1.0,0.61,3.12,STOP,2026-07-03 00:21:00,2026-07-03 00:13:00,2026-07-03 00:14:00,3,23,74,1.3,0.8,20,required,closed_all,1.2,2.0
BUY,4182.25,4180.39026,4183.39446,4180.39026,-1.85974,-1.0,0.03,2.64,STOP,2026-07-03 00:30:00,2026-07-03 00:28:00,2026-07-03 00:29:00,3,23,74,1.3,0.8,20,required,closed_all,1.2,2.0
BUY,4173.47,4171.09479,4174.93167,4171.09479,-2.37521,-1.0,0.91,2.68,STOP,2026-07-03 03:56:00,2026-07-03 03:52:00,2026-07-03 03:53:00,3,23,74,1.3,0.8,20,required,closed_all,1.2,2.0
BUY,4173.66,4171.16097,4175.19786,4175.19786,1.53786,0.61538,3.09,0.53,TARGET,2026-07-03 04:05:00,2026-07-03 04:03:00,2026-07-03 04:04:00,3,23,74,1.3,0.8,20,required,closed_all,1.2,2.0
BUY,4174.9,4172.41512,4176.42916,4176.42916,1.52916,0.61538,1.85,0.44,TARGET,2026-07-03 04:05:00,2026-07-03 04:04:00,2026-07-03 04:05:00,3,23,74,1.3,0.8,20,required,closed_all,1.2,2.0
BUY,4174.42,4172.07312,4175.86424,4175.86424,1.44424,0.61538,2.59,1.85,TARGET,2026-07-03 04:30:00,2026-07-03 04:25:00,2026-07-03 04:26:00,3,23,74,1.3,0.8,20,required,closed_all,1.2,2.0
BUY,4175.29,4173.04139,4176.67376,4176.67376,1.38376,0.61538,1.72,0.34,TARGET,2026-07-03 04:30:00,2026-07-03 04:29:00,2026-07-03 04:30:00,3,23,74,1.3,0.8,20,required,closed_all,1.2,2.0
BUY,4175.84,4173.47057,4177.29811,4177.29811,1.45811,0.61538,2.38,0.95,TARGET,2026-07-03 04:34:00,2026-07-03 04:32:00,2026-07-03 04:33:00,3,23,74,1.3,0.8,20,required,closed_all,1.2,2.0
BUY,4175.91,4173.6151,4177.32224,4177.32224,1.41224,0.61538,2.31,0.27,TARGET,2026-07-03 04:34:00,2026-07-03 04:33:00,2026-07-03 04:34:00,3,23,74,1.3,0.8,20,required,closed_all,1.2,2.0
BUY,4184.16,4181.92447,4185.53571,4181.92447,-2.23553,-1.0,1.11,3.83,STOP,2026-07-03 05:46:00,2026-07-03 05:44:00,2026-07-03 05:45:00,3,23,74,1.3,0.8,20,required,closed_all,1.2,2.0
BUY,4177.27,4175.75762,4178.20069,4175.75762,-1.51238,-1.0,0.65,1.82,STOP,2026-07-03 08:00:00,2026-07-03 07:56:00,2026-07-03 07:57:00,3,23,74,1.3,0.8,20,required,closed_all,1.2,2.0
BUY,4179.44,4177.91046,4180.38126,4177.91046,-1.52954,-1.0,0.1,2.02,STOP,2026-07-03 08:07:00,2026-07-03 08:05:00,2026-07-03 08:06:00,3,23,74,1.3,0.8,20,required,closed_all,1.2,2.0
BUY,4188.13,4184.9096,4190.11178,4184.9096,-3.2204,-1.0,0.69,4.93,STOP,2026-07-05 21:49:00,2026-07-05 21:45:00,2026-07-05 21:46:00,3,23,74,1.3,0.8,20,required,closed_all,1.2,2.0
BUY,4187.79,4182.50396,4191.04295,4191.04295,3.25295,0.61538,3.52,0.85,TARGET,2026-07-05 22:15:00,2026-07-05 22:13:00,2026-07-05 22:14:00,3,23,74,1.3,0.8,20,required,closed_all,1.2,2.0
BUY,4189.3,4184.17239,4192.45545,4192.45545,3.15545,0.61538,3.48,0.97,TARGET,2026-07-05 22:16:00,2026-07-05 22:14:00,2026-07-05 22:15:00,3,23,74,1.3,0.8,20,required,closed_all,1.2,2.0
BUY,4191.31,4186.27193,4194.41035,4186.27193,-5.03807,-1.0,1.47,5.52,STOP,2026-07-05 22:17:00,2026-07-05 22:15:00,2026-07-05 22:16:00,3,23,74,1.3,0.8,20,required,closed_all,1.2,2.0
BUY,4188.85,4183.88722,4191.90402,4183.88722,-4.96278,-1.0,1.62,5.64,STOP,2026-07-05 22:21:00,2026-07-05 22:19:00,2026-07-05 22:20:00,3,23,74,1.3,0.8,20,required,closed_all,1.2,2.0
BUY,4187.16,4182.52004,4190.01536,4190.01536,2.85536,0.61538,4.41,2.59,TARGET,2026-07-05 22:30:00,2026-07-05 22:26:00,2026-07-05 22:27:00,3,23,74,1.3,0.8,20,required,closed_all,1.2,2.0
BUY,4188.14,4183.49996,4190.99541,4190.99541,2.85541,0.61538,3.43,2.27,TARGET,2026-07-05 22:30:00,2026-07-05 22:27:00,2026-07-05 22:28:00,3,23,74,1.3,0.8,20,required,closed_all,1.2,2.0
BUY,4189.71,4185.14465,4192.51945,4192.51945,2.80945,0.61538,4.67,2.34,TARGET,2026-07-05 22:32:00,2026-07-05 22:29:00,2026-07-05 22:30:00,3,23,74,1.3,0.8,20,required,closed_all,1.2,2.0
BUY,4190.51,4185.96533,4193.30672,4193.30672,2.79672,0.61538,3.87,1.33,TARGET,2026-07-05 22:32:00,2026-07-05 22:31:00,2026-07-05 22:32:00,3,23,74,1.3,0.8,20,required,closed_all,1.2,2.0
BUY,4161.96,4160.63471,4162.77557,4162.77557,0.81557,0.61538,1.28,0.57,TARGET,2026-07-06 16:29:00,2026-07-06 16:23:00,2026-07-06 16:24:00,3,23,74,1.3,0.8,20,required,closed_all,1.2,2.0
BUY,4162.39,4161.14208,4163.15795,4163.15795,0.76795,0.61538,0.85,0.84,TARGET,2026-07-06 16:29:00,2026-07-06 16:26:00,2026-07-06 16:27:00,3,23,74,1.3,0.8,20,required,closed_all,1.2,2.0
BUY,4162.71,4161.45411,4163.48285,4161.45411,-1.25589,-1.0,0.53,1.37,STOP,2026-07-06 16:31:00,2026-07-06 16:28:00,2026-07-06 16:29:00,3,23,74,1.3,0.8,20,required,closed_all,1.2,2.0
BUY,4162.57,4161.39869,4163.2908,4163.2908,0.7208,0.61538,1.19,0.62,TARGET,2026-07-06 16:49:00,2026-07-06 16:46:00,2026-07-06 16:47:00,3,23,74,1.3,0.8,20,required,closed_all,1.2,2.0
BUY,4162.75,4161.82181,4163.32119,4163.32119,0.57119,0.61538,0.65,0.38,TARGET,2026-07-06 17:31:00,2026-07-06 17:26:00,2026-07-06 17:27:00,3,23,74,1.3,0.8,20,required,closed_all,1.2,2.0
BUY,4162.96,4162.08751,4163.49692,4163.49692,0.53692,0.61538,1.44,0.59,TARGET,2026-07-06 17:33:00,2026-07-06 17:28:00,2026-07-06 17:29:00,3,23,74,1.3,0.8,20,required,closed_all,1.2,2.0
BUY,4163.33,4162.55829,4163.8049,4163.8049,0.4749,0.61538,0.54,0.2,TARGET,2026-07-06 17:50:00,2026-07-06 17:47:00,2026-07-06 17:48:00,3,23,74,1.3,0.8,20,required,closed_all,1.2,2.0
BUY,4136.9,4135.01684,4138.05887,4138.05887,1.15887,0.61538,5.16,0.04,TARGET,2026-07-07 08:18:00,2026-07-07 08:17:00,2026-07-07 08:18:00,3,23,74,1.3,0.8,20,required,closed_all,1.2,2.0
BUY,4170.2,4166.1539,4172.68991,4166.1539,-4.0461,-1.0,2.2,4.81,STOP,2026-07-07 10:24:00,2026-07-07 10:16:00,2026-07-07 10:17:00,3,23,74,1.3,0.8,20,required,closed_all,1.2,2.0
BUY,4127.37,4124.8358,4128.92951,4124.8358,-2.5342,-1.0,0.01,2.66,STOP,2026-07-08 01:25:00,2026-07-08 01:22:00,2026-07-08 01:23:00,3,23,74,1.3,0.8,20,required,closed_all,1.2,2.0
BUY,4127.94,4125.93693,4129.17266,4129.17266,1.23266,0.61538,2.66,0.18,TARGET,2026-07-08 02:05:00,2026-07-08 02:04:00,2026-07-08 02:05:00,3,23,74,1.3,0.8,20,required,closed_all,1.2,2.0
BUY,4128.26,4125.5145,4129.94954,4129.94954,1.68954,0.61538,1.9,1.34,TARGET,2026-07-08 02:38:00,2026-07-08 02:37:00,2026-07-08 02:38:00,3,23,74,1.3,0.8,20,required,closed_all,1.2,2.0
BUY,4128.92,4126.04666,4130.68821,4130.68821,1.76821,0.61538,2.16,0.64,TARGET,2026-07-08 02:42:00,2026-07-08 02:40:00,2026-07-08 02:41:00,3,23,74,1.3,0.8,20,required,closed_all,1.2,2.0
BUY,4129.73,4126.92725,4131.45477,4131.45477,1.72477,0.61538,1.89,1.18,TARGET,2026-07-08 02:43:00,2026-07-08 02:41:00,2026-07-08 02:42:00,3,23,74,1.3,0.8,20,required,closed_all,1.2,2.0
BUY,4128.02,4125.56569,4129.53035,4125.56569,-2.45431,-1.0,1.17,3.48,STOP,2026-07-08 03:02:00,2026-07-08 02:56:00,2026-07-08 02:57:00,3,23,74,1.3,0.8,20,required,closed_all,1.2,2.0
BUY,4130.85,4128.19845,4132.48172,4132.48172,1.63172,0.61538,2.66,0.99,TARGET,2026-07-08 03:24:00,2026-07-08 03:21:00,2026-07-08 03:22:00,3,23,74,1.3,0.8,20,required,closed_all,1.2,2.0
BUY,4185.64,4182.01471,4189.26529,4189.26529,3.62529,1.0,4.02,1.32,TARGET,2026-07-05 22:28:00,2026-07-05 22:25:00,2026-07-05 22:26:00,6,27,96,1.0,1.0,30,warning_only,closed_all,0.8,1.2
BUY,4187.16,4183.5908,4190.7292,4190.7292,3.5692,1.0,4.41,2.59,TARGET,2026-07-05 22:30:00,2026-07-05 22:26:00,2026-07-05 22:27:00,6,27,96,1.0,1.0,30,warning_only,closed_all,0.8,1.2
BUY,4146.33,4144.97936,4147.68064,4144.97936,-1.35064,-1.0,1.33,2.93,STOP,2026-07-07 14:50:00,2026-07-07 14:40:00,2026-07-07 14:41:00,6,27,96,1.0,1.0,30,warning_only,closed_all,0.8,1.2
BUY,4108.98,4106.33815,4111.62185,4111.62185,2.64185,1.0,3.24,0.87,TARGET,2026-07-07 23:06:00,2026-07-07 23:05:00,2026-07-07 23:06:00,6,27,96,1.0,1.0,30,warning_only,closed_all,0.8,1.2
BUY,4127.19,4125.04332,4129.33668,4129.33668,2.14668,1.0,2.97,0.59,TARGET,2026-07-08 02:38:00,2026-07-08 02:36:00,2026-07-08 02:37:00,6,27,96,1.0,1.0,30,warning_only,closed_all,0.8,1.2
BUY,4128.26,4126.14808,4130.37192,4130.37192,2.11192,1.0,2.82,1.7,TARGET,2026-07-08 02:42:00,2026-07-08 02:37:00,2026-07-08 02:38:00,6,27,96,1.0,1.0,30,warning_only,closed_all,0.8,1.2
BUY,4187.16,4182.52004,4191.79996,4191.79996,4.63996,1.0,7.22,2.59,TARGET,2026-07-05 22:32:00,2026-07-05 22:26:00,2026-07-05 22:27:00,4,24,64,1.3,1.3,15,warning_only,closed_all,0.8,0.8
BUY,4108.98,4105.54559,4112.41441,4112.41441,3.43441,1.0,6.37,0.87,TARGET,2026-07-07 23:07:00,2026-07-07 23:05:00,2026-07-07 23:06:00,4,24,64,1.3,1.3,15,warning_only,closed_all,0.8,0.8
BUY,4126.3,4124.06279,4128.53721,4124.06279,-2.23721,-1.0,1.85,2.24,STOP,2026-07-08 01:41:00,2026-07-08 01:27:00,2026-07-08 01:28:00,4,24,64,1.3,1.3,15,warning_only,closed_all,0.8,0.8
BUY,4134.23,4130.44953,4138.01047,4138.01047,3.78047,1.0,4.27,1.31,TARGET,2026-07-02 21:22:00,2026-07-02 21:17:00,2026-07-02 21:18:00,7,26,77,1.3,1.3,30,warning_only,closed_all,0.8,2.0
BUY,4135.16,4131.44156,4138.87844,4138.87844,3.71844,1.0,5.73,1.83,TARGET,2026-07-02 21:23:00,2026-07-02 21:18:00,2026-07-02 21:19:00,7,26,77,1.3,1.3,30,warning_only,closed_all,0.8,2.0
BUY,4173.47,4171.09479,4175.84521,4171.09479,-2.37521,-1.0,0.91,2.68,STOP,2026-07-03 03:56:00,2026-07-03 03:52:00,2026-07-03 03:53:00,7,26,77,1.3,1.3,30,warning_only,closed_all,0.8,2.0
BUY,4175.29,4173.04139,4177.53861,4177.53861,2.24861,1.0,2.93,1.62,TARGET,2026-07-03 04:34:00,2026-07-03 04:29:00,2026-07-03 04:30:00,7,26,77,1.3,1.3,30,warning_only,closed_all,0.8,2.0
BUY,4175.91,4173.6151,4178.2049,4178.2049,2.2949,1.0,2.31,0.27,TARGET,2026-07-03 04:34:00,2026-07-03 04:33:00,2026-07-03 04:34:00,7,26,77,1.3,1.3,30,warning_only,closed_all,0.8,2.0
BUY,4179.44,4177.91046,4180.96954,4177.91046,-1.52954,-1.0,0.1,2.02,STOP,2026-07-03 08:07:00,2026-07-03 08:05:00,2026-07-03 08:06:00,7,26,77,1.3,1.3,30,warning_only,closed_all,0.8,2.0
BUY,4189.3,4184.17239,4194.42761,4184.17239,-5.12761,-1.0,3.48,6.09,STOP,2026-07-05 22:21:00,2026-07-05 22:14:00,2026-07-05 22:15:00,7,26,77,1.3,1.3,30,warning_only,closed_all,0.8,2.0
BUY,4191.31,4186.27193,4196.34807,4186.27193,-5.03807,-1.0,1.47,5.52,STOP,2026-07-05 22:17:00,2026-07-05 22:15:00,2026-07-05 22:16:00,7,26,77,1.3,1.3,30,warning_only,closed_all,0.8,2.0
BUY,4185.64,4180.92712,4190.35288,4190.35288,4.71288,1.0,5.93,1.32,TARGET,2026-07-05 22:30:00,2026-07-05 22:25:00,2026-07-05 22:26:00,7,26,77,1.3,1.3,30,warning_only,closed_all,0.8,2.0
BUY,4187.16,4182.52004,4191.79996,4191.79996,4.63996,1.0,7.22,2.59,TARGET,2026-07-05 22:32:00,2026-07-05 22:26:00,2026-07-05 22:27:00,7,26,77,1.3,1.3,30,warning_only,closed_all,0.8,2.0
BUY,4189.71,4185.14465,4194.27535,4194.27535,4.56535,1.0,4.67,2.34,TARGET,2026-07-05 22:32:00,2026-07-05 22:29:00,2026-07-05 22:30:00,7,26,77,1.3,1.3,30,warning_only,closed_all,0.8,2.0
BUY,4190.51,4185.96533,4195.05467,4195.05467,4.54467,1.0,7.26,1.33,TARGET,2026-07-05 22:34:00,2026-07-05 22:31:00,2026-07-05 22:32:00,7,26,77,1.3,1.3,30,warning_only,closed_all,0.8,2.0
BUY,4156.92,4154.96432,4158.87568,4154.96432,-1.95568,-1.0,1.31,2.28,STOP,2026-07-06 09:10:00,2026-07-06 09:05:00,2026-07-06 09:06:00,7,26,77,1.3,1.3,30,warning_only,closed_all,0.8,2.0
BUY,4147.29,4145.43414,4149.14586,4149.14586,1.85586,1.0,2.22,0.29,TARGET,2026-07-06 13:37:00,2026-07-06 13:35:00,2026-07-06 13:36:00,7,26,77,1.3,1.3,30,warning_only,closed_all,0.8,2.0
BUY,4162.57,4161.39869,4163.74131,4163.74131,1.17131,1.0,1.19,0.62,TARGET,2026-07-06 16:49:00,2026-07-06 16:46:00,2026-07-06 16:47:00,7,26,77,1.3,1.3,30,warning_only,closed_all,0.8,2.0
BUY,4162.96,4162.08751,4163.83249,4163.83249,0.87249,1.0,1.44,0.59,TARGET,2026-07-06 17:33:00,2026-07-06 17:28:00,2026-07-06 17:29:00,7,26,77,1.3,1.3,30,warning_only,closed_all,0.8,2.0
BUY,4163.33,4162.55829,4164.10171,4164.10171,0.77171,1.0,0.82,0.2,TARGET,2026-07-06 17:51:00,2026-07-06 17:47:00,2026-07-06 17:48:00,7,26,77,1.3,1.3,30,warning_only,closed_all,0.8,2.0
BUY,4132.27,4130.02904,4134.51096,4134.51096,2.24096,1.0,2.37,0.43,TARGET,2026-07-07 07:13:00,2026-07-07 07:02:00,2026-07-07 07:03:00,7,26,77,1.3,1.3,30,warning_only,closed_all,0.8,2.0
BUY,4133.13,4131.09613,4135.16387,4135.16387,2.03387,1.0,3.52,1.2,TARGET,2026-07-07 07:18:00,2026-07-07 07:06:00,2026-07-07 07:07:00,7,26,77,1.3,1.3,30,warning_only,closed_all,0.8,2.0
BUY,4170.2,4166.1539,4174.2461,4166.1539,-4.0461,-1.0,2.2,4.81,STOP,2026-07-07 10:24:00,2026-07-07 10:16:00,2026-07-07 10:17:00,7,26,77,1.3,1.3,30,warning_only,closed_all,0.8,2.0
BUY,4108.98,4105.54559,4112.41441,4112.41441,3.43441,1.0,6.37,0.87,TARGET,2026-07-07 23:07:00,2026-07-07 23:05:00,2026-07-07 23:06:00,7,26,77,1.3,1.3,30,warning_only,closed_all,0.8,2.0
BUY,4126.3,4124.06279,4128.53721,4124.06279,-2.23721,-1.0,1.85,2.24,STOP,2026-07-08 01:41:00,2026-07-08 01:27:00,2026-07-08 01:28:00,7,26,77,1.3,1.3,30,warning_only,closed_all,0.8,2.0
BUY,4127.19,4124.39931,4129.98069,4129.98069,2.79069,1.0,2.97,0.59,TARGET,2026-07-08 02:38:00,2026-07-08 02:36:00,2026-07-08 02:37:00,7,26,77,1.3,1.3,30,warning_only,closed_all,0.8,2.0
BUY,4128.26,4125.5145,4131.0055,4131.0055,2.7455,1.0,2.82,1.7,TARGET,2026-07-08 02:42:00,2026-07-08 02:37:00,2026-07-08 02:38:00,7,26,77,1.3,1.3,30,warning_only,closed_all,0.8,2.0
BUY,4129.73,4126.92725,4132.53275,4126.92725,-2.80275,-1.0,1.89,4.18,STOP,2026-07-08 02:48:00,2026-07-08 02:41:00,2026-07-08 02:42:00,7,26,77,1.3,1.3,30,warning_only,closed_all,0.8,2.0
BUY,4130.85,4128.19845,4133.50155,4133.50155,2.65155,1.0,2.66,0.99,TARGET,2026-07-08 03:24:00,2026-07-08 03:21:00,2026-07-08 03:22:00,7,26,77,1.3,1.3,30,warning_only,closed_all,0.8,2.0
BUY,4185.64,4182.01471,4189.26529,4189.26529,3.62529,1.0,4.02,1.32,TARGET,2026-07-05 22:28:00,2026-07-05 22:25:00,2026-07-05 22:26:00,6,39,63,1.0,1.0,30,required,closed_all,0.8,0.8
BUY,4187.16,4183.5908,4190.7292,4190.7292,3.5692,1.0,4.41,2.59,TARGET,2026-07-05 22:30:00,2026-07-05 22:26:00,2026-07-05 22:27:00,6,39,63,1.0,1.0,30,required,closed_all,0.8,0.8
BUY,4126.3,4124.57907,4128.02093,4124.57907,-1.72093,-1.0,0.82,1.93,STOP,2026-07-08 01:30:00,2026-07-08 01:27:00,2026-07-08 01:28:00,6,39,63,1.0,1.0,30,required,closed_all,0.8,0.8
BUY,4127.19,4125.04332,4129.33668,4129.33668,2.14668,1.0,2.97,0.59,TARGET,2026-07-08 02:38:00,2026-07-08 02:36:00,2026-07-08 02:37:00,6,39,63,1.0,1.0,30,required,closed_all,0.8,0.8
BUY,4128.26,4126.14808,4130.37192,4130.37192,2.11192,1.0,2.82,1.7,TARGET,2026-07-08 02:42:00,2026-07-08 02:37:00,2026-07-08 02:38:00,6,39,63,1.0,1.0,30,required,closed_all,0.8,0.8
BUY,4185.64,4180.92712,4190.35288,4190.35288,4.71288,1.0,5.93,1.32,TARGET,2026-07-05 22:30:00,2026-07-05 22:25:00,2026-07-05 22:26:00,7,24,83,1.3,1.3,5,warning_only,closed_all,0.8,1.2
BUY,4187.16,4182.52004,4191.79996,4190.48,3.32,0.71552,4.41,2.59,TIME_EXIT,2026-07-05 22:31:00,2026-07-05 22:26:00,2026-07-05 22:27:00,7,24,83,1.3,1.3,5,warning_only,closed_all,0.8,1.2
BUY,4108.98,4105.54559,4112.41441,4112.41441,3.43441,1.0,6.37,0.87,TARGET,2026-07-07 23:07:00,2026-07-07 23:05:00,2026-07-07 23:06:00,7,24,83,1.3,1.3,5,warning_only,closed_all,0.8,1.2
BUY,4126.3,4124.06279,4128.53721,4126.8,0.5,0.22349,1.85,1.93,TIME_EXIT,2026-07-08 01:32:00,2026-07-08 01:27:00,2026-07-08 01:28:00,7,24,83,1.3,1.3,5,warning_only,closed_all,0.8,1.2
BUY,4127.19,4124.39931,4129.98069,4129.98069,2.79069,1.0,2.97,0.59,TARGET,2026-07-08 02:38:00,2026-07-08 02:36:00,2026-07-08 02:37:00,7,24,83,1.3,1.3,5,warning_only,closed_all,0.8,1.2
BUY,4128.26,4125.5145,4131.0055,4131.0055,2.7455,1.0,2.82,1.7,TARGET,2026-07-08 02:42:00,2026-07-08 02:37:00,2026-07-08 02:38:00,7,24,83,1.3,1.3,5,warning_only,closed_all,0.8,1.2
BUY,4187.16,4181.44928,4190.7292,4190.7292,3.5692,0.625,4.41,2.59,TARGET,2026-07-05 22:30:00,2026-07-05 22:26:00,2026-07-05 22:27:00,6,25,93,1.6,1.0,5,warning_only,closed_all,0.8,1.2
BUY,4108.98,4104.75303,4111.62185,4111.62185,2.64185,0.625,3.24,0.87,TARGET,2026-07-07 23:06:00,2026-07-07 23:05:00,2026-07-07 23:06:00,6,25,93,1.6,1.0,5,warning_only,closed_all,0.8,1.2
BUY,4127.19,4123.75531,4129.33668,4129.33668,2.14668,0.625,2.97,0.59,TARGET,2026-07-08 02:38:00,2026-07-08 02:36:00,2026-07-08 02:37:00,6,25,93,1.6,1.0,5,warning_only,closed_all,0.8,1.2
BUY,4128.26,4124.88093,4130.37192,4130.37192,2.11192,0.625,2.82,1.7,TARGET,2026-07-08 02:42:00,2026-07-08 02:37:00,2026-07-08 02:38:00,6,25,93,1.6,1.0,5,warning_only,closed_all,0.8,1.2
BUY,4185.64,4180.92712,4188.54024,4188.54024,2.90024,0.61538,4.02,1.32,TARGET,2026-07-05 22:28:00,2026-07-05 22:25:00,2026-07-05 22:26:00,5,30,100,1.3,0.8,5,required,closed_all,1.2,0.8
BUY,4187.16,4182.52004,4190.01536,4190.01536,2.85536,0.61538,4.41,2.59,TARGET,2026-07-05 22:30:00,2026-07-05 22:26:00,2026-07-05 22:27:00,5,30,100,1.3,0.8,5,required,closed_all,1.2,0.8
BUY,4178.03,4176.57002,4179.15306,4179.15306,1.12306,0.76923,1.41,1.36,TARGET,2026-07-03 08:05:00,2026-07-03 08:03:00,2026-07-03 08:04:00,4,26,94,1.3,1.0,10,required,closed_all,1.8,0.8
BUY,4187.16,4182.52004,4190.7292,4190.7292,3.5692,0.76923,4.41,2.59,TARGET,2026-07-05 22:30:00,2026-07-05 22:26:00,2026-07-05 22:27:00,4,26,94,1.3,1.0,10,required,closed_all,1.8,0.8
BUY,4127.19,4124.39931,4129.33668,4129.33668,2.14668,0.76923,2.97,0.59,TARGET,2026-07-08 02:38:00,2026-07-08 02:36:00,2026-07-08 02:37:00,4,26,94,1.3,1.0,10,required,closed_all,1.8,0.8
BUY,4128.26,4125.5145,4130.37192,4130.37192,2.11192,0.76923,2.82,1.7,TARGET,2026-07-08 02:42:00,2026-07-08 02:37:00,2026-07-08 02:38:00,4,26,94,1.3,1.0,10,required,closed_all,1.8,0.8
BUY,4134.23,4131.32194,4136.55645,4136.55645,2.32645,0.8,2.45,1.31,TARGET,2026-07-02 21:20:00,2026-07-02 21:17:00,2026-07-02 21:18:00,5,34,90,1.0,0.8,20,required,closed_all,1.2,2.0
BUY,4173.66,4171.73767,4175.19786,4175.19786,1.53786,0.8,3.09,0.53,TARGET,2026-07-03 04:05:00,2026-07-03 04:03:00,2026-07-03 04:04:00,5,34,90,1.0,0.8,20,required,closed_all,1.2,2.0
BUY,4174.9,4172.98855,4176.42916,4176.42916,1.52916,0.8,1.85,0.44,TARGET,2026-07-03 04:05:00,2026-07-03 04:04:00,2026-07-03 04:05:00,5,34,90,1.0,0.8,20,required,closed_all,1.2,2.0
BUY,4175.29,4173.5603,4176.67376,4176.67376,1.38376,0.8,1.72,0.34,TARGET,2026-07-03 04:30:00,2026-07-03 04:29:00,2026-07-03 04:30:00,5,34,90,1.0,0.8,20,required,closed_all,1.2,2.0
BUY,4175.84,4174.01736,4177.29811,4177.29811,1.45811,0.8,2.38,0.95,TARGET,2026-07-03 04:34:00,2026-07-03 04:32:00,2026-07-03 04:33:00,5,34,90,1.0,0.8,20,required,closed_all,1.2,2.0
BUY,4175.91,4174.1447,4177.32224,4177.32224,1.41224,0.8,2.31,0.27,TARGET,2026-07-03 04:34:00,2026-07-03 04:33:00,2026-07-03 04:34:00,5,34,90,1.0,0.8,20,required,closed_all,1.2,2.0
BUY,4179.44,4178.26343,4180.38126,4178.26343,-1.17657,-1.0,0.1,1.47,STOP,2026-07-03 08:06:00,2026-07-03 08:05:00,2026-07-03 08:06:00,5,34,90,1.0,0.8,20,required,closed_all,1.2,2.0
BUY,4187.79,4183.72381,4191.04295,4191.04295,3.25295,0.8,3.52,0.85,TARGET,2026-07-05 22:15:00,2026-07-05 22:13:00,2026-07-05 22:14:00,5,34,90,1.0,0.8,20,required,closed_all,1.2,2.0
BUY,4189.3,4185.35568,4192.45545,4192.45545,3.15545,0.8,3.48,0.97,TARGET,2026-07-05 22:16:00,2026-07-05 22:14:00,2026-07-05 22:15:00,5,34,90,1.0,0.8,20,required,closed_all,1.2,2.0
BUY,4191.31,4187.43456,4194.41035,4187.43456,-3.87544,-1.0,1.47,5.52,STOP,2026-07-05 22:17:00,2026-07-05 22:15:00,2026-07-05 22:16:00,5,34,90,1.0,0.8,20,required,closed_all,1.2,2.0
BUY,4188.85,4185.03247,4191.90402,4185.03247,-3.81753,-1.0,1.62,5.64,STOP,2026-07-05 22:21:00,2026-07-05 22:19:00,2026-07-05 22:20:00,5,34,90,1.0,0.8,20,required,closed_all,1.2,2.0
BUY,4185.64,4182.01471,4188.54024,4188.54024,2.90024,0.8,4.02,1.32,TARGET,2026-07-05 22:28:00,2026-07-05 22:25:00,2026-07-05 22:26:00,5,34,90,1.0,0.8,20,required,closed_all,1.2,2.0
BUY,4187.16,4183.5908,4190.01536,4190.01536,2.85536,0.8,4.41,2.59,TARGET,2026-07-05 22:30:00,2026-07-05 22:26:00,2026-07-05 22:27:00,5,34,90,1.0,0.8,20,required,closed_all,1.2,2.0
BUY,4188.14,4184.57074,4190.99541,4190.99541,2.85541,0.8,3.43,2.27,TARGET,2026-07-05 22:30:00,2026-07-05 22:27:00,2026-07-05 22:28:00,5,34,90,1.0,0.8,20,required,closed_all,1.2,2.0
BUY,4189.71,4186.19819,4192.51945,4192.51945,2.80945,0.8,4.67,2.34,TARGET,2026-07-05 22:32:00,2026-07-05 22:29:00,2026-07-05 22:30:00,5,34,90,1.0,0.8,20,required,closed_all,1.2,2.0
BUY,4190.51,4187.0141,4193.30672,4193.30672,2.79672,0.8,3.87,1.33,TARGET,2026-07-05 22:32:00,2026-07-05 22:31:00,2026-07-05 22:32:00,5,34,90,1.0,0.8,20,required,closed_all,1.2,2.0
BUY,4161.96,4160.94054,4162.77557,4162.77557,0.81557,0.8,1.28,0.57,TARGET,2026-07-06 16:29:00,2026-07-06 16:23:00,2026-07-06 16:24:00,5,34,90,1.0,0.8,20,required,closed_all,1.2,2.0
BUY,4162.39,4161.43006,4163.15795,4163.15795,0.76795,0.8,0.85,0.84,TARGET,2026-07-06 16:29:00,2026-07-06 16:26:00,2026-07-06 16:27:00,5,34,90,1.0,0.8,20,required,closed_all,1.2,2.0
BUY,4162.71,4161.74393,4163.48285,4161.74393,-0.96607,-1.0,0.53,1.14,STOP,2026-07-06 16:30:00,2026-07-06 16:28:00,2026-07-06 16:29:00,5,34,90,1.0,0.8,20,required,closed_all,1.2,2.0
BUY,4162.57,4161.669,4163.2908,4163.2908,0.7208,0.8,1.19,0.62,TARGET,2026-07-06 16:49:00,2026-07-06 16:46:00,2026-07-06 16:47:00,5,34,90,1.0,0.8,20,required,closed_all,1.2,2.0
BUY,4162.75,4162.03601,4163.32119,4163.32119,0.57119,0.8,0.65,0.38,TARGET,2026-07-06 17:31:00,2026-07-06 17:26:00,2026-07-06 17:27:00,5,34,90,1.0,0.8,20,required,closed_all,1.2,2.0
BUY,4162.96,4162.28885,4163.49692,4163.49692,0.53692,0.8,1.44,0.59,TARGET,2026-07-06 17:33:00,2026-07-06 17:28:00,2026-07-06 17:29:00,5,34,90,1.0,0.8,20,required,closed_all,1.2,2.0
BUY,4163.33,4162.73637,4163.8049,4163.8049,0.4749,0.8,0.54,0.2,TARGET,2026-07-06 17:50:00,2026-07-06 17:47:00,2026-07-06 17:48:00,5,34,90,1.0,0.8,20,required,closed_all,1.2,2.0
BUY,4127.19,4125.04332,4128.90735,4128.90735,1.71735,0.8,2.97,0.59,TARGET,2026-07-08 02:38:00,2026-07-08 02:36:00,2026-07-08 02:37:00,5,34,90,1.0,0.8,20,required,closed_all,1.2,2.0
BUY,4128.26,4126.14808,4129.94954,4129.94954,1.68954,0.8,1.9,1.34,TARGET,2026-07-08 02:38:00,2026-07-08 02:37:00,2026-07-08 02:38:00,5,34,90,1.0,0.8,20,required,closed_all,1.2,2.0
BUY,4128.92,4126.70974,4130.68821,4130.68821,1.76821,0.8,2.16,0.64,TARGET,2026-07-08 02:42:00,2026-07-08 02:40:00,2026-07-08 02:41:00,5,34,90,1.0,0.8,20,required,closed_all,1.2,2.0
BUY,4129.73,4127.57404,4131.45477,4131.45477,1.72477,0.8,1.89,1.18,TARGET,2026-07-08 02:43:00,2026-07-08 02:41:00,2026-07-08 02:42:00,5,34,90,1.0,0.8,20,required,closed_all,1.2,2.0
BUY,4130.85,4128.81034,4132.48172,4132.48172,1.63172,0.8,2.66,0.99,TARGET,2026-07-08 03:24:00,2026-07-08 03:21:00,2026-07-08 03:22:00,5,34,90,1.0,0.8,20,required,closed_all,1.2,2.0
BUY,4128.89,4126.03404,4132.60275,4132.60275,3.71275,1.3,6.43,2.32,TARGET,2026-07-02 21:13:00,2026-07-02 21:09:00,2026-07-02 21:10:00,6,31,77,1.0,1.3,20,warning_only,closed_all,1.8,0.8
BUY,4185.64,4182.01471,4190.35288,4190.35288,4.71288,1.3,5.93,1.32,TARGET,2026-07-05 22:30:00,2026-07-05 22:25:00,2026-07-05 22:26:00,6,31,77,1.0,1.3,20,warning_only,closed_all,1.8,0.8
BUY,4187.16,4183.5908,4191.79996,4191.79996,4.63996,1.3,7.22,2.59,TARGET,2026-07-05 22:32:00,2026-07-05 22:26:00,2026-07-05 22:27:00,6,31,77,1.0,1.3,20,warning_only,closed_all,1.8,0.8
BUY,4108.98,4106.33815,4112.41441,4112.41441,3.43441,1.3,6.37,0.87,TARGET,2026-07-07 23:07:00,2026-07-07 23:05:00,2026-07-07 23:06:00,6,31,77,1.0,1.3,20,warning_only,closed_all,1.8,0.8
BUY,4127.19,4125.04332,4129.98069,4129.98069,2.79069,1.3,2.97,0.59,TARGET,2026-07-08 02:38:00,2026-07-08 02:36:00,2026-07-08 02:37:00,6,31,77,1.0,1.3,20,warning_only,closed_all,1.8,0.8
BUY,4128.26,4126.14808,4131.0055,4131.0055,2.7455,1.3,2.82,1.7,TARGET,2026-07-08 02:42:00,2026-07-08 02:37:00,2026-07-08 02:38:00,6,31,77,1.0,1.3,20,warning_only,closed_all,1.8,0.8
BUY,4129.43,4126.51881,4131.66938,4126.51881,-2.91119,-1.0,1.25,3.19,STOP,2026-07-02 20:52:00,2026-07-02 20:47:00,2026-07-02 20:48:00,4,34,65,1.3,1.0,20,required,closed_all,0.8,2.0
BUY,4130.59,4127.73539,4132.78585,4127.73539,-2.85461,-1.0,0.09,3.38,STOP,2026-07-02 20:51:00,2026-07-02 20:48:00,2026-07-02 20:49:00,4,34,65,1.3,1.0,20,required,closed_all,0.8,2.0
BUY,4134.23,4130.44953,4137.13806,4137.13806,2.90806,0.76923,3.54,1.31,TARGET,2026-07-02 21:21:00,2026-07-02 21:17:00,2026-07-02 21:18:00,4,34,65,1.3,1.0,20,required,closed_all,0.8,2.0
BUY,4135.16,4131.44156,4138.02034,4138.02034,2.86034,0.76923,3.34,1.83,TARGET,2026-07-02 21:22:00,2026-07-02 21:18:00,2026-07-02 21:19:00,4,34,65,1.3,1.0,20,required,closed_all,0.8,2.0
BUY,4181.41,4178.79438,4183.42201,4183.42201,2.01201,0.76923,4.06,2.17,TARGET,2026-07-02 23:38:00,2026-07-02 23:33:00,2026-07-02 23:34:00,4,34,65,1.3,1.0,20,required,closed_all,0.8,2.0
BUY,4175.29,4173.04139,4177.0197,4177.0197,1.7297,0.76923,2.93,1.62,TARGET,2026-07-03 04:34:00,2026-07-03 04:29:00,2026-07-03 04:30:00,4,34,65,1.3,1.0,20,required,closed_all,0.8,2.0
BUY,4175.91,4173.6151,4177.6753,4177.6753,1.7653,0.76923,2.31,0.27,TARGET,2026-07-03 04:34:00,2026-07-03 04:33:00,2026-07-03 04:34:00,4,34,65,1.3,1.0,20,required,closed_all,0.8,2.0
BUY,4179.44,4177.91046,4180.61657,4177.91046,-1.52954,-1.0,0.1,2.02,STOP,2026-07-03 08:07:00,2026-07-03 08:05:00,2026-07-03 08:06:00,4,34,65,1.3,1.0,20,required,closed_all,0.8,2.0
BUY,4179.31,4175.99248,4181.86194,4181.86194,2.55194,0.76923,3.12,0.32,TARGET,2026-07-05 19:23:00,2026-07-05 19:20:00,2026-07-05 19:21:00,4,34,65,1.3,1.0,20,required,closed_all,0.8,2.0
BUY,4189.3,4184.17239,4193.24432,4184.17239,-5.12761,-1.0,3.48,6.09,STOP,2026-07-05 22:21:00,2026-07-05 22:14:00,2026-07-05 22:15:00,4,34,65,1.3,1.0,20,required,closed_all,0.8,2.0
BUY,4191.31,4186.27193,4195.18544,4186.27193,-5.03807,-1.0,1.47,5.52,STOP,2026-07-05 22:17:00,2026-07-05 22:15:00,2026-07-05 22:16:00,4,34,65,1.3,1.0,20,required,closed_all,0.8,2.0
BUY,4185.64,4180.92712,4189.26529,4189.26529,3.62529,0.76923,4.02,1.32,TARGET,2026-07-05 22:28:00,2026-07-05 22:25:00,2026-07-05 22:26:00,4,34,65,1.3,1.0,20,required,closed_all,0.8,2.0
BUY,4187.16,4182.52004,4190.7292,4190.7292,3.5692,0.76923,4.41,2.59,TARGET,2026-07-05 22:30:00,2026-07-05 22:26:00,2026-07-05 22:27:00,4,34,65,1.3,1.0,20,required,closed_all,0.8,2.0
BUY,4189.71,4185.14465,4193.22181,4193.22181,3.51181,0.76923,4.67,2.34,TARGET,2026-07-05 22:32:00,2026-07-05 22:29:00,2026-07-05 22:30:00,4,34,65,1.3,1.0,20,required,closed_all,0.8,2.0
BUY,4190.51,4185.96533,4194.0059,4194.0059,3.4959,0.76923,3.87,1.33,TARGET,2026-07-05 22:32:00,2026-07-05 22:31:00,2026-07-05 22:32:00,4,34,65,1.3,1.0,20,required,closed_all,0.8,2.0
BUY,4163.07,4161.70222,4164.12214,4164.12214,1.05214,0.76923,2.19,0.13,TARGET,2026-07-06 16:00:00,2026-07-06 15:55:00,2026-07-06 15:56:00,4,34,65,1.3,1.0,20,required,closed_all,0.8,2.0
BUY,4163.65,4162.31399,4164.6777,4164.6777,1.0277,0.76923,1.61,0.68,TARGET,2026-07-06 16:00:00,2026-07-06 15:56:00,2026-07-06 15:57:00,4,34,65,1.3,1.0,20,required,closed_all,0.8,2.0
BUY,4162.57,4161.39869,4163.471,4163.471,0.901,0.76923,1.19,0.62,TARGET,2026-07-06 16:49:00,2026-07-06 16:46:00,2026-07-06 16:47:00,4,34,65,1.3,1.0,20,required,closed_all,0.8,2.0
BUY,4162.96,4162.08751,4163.63115,4163.63115,0.67115,0.76923,1.44,0.59,TARGET,2026-07-06 17:33:00,2026-07-06 17:28:00,2026-07-06 17:29:00,4,34,65,1.3,1.0,20,required,closed_all,0.8,2.0
BUY,4163.33,4162.55829,4163.92363,4163.92363,0.59363,0.76923,0.82,0.2,TARGET,2026-07-06 17:51:00,2026-07-06 17:47:00,2026-07-06 17:48:00,4,34,65,1.3,1.0,20,required,closed_all,0.8,2.0
BUY,4166.33,4165.46171,4166.99791,4166.99791,0.66791,0.76923,1.17,0.3,TARGET,2026-07-06 19:32:00,2026-07-06 19:30:00,2026-07-06 19:31:00,4,34,65,1.3,1.0,20,required,closed_all,0.8,2.0
BUY,4170.2,4166.1539,4173.31239,4166.1539,-4.0461,-1.0,2.2,4.81,STOP,2026-07-07 10:24:00,2026-07-07 10:16:00,2026-07-07 10:17:00,4,34,65,1.3,1.0,20,required,closed_all,0.8,2.0
BUY,4126.3,4124.06279,4128.02093,4128.02093,1.72093,0.76923,1.85,1.93,TARGET,2026-07-08 01:32:00,2026-07-08 01:27:00,2026-07-08 01:28:00,4,34,65,1.3,1.0,20,required,closed_all,0.8,2.0
BUY,4128.26,4125.5145,4130.37192,4130.37192,2.11192,0.76923,2.82,1.7,TARGET,2026-07-08 02:42:00,2026-07-08 02:37:00,2026-07-08 02:38:00,4,34,65,1.3,1.0,20,required,closed_all,0.8,2.0
BUY,4129.73,4126.92725,4131.88596,4126.92725,-2.80275,-1.0,1.89,4.18,STOP,2026-07-08 02:48:00,2026-07-08 02:41:00,2026-07-08 02:42:00,4,34,65,1.3,1.0,20,required,closed_all,0.8,2.0
BUY,4128.02,4125.56569,4129.90793,4125.56569,-2.45431,-1.0,1.17,3.48,STOP,2026-07-08 03:02:00,2026-07-08 02:56:00,2026-07-08 02:57:00,4,34,65,1.3,1.0,20,required,closed_all,0.8,2.0
BUY,4130.85,4128.19845,4132.88966,4132.88966,2.03966,0.76923,2.66,0.99,TARGET,2026-07-08 03:24:00,2026-07-08 03:21:00,2026-07-08 03:22:00,4,34,65,1.3,1.0,20,required,closed_all,0.8,2.0
BUY,4129.43,4126.51881,4131.2215,4126.51881,-2.91119,-1.0,1.25,3.19,STOP,2026-07-02 20:52:00,2026-07-02 20:47:00,2026-07-02 20:48:00,7,38,69,1.3,0.8,5,warning_only,closed_all,1.8,2.0
BUY,4130.59,4127.73539,4132.34668,4127.73539,-2.85461,-1.0,0.09,3.38,STOP,2026-07-02 20:51:00,2026-07-02 20:48:00,2026-07-02 20:49:00,7,38,69,1.3,0.8,5,warning_only,closed_all,1.8,2.0
BUY,4130.63,4127.79172,4132.37663,4127.79172,-2.83828,-1.0,0.05,3.42,STOP,2026-07-02 20:51:00,2026-07-02 20:49:00,2026-07-02 20:50:00,7,38,69,1.3,0.8,5,warning_only,closed_all,1.8,2.0
BUY,4128.6,4125.63586,4130.42409,4130.42409,1.82409,0.61538,2.11,0.49,TARGET,2026-07-02 20:55:00,2026-07-02 20:54:00,2026-07-02 20:55:00,7,38,69,1.3,0.8,5,warning_only,closed_all,1.8,2.0
BUY,4131.32,4127.66886,4133.56686,4127.66886,-3.65114,-1.0,1.38,3.98,STOP,2026-07-02 21:06:00,2026-07-02 21:03:00,2026-07-02 21:04:00,7,38,69,1.3,0.8,5,warning_only,closed_all,1.8,2.0
BUY,4128.89,4125.17725,4131.17477,4131.17477,2.28477,0.61538,6.43,2.32,TARGET,2026-07-02 21:13:00,2026-07-02 21:09:00,2026-07-02 21:10:00,7,38,69,1.3,0.8,5,warning_only,closed_all,1.8,2.0
BUY,4134.23,4130.44953,4136.55645,4136.55645,2.32645,0.61538,2.45,1.31,TARGET,2026-07-02 21:20:00,2026-07-02 21:17:00,2026-07-02 21:18:00,7,38,69,1.3,0.8,5,warning_only,closed_all,1.8,2.0
BUY,4135.16,4131.44156,4137.44827,4137.44827,2.28827,0.61538,2.61,1.83,TARGET,2026-07-02 21:21:00,2026-07-02 21:18:00,2026-07-02 21:19:00,7,38,69,1.3,0.8,5,warning_only,closed_all,1.8,2.0
BUY,4181.41,4178.79438,4183.01961,4183.01961,1.60961,0.61538,4.06,2.17,TARGET,2026-07-02 23:38:00,2026-07-02 23:33:00,2026-07-02 23:34:00,7,38,69,1.3,0.8,5,warning_only,closed_all,1.8,2.0
BUY,4181.98,4179.33051,4183.61045,4183.61045,1.63045,0.61538,3.96,0.56,TARGET,2026-07-02 23:53:00,2026-07-02 23:51:00,2026-07-02 23:52:00,7,38,69,1.3,0.8,5,warning_only,closed_all,1.8,2.0
BUY,4183.58,4180.91919,4185.21742,4185.21742,1.63742,0.61538,2.36,0.62,TARGET,2026-07-02 23:53:00,2026-07-02 23:52:00,2026-07-02 23:53:00,7,38,69,1.3,0.8,5,warning_only,closed_all,1.8,2.0
BUY,4183.17,4180.85399,4184.59523,4182.18,-0.99,-0.42746,0.61,1.8,TIME_EXIT,2026-07-03 00:18:00,2026-07-03 00:13:00,2026-07-03 00:14:00,7,38,69,1.3,0.8,5,warning_only,closed_all,1.8,2.0
BUY,4174.16,4171.85013,4175.58146,4171.85013,-2.30987,-1.0,0.02,2.71,STOP,2026-07-03 04:00:00,2026-07-03 03:58:00,2026-07-03 03:59:00,7,38,69,1.3,0.8,5,warning_only,closed_all,1.8,2.0
BUY,4173.66,4171.16097,4175.19786,4175.19786,1.53786,0.61538,3.09,0.53,TARGET,2026-07-03 04:05:00,2026-07-03 04:03:00,2026-07-03 04:04:00,7,38,69,1.3,0.8,5,warning_only,closed_all,1.8,2.0
BUY,4174.9,4172.41512,4176.42916,4176.42916,1.52916,0.61538,1.85,0.44,TARGET,2026-07-03 04:05:00,2026-07-03 04:04:00,2026-07-03 04:05:00,7,38,69,1.3,0.8,5,warning_only,closed_all,1.8,2.0
BUY,4175.29,4173.04139,4176.67376,4176.67376,1.38376,0.61538,1.72,0.34,TARGET,2026-07-03 04:30:00,2026-07-03 04:29:00,2026-07-03 04:30:00,7,38,69,1.3,0.8,5,warning_only,closed_all,1.8,2.0
BUY,4175.84,4173.47057,4177.29811,4177.29811,1.45811,0.61538,2.38,0.95,TARGET,2026-07-03 04:34:00,2026-07-03 04:32:00,2026-07-03 04:33:00,7,38,69,1.3,0.8,5,warning_only,closed_all,1.8,2.0
BUY,4175.91,4173.6151,4177.32224,4177.32224,1.41224,0.61538,2.31,0.27,TARGET,2026-07-03 04:34:00,2026-07-03 04:33:00,2026-07-03 04:34:00,7,38,69,1.3,0.8,5,warning_only,closed_all,1.8,2.0
BUY,4177.58,4175.39375,4178.92539,4178.92539,1.34539,0.61538,4.11,0.02,TARGET,2026-07-03 05:00:00,2026-07-03 04:59:00,2026-07-03 05:00:00,7,38,69,1.3,0.8,5,warning_only,closed_all,1.8,2.0
BUY,4183.11,4181.06579,4184.36798,4184.36798,1.25798,0.61538,1.42,1.73,TARGET,2026-07-03 05:30:00,2026-07-03 05:29:00,2026-07-03 05:30:00,7,38,69,1.3,0.8,5,warning_only,closed_all,1.8,2.0
BUY,4183.57,4181.31751,4184.95615,4184.95615,1.38615,0.61538,1.7,0.96,TARGET,2026-07-03 05:45:00,2026-07-03 05:43:00,2026-07-03 05:44:00,7,38,69,1.3,0.8,5,warning_only,closed_all,1.8,2.0
BUY,4184.16,4181.92447,4185.53571,4181.92447,-2.23553,-1.0,1.11,3.83,STOP,2026-07-03 05:46:00,2026-07-03 05:44:00,2026-07-03 05:45:00,7,38,69,1.3,0.8,5,warning_only,closed_all,1.8,2.0
BUY,4179.44,4177.91046,4180.38126,4177.91046,-1.52954,-1.0,0.1,2.02,STOP,2026-07-03 08:07:00,2026-07-03 08:05:00,2026-07-03 08:06:00,7,38,69,1.3,0.8,5,warning_only,closed_all,1.8,2.0
BUY,4191.06,4185.72378,4194.34383,4185.72378,-5.33622,-1.0,1.75,8.47,STOP,2026-07-05 22:05:00,2026-07-05 22:03:00,2026-07-05 22:04:00,7,38,69,1.3,0.8,5,warning_only,closed_all,1.8,2.0
BUY,4187.79,4182.50396,4191.04295,4191.04295,3.25295,0.61538,3.52,0.85,TARGET,2026-07-05 22:15:00,2026-07-05 22:13:00,2026-07-05 22:14:00,7,38,69,1.3,0.8,5,warning_only,closed_all,1.8,2.0
BUY,4189.3,4184.17239,4192.45545,4192.45545,3.15545,0.61538,3.48,0.97,TARGET,2026-07-05 22:16:00,2026-07-05 22:14:00,2026-07-05 22:15:00,7,38,69,1.3,0.8,5,warning_only,closed_all,1.8,2.0
BUY,4191.31,4186.27193,4194.41035,4186.27193,-5.03807,-1.0,1.47,5.52,STOP,2026-07-05 22:17:00,2026-07-05 22:15:00,2026-07-05 22:16:00,7,38,69,1.3,0.8,5,warning_only,closed_all,1.8,2.0
BUY,4188.85,4183.88722,4191.90402,4183.88722,-4.96278,-1.0,1.62,5.64,STOP,2026-07-05 22:21:00,2026-07-05 22:19:00,2026-07-05 22:20:00,7,38,69,1.3,0.8,5,warning_only,closed_all,1.8,2.0
BUY,4185.64,4180.92712,4188.54024,4188.54024,2.90024,0.61538,4.02,1.32,TARGET,2026-07-05 22:28:00,2026-07-05 22:25:00,2026-07-05 22:26:00,7,38,69,1.3,0.8,5,warning_only,closed_all,1.8,2.0
BUY,4187.16,4182.52004,4190.01536,4190.01536,2.85536,0.61538,4.41,2.59,TARGET,2026-07-05 22:30:00,2026-07-05 22:26:00,2026-07-05 22:27:00,7,38,69,1.3,0.8,5,warning_only,closed_all,1.8,2.0
BUY,4188.14,4183.49996,4190.99541,4190.99541,2.85541,0.61538,3.43,2.27,TARGET,2026-07-05 22:30:00,2026-07-05 22:27:00,2026-07-05 22:28:00,7,38,69,1.3,0.8,5,warning_only,closed_all,1.8,2.0
BUY,4189.71,4185.14465,4192.51945,4192.51945,2.80945,0.61538,4.67,2.34,TARGET,2026-07-05 22:32:00,2026-07-05 22:29:00,2026-07-05 22:30:00,7,38,69,1.3,0.8,5,warning_only,closed_all,1.8,2.0
BUY,4190.51,4185.96533,4193.30672,4193.30672,2.79672,0.61538,3.87,1.33,TARGET,2026-07-05 22:32:00,2026-07-05 22:31:00,2026-07-05 22:32:00,7,38,69,1.3,0.8,5,warning_only,closed_all,1.8,2.0
BUY,4154.17,4152.41874,4155.2477,4155.2477,1.0777,0.61538,2.86,0.73,TARGET,2026-07-06 08:17:00,2026-07-06 08:13:00,2026-07-06 08:14:00,7,38,69,1.3,0.8,5,warning_only,closed_all,1.8,2.0
BUY,4155.65,4153.83257,4156.76842,4153.83257,-1.81743,-1.0,0.55,1.93,STOP,2026-07-06 09:00:00,2026-07-06 08:59:00,2026-07-06 09:00:00,7,38,69,1.3,0.8,5,warning_only,closed_all,1.8,2.0
BUY,4156.2,4154.2821,4157.38024,4157.38024,1.18024,0.61538,2.05,1.0,TARGET,2026-07-06 09:03:00,2026-07-06 09:00:00,2026-07-06 09:01:00,7,38,69,1.3,0.8,5,warning_only,closed_all,1.8,2.0
BUY,4156.96,4155.01567,4158.15651,4158.15651,1.19651,0.61538,1.29,1.48,TARGET,2026-07-06 09:03:00,2026-07-06 09:01:00,2026-07-06 09:02:00,7,38,69,1.3,0.8,5,warning_only,closed_all,1.8,2.0
BUY,4157.37,4155.38905,4158.58905,4157.14,-0.23,-0.11611,0.88,1.33,TIME_EXIT,2026-07-06 09:07:00,2026-07-06 09:02:00,2026-07-06 09:03:00,7,38,69,1.3,0.8,5,warning_only,closed_all,1.8,2.0
BUY,4156.92,4154.96432,4158.12349,4158.12349,1.20349,0.61538,1.31,0.59,TARGET,2026-07-06 09:06:00,2026-07-06 09:05:00,2026-07-06 09:06:00,7,38,69,1.3,0.8,5,warning_only,closed_all,1.8,2.0
BUY,4147.82,4145.54988,4149.217,4145.54988,-2.27012,-1.0,0.77,3.82,STOP,2026-07-06 13:01:00,2026-07-06 12:56:00,2026-07-06 12:57:00,7,38,69,1.3,0.8,5,warning_only,closed_all,1.8,2.0
BUY,4148.5,4146.31496,4149.84464,4146.31496,-2.18504,-1.0,0.09,2.87,STOP,2026-07-06 13:00:00,2026-07-06 12:57:00,2026-07-06 12:58:00,7,38,69,1.3,0.8,5,warning_only,closed_all,1.8,2.0
BUY,4146.76,4144.79542,4147.96897,4147.96897,1.20897,0.61538,1.61,0.52,TARGET,2026-07-06 13:32:00,2026-07-06 13:30:00,2026-07-06 13:31:00,7,38,69,1.3,0.8,5,warning_only,closed_all,1.8,2.0
BUY,4147.62,4145.6676,4148.82147,4148.36,0.74,0.37902,0.94,0.97,TIME_EXIT,2026-07-06 13:36:00,2026-07-06 13:31:00,2026-07-06 13:32:00,7,38,69,1.3,0.8,5,warning_only,closed_all,1.8,2.0
BUY,4147.29,4145.43414,4148.43207,4148.43207,1.14207,0.61538,1.27,0.29,TARGET,2026-07-06 13:36:00,2026-07-06 13:35:00,2026-07-06 13:36:00,7,38,69,1.3,0.8,5,warning_only,closed_all,1.8,2.0
BUY,4162.39,4161.14208,4163.15795,4163.15795,0.76795,0.61538,0.85,0.84,TARGET,2026-07-06 16:29:00,2026-07-06 16:26:00,2026-07-06 16:27:00,7,38,69,1.3,0.8,5,warning_only,closed_all,1.8,2.0
BUY,4162.71,4161.45411,4163.48285,4161.45411,-1.25589,-1.0,0.53,1.37,STOP,2026-07-06 16:31:00,2026-07-06 16:28:00,2026-07-06 16:29:00,7,38,69,1.3,0.8,5,warning_only,closed_all,1.8,2.0
BUY,4162.71,4161.39409,4163.51979,4161.39409,-1.31591,-1.0,0.25,2.6,STOP,2026-07-06 16:35:00,2026-07-06 16:31:00,2026-07-06 16:32:00,7,38,69,1.3,0.8,5,warning_only,closed_all,1.8,2.0
BUY,4162.57,4161.39869,4163.2908,4163.2908,0.7208,0.61538,1.19,0.62,TARGET,2026-07-06 16:49:00,2026-07-06 16:46:00,2026-07-06 16:47:00,7,38,69,1.3,0.8,5,warning_only,closed_all,1.8,2.0
BUY,4163.8,4162.23497,4164.7631,4162.81,-0.99,-0.63258,0.7,1.47,TIME_EXIT,2026-07-06 17:04:00,2026-07-06 16:59:00,2026-07-06 17:00:00,7,38,69,1.3,0.8,5,warning_only,closed_all,1.8,2.0
BUY,4162.75,4161.82181,4163.32119,4163.32119,0.57119,0.61538,0.65,0.38,TARGET,2026-07-06 17:31:00,2026-07-06 17:26:00,2026-07-06 17:27:00,7,38,69,1.3,0.8,5,warning_only,closed_all,1.8,2.0
BUY,4162.96,4162.08751,4163.49692,4163.49692,0.53692,0.61538,1.44,0.59,TARGET,2026-07-06 17:33:00,2026-07-06 17:28:00,2026-07-06 17:29:00,7,38,69,1.3,0.8,5,warning_only,closed_all,1.8,2.0
BUY,4163.33,4162.55829,4163.8049,4163.8049,0.4749,0.61538,0.54,0.2,TARGET,2026-07-06 17:50:00,2026-07-06 17:47:00,2026-07-06 17:48:00,7,38,69,1.3,0.8,5,warning_only,closed_all,1.8,2.0
BUY,4163.87,4163.11455,4164.33489,4164.33489,0.46489,0.61538,0.8,0.38,TARGET,2026-07-06 17:53:00,2026-07-06 17:50:00,2026-07-06 17:51:00,7,38,69,1.3,0.8,5,warning_only,closed_all,1.8,2.0
BUY,4166.32,4165.04409,4167.10517,4167.10517,0.78517,0.61538,0.79,0.7,TARGET,2026-07-06 19:19:00,2026-07-06 19:14:00,2026-07-06 19:15:00,7,38,69,1.3,0.8,5,warning_only,closed_all,1.8,2.0
BUY,4166.09,4165.20292,4166.63589,4166.63589,0.54589,0.61538,0.83,0.24,TARGET,2026-07-06 19:31:00,2026-07-06 19:29:00,2026-07-06 19:30:00,7,38,69,1.3,0.8,5,warning_only,closed_all,1.8,2.0
BUY,4131.94,4129.67535,4133.33363,4133.33363,1.39363,0.61538,3.88,0.48,TARGET,2026-07-07 05:11:00,2026-07-07 05:10:00,2026-07-07 05:11:00,7,38,69,1.3,0.8,5,warning_only,closed_all,1.8,2.0
BUY,4130.25,4127.98963,4131.641,4131.641,1.391,0.61538,1.85,0.58,TARGET,2026-07-07 06:56:00,2026-07-07 06:55:00,2026-07-07 06:56:00,7,38,69,1.3,0.8,5,warning_only,closed_all,1.8,2.0
BUY,4131.98,4129.72627,4133.36691,4133.36691,1.38691,0.61538,1.79,1.04,TARGET,2026-07-07 07:00:00,2026-07-07 06:58:00,2026-07-07 06:59:00,7,38,69,1.3,0.8,5,warning_only,closed_all,1.8,2.0
BUY,4132.27,4130.02904,4133.64905,4133.64905,1.37905,0.61538,1.58,0.43,TARGET,2026-07-07 07:07:00,2026-07-07 07:02:00,2026-07-07 07:03:00,7,38,69,1.3,0.8,5,warning_only,closed_all,1.8,2.0
BUY,4133.13,4131.09613,4134.38161,4132.98,-0.15,-0.07375,0.81,0.93,TIME_EXIT,2026-07-07 07:11:00,2026-07-07 07:06:00,2026-07-07 07:07:00,7,38,69,1.3,0.8,5,warning_only,closed_all,1.8,2.0
BUY,4133.2,4131.22711,4134.41408,4134.41408,1.21408,0.61538,1.65,0.66,TARGET,2026-07-07 07:17:00,2026-07-07 07:15:00,2026-07-07 07:16:00,7,38,69,1.3,0.8,5,warning_only,closed_all,1.8,2.0
BUY,4135.55,4133.9266,4136.54901,4133.9266,-1.6234,-1.0,0.36,2.0,STOP,2026-07-07 08:00:00,2026-07-07 07:59:00,2026-07-07 08:00:00,7,38,69,1.3,0.8,5,warning_only,closed_all,1.8,2.0
BUY,4136.9,4135.01684,4138.05887,4138.05887,1.15887,0.61538,5.16,0.04,TARGET,2026-07-07 08:18:00,2026-07-07 08:17:00,2026-07-07 08:18:00,7,38,69,1.3,0.8,5,warning_only,closed_all,1.8,2.0
BUY,4170.2,4166.1539,4172.68991,4171.55,1.35,0.33365,2.2,2.2,TIME_EXIT,2026-07-07 10:21:00,2026-07-07 10:16:00,2026-07-07 10:17:00,7,38,69,1.3,0.8,5,warning_only,closed_all,1.8,2.0
BUY,4171.65,4167.95686,4173.9227,4173.9227,2.2727,0.61538,8.17,0.53,TARGET,2026-07-07 10:36:00,2026-07-07 10:35:00,2026-07-07 10:36:00,7,38,69,1.3,0.8,5,warning_only,closed_all,1.8,2.0
BUY,4108.98,4105.54559,4111.09348,4111.09348,2.11348,0.61538,3.24,0.87,TARGET,2026-07-07 23:06:00,2026-07-07 23:05:00,2026-07-07 23:06:00,7,38,69,1.3,0.8,5,warning_only,closed_all,1.8,2.0
BUY,4112.22,4108.64926,4114.41738,4114.41738,2.19738,0.61538,3.13,2.12,TARGET,2026-07-07 23:07:00,2026-07-07 23:06:00,2026-07-07 23:07:00,7,38,69,1.3,0.8,5,warning_only,closed_all,1.8,2.0
BUY,4126.68,4124.80308,4127.83503,4127.83503,1.15503,0.61538,1.94,0.45,TARGET,2026-07-08 00:47:00,2026-07-08 00:45:00,2026-07-08 00:46:00,7,38,69,1.3,0.8,5,warning_only,closed_all,1.8,2.0
BUY,4127.14,4125.31265,4128.26452,4128.26452,1.12452,0.61538,1.48,0.38,TARGET,2026-07-08 00:47:00,2026-07-08 00:46:00,2026-07-08 00:47:00,7,38,69,1.3,0.8,5,warning_only,closed_all,1.8,2.0
BUY,4126.98,4124.59829,4128.44567,4124.59829,-2.38171,-1.0,0.19,2.61,STOP,2026-07-08 01:30:00,2026-07-08 01:25:00,2026-07-08 01:26:00,7,38,69,1.3,0.8,5,warning_only,closed_all,1.8,2.0
BUY,4126.3,4124.06279,4127.67674,4127.67674,1.37674,0.61538,1.85,1.93,TARGET,2026-07-08 01:32:00,2026-07-08 01:27:00,2026-07-08 01:28:00,7,38,69,1.3,0.8,5,warning_only,closed_all,1.8,2.0
BUY,4127.36,4125.04894,4128.78219,4127.44,0.08,0.03462,0.79,2.13,TIME_EXIT,2026-07-08 01:36:00,2026-07-08 01:31:00,2026-07-08 01:32:00,7,38,69,1.3,0.8,5,warning_only,closed_all,1.8,2.0
BUY,4127.05,4125.02828,4128.29413,4125.02828,-2.02172,-1.0,0.35,2.05,STOP,2026-07-08 02:03:00,2026-07-08 02:00:00,2026-07-08 02:01:00,7,38,69,1.3,0.8,5,warning_only,closed_all,1.8,2.0
BUY,4127.94,4125.93693,4129.17266,4129.17266,1.23266,0.61538,2.66,0.18,TARGET,2026-07-08 02:05:00,2026-07-08 02:04:00,2026-07-08 02:05:00,7,38,69,1.3,0.8,5,warning_only,closed_all,1.8,2.0
BUY,4128.79,4126.34178,4130.2966,4126.34178,-2.44822,-1.0,0.48,2.47,STOP,2026-07-08 02:20:00,2026-07-08 02:16:00,2026-07-08 02:17:00,7,38,69,1.3,0.8,5,warning_only,closed_all,1.8,2.0
BUY,4128.76,4126.2922,4130.27865,4126.2922,-2.4678,-1.0,0.21,5.07,STOP,2026-07-08 02:21:00,2026-07-08 02:18:00,2026-07-08 02:19:00,7,38,69,1.3,0.8,5,warning_only,closed_all,1.8,2.0
BUY,4127.19,4124.39931,4128.90735,4128.90735,1.71735,0.61538,2.97,0.59,TARGET,2026-07-08 02:38:00,2026-07-08 02:36:00,2026-07-08 02:37:00,7,38,69,1.3,0.8,5,warning_only,closed_all,1.8,2.0
BUY,4128.26,4125.5145,4129.94954,4129.94954,1.68954,0.61538,1.9,1.34,TARGET,2026-07-08 02:38:00,2026-07-08 02:37:00,2026-07-08 02:38:00,7,38,69,1.3,0.8,5,warning_only,closed_all,1.8,2.0
BUY,4128.92,4126.04666,4130.68821,4130.68821,1.76821,0.61538,2.16,0.64,TARGET,2026-07-08 02:42:00,2026-07-08 02:40:00,2026-07-08 02:41:00,7,38,69,1.3,0.8,5,warning_only,closed_all,1.8,2.0
BUY,4129.73,4126.92725,4131.45477,4131.45477,1.72477,0.61538,1.89,1.18,TARGET,2026-07-08 02:43:00,2026-07-08 02:41:00,2026-07-08 02:42:00,7,38,69,1.3,0.8,5,warning_only,closed_all,1.8,2.0
BUY,4130.36,4127.63325,4132.038,4132.038,1.678,0.61538,2.45,1.06,TARGET,2026-07-08 03:16:00,2026-07-08 03:13:00,2026-07-08 03:14:00,7,38,69,1.3,0.8,5,warning_only,closed_all,1.8,2.0
BUY,4130.85,4128.19845,4132.48172,4132.48172,1.63172,0.61538,2.66,0.99,TARGET,2026-07-08 03:24:00,2026-07-08 03:21:00,2026-07-08 03:22:00,7,38,69,1.3,0.8,5,warning_only,closed_all,1.8,2.0
BUY,4070.34,4066.31096,4072.81941,4072.81941,2.47941,0.61538,3.08,0.84,TARGET,2026-07-08 09:39:00,2026-07-08 09:38:00,2026-07-08 09:39:00,7,38,69,1.3,0.8,5,warning_only,closed_all,1.8,2.0
BUY,4076.49,4071.48134,4079.57225,4079.57225,3.08225,0.61538,3.29,1.49,TARGET,2026-07-08 10:04:00,2026-07-08 10:03:00,2026-07-08 10:04:00,7,38,69,1.3,0.8,5,warning_only,closed_all,1.8,2.0
BUY,4079.78,4074.68525,4082.91523,4074.68525,-5.09475,-1.0,3.11,7.29,STOP,2026-07-08 10:07:00,2026-07-08 10:04:00,2026-07-08 10:05:00,7,38,69,1.3,0.8,5,warning_only,closed_all,1.8,2.0
BUY,4078.04,4072.85794,4081.22896,4077.91,-0.13,-0.02509,2.16,3.58,TIME_EXIT,2026-07-08 10:41:00,2026-07-08 10:36:00,2026-07-08 10:37:00,7,38,69,1.3,0.8,5,warning_only,closed_all,1.8,2.0
BUY,4134.23,4130.44953,4136.55645,4136.55645,2.32645,0.61538,2.45,1.31,TARGET,2026-07-02 21:20:00,2026-07-02 21:17:00,2026-07-02 21:18:00,8,24,92,1.3,0.8,10,warning_only,closed_all,0.8,2.0
BUY,4175.29,4173.04139,4176.67376,4176.67376,1.38376,0.61538,1.72,0.34,TARGET,2026-07-03 04:30:00,2026-07-03 04:29:00,2026-07-03 04:30:00,8,24,92,1.3,0.8,10,warning_only,closed_all,0.8,2.0
BUY,4175.91,4173.6151,4177.32224,4177.32224,1.41224,0.61538,2.31,0.27,TARGET,2026-07-03 04:34:00,2026-07-03 04:33:00,2026-07-03 04:34:00,8,24,92,1.3,0.8,10,warning_only,closed_all,0.8,2.0
BUY,4179.44,4177.91046,4180.38126,4177.91046,-1.52954,-1.0,0.1,2.02,STOP,2026-07-03 08:07:00,2026-07-03 08:05:00,2026-07-03 08:06:00,8,24,92,1.3,0.8,10,warning_only,closed_all,0.8,2.0
BUY,4189.3,4184.17239,4192.45545,4192.45545,3.15545,0.61538,3.48,0.97,TARGET,2026-07-05 22:16:00,2026-07-05 22:14:00,2026-07-05 22:15:00,8,24,92,1.3,0.8,10,warning_only,closed_all,0.8,2.0
BUY,4191.31,4186.27193,4194.41035,4186.27193,-5.03807,-1.0,1.47,5.52,STOP,2026-07-05 22:17:00,2026-07-05 22:15:00,2026-07-05 22:16:00,8,24,92,1.3,0.8,10,warning_only,closed_all,0.8,2.0
BUY,4185.64,4180.92712,4188.54024,4188.54024,2.90024,0.61538,4.02,1.32,TARGET,2026-07-05 22:28:00,2026-07-05 22:25:00,2026-07-05 22:26:00,8,24,92,1.3,0.8,10,warning_only,closed_all,0.8,2.0
BUY,4187.16,4182.52004,4190.01536,4190.01536,2.85536,0.61538,4.41,2.59,TARGET,2026-07-05 22:30:00,2026-07-05 22:26:00,2026-07-05 22:27:00,8,24,92,1.3,0.8,10,warning_only,closed_all,0.8,2.0
BUY,4189.71,4185.14465,4192.51945,4192.51945,2.80945,0.61538,4.67,2.34,TARGET,2026-07-05 22:32:00,2026-07-05 22:29:00,2026-07-05 22:30:00,8,24,92,1.3,0.8,10,warning_only,closed_all,0.8,2.0
BUY,4190.51,4185.96533,4193.30672,4193.30672,2.79672,0.61538,3.87,1.33,TARGET,2026-07-05 22:32:00,2026-07-05 22:31:00,2026-07-05 22:32:00,8,24,92,1.3,0.8,10,warning_only,closed_all,0.8,2.0
BUY,4156.92,4154.96432,4158.12349,4158.12349,1.20349,0.61538,1.31,0.59,TARGET,2026-07-06 09:06:00,2026-07-06 09:05:00,2026-07-06 09:06:00,8,24,92,1.3,0.8,10,warning_only,closed_all,0.8,2.0
BUY,4147.29,4145.43414,4148.43207,4148.43207,1.14207,0.61538,1.27,0.29,TARGET,2026-07-06 13:36:00,2026-07-06 13:35:00,2026-07-06 13:36:00,8,24,92,1.3,0.8,10,warning_only,closed_all,0.8,2.0
BUY,4162.57,4161.39869,4163.2908,4163.2908,0.7208,0.61538,1.19,0.62,TARGET,2026-07-06 16:49:00,2026-07-06 16:46:00,2026-07-06 16:47:00,8,24,92,1.3,0.8,10,warning_only,closed_all,0.8,2.0
BUY,4162.96,4162.08751,4163.49692,4163.49692,0.53692,0.61538,1.44,0.59,TARGET,2026-07-06 17:33:00,2026-07-06 17:28:00,2026-07-06 17:29:00,8,24,92,1.3,0.8,10,warning_only,closed_all,0.8,2.0
BUY,4133.13,4131.09613,4134.38161,4134.38161,1.25161,0.61538,1.51,1.12,TARGET,2026-07-07 07:13:00,2026-07-07 07:06:00,2026-07-07 07:07:00,8,24,92,1.3,0.8,10,warning_only,closed_all,0.8,2.0
BUY,4108.98,4105.54559,4111.09348,4111.09348,2.11348,0.61538,3.24,0.87,TARGET,2026-07-07 23:06:00,2026-07-07 23:05:00,2026-07-07 23:06:00,8,24,92,1.3,0.8,10,warning_only,closed_all,0.8,2.0
BUY,4126.3,4124.06279,4127.67674,4127.67674,1.37674,0.61538,1.85,1.93,TARGET,2026-07-08 01:32:00,2026-07-08 01:27:00,2026-07-08 01:28:00,8,24,92,1.3,0.8,10,warning_only,closed_all,0.8,2.0
BUY,4126.29,4124.1744,4127.59191,4127.59191,1.30191,0.61538,1.86,1.92,TARGET,2026-07-08 01:32:00,2026-07-08 01:29:00,2026-07-08 01:30:00,8,24,92,1.3,0.8,10,warning_only,closed_all,0.8,2.0
BUY,4127.19,4124.39931,4128.90735,4128.90735,1.71735,0.61538,2.97,0.59,TARGET,2026-07-08 02:38:00,2026-07-08 02:36:00,2026-07-08 02:37:00,8,24,92,1.3,0.8,10,warning_only,closed_all,0.8,2.0
BUY,4128.26,4125.5145,4129.94954,4129.94954,1.68954,0.61538,1.9,1.34,TARGET,2026-07-08 02:38:00,2026-07-08 02:37:00,2026-07-08 02:38:00,8,24,92,1.3,0.8,10,warning_only,closed_all,0.8,2.0
BUY,4129.73,4126.92725,4131.45477,4131.45477,1.72477,0.61538,1.89,1.18,TARGET,2026-07-08 02:43:00,2026-07-08 02:41:00,2026-07-08 02:42:00,8,24,92,1.3,0.8,10,warning_only,closed_all,0.8,2.0
BUY,4130.85,4128.19845,4132.48172,4132.48172,1.63172,0.61538,2.66,0.99,TARGET,2026-07-08 03:24:00,2026-07-08 03:21:00,2026-07-08 03:22:00,8,24,92,1.3,0.8,10,warning_only,closed_all,0.8,2.0
BUY,4134.23,4130.44953,4138.01047,4138.01047,3.78047,1.0,4.27,1.31,TARGET,2026-07-02 21:22:00,2026-07-02 21:17:00,2026-07-02 21:18:00,3,20,93,1.3,1.3,30,required,closed_all,1.2,2.0
BUY,4182.25,4180.39026,4184.10974,4180.39026,-1.85974,-1.0,0.03,2.64,STOP,2026-07-03 00:30:00,2026-07-03 00:28:00,2026-07-03 00:29:00,3,20,93,1.3,1.3,30,required,closed_all,1.2,2.0
BUY,4173.47,4171.09479,4175.84521,4171.09479,-2.37521,-1.0,0.91,2.68,STOP,2026-07-03 03:56:00,2026-07-03 03:52:00,2026-07-03 03:53:00,3,20,93,1.3,1.3,30,required,closed_all,1.2,2.0
BUY,4173.66,4171.16097,4176.15903,4176.15903,2.49903,1.0,3.09,0.53,TARGET,2026-07-03 04:05:00,2026-07-03 04:03:00,2026-07-03 04:04:00,3,20,93,1.3,1.3,30,required,closed_all,1.2,2.0
BUY,4174.9,4172.41512,4177.38488,4177.38488,2.48488,1.0,3.26,0.44,TARGET,2026-07-03 04:06:00,2026-07-03 04:04:00,2026-07-03 04:05:00,3,20,93,1.3,1.3,30,required,closed_all,1.2,2.0
BUY,4174.42,4172.07312,4176.76688,4176.76688,2.34688,1.0,2.59,1.85,TARGET,2026-07-03 04:30:00,2026-07-03 04:25:00,2026-07-03 04:26:00,3,20,93,1.3,1.3,30,required,closed_all,1.2,2.0
BUY,4175.29,4173.04139,4177.53861,4177.53861,2.24861,1.0,2.93,1.62,TARGET,2026-07-03 04:34:00,2026-07-03 04:29:00,2026-07-03 04:30:00,3,20,93,1.3,1.3,30,required,closed_all,1.2,2.0
BUY,4175.84,4173.47057,4178.20943,4178.20943,2.36943,1.0,2.38,0.95,TARGET,2026-07-03 04:34:00,2026-07-03 04:32:00,2026-07-03 04:33:00,3,20,93,1.3,1.3,30,required,closed_all,1.2,2.0
BUY,4175.91,4173.6151,4178.2049,4178.2049,2.2949,1.0,2.31,0.27,TARGET,2026-07-03 04:34:00,2026-07-03 04:33:00,2026-07-03 04:34:00,3,20,93,1.3,1.3,30,required,closed_all,1.2,2.0
BUY,4179.44,4177.91046,4180.96954,4177.91046,-1.52954,-1.0,0.1,2.02,STOP,2026-07-03 08:07:00,2026-07-03 08:05:00,2026-07-03 08:06:00,3,20,93,1.3,1.3,30,required,closed_all,1.2,2.0
BUY,4188.13,4184.9096,4191.3504,4184.9096,-3.2204,-1.0,0.69,4.93,STOP,2026-07-05 21:49:00,2026-07-05 21:45:00,2026-07-05 21:46:00,3,20,93,1.3,1.3,30,required,closed_all,1.2,2.0
BUY,4187.79,4182.50396,4193.07604,4182.50396,-5.28604,-1.0,4.99,6.3,STOP,2026-07-05 22:22:00,2026-07-05 22:13:00,2026-07-05 22:14:00,3,20,93,1.3,1.3,30,required,closed_all,1.2,2.0
BUY,4189.3,4184.17239,4194.42761,4184.17239,-5.12761,-1.0,3.48,6.09,STOP,2026-07-05 22:21:00,2026-07-05 22:14:00,2026-07-05 22:15:00,3,20,93,1.3,1.3,30,required,closed_all,1.2,2.0
BUY,4191.31,4186.27193,4196.34807,4186.27193,-5.03807,-1.0,1.47,5.52,STOP,2026-07-05 22:17:00,2026-07-05 22:15:00,2026-07-05 22:16:00,3,20,93,1.3,1.3,30,required,closed_all,1.2,2.0
BUY,4188.85,4183.88722,4193.81278,4183.88722,-4.96278,-1.0,1.62,5.64,STOP,2026-07-05 22:21:00,2026-07-05 22:19:00,2026-07-05 22:20:00,3,20,93,1.3,1.3,30,required,closed_all,1.2,2.0
BUY,4188.14,4183.49996,4192.78004,4192.78004,4.64004,1.0,6.24,2.27,TARGET,2026-07-05 22:32:00,2026-07-05 22:27:00,2026-07-05 22:28:00,3,20,93,1.3,1.3,30,required,closed_all,1.2,2.0
BUY,4189.71,4185.14465,4194.27535,4194.27535,4.56535,1.0,4.67,2.34,TARGET,2026-07-05 22:32:00,2026-07-05 22:29:00,2026-07-05 22:30:00,3,20,93,1.3,1.3,30,required,closed_all,1.2,2.0
BUY,4190.51,4185.96533,4195.05467,4195.05467,4.54467,1.0,7.26,1.33,TARGET,2026-07-05 22:34:00,2026-07-05 22:31:00,2026-07-05 22:32:00,3,20,93,1.3,1.3,30,required,closed_all,1.2,2.0
BUY,4161.96,4160.63471,4163.28529,4160.63471,-1.32529,-1.0,1.28,1.85,STOP,2026-07-06 16:35:00,2026-07-06 16:23:00,2026-07-06 16:24:00,3,20,93,1.3,1.3,30,required,closed_all,1.2,2.0
BUY,4162.39,4161.14208,4163.63792,4161.14208,-1.24792,-1.0,0.85,2.28,STOP,2026-07-06 16:35:00,2026-07-06 16:26:00,2026-07-06 16:27:00,3,20,93,1.3,1.3,30,required,closed_all,1.2,2.0
BUY,4162.71,4161.45411,4163.96589,4161.45411,-1.25589,-1.0,0.53,1.37,STOP,2026-07-06 16:31:00,2026-07-06 16:28:00,2026-07-06 16:29:00,3,20,93,1.3,1.3,30,required,closed_all,1.2,2.0
BUY,4162.57,4161.39869,4163.74131,4163.74131,1.17131,1.0,1.19,0.62,TARGET,2026-07-06 16:49:00,2026-07-06 16:46:00,2026-07-06 16:47:00,3,20,93,1.3,1.3,30,required,closed_all,1.2,2.0
BUY,4162.75,4161.82181,4163.67819,4163.67819,0.92819,1.0,1.65,0.38,TARGET,2026-07-06 17:33:00,2026-07-06 17:26:00,2026-07-06 17:27:00,3,20,93,1.3,1.3,30,required,closed_all,1.2,2.0
BUY,4162.96,4162.08751,4163.83249,4163.83249,0.87249,1.0,1.44,0.59,TARGET,2026-07-06 17:33:00,2026-07-06 17:28:00,2026-07-06 17:29:00,3,20,93,1.3,1.3,30,required,closed_all,1.2,2.0
BUY,4163.33,4162.55829,4164.10171,4164.10171,0.77171,1.0,0.82,0.2,TARGET,2026-07-06 17:51:00,2026-07-06 17:47:00,2026-07-06 17:48:00,3,20,93,1.3,1.3,30,required,closed_all,1.2,2.0
BUY,4134.59,4132.82206,4136.35794,4136.35794,1.76794,1.0,2.06,0.41,TARGET,2026-07-07 08:16:00,2026-07-07 08:15:00,2026-07-07 08:16:00,3,20,93,1.3,1.3,30,required,closed_all,1.2,2.0
BUY,4127.19,4124.39931,4129.98069,4129.98069,2.79069,1.0,2.97,0.59,TARGET,2026-07-08 02:38:00,2026-07-08 02:36:00,2026-07-08 02:37:00,3,20,93,1.3,1.3,30,required,closed_all,1.2,2.0
BUY,4128.26,4125.5145,4131.0055,4131.0055,2.7455,1.0,2.82,1.7,TARGET,2026-07-08 02:42:00,2026-07-08 02:37:00,2026-07-08 02:38:00,3,20,93,1.3,1.3,30,required,closed_all,1.2,2.0
BUY,4128.92,4126.04666,4131.79334,4126.04666,-2.87334,-1.0,2.7,3.37,STOP,2026-07-08 02:48:00,2026-07-08 02:40:00,2026-07-08 02:41:00,3,20,93,1.3,1.3,30,required,closed_all,1.2,2.0
BUY,4129.73,4126.92725,4132.53275,4126.92725,-2.80275,-1.0,1.89,4.18,STOP,2026-07-08 02:48:00,2026-07-08 02:41:00,2026-07-08 02:42:00,3,20,93,1.3,1.3,30,required,closed_all,1.2,2.0
BUY,4130.85,4128.19845,4133.50155,4133.50155,2.65155,1.0,2.66,0.99,TARGET,2026-07-08 03:24:00,2026-07-08 03:21:00,2026-07-08 03:22:00,3,20,93,1.3,1.3,30,required,closed_all,1.2,2.0
BUY,4128.89,4126.03404,4131.74596,4131.74596,2.85596,1.0,6.43,2.32,TARGET,2026-07-02 21:13:00,2026-07-02 21:09:00,2026-07-02 21:10:00,7,31,94,1.0,1.0,30,warning_only,closed_all,1.8,1.2
BUY,4173.66,4171.73767,4175.58233,4175.58233,1.92233,1.0,3.09,0.53,TARGET,2026-07-03 04:05:00,2026-07-03 04:03:00,2026-07-03 04:04:00,7,31,94,1.0,1.0,30,warning_only,closed_all,1.8,1.2
BUY,4187.79,4183.72381,4191.85619,4191.85619,4.06619,1.0,4.99,0.85,TARGET,2026-07-05 22:16:00,2026-07-05 22:13:00,2026-07-05 22:14:00,7,31,94,1.0,1.0,30,warning_only,closed_all,1.8,1.2
BUY,4185.64,4182.01471,4189.26529,4189.26529,3.62529,1.0,4.02,1.32,TARGET,2026-07-05 22:28:00,2026-07-05 22:25:00,2026-07-05 22:26:00,7,31,94,1.0,1.0,30,warning_only,closed_all,1.8,1.2
BUY,4187.16,4183.5908,4190.7292,4190.7292,3.5692,1.0,4.41,2.59,TARGET,2026-07-05 22:30:00,2026-07-05 22:26:00,2026-07-05 22:27:00,7,31,94,1.0,1.0,30,warning_only,closed_all,1.8,1.2
BUY,4188.14,4184.57074,4191.70926,4191.70926,3.56926,1.0,6.24,2.27,TARGET,2026-07-05 22:32:00,2026-07-05 22:27:00,2026-07-05 22:28:00,7,31,94,1.0,1.0,30,warning_only,closed_all,1.8,1.2
BUY,4108.98,4106.33815,4111.62185,4111.62185,2.64185,1.0,3.24,0.87,TARGET,2026-07-07 23:06:00,2026-07-07 23:05:00,2026-07-07 23:06:00,7,31,94,1.0,1.0,30,warning_only,closed_all,1.8,1.2
BUY,4112.22,4109.47328,4114.96672,4114.96672,2.74672,1.0,3.13,2.12,TARGET,2026-07-07 23:07:00,2026-07-07 23:06:00,2026-07-07 23:07:00,7,31,94,1.0,1.0,30,warning_only,closed_all,1.8,1.2
BUY,4127.19,4125.04332,4129.33668,4129.33668,2.14668,1.0,2.97,0.59,TARGET,2026-07-08 02:38:00,2026-07-08 02:36:00,2026-07-08 02:37:00,7,31,94,1.0,1.0,30,warning_only,closed_all,1.8,1.2
BUY,4128.26,4126.14808,4130.37192,4130.37192,2.11192,1.0,2.82,1.7,TARGET,2026-07-08 02:42:00,2026-07-08 02:37:00,2026-07-08 02:38:00,7,31,94,1.0,1.0,30,warning_only,closed_all,1.8,1.2
BUY,4078.04,4074.0538,4082.0262,4074.0538,-3.9862,-1.0,2.16,7.75,STOP,2026-07-08 10:42:00,2026-07-08 10:36:00,2026-07-08 10:37:00,7,31,94,1.0,1.0,30,warning_only,closed_all,1.8,1.2
BUY,4128.89,4125.17725,4132.60275,4132.60275,3.71275,1.0,6.43,2.32,TARGET,2026-07-02 21:13:00,2026-07-02 21:09:00,2026-07-02 21:10:00,7,37,91,1.3,1.3,30,required,closed_all,1.8,2.0
BUY,4134.23,4130.44953,4138.01047,4138.01047,3.78047,1.0,4.27,1.31,TARGET,2026-07-02 21:22:00,2026-07-02 21:17:00,2026-07-02 21:18:00,7,37,91,1.3,1.3,30,required,closed_all,1.8,2.0
BUY,4174.9,4172.41512,4177.38488,4177.38488,2.48488,1.0,3.26,0.44,TARGET,2026-07-03 04:06:00,2026-07-03 04:04:00,2026-07-03 04:05:00,7,37,91,1.3,1.3,30,required,closed_all,1.8,2.0
BUY,4175.29,4173.04139,4177.53861,4177.53861,2.24861,1.0,2.93,1.62,TARGET,2026-07-03 04:34:00,2026-07-03 04:29:00,2026-07-03 04:30:00,7,37,91,1.3,1.3,30,required,closed_all,1.8,2.0
BUY,4175.84,4173.47057,4178.20943,4178.20943,2.36943,1.0,2.38,0.95,TARGET,2026-07-03 04:34:00,2026-07-03 04:32:00,2026-07-03 04:33:00,7,37,91,1.3,1.3,30,required,closed_all,1.8,2.0
BUY,4175.91,4173.6151,4178.2049,4178.2049,2.2949,1.0,2.31,0.27,TARGET,2026-07-03 04:34:00,2026-07-03 04:33:00,2026-07-03 04:34:00,7,37,91,1.3,1.3,30,required,closed_all,1.8,2.0
BUY,4177.58,4175.39375,4179.76625,4179.76625,2.18625,1.0,4.11,0.02,TARGET,2026-07-03 05:00:00,2026-07-03 04:59:00,2026-07-03 05:00:00,7,37,91,1.3,1.3,30,required,closed_all,1.8,2.0
BUY,4183.57,4181.31751,4185.82249,4181.31751,-2.25249,-1.0,1.7,3.24,STOP,2026-07-03 05:46:00,2026-07-03 05:43:00,2026-07-03 05:44:00,7,37,91,1.3,1.3,30,required,closed_all,1.8,2.0
BUY,4179.44,4177.91046,4180.96954,4177.91046,-1.52954,-1.0,0.1,2.02,STOP,2026-07-03 08:07:00,2026-07-03 08:05:00,2026-07-03 08:06:00,7,37,91,1.3,1.3,30,required,closed_all,1.8,2.0
BUY,4191.06,4185.72378,4196.39622,4185.72378,-5.33622,-1.0,1.75,8.47,STOP,2026-07-05 22:05:00,2026-07-05 22:03:00,2026-07-05 22:04:00,7,37,91,1.3,1.3,30,required,closed_all,1.8,2.0
BUY,4189.3,4184.17239,4194.42761,4184.17239,-5.12761,-1.0,3.48,6.09,STOP,2026-07-05 22:21:00,2026-07-05 22:14:00,2026-07-05 22:15:00,7,37,91,1.3,1.3,30,required,closed_all,1.8,2.0
BUY,4191.31,4186.27193,4196.34807,4186.27193,-5.03807,-1.0,1.47,5.52,STOP,2026-07-05 22:17:00,2026-07-05 22:15:00,2026-07-05 22:16:00,7,37,91,1.3,1.3,30,required,closed_all,1.8,2.0
BUY,4188.85,4183.88722,4193.81278,4183.88722,-4.96278,-1.0,1.62,5.64,STOP,2026-07-05 22:21:00,2026-07-05 22:19:00,2026-07-05 22:20:00,7,37,91,1.3,1.3,30,required,closed_all,1.8,2.0
BUY,4185.64,4180.92712,4190.35288,4190.35288,4.71288,1.0,5.93,1.32,TARGET,2026-07-05 22:30:00,2026-07-05 22:25:00,2026-07-05 22:26:00,7,37,91,1.3,1.3,30,required,closed_all,1.8,2.0
BUY,4187.16,4182.52004,4191.79996,4191.79996,4.63996,1.0,7.22,2.59,TARGET,2026-07-05 22:32:00,2026-07-05 22:26:00,2026-07-05 22:27:00,7,37,91,1.3,1.3,30,required,closed_all,1.8,2.0
BUY,4188.14,4183.49996,4192.78004,4192.78004,4.64004,1.0,6.24,2.27,TARGET,2026-07-05 22:32:00,2026-07-05 22:27:00,2026-07-05 22:28:00,7,37,91,1.3,1.3,30,required,closed_all,1.8,2.0
BUY,4189.71,4185.14465,4194.27535,4194.27535,4.56535,1.0,4.67,2.34,TARGET,2026-07-05 22:32:00,2026-07-05 22:29:00,2026-07-05 22:30:00,7,37,91,1.3,1.3,30,required,closed_all,1.8,2.0
BUY,4190.51,4185.96533,4195.05467,4195.05467,4.54467,1.0,7.26,1.33,TARGET,2026-07-05 22:34:00,2026-07-05 22:31:00,2026-07-05 22:32:00,7,37,91,1.3,1.3,30,required,closed_all,1.8,2.0
BUY,4162.39,4161.14208,4163.63792,4161.14208,-1.24792,-1.0,0.85,2.28,STOP,2026-07-06 16:35:00,2026-07-06 16:26:00,2026-07-06 16:27:00,7,37,91,1.3,1.3,30,required,closed_all,1.8,2.0
BUY,4162.71,4161.45411,4163.96589,4161.45411,-1.25589,-1.0,0.53,1.37,STOP,2026-07-06 16:31:00,2026-07-06 16:28:00,2026-07-06 16:29:00,7,37,91,1.3,1.3,30,required,closed_all,1.8,2.0
BUY,4162.71,4161.39409,4164.02591,4161.39409,-1.31591,-1.0,0.25,2.6,STOP,2026-07-06 16:35:00,2026-07-06 16:31:00,2026-07-06 16:32:00,7,37,91,1.3,1.3,30,required,closed_all,1.8,2.0
BUY,4162.57,4161.39869,4163.74131,4163.74131,1.17131,1.0,1.19,0.62,TARGET,2026-07-06 16:49:00,2026-07-06 16:46:00,2026-07-06 16:47:00,7,37,91,1.3,1.3,30,required,closed_all,1.8,2.0
BUY,4163.8,4162.23497,4165.36503,4162.23497,-1.56503,-1.0,0.7,1.76,STOP,2026-07-06 17:05:00,2026-07-06 16:59:00,2026-07-06 17:00:00,7,37,91,1.3,1.3,30,required,closed_all,1.8,2.0
BUY,4162.75,4161.82181,4163.67819,4163.67819,0.92819,1.0,1.65,0.38,TARGET,2026-07-06 17:33:00,2026-07-06 17:26:00,2026-07-06 17:27:00,7,37,91,1.3,1.3,30,required,closed_all,1.8,2.0
BUY,4162.96,4162.08751,4163.83249,4163.83249,0.87249,1.0,1.44,0.59,TARGET,2026-07-06 17:33:00,2026-07-06 17:28:00,2026-07-06 17:29:00,7,37,91,1.3,1.3,30,required,closed_all,1.8,2.0
BUY,4163.33,4162.55829,4164.10171,4164.10171,0.77171,1.0,0.82,0.2,TARGET,2026-07-06 17:51:00,2026-07-06 17:47:00,2026-07-06 17:48:00,7,37,91,1.3,1.3,30,required,closed_all,1.8,2.0
BUY,4127.19,4124.39931,4129.98069,4129.98069,2.79069,1.0,2.97,0.59,TARGET,2026-07-08 02:38:00,2026-07-08 02:36:00,2026-07-08 02:37:00,7,37,91,1.3,1.3,30,required,closed_all,1.8,2.0
BUY,4128.26,4125.5145,4131.0055,4131.0055,2.7455,1.0,2.82,1.7,TARGET,2026-07-08 02:42:00,2026-07-08 02:37:00,2026-07-08 02:38:00,7,37,91,1.3,1.3,30,required,closed_all,1.8,2.0
BUY,4128.92,4126.04666,4131.79334,4126.04666,-2.87334,-1.0,2.7,3.37,STOP,2026-07-08 02:48:00,2026-07-08 02:40:00,2026-07-08 02:41:00,7,37,91,1.3,1.3,30,required,closed_all,1.8,2.0
BUY,4129.73,4126.92725,4132.53275,4126.92725,-2.80275,-1.0,1.89,4.18,STOP,2026-07-08 02:48:00,2026-07-08 02:41:00,2026-07-08 02:42:00,7,37,91,1.3,1.3,30,required,closed_all,1.8,2.0
BUY,4130.36,4127.63325,4133.08675,4133.08675,2.72675,1.0,3.15,1.73,TARGET,2026-07-08 03:24:00,2026-07-08 03:13:00,2026-07-08 03:14:00,7,37,91,1.3,1.3,30,required,closed_all,1.8,2.0
BUY,4130.85,4128.19845,4133.50155,4133.50155,2.65155,1.0,2.66,0.99,TARGET,2026-07-08 03:24:00,2026-07-08 03:21:00,2026-07-08 03:22:00,7,37,91,1.3,1.3,30,required,closed_all,1.8,2.0
BUY,4129.43,4125.84699,4131.2215,4125.84699,-3.58301,-1.0,1.25,5.03,STOP,2026-07-02 20:53:00,2026-07-02 20:47:00,2026-07-02 20:48:00,3,40,66,1.6,0.8,20,required,closed_all,1.2,2.0
BUY,4130.59,4127.07664,4132.34668,4127.07664,-3.51336,-1.0,0.09,4.35,STOP,2026-07-02 20:52:00,2026-07-02 20:48:00,2026-07-02 20:49:00,3,40,66,1.6,0.8,20,required,closed_all,1.2,2.0
BUY,4130.63,4127.13673,4132.37663,4127.13673,-3.49327,-1.0,0.05,4.39,STOP,2026-07-02 20:52:00,2026-07-02 20:49:00,2026-07-02 20:50:00,3,40,66,1.6,0.8,20,required,closed_all,1.2,2.0
BUY,4134.23,4129.57711,4136.55645,4136.55645,2.32645,0.5,2.45,1.31,TARGET,2026-07-02 21:20:00,2026-07-02 21:17:00,2026-07-02 21:18:00,3,40,66,1.6,0.8,20,required,closed_all,1.2,2.0
BUY,4135.16,4130.58346,4137.44827,4137.44827,2.28827,0.5,2.61,1.83,TARGET,2026-07-02 21:21:00,2026-07-02 21:18:00,2026-07-02 21:19:00,3,40,66,1.6,0.8,20,required,closed_all,1.2,2.0
BUY,4181.41,4178.19078,4183.01961,4183.01961,1.60961,0.5,4.06,2.17,TARGET,2026-07-02 23:38:00,2026-07-02 23:33:00,2026-07-02 23:34:00,3,40,66,1.6,0.8,20,required,closed_all,1.2,2.0
BUY,4183.93,4180.51792,4185.63604,4180.51792,-3.41208,-1.0,0.2,4.01,STOP,2026-07-02 23:46:00,2026-07-02 23:44:00,2026-07-02 23:45:00,3,40,66,1.6,0.8,20,required,closed_all,1.2,2.0
BUY,4183.58,4180.30516,4185.21742,4185.21742,1.63742,0.5,2.36,0.62,TARGET,2026-07-02 23:53:00,2026-07-02 23:52:00,2026-07-02 23:53:00,3,40,66,1.6,0.8,20,required,closed_all,1.2,2.0
BUY,4183.17,4180.31953,4184.59523,4180.31953,-2.85047,-1.0,0.61,3.12,STOP,2026-07-03 00:21:00,2026-07-03 00:13:00,2026-07-03 00:14:00,3,40,66,1.6,0.8,20,required,closed_all,1.2,2.0
BUY,4173.66,4170.58427,4175.19786,4175.19786,1.53786,0.5,3.09,0.53,TARGET,2026-07-03 04:05:00,2026-07-03 04:03:00,2026-07-03 04:04:00,3,40,66,1.6,0.8,20,required,closed_all,1.2,2.0
BUY,4174.9,4171.84168,4176.42916,4176.42916,1.52916,0.5,1.85,0.44,TARGET,2026-07-03 04:05:00,2026-07-03 04:04:00,2026-07-03 04:05:00,3,40,66,1.6,0.8,20,required,closed_all,1.2,2.0
BUY,4174.42,4171.53153,4175.86424,4175.86424,1.44424,0.5,2.59,1.85,TARGET,2026-07-03 04:30:00,2026-07-03 04:25:00,2026-07-03 04:26:00,3,40,66,1.6,0.8,20,required,closed_all,1.2,2.0
BUY,4175.29,4172.52248,4176.67376,4176.67376,1.38376,0.5,1.72,0.34,TARGET,2026-07-03 04:30:00,2026-07-03 04:29:00,2026-07-03 04:30:00,3,40,66,1.6,0.8,20,required,closed_all,1.2,2.0
BUY,4175.84,4172.92378,4177.29811,4177.29811,1.45811,0.5,2.38,0.95,TARGET,2026-07-03 04:34:00,2026-07-03 04:32:00,2026-07-03 04:33:00,3,40,66,1.6,0.8,20,required,closed_all,1.2,2.0
BUY,4175.91,4173.08551,4177.32224,4177.32224,1.41224,0.5,2.31,0.27,TARGET,2026-07-03 04:34:00,2026-07-03 04:33:00,2026-07-03 04:34:00,3,40,66,1.6,0.8,20,required,closed_all,1.2,2.0
BUY,4184.16,4181.40858,4185.53571,4181.40858,-2.75142,-1.0,1.11,3.83,STOP,2026-07-03 05:46:00,2026-07-03 05:44:00,2026-07-03 05:45:00,3,40,66,1.6,0.8,20,required,closed_all,1.2,2.0
BUY,4179.44,4177.55749,4180.38126,4177.55749,-1.88251,-1.0,0.1,2.02,STOP,2026-07-03 08:07:00,2026-07-03 08:05:00,2026-07-03 08:06:00,3,40,66,1.6,0.8,20,required,closed_all,1.2,2.0
BUY,4179.31,4175.2269,4181.35155,4181.35155,2.04155,0.5,2.15,0.32,TARGET,2026-07-05 19:22:00,2026-07-05 19:20:00,2026-07-05 19:21:00,3,40,66,1.6,0.8,20,required,closed_all,1.2,2.0
BUY,4187.79,4181.2841,4191.04295,4191.04295,3.25295,0.5,3.52,0.85,TARGET,2026-07-05 22:15:00,2026-07-05 22:13:00,2026-07-05 22:14:00,3,40,66,1.6,0.8,20,required,closed_all,1.2,2.0
BUY,4189.3,4182.98909,4192.45545,4192.45545,3.15545,0.5,3.48,0.97,TARGET,2026-07-05 22:16:00,2026-07-05 22:14:00,2026-07-05 22:15:00,3,40,66,1.6,0.8,20,required,closed_all,1.2,2.0
BUY,4191.31,4185.1093,4194.41035,4185.1093,-6.2007,-1.0,1.47,7.09,STOP,2026-07-05 22:18:00,2026-07-05 22:15:00,2026-07-05 22:16:00,3,40,66,1.6,0.8,20,required,closed_all,1.2,2.0
BUY,4188.85,4182.74196,4191.90402,4182.74196,-6.10804,-1.0,1.62,7.36,STOP,2026-07-05 22:22:00,2026-07-05 22:19:00,2026-07-05 22:20:00,3,40,66,1.6,0.8,20,required,closed_all,1.2,2.0
BUY,4185.64,4179.83953,4188.54024,4188.54024,2.90024,0.5,4.02,1.32,TARGET,2026-07-05 22:28:00,2026-07-05 22:25:00,2026-07-05 22:26:00,3,40,66,1.6,0.8,20,required,closed_all,1.2,2.0
BUY,4187.16,4181.44928,4190.01536,4190.01536,2.85536,0.5,4.41,2.59,TARGET,2026-07-05 22:30:00,2026-07-05 22:26:00,2026-07-05 22:27:00,3,40,66,1.6,0.8,20,required,closed_all,1.2,2.0
BUY,4188.14,4182.42919,4190.99541,4190.99541,2.85541,0.5,3.43,2.27,TARGET,2026-07-05 22:30:00,2026-07-05 22:27:00,2026-07-05 22:28:00,3,40,66,1.6,0.8,20,required,closed_all,1.2,2.0
BUY,4189.71,4184.0911,4192.51945,4192.51945,2.80945,0.5,4.67,2.34,TARGET,2026-07-05 22:32:00,2026-07-05 22:29:00,2026-07-05 22:30:00,3,40,66,1.6,0.8,20,required,closed_all,1.2,2.0
BUY,4190.51,4184.91656,4193.30672,4193.30672,2.79672,0.5,3.87,1.33,TARGET,2026-07-05 22:32:00,2026-07-05 22:31:00,2026-07-05 22:32:00,3,40,66,1.6,0.8,20,required,closed_all,1.2,2.0
BUY,4163.07,4161.38658,4163.91171,4163.91171,0.84171,0.5,0.86,0.13,TARGET,2026-07-06 15:57:00,2026-07-06 15:55:00,2026-07-06 15:56:00,3,40,66,1.6,0.8,20,required,closed_all,1.2,2.0
BUY,4163.65,4162.00568,4164.47216,4164.47216,0.82216,0.5,1.61,0.68,TARGET,2026-07-06 16:00:00,2026-07-06 15:56:00,2026-07-06 15:57:00,3,40,66,1.6,0.8,20,required,closed_all,1.2,2.0
BUY,4161.96,4160.32887,4162.77557,4162.77557,0.81557,0.5,1.28,0.57,TARGET,2026-07-06 16:29:00,2026-07-06 16:23:00,2026-07-06 16:24:00,3,40,66,1.6,0.8,20,required,closed_all,1.2,2.0
BUY,4162.39,4160.8541,4163.15795,4163.15795,0.76795,0.5,0.85,0.84,TARGET,2026-07-06 16:29:00,2026-07-06 16:26:00,2026-07-06 16:27:00,3,40,66,1.6,0.8,20,required,closed_all,1.2,2.0
BUY,4162.71,4161.16429,4163.48285,4161.16429,-1.54571,-1.0,0.53,2.6,STOP,2026-07-06 16:35:00,2026-07-06 16:28:00,2026-07-06 16:29:00,3,40,66,1.6,0.8,20,required,closed_all,1.2,2.0
BUY,4162.57,4161.12839,4163.2908,4163.2908,0.7208,0.5,1.19,0.62,TARGET,2026-07-06 16:49:00,2026-07-06 16:46:00,2026-07-06 16:47:00,3,40,66,1.6,0.8,20,required,closed_all,1.2,2.0
BUY,4162.75,4161.60761,4163.32119,4163.32119,0.57119,0.5,0.65,0.38,TARGET,2026-07-06 17:31:00,2026-07-06 17:26:00,2026-07-06 17:27:00,3,40,66,1.6,0.8,20,required,closed_all,1.2,2.0
BUY,4162.96,4161.88617,4163.49692,4163.49692,0.53692,0.5,1.44,0.59,TARGET,2026-07-06 17:33:00,2026-07-06 17:28:00,2026-07-06 17:29:00,3,40,66,1.6,0.8,20,required,closed_all,1.2,2.0
BUY,4163.33,4162.3802,4163.8049,4163.8049,0.4749,0.5,0.54,0.2,TARGET,2026-07-06 17:50:00,2026-07-06 17:47:00,2026-07-06 17:48:00,3,40,66,1.6,0.8,20,required,closed_all,1.2,2.0
BUY,4166.33,4165.26134,4166.86433,4166.86433,0.53433,0.5,0.59,0.3,TARGET,2026-07-06 19:31:00,2026-07-06 19:30:00,2026-07-06 19:31:00,3,40,66,1.6,0.8,20,required,closed_all,1.2,2.0
BUY,4136.9,4134.58227,4138.05887,4138.05887,1.15887,0.5,5.16,0.04,TARGET,2026-07-07 08:18:00,2026-07-07 08:17:00,2026-07-07 08:18:00,3,40,66,1.6,0.8,20,required,closed_all,1.2,2.0
BUY,4170.2,4165.22018,4172.68991,4165.22018,-4.97982,-1.0,2.2,5.84,STOP,2026-07-07 10:25:00,2026-07-07 10:16:00,2026-07-07 10:17:00,3,40,66,1.6,0.8,20,required,closed_all,1.2,2.0
BUY,4127.37,4124.25099,4128.92951,4124.25099,-3.11901,-1.0,0.78,3.31,STOP,2026-07-08 01:41:00,2026-07-08 01:22:00,2026-07-08 01:23:00,3,40,66,1.6,0.8,20,required,closed_all,1.2,2.0
BUY,4127.94,4125.47468,4129.17266,4129.17266,1.23266,0.5,2.66,0.18,TARGET,2026-07-08 02:05:00,2026-07-08 02:04:00,2026-07-08 02:05:00,3,40,66,1.6,0.8,20,required,closed_all,1.2,2.0
BUY,4127.19,4123.75531,4128.90735,4128.90735,1.71735,0.5,2.97,0.59,TARGET,2026-07-08 02:38:00,2026-07-08 02:36:00,2026-07-08 02:37:00,3,40,66,1.6,0.8,20,required,closed_all,1.2,2.0
BUY,4128.26,4124.88093,4129.94954,4129.94954,1.68954,0.5,1.9,1.34,TARGET,2026-07-08 02:38:00,2026-07-08 02:37:00,2026-07-08 02:38:00,3,40,66,1.6,0.8,20,required,closed_all,1.2,2.0
BUY,4128.92,4125.38358,4130.68821,4130.68821,1.76821,0.5,2.16,0.64,TARGET,2026-07-08 02:42:00,2026-07-08 02:40:00,2026-07-08 02:41:00,3,40,66,1.6,0.8,20,required,closed_all,1.2,2.0
BUY,4129.73,4126.28046,4131.45477,4131.45477,1.72477,0.5,1.89,1.18,TARGET,2026-07-08 02:43:00,2026-07-08 02:41:00,2026-07-08 02:42:00,3,40,66,1.6,0.8,20,required,closed_all,1.2,2.0
BUY,4128.02,4124.99931,4129.53035,4124.99931,-3.02069,-1.0,1.17,3.48,STOP,2026-07-08 03:02:00,2026-07-08 02:56:00,2026-07-08 02:57:00,3,40,66,1.6,0.8,20,required,closed_all,1.2,2.0
BUY,4130.85,4127.58655,4132.48172,4132.48172,1.63172,0.5,2.66,0.99,TARGET,2026-07-08 03:24:00,2026-07-08 03:21:00,2026-07-08 03:22:00,3,40,66,1.6,0.8,20,required,closed_all,1.2,2.0
BUY,4128.89,4126.03404,4131.17477,4131.17477,2.28477,0.8,6.43,2.32,TARGET,2026-07-02 21:13:00,2026-07-02 21:09:00,2026-07-02 21:10:00,7,24,67,1.0,0.8,20,required,closed_all,1.2,1.2
BUY,4185.64,4182.01471,4188.54024,4188.54024,2.90024,0.8,4.02,1.32,TARGET,2026-07-05 22:28:00,2026-07-05 22:25:00,2026-07-05 22:26:00,7,24,67,1.0,0.8,20,required,closed_all,1.2,1.2
BUY,4187.16,4183.5908,4190.01536,4190.01536,2.85536,0.8,4.41,2.59,TARGET,2026-07-05 22:30:00,2026-07-05 22:26:00,2026-07-05 22:27:00,7,24,67,1.0,0.8,20,required,closed_all,1.2,1.2
BUY,4188.14,4184.57074,4190.99541,4190.99541,2.85541,0.8,3.43,2.27,TARGET,2026-07-05 22:30:00,2026-07-05 22:27:00,2026-07-05 22:28:00,7,24,67,1.0,0.8,20,required,closed_all,1.2,1.2
BUY,4162.39,4161.43006,4163.15795,4163.15795,0.76795,0.8,0.85,0.84,TARGET,2026-07-06 16:29:00,2026-07-06 16:26:00,2026-07-06 16:27:00,7,24,67,1.0,0.8,20,required,closed_all,1.2,1.2
BUY,4126.3,4124.57907,4127.67674,4124.57907,-1.72093,-1.0,0.82,1.93,STOP,2026-07-08 01:30:00,2026-07-08 01:27:00,2026-07-08 01:28:00,7,24,67,1.0,0.8,20,required,closed_all,1.2,1.2
BUY,4128.92,4126.70974,4130.68821,4130.68821,1.76821,0.8,2.16,0.64,TARGET,2026-07-08 02:42:00,2026-07-08 02:40:00,2026-07-08 02:41:00,7,24,67,1.0,0.8,20,required,closed_all,1.2,1.2
BUY,4130.59,4127.73539,4132.34668,4127.73539,-2.85461,-1.0,0.09,3.38,STOP,2026-07-02 20:51:00,2026-07-02 20:48:00,2026-07-02 20:49:00,5,31,75,1.3,0.8,10,required,closed_all,1.2,2.0
BUY,4130.63,4127.79172,4132.37663,4127.79172,-2.83828,-1.0,0.05,3.42,STOP,2026-07-02 20:51:00,2026-07-02 20:49:00,2026-07-02 20:50:00,5,31,75,1.3,0.8,10,required,closed_all,1.2,2.0
BUY,4134.23,4130.44953,4136.55645,4136.55645,2.32645,0.61538,2.45,1.31,TARGET,2026-07-02 21:20:00,2026-07-02 21:17:00,2026-07-02 21:18:00,5,31,75,1.3,0.8,10,required,closed_all,1.2,2.0
BUY,4135.16,4131.44156,4137.44827,4137.44827,2.28827,0.61538,2.61,1.83,TARGET,2026-07-02 21:21:00,2026-07-02 21:18:00,2026-07-02 21:19:00,5,31,75,1.3,0.8,10,required,closed_all,1.2,2.0
BUY,4183.17,4180.85399,4184.59523,4180.85399,-2.31601,-1.0,0.61,3.12,STOP,2026-07-03 00:21:00,2026-07-03 00:13:00,2026-07-03 00:14:00,5,31,75,1.3,0.8,10,required,closed_all,1.2,2.0
BUY,4173.66,4171.16097,4175.19786,4175.19786,1.53786,0.61538,3.09,0.53,TARGET,2026-07-03 04:05:00,2026-07-03 04:03:00,2026-07-03 04:04:00,5,31,75,1.3,0.8,10,required,closed_all,1.2,2.0
BUY,4174.9,4172.41512,4176.42916,4176.42916,1.52916,0.61538,1.85,0.44,TARGET,2026-07-03 04:05:00,2026-07-03 04:04:00,2026-07-03 04:05:00,5,31,75,1.3,0.8,10,required,closed_all,1.2,2.0
BUY,4175.29,4173.04139,4176.67376,4176.67376,1.38376,0.61538,1.72,0.34,TARGET,2026-07-03 04:30:00,2026-07-03 04:29:00,2026-07-03 04:30:00,5,31,75,1.3,0.8,10,required,closed_all,1.2,2.0
BUY,4175.84,4173.47057,4177.29811,4177.29811,1.45811,0.61538,2.38,0.95,TARGET,2026-07-03 04:34:00,2026-07-03 04:32:00,2026-07-03 04:33:00,5,31,75,1.3,0.8,10,required,closed_all,1.2,2.0
BUY,4175.91,4173.6151,4177.32224,4177.32224,1.41224,0.61538,2.31,0.27,TARGET,2026-07-03 04:34:00,2026-07-03 04:33:00,2026-07-03 04:34:00,5,31,75,1.3,0.8,10,required,closed_all,1.2,2.0
BUY,4184.16,4181.92447,4185.53571,4181.92447,-2.23553,-1.0,1.11,3.83,STOP,2026-07-03 05:46:00,2026-07-03 05:44:00,2026-07-03 05:45:00,5,31,75,1.3,0.8,10,required,closed_all,1.2,2.0
BUY,4179.44,4177.91046,4180.38126,4177.91046,-1.52954,-1.0,0.1,2.02,STOP,2026-07-03 08:07:00,2026-07-03 08:05:00,2026-07-03 08:06:00,5,31,75,1.3,0.8,10,required,closed_all,1.2,2.0
BUY,4187.79,4182.50396,4191.04295,4191.04295,3.25295,0.61538,3.52,0.85,TARGET,2026-07-05 22:15:00,2026-07-05 22:13:00,2026-07-05 22:14:00,5,31,75,1.3,0.8,10,required,closed_all,1.2,2.0
BUY,4189.3,4184.17239,4192.45545,4192.45545,3.15545,0.61538,3.48,0.97,TARGET,2026-07-05 22:16:00,2026-07-05 22:14:00,2026-07-05 22:15:00,5,31,75,1.3,0.8,10,required,closed_all,1.2,2.0
BUY,4191.31,4186.27193,4194.41035,4186.27193,-5.03807,-1.0,1.47,5.52,STOP,2026-07-05 22:17:00,2026-07-05 22:15:00,2026-07-05 22:16:00,5,31,75,1.3,0.8,10,required,closed_all,1.2,2.0
BUY,4188.85,4183.88722,4191.90402,4183.88722,-4.96278,-1.0,1.62,5.64,STOP,2026-07-05 22:21:00,2026-07-05 22:19:00,2026-07-05 22:20:00,5,31,75,1.3,0.8,10,required,closed_all,1.2,2.0
BUY,4185.64,4180.92712,4188.54024,4188.54024,2.90024,0.61538,4.02,1.32,TARGET,2026-07-05 22:28:00,2026-07-05 22:25:00,2026-07-05 22:26:00,5,31,75,1.3,0.8,10,required,closed_all,1.2,2.0
BUY,4187.16,4182.52004,4190.01536,4190.01536,2.85536,0.61538,4.41,2.59,TARGET,2026-07-05 22:30:00,2026-07-05 22:26:00,2026-07-05 22:27:00,5,31,75,1.3,0.8,10,required,closed_all,1.2,2.0
BUY,4188.14,4183.49996,4190.99541,4190.99541,2.85541,0.61538,3.43,2.27,TARGET,2026-07-05 22:30:00,2026-07-05 22:27:00,2026-07-05 22:28:00,5,31,75,1.3,0.8,10,required,closed_all,1.2,2.0
BUY,4189.71,4185.14465,4192.51945,4192.51945,2.80945,0.61538,4.67,2.34,TARGET,2026-07-05 22:32:00,2026-07-05 22:29:00,2026-07-05 22:30:00,5,31,75,1.3,0.8,10,required,closed_all,1.2,2.0
BUY,4190.51,4185.96533,4193.30672,4193.30672,2.79672,0.61538,3.87,1.33,TARGET,2026-07-05 22:32:00,2026-07-05 22:31:00,2026-07-05 22:32:00,5,31,75,1.3,0.8,10,required,closed_all,1.2,2.0
BUY,4161.96,4160.63471,4162.77557,4162.77557,0.81557,0.61538,1.28,0.57,TARGET,2026-07-06 16:29:00,2026-07-06 16:23:00,2026-07-06 16:24:00,5,31,75,1.3,0.8,10,required,closed_all,1.2,2.0
BUY,4162.39,4161.14208,4163.15795,4163.15795,0.76795,0.61538,0.85,0.84,TARGET,2026-07-06 16:29:00,2026-07-06 16:26:00,2026-07-06 16:27:00,5,31,75,1.3,0.8,10,required,closed_all,1.2,2.0
BUY,4162.71,4161.45411,4163.48285,4161.45411,-1.25589,-1.0,0.53,1.37,STOP,2026-07-06 16:31:00,2026-07-06 16:28:00,2026-07-06 16:29:00,5,31,75,1.3,0.8,10,required,closed_all,1.2,2.0
BUY,4162.57,4161.39869,4163.2908,4163.2908,0.7208,0.61538,1.19,0.62,TARGET,2026-07-06 16:49:00,2026-07-06 16:46:00,2026-07-06 16:47:00,5,31,75,1.3,0.8,10,required,closed_all,1.2,2.0
BUY,4162.75,4161.82181,4163.32119,4163.32119,0.57119,0.61538,0.65,0.38,TARGET,2026-07-06 17:31:00,2026-07-06 17:26:00,2026-07-06 17:27:00,5,31,75,1.3,0.8,10,required,closed_all,1.2,2.0
BUY,4162.96,4162.08751,4163.49692,4163.49692,0.53692,0.61538,1.44,0.59,TARGET,2026-07-06 17:33:00,2026-07-06 17:28:00,2026-07-06 17:29:00,5,31,75,1.3,0.8,10,required,closed_all,1.2,2.0
BUY,4163.33,4162.55829,4163.8049,4163.8049,0.4749,0.61538,0.54,0.2,TARGET,2026-07-06 17:50:00,2026-07-06 17:47:00,2026-07-06 17:48:00,5,31,75,1.3,0.8,10,required,closed_all,1.2,2.0
BUY,4136.9,4135.01684,4138.05887,4138.05887,1.15887,0.61538,5.16,0.04,TARGET,2026-07-07 08:18:00,2026-07-07 08:17:00,2026-07-07 08:18:00,5,31,75,1.3,0.8,10,required,closed_all,1.2,2.0
BUY,4170.2,4166.1539,4172.68991,4166.1539,-4.0461,-1.0,2.2,4.81,STOP,2026-07-07 10:24:00,2026-07-07 10:16:00,2026-07-07 10:17:00,5,31,75,1.3,0.8,10,required,closed_all,1.2,2.0
BUY,4127.37,4124.8358,4128.92951,4124.8358,-2.5342,-1.0,0.01,2.66,STOP,2026-07-08 01:25:00,2026-07-08 01:22:00,2026-07-08 01:23:00,5,31,75,1.3,0.8,10,required,closed_all,1.2,2.0
BUY,4126.3,4124.06279,4127.67674,4127.67674,1.37674,0.61538,1.85,1.93,TARGET,2026-07-08 01:32:00,2026-07-08 01:27:00,2026-07-08 01:28:00,5,31,75,1.3,0.8,10,required,closed_all,1.2,2.0
BUY,4127.19,4124.39931,4128.90735,4128.90735,1.71735,0.61538,2.97,0.59,TARGET,2026-07-08 02:38:00,2026-07-08 02:36:00,2026-07-08 02:37:00,5,31,75,1.3,0.8,10,required,closed_all,1.2,2.0
BUY,4128.26,4125.5145,4129.94954,4129.94954,1.68954,0.61538,1.9,1.34,TARGET,2026-07-08 02:38:00,2026-07-08 02:37:00,2026-07-08 02:38:00,5,31,75,1.3,0.8,10,required,closed_all,1.2,2.0
BUY,4128.92,4126.04666,4130.68821,4130.68821,1.76821,0.61538,2.16,0.64,TARGET,2026-07-08 02:42:00,2026-07-08 02:40:00,2026-07-08 02:41:00,5,31,75,1.3,0.8,10,required,closed_all,1.2,2.0
BUY,4129.73,4126.92725,4131.45477,4131.45477,1.72477,0.61538,1.89,1.18,TARGET,2026-07-08 02:43:00,2026-07-08 02:41:00,2026-07-08 02:42:00,5,31,75,1.3,0.8,10,required,closed_all,1.2,2.0
BUY,4130.85,4128.19845,4132.48172,4132.48172,1.63172,0.61538,2.66,0.99,TARGET,2026-07-08 03:24:00,2026-07-08 03:21:00,2026-07-08 03:22:00,5,31,75,1.3,0.8,10,required,closed_all,1.2,2.0
BUY,4173.47,4170.54667,4175.29708,4175.29708,1.82708,0.625,3.28,2.68,TARGET,2026-07-03 04:05:00,2026-07-03 03:52:00,2026-07-03 03:53:00,5,20,99,1.6,1.0,30,required,closed_all,0.8,2.0
BUY,4175.29,4172.52248,4177.0197,4177.0197,1.7297,0.625,2.93,1.62,TARGET,2026-07-03 04:34:00,2026-07-03 04:29:00,2026-07-03 04:30:00,5,20,99,1.6,1.0,30,required,closed_all,0.8,2.0
BUY,4175.91,4173.08551,4177.6753,4177.6753,1.7653,0.625,2.31,0.27,TARGET,2026-07-03 04:34:00,2026-07-03 04:33:00,2026-07-03 04:34:00,5,20,99,1.6,1.0,30,required,closed_all,0.8,2.0
BUY,4179.44,4177.55749,4180.61657,4177.55749,-1.88251,-1.0,0.1,2.02,STOP,2026-07-03 08:07:00,2026-07-03 08:05:00,2026-07-03 08:06:00,5,20,99,1.6,1.0,30,required,closed_all,0.8,2.0
BUY,4189.3,4182.98909,4193.24432,4182.98909,-6.31091,-1.0,3.48,7.81,STOP,2026-07-05 22:22:00,2026-07-05 22:14:00,2026-07-05 22:15:00,5,20,99,1.6,1.0,30,required,closed_all,0.8,2.0
BUY,4191.31,4185.1093,4195.18544,4185.1093,-6.2007,-1.0,1.47,7.09,STOP,2026-07-05 22:18:00,2026-07-05 22:15:00,2026-07-05 22:16:00,5,20,99,1.6,1.0,30,required,closed_all,0.8,2.0
BUY,4189.71,4184.0911,4193.22181,4193.22181,3.51181,0.625,4.67,2.34,TARGET,2026-07-05 22:32:00,2026-07-05 22:29:00,2026-07-05 22:30:00,5,20,99,1.6,1.0,30,required,closed_all,0.8,2.0
BUY,4190.51,4184.91656,4194.0059,4194.0059,3.4959,0.625,3.87,1.33,TARGET,2026-07-05 22:32:00,2026-07-05 22:31:00,2026-07-05 22:32:00,5,20,99,1.6,1.0,30,required,closed_all,0.8,2.0
BUY,4162.96,4161.88617,4163.63115,4163.63115,0.67115,0.625,1.44,0.59,TARGET,2026-07-06 17:33:00,2026-07-06 17:28:00,2026-07-06 17:29:00,5,20,99,1.6,1.0,30,required,closed_all,0.8,2.0
BUY,4130.85,4127.58655,4132.88966,4132.88966,2.03966,0.625,2.66,0.99,TARGET,2026-07-08 03:24:00,2026-07-08 03:21:00,2026-07-08 03:22:00,5,20,99,1.6,1.0,30,required,closed_all,0.8,2.0
BUY,4185.64,4179.83953,4189.26529,4189.26529,3.62529,0.625,4.02,1.32,TARGET,2026-07-05 22:28:00,2026-07-05 22:25:00,2026-07-05 22:26:00,4,34,63,1.6,1.0,20,warning_only,closed_all,1.2,0.8
BUY,4187.16,4181.44928,4190.7292,4190.7292,3.5692,0.625,4.41,2.59,TARGET,2026-07-05 22:30:00,2026-07-05 22:26:00,2026-07-05 22:27:00,4,34,63,1.6,1.0,20,warning_only,closed_all,1.2,0.8
BUY,4155.65,4153.41317,4157.04802,4157.04802,1.39802,0.625,1.72,1.93,TARGET,2026-07-06 09:02:00,2026-07-06 08:59:00,2026-07-06 09:00:00,4,34,63,1.6,1.0,20,warning_only,closed_all,1.2,0.8
BUY,4145.52,4143.11421,4147.02362,4147.02362,1.50362,0.625,2.1,0.37,TARGET,2026-07-06 13:31:00,2026-07-06 13:29:00,2026-07-06 13:30:00,4,34,63,1.6,1.0,20,warning_only,closed_all,1.2,0.8
BUY,4161.96,4160.32887,4162.97946,4162.97946,1.01946,0.625,1.28,0.57,TARGET,2026-07-06 16:29:00,2026-07-06 16:23:00,2026-07-06 16:24:00,4,34,63,1.6,1.0,20,warning_only,closed_all,1.2,0.8
BUY,4108.98,4104.75303,4111.62185,4111.62185,2.64185,0.625,3.24,0.87,TARGET,2026-07-07 23:06:00,2026-07-07 23:05:00,2026-07-07 23:06:00,4,34,63,1.6,1.0,20,warning_only,closed_all,1.2,0.8
BUY,4126.3,4123.54652,4128.02093,4128.02093,1.72093,0.625,1.85,1.93,TARGET,2026-07-08 01:32:00,2026-07-08 01:27:00,2026-07-08 01:28:00,4,34,63,1.6,1.0,20,warning_only,closed_all,1.2,0.8
BUY,4128.26,4124.88093,4130.37192,4130.37192,2.11192,0.625,2.82,1.7,TARGET,2026-07-08 02:42:00,2026-07-08 02:37:00,2026-07-08 02:38:00,4,34,63,1.6,1.0,20,warning_only,closed_all,1.2,0.8
BUY,4128.02,4124.99931,4129.90793,4124.99931,-3.02069,-1.0,1.17,3.48,STOP,2026-07-08 03:02:00,2026-07-08 02:56:00,2026-07-08 02:57:00,4,34,63,1.6,1.0,20,warning_only,closed_all,1.2,0.8
BUY,4078.04,4071.66208,4082.0262,4071.66208,-6.37792,-1.0,2.16,7.75,STOP,2026-07-08 10:42:00,2026-07-08 10:36:00,2026-07-08 10:37:00,4,34,63,1.6,1.0,20,warning_only,closed_all,1.2,0.8
BUY,4178.03,4176.90694,4178.92845,4176.90694,-1.12306,-1.0,0.95,1.36,AMBIGUOUS_STOP_FIRST,2026-07-03 08:04:00,2026-07-03 08:03:00,2026-07-03 08:04:00,3,39,86,1.0,0.8,30,required,closed_all,1.8,0.8
BUY,4185.64,4182.01471,4188.54024,4188.54024,2.90024,0.8,4.02,1.32,TARGET,2026-07-05 22:28:00,2026-07-05 22:25:00,2026-07-05 22:26:00,3,39,86,1.0,0.8,30,required,closed_all,1.8,0.8
BUY,4187.16,4183.5908,4190.01536,4190.01536,2.85536,0.8,4.41,2.59,TARGET,2026-07-05 22:30:00,2026-07-05 22:26:00,2026-07-05 22:27:00,3,39,86,1.0,0.8,30,required,closed_all,1.8,0.8
BUY,4127.19,4125.04332,4128.90735,4128.90735,1.71735,0.8,2.97,0.59,TARGET,2026-07-08 02:38:00,2026-07-08 02:36:00,2026-07-08 02:37:00,3,39,86,1.0,0.8,30,required,closed_all,1.8,0.8
BUY,4128.26,4126.14808,4129.94954,4129.94954,1.68954,0.8,1.9,1.34,TARGET,2026-07-08 02:38:00,2026-07-08 02:37:00,2026-07-08 02:38:00,3,39,86,1.0,0.8,30,required,closed_all,1.8,0.8
BUY,4128.02,4126.13207,4129.53035,4126.13207,-1.88793,-1.0,1.17,3.48,STOP,2026-07-08 03:02:00,2026-07-08 02:56:00,2026-07-08 02:57:00,3,39,86,1.0,0.8,30,required,closed_all,1.8,0.8
BUY,4187.16,4181.44928,4191.79996,4191.79996,4.63996,0.8125,7.22,2.59,TARGET,2026-07-05 22:32:00,2026-07-05 22:26:00,2026-07-05 22:27:00,4,26,67,1.6,1.3,10,warning_only,closed_all,1.2,1.2
BUY,4188.14,4182.42919,4192.78004,4192.78004,4.64004,0.8125,6.24,2.27,TARGET,2026-07-05 22:32:00,2026-07-05 22:27:00,2026-07-05 22:28:00,4,26,67,1.6,1.3,10,warning_only,closed_all,1.2,1.2
BUY,4155.65,4153.41317,4157.46743,4157.46743,1.81743,0.8125,2.6,1.93,TARGET,2026-07-06 09:03:00,2026-07-06 08:59:00,2026-07-06 09:00:00,4,26,67,1.6,1.3,10,warning_only,closed_all,1.2,1.2
BUY,4161.96,4160.32887,4163.28529,4161.74,-0.22,-0.13488,1.28,0.62,TIME_EXIT,2026-07-06 16:33:00,2026-07-06 16:23:00,2026-07-06 16:24:00,4,26,67,1.6,1.3,10,warning_only,closed_all,1.2,1.2
BUY,4162.39,4160.8541,4163.63792,4160.8541,-1.5359,-1.0,0.85,2.28,STOP,2026-07-06 16:35:00,2026-07-06 16:26:00,2026-07-06 16:27:00,4,26,67,1.6,1.3,10,warning_only,closed_all,1.2,1.2
BUY,4130.25,4127.468,4132.51037,4132.51037,2.26037,0.8125,3.52,0.58,TARGET,2026-07-07 07:00:00,2026-07-07 06:55:00,2026-07-07 06:56:00,4,26,67,1.6,1.3,10,warning_only,closed_all,1.2,1.2
BUY,4108.98,4104.75303,4112.41441,4112.41441,3.43441,0.8125,6.37,0.87,TARGET,2026-07-07 23:07:00,2026-07-07 23:05:00,2026-07-07 23:06:00,4,26,67,1.6,1.3,10,warning_only,closed_all,1.2,1.2
BUY,4126.3,4123.54652,4128.53721,4127.2,0.9,0.32686,1.85,1.93,TIME_EXIT,2026-07-08 01:37:00,2026-07-08 01:27:00,2026-07-08 01:28:00,4,26,67,1.6,1.3,10,warning_only,closed_all,1.2,1.2
BUY,4126.21,4123.71647,4128.23599,4128.23599,2.02599,0.8125,4.39,1.52,TARGET,2026-07-08 02:05:00,2026-07-08 01:56:00,2026-07-08 01:57:00,4,26,67,1.6,1.3,10,warning_only,closed_all,1.2,1.2
BUY,4128.76,4125.7227,4131.2278,4125.7227,-3.0373,-1.0,0.21,5.07,STOP,2026-07-08 02:21:00,2026-07-08 02:18:00,2026-07-08 02:19:00,4,26,67,1.6,1.3,10,warning_only,closed_all,1.2,1.2
BUY,4128.92,4125.38358,4131.79334,4125.38358,-3.53642,-1.0,2.7,3.9,STOP,2026-07-08 02:49:00,2026-07-08 02:40:00,2026-07-08 02:41:00,4,26,67,1.6,1.3,10,warning_only,closed_all,1.2,1.2
BUY,4078.04,4071.66208,4083.22206,4071.66208,-6.37792,-1.0,2.16,7.75,STOP,2026-07-08 10:42:00,2026-07-08 10:36:00,2026-07-08 10:37:00,4,26,67,1.6,1.3,10,warning_only,closed_all,1.2,1.2
BUY,4128.89,4125.17725,4132.60275,4132.60275,3.71275,1.0,6.43,2.32,TARGET,2026-07-02 21:13:00,2026-07-02 21:09:00,2026-07-02 21:10:00,8,35,96,1.3,1.3,10,warning_only,closed_all,1.2,2.0
BUY,4134.23,4130.44953,4138.01047,4138.01047,3.78047,1.0,4.27,1.31,TARGET,2026-07-02 21:22:00,2026-07-02 21:17:00,2026-07-02 21:18:00,8,35,96,1.3,1.3,10,warning_only,closed_all,1.2,2.0
BUY,4174.9,4172.41512,4177.38488,4177.38488,2.48488,1.0,3.26,0.44,TARGET,2026-07-03 04:06:00,2026-07-03 04:04:00,2026-07-03 04:05:00,8,35,96,1.3,1.3,10,warning_only,closed_all,1.2,2.0
BUY,4175.29,4173.04139,4177.53861,4177.53861,2.24861,1.0,2.93,1.62,TARGET,2026-07-03 04:34:00,2026-07-03 04:29:00,2026-07-03 04:30:00,8,35,96,1.3,1.3,10,warning_only,closed_all,1.2,2.0
BUY,4175.84,4173.47057,4178.20943,4178.20943,2.36943,1.0,2.38,0.95,TARGET,2026-07-03 04:34:00,2026-07-03 04:32:00,2026-07-03 04:33:00,8,35,96,1.3,1.3,10,warning_only,closed_all,1.2,2.0
BUY,4175.91,4173.6151,4178.2049,4178.2049,2.2949,1.0,2.31,0.27,TARGET,2026-07-03 04:34:00,2026-07-03 04:33:00,2026-07-03 04:34:00,8,35,96,1.3,1.3,10,warning_only,closed_all,1.2,2.0
BUY,4183.57,4181.31751,4185.82249,4181.31751,-2.25249,-1.0,1.7,3.24,STOP,2026-07-03 05:46:00,2026-07-03 05:43:00,2026-07-03 05:44:00,8,35,96,1.3,1.3,10,warning_only,closed_all,1.2,2.0
BUY,4179.44,4177.91046,4180.96954,4177.91046,-1.52954,-1.0,0.1,2.02,STOP,2026-07-03 08:07:00,2026-07-03 08:05:00,2026-07-03 08:06:00,8,35,96,1.3,1.3,10,warning_only,closed_all,1.2,2.0
BUY,4187.79,4182.50396,4193.07604,4182.50396,-5.28604,-1.0,4.99,6.3,STOP,2026-07-05 22:22:00,2026-07-05 22:13:00,2026-07-05 22:14:00,8,35,96,1.3,1.3,10,warning_only,closed_all,1.2,2.0
BUY,4189.3,4184.17239,4194.42761,4184.17239,-5.12761,-1.0,3.48,6.09,STOP,2026-07-05 22:21:00,2026-07-05 22:14:00,2026-07-05 22:15:00,8,35,96,1.3,1.3,10,warning_only,closed_all,1.2,2.0
BUY,4191.31,4186.27193,4196.34807,4186.27193,-5.03807,-1.0,1.47,5.52,STOP,2026-07-05 22:17:00,2026-07-05 22:15:00,2026-07-05 22:16:00,8,35,96,1.3,1.3,10,warning_only,closed_all,1.2,2.0
BUY,4188.85,4183.88722,4193.81278,4183.88722,-4.96278,-1.0,1.62,5.64,STOP,2026-07-05 22:21:00,2026-07-05 22:19:00,2026-07-05 22:20:00,8,35,96,1.3,1.3,10,warning_only,closed_all,1.2,2.0
BUY,4185.64,4180.92712,4190.35288,4190.35288,4.71288,1.0,5.93,1.32,TARGET,2026-07-05 22:30:00,2026-07-05 22:25:00,2026-07-05 22:26:00,8,35,96,1.3,1.3,10,warning_only,closed_all,1.2,2.0
BUY,4187.16,4182.52004,4191.79996,4191.79996,4.63996,1.0,7.22,2.59,TARGET,2026-07-05 22:32:00,2026-07-05 22:26:00,2026-07-05 22:27:00,8,35,96,1.3,1.3,10,warning_only,closed_all,1.2,2.0
BUY,4188.14,4183.49996,4192.78004,4192.78004,4.64004,1.0,6.24,2.27,TARGET,2026-07-05 22:32:00,2026-07-05 22:27:00,2026-07-05 22:28:00,8,35,96,1.3,1.3,10,warning_only,closed_all,1.2,2.0
BUY,4189.71,4185.14465,4194.27535,4194.27535,4.56535,1.0,4.67,2.34,TARGET,2026-07-05 22:32:00,2026-07-05 22:29:00,2026-07-05 22:30:00,8,35,96,1.3,1.3,10,warning_only,closed_all,1.2,2.0
BUY,4190.51,4185.96533,4195.05467,4195.05467,4.54467,1.0,7.26,1.33,TARGET,2026-07-05 22:34:00,2026-07-05 22:31:00,2026-07-05 22:32:00,8,35,96,1.3,1.3,10,warning_only,closed_all,1.2,2.0
BUY,4156.92,4154.96432,4158.87568,4154.96432,-1.95568,-1.0,1.31,2.28,STOP,2026-07-06 09:10:00,2026-07-06 09:05:00,2026-07-06 09:06:00,8,35,96,1.3,1.3,10,warning_only,closed_all,1.2,2.0
BUY,4162.39,4161.14208,4163.63792,4161.14208,-1.24792,-1.0,0.85,2.28,STOP,2026-07-06 16:35:00,2026-07-06 16:26:00,2026-07-06 16:27:00,8,35,96,1.3,1.3,10,warning_only,closed_all,1.2,2.0
BUY,4162.75,4161.82181,4163.67819,4163.67819,0.92819,1.0,1.65,0.38,TARGET,2026-07-06 17:33:00,2026-07-06 17:26:00,2026-07-06 17:27:00,8,35,96,1.3,1.3,10,warning_only,closed_all,1.2,2.0
BUY,4162.96,4162.08751,4163.83249,4163.83249,0.87249,1.0,1.44,0.59,TARGET,2026-07-06 17:33:00,2026-07-06 17:28:00,2026-07-06 17:29:00,8,35,96,1.3,1.3,10,warning_only,closed_all,1.2,2.0
BUY,4133.13,4131.09613,4135.16387,4133.43,0.3,0.1475,1.84,1.2,TIME_EXIT,2026-07-07 07:16:00,2026-07-07 07:06:00,2026-07-07 07:07:00,8,35,96,1.3,1.3,10,warning_only,closed_all,1.2,2.0
BUY,4146.33,4144.57417,4148.08583,4144.57417,-1.75583,-1.0,1.33,2.93,STOP,2026-07-07 14:50:00,2026-07-07 14:40:00,2026-07-07 14:41:00,8,35,96,1.3,1.3,10,warning_only,closed_all,1.2,2.0
BUY,4108.98,4105.54559,4112.41441,4112.41441,3.43441,1.0,6.37,0.87,TARGET,2026-07-07 23:07:00,2026-07-07 23:05:00,2026-07-07 23:06:00,8,35,96,1.3,1.3,10,warning_only,closed_all,1.2,2.0
BUY,4126.3,4124.06279,4128.53721,4127.2,0.9,0.40229,1.85,1.93,TIME_EXIT,2026-07-08 01:37:00,2026-07-08 01:27:00,2026-07-08 01:28:00,8,35,96,1.3,1.3,10,warning_only,closed_all,1.2,2.0
BUY,4126.29,4124.1744,4128.4056,4125.42,-0.87,-0.41123,1.86,1.92,TIME_EXIT,2026-07-08 01:39:00,2026-07-08 01:29:00,2026-07-08 01:30:00,8,35,96,1.3,1.3,10,warning_only,closed_all,1.2,2.0
BUY,4127.94,4125.93693,4129.94307,4129.94307,2.00307,1.0,2.66,0.18,TARGET,2026-07-08 02:05:00,2026-07-08 02:04:00,2026-07-08 02:05:00,8,35,96,1.3,1.3,10,warning_only,closed_all,1.2,2.0
BUY,4128.76,4126.2922,4131.2278,4126.2922,-2.4678,-1.0,0.21,5.07,STOP,2026-07-08 02:21:00,2026-07-08 02:18:00,2026-07-08 02:19:00,8,35,96,1.3,1.3,10,warning_only,closed_all,1.2,2.0
BUY,4127.19,4124.39931,4129.98069,4129.98069,2.79069,1.0,2.97,0.59,TARGET,2026-07-08 02:38:00,2026-07-08 02:36:00,2026-07-08 02:37:00,8,35,96,1.3,1.3,10,warning_only,closed_all,1.2,2.0
BUY,4128.26,4125.5145,4131.0055,4131.0055,2.7455,1.0,2.82,1.7,TARGET,2026-07-08 02:42:00,2026-07-08 02:37:00,2026-07-08 02:38:00,8,35,96,1.3,1.3,10,warning_only,closed_all,1.2,2.0
BUY,4128.92,4126.04666,4131.79334,4126.04666,-2.87334,-1.0,2.7,3.37,STOP,2026-07-08 02:48:00,2026-07-08 02:40:00,2026-07-08 02:41:00,8,35,96,1.3,1.3,10,warning_only,closed_all,1.2,2.0
BUY,4129.73,4126.92725,4132.53275,4126.92725,-2.80275,-1.0,1.89,4.18,STOP,2026-07-08 02:48:00,2026-07-08 02:41:00,2026-07-08 02:42:00,8,35,96,1.3,1.3,10,warning_only,closed_all,1.2,2.0
BUY,4130.85,4128.19845,4133.50155,4133.50155,2.65155,1.0,2.66,0.99,TARGET,2026-07-08 03:24:00,2026-07-08 03:21:00,2026-07-08 03:22:00,8,35,96,1.3,1.3,10,warning_only,closed_all,1.2,2.0
BUY,4078.04,4072.85794,4083.22206,4072.85794,-5.18206,-1.0,2.16,7.75,STOP,2026-07-08 10:42:00,2026-07-08 10:36:00,2026-07-08 10:37:00,8,35,96,1.3,1.3,10,warning_only,closed_all,1.2,2.0
BUY,4185.64,4180.92712,4189.26529,4189.26529,3.62529,0.76923,4.02,1.32,TARGET,2026-07-05 22:28:00,2026-07-05 22:25:00,2026-07-05 22:26:00,7,32,77,1.3,1.0,15,required,closed_all,0.8,0.8
BUY,4187.16,4182.52004,4190.7292,4190.7292,3.5692,0.76923,4.41,2.59,TARGET,2026-07-05 22:30:00,2026-07-05 22:26:00,2026-07-05 22:27:00,7,32,77,1.3,1.0,15,required,closed_all,0.8,0.8
BUY,4127.19,4124.39931,4129.33668,4129.33668,2.14668,0.76923,2.97,0.59,TARGET,2026-07-08 02:38:00,2026-07-08 02:36:00,2026-07-08 02:37:00,7,32,77,1.3,1.0,15,required,closed_all,0.8,0.8
BUY,4128.26,4125.5145,4130.37192,4130.37192,2.11192,0.76923,2.82,1.7,TARGET,2026-07-08 02:42:00,2026-07-08 02:37:00,2026-07-08 02:38:00,7,32,77,1.3,1.0,15,required,closed_all,0.8,0.8
BUY,4128.26,4124.88093,4131.0055,4131.0055,2.7455,0.8125,2.82,1.7,TARGET,2026-07-08 02:42:00,2026-07-08 02:37:00,2026-07-08 02:38:00,5,20,80,1.6,1.3,15,required,closed_all,1.2,0.8
BUY,4185.64,4182.01471,4190.35288,4190.35288,4.71288,1.3,5.93,1.32,TARGET,2026-07-05 22:30:00,2026-07-05 22:25:00,2026-07-05 22:26:00,3,32,97,1.0,1.3,10,warning_only,closed_all,1.2,0.8
BUY,4187.16,4183.5908,4191.79996,4191.79996,4.63996,1.3,7.22,2.59,TARGET,2026-07-05 22:32:00,2026-07-05 22:26:00,2026-07-05 22:27:00,3,32,97,1.0,1.3,10,warning_only,closed_all,1.2,0.8
BUY,4108.98,4106.33815,4112.41441,4112.41441,3.43441,1.3,6.37,0.87,TARGET,2026-07-07 23:07:00,2026-07-07 23:05:00,2026-07-07 23:06:00,3,32,97,1.0,1.3,10,warning_only,closed_all,1.2,0.8
BUY,4127.19,4125.04332,4129.98069,4129.98069,2.79069,1.3,2.97,0.59,TARGET,2026-07-08 02:38:00,2026-07-08 02:36:00,2026-07-08 02:37:00,3,32,97,1.0,1.3,10,warning_only,closed_all,1.2,0.8
BUY,4128.26,4126.14808,4131.0055,4131.0055,2.7455,1.3,2.82,1.7,TARGET,2026-07-08 02:42:00,2026-07-08 02:37:00,2026-07-08 02:38:00,3,32,97,1.0,1.3,10,warning_only,closed_all,1.2,0.8
BUY,4128.02,4126.13207,4130.47431,4126.13207,-1.88793,-1.0,1.17,3.48,STOP,2026-07-08 03:02:00,2026-07-08 02:56:00,2026-07-08 02:57:00,3,32,97,1.0,1.3,10,warning_only,closed_all,1.2,0.8
BUY,4178.03,4176.90694,4179.48998,4176.90694,-1.12306,-1.0,0.95,1.36,STOP,2026-07-03 08:04:00,2026-07-03 08:03:00,2026-07-03 08:04:00,3,31,89,1.0,1.3,10,required,closed_all,1.8,0.8
BUY,4185.64,4182.01471,4190.35288,4190.35288,4.71288,1.3,5.93,1.32,TARGET,2026-07-05 22:30:00,2026-07-05 22:25:00,2026-07-05 22:26:00,3,31,89,1.0,1.3,10,required,closed_all,1.8,0.8
BUY,4187.16,4183.5908,4191.79996,4191.79996,4.63996,1.3,7.22,2.59,TARGET,2026-07-05 22:32:00,2026-07-05 22:26:00,2026-07-05 22:27:00,3,31,89,1.0,1.3,10,required,closed_all,1.8,0.8
BUY,4127.19,4125.04332,4129.98069,4129.98069,2.79069,1.3,2.97,0.59,TARGET,2026-07-08 02:38:00,2026-07-08 02:36:00,2026-07-08 02:37:00,3,31,89,1.0,1.3,10,required,closed_all,1.8,0.8
BUY,4128.26,4126.14808,4131.0055,4131.0055,2.7455,1.3,2.82,1.7,TARGET,2026-07-08 02:42:00,2026-07-08 02:37:00,2026-07-08 02:38:00,3,31,89,1.0,1.3,10,required,closed_all,1.8,0.8
BUY,4128.02,4126.13207,4130.47431,4126.13207,-1.88793,-1.0,1.17,3.48,STOP,2026-07-08 03:02:00,2026-07-08 02:56:00,2026-07-08 02:57:00,3,31,89,1.0,1.3,10,required,closed_all,1.8,0.8
BUY,4180.51,4179.19864,4182.21477,4179.19864,-1.31136,-1.0,0.56,2.08,STOP,2026-07-03 02:09:00,2026-07-03 02:06:00,2026-07-03 02:07:00,5,25,100,1.0,1.3,30,required,closed_all,1.8,2.0
BUY,4174.16,4172.38318,4176.46987,4172.38318,-1.77682,-1.0,0.02,2.71,STOP,2026-07-03 04:00:00,2026-07-03 03:58:00,2026-07-03 03:59:00,5,25,100,1.0,1.3,30,required,closed_all,1.8,2.0
BUY,4173.66,4171.73767,4176.15903,4176.15903,2.49903,1.3,3.09,0.53,TARGET,2026-07-03 04:05:00,2026-07-03 04:03:00,2026-07-03 04:04:00,5,25,100,1.0,1.3,30,required,closed_all,1.8,2.0
BUY,4174.9,4172.98855,4177.38488,4177.38488,2.48488,1.3,3.26,0.44,TARGET,2026-07-03 04:06:00,2026-07-03 04:04:00,2026-07-03 04:05:00,5,25,100,1.0,1.3,30,required,closed_all,1.8,2.0
BUY,4175.29,4173.5603,4177.53861,4177.53861,2.24861,1.3,2.93,1.62,TARGET,2026-07-03 04:34:00,2026-07-03 04:29:00,2026-07-03 04:30:00,5,25,100,1.0,1.3,30,required,closed_all,1.8,2.0
BUY,4175.84,4174.01736,4178.20943,4178.20943,2.36943,1.3,2.38,0.95,TARGET,2026-07-03 04:34:00,2026-07-03 04:32:00,2026-07-03 04:33:00,5,25,100,1.0,1.3,30,required,closed_all,1.8,2.0
BUY,4175.91,4174.1447,4178.2049,4178.2049,2.2949,1.3,2.31,0.27,TARGET,2026-07-03 04:34:00,2026-07-03 04:33:00,2026-07-03 04:34:00,5,25,100,1.0,1.3,30,required,closed_all,1.8,2.0
BUY,4179.44,4178.26343,4180.96954,4178.26343,-1.17657,-1.0,0.1,1.47,STOP,2026-07-03 08:06:00,2026-07-03 08:05:00,2026-07-03 08:06:00,5,25,100,1.0,1.3,30,required,closed_all,1.8,2.0
BUY,4191.06,4186.95522,4196.39622,4186.95522,-4.10478,-1.0,1.75,4.17,STOP,2026-07-05 22:04:00,2026-07-05 22:03:00,2026-07-05 22:04:00,5,25,100,1.0,1.3,30,required,closed_all,1.8,2.0
BUY,4187.79,4183.72381,4193.07604,4183.72381,-4.06619,-1.0,4.99,4.58,STOP,2026-07-05 22:21:00,2026-07-05 22:13:00,2026-07-05 22:14:00,5,25,100,1.0,1.3,30,required,closed_all,1.8,2.0
BUY,4189.3,4185.35568,4194.42761,4185.35568,-3.94432,-1.0,3.48,5.08,STOP,2026-07-05 22:18:00,2026-07-05 22:14:00,2026-07-05 22:15:00,5,25,100,1.0,1.3,30,required,closed_all,1.8,2.0
BUY,4191.31,4187.43456,4196.34807,4187.43456,-3.87544,-1.0,1.47,5.52,STOP,2026-07-05 22:17:00,2026-07-05 22:15:00,2026-07-05 22:16:00,5,25,100,1.0,1.3,30,required,closed_all,1.8,2.0
BUY,4188.85,4185.03247,4193.81278,4185.03247,-3.81753,-1.0,1.62,5.64,STOP,2026-07-05 22:21:00,2026-07-05 22:19:00,2026-07-05 22:20:00,5,25,100,1.0,1.3,30,required,closed_all,1.8,2.0
BUY,4187.16,4183.5908,4191.79996,4191.79996,4.63996,1.3,7.22,2.59,TARGET,2026-07-05 22:32:00,2026-07-05 22:26:00,2026-07-05 22:27:00,5,25,100,1.0,1.3,30,required,closed_all,1.8,2.0
BUY,4188.14,4184.57074,4192.78004,4192.78004,4.64004,1.3,6.24,2.27,TARGET,2026-07-05 22:32:00,2026-07-05 22:27:00,2026-07-05 22:28:00,5,25,100,1.0,1.3,30,required,closed_all,1.8,2.0
BUY,4189.71,4186.19819,4194.27535,4194.27535,4.56535,1.3,4.67,2.34,TARGET,2026-07-05 22:32:00,2026-07-05 22:29:00,2026-07-05 22:30:00,5,25,100,1.0,1.3,30,required,closed_all,1.8,2.0
BUY,4190.51,4187.0141,4195.05467,4195.05467,4.54467,1.3,7.26,1.33,TARGET,2026-07-05 22:34:00,2026-07-05 22:31:00,2026-07-05 22:32:00,5,25,100,1.0,1.3,30,required,closed_all,1.8,2.0
BUY,4161.96,4160.94054,4163.28529,4160.94054,-1.01946,-1.0,1.28,1.85,STOP,2026-07-06 16:35:00,2026-07-06 16:23:00,2026-07-06 16:24:00,5,25,100,1.0,1.3,30,required,closed_all,1.8,2.0
BUY,4162.39,4161.43006,4163.63792,4161.43006,-0.95994,-1.0,0.85,1.05,STOP,2026-07-06 16:31:00,2026-07-06 16:26:00,2026-07-06 16:27:00,5,25,100,1.0,1.3,30,required,closed_all,1.8,2.0
BUY,4162.43,4161.5043,4163.63341,4163.63341,1.20341,1.3,1.33,0.48,TARGET,2026-07-06 16:49:00,2026-07-06 16:45:00,2026-07-06 16:46:00,5,25,100,1.0,1.3,30,required,closed_all,1.8,2.0
BUY,4162.82,4161.66122,4164.32642,4164.32642,1.50642,1.3,1.68,0.81,TARGET,2026-07-06 17:00:00,2026-07-06 16:58:00,2026-07-06 16:59:00,5,25,100,1.0,1.3,30,required,closed_all,1.8,2.0
BUY,4162.7,4161.9757,4163.64159,4163.64159,0.94159,1.3,1.7,0.53,TARGET,2026-07-06 17:33:00,2026-07-06 17:25:00,2026-07-06 17:26:00,5,25,100,1.0,1.3,30,required,closed_all,1.8,2.0
BUY,4162.75,4162.03601,4163.67819,4163.67819,0.92819,1.3,1.65,0.38,TARGET,2026-07-06 17:33:00,2026-07-06 17:26:00,2026-07-06 17:27:00,5,25,100,1.0,1.3,30,required,closed_all,1.8,2.0
BUY,4162.96,4162.28885,4163.83249,4163.83249,0.87249,1.3,1.44,0.59,TARGET,2026-07-06 17:33:00,2026-07-06 17:28:00,2026-07-06 17:29:00,5,25,100,1.0,1.3,30,required,closed_all,1.8,2.0
BUY,4136.65,4135.21076,4138.52102,4138.52102,1.87102,1.3,5.41,1.32,TARGET,2026-07-07 08:18:00,2026-07-07 08:16:00,2026-07-07 08:17:00,5,25,100,1.0,1.3,30,required,closed_all,1.8,2.0
BUY,4130.36,4128.2625,4133.08675,4133.08675,2.72675,1.3,3.15,1.73,TARGET,2026-07-08 03:24:00,2026-07-08 03:13:00,2026-07-08 03:14:00,5,25,100,1.0,1.3,30,required,closed_all,1.8,2.0
BUY,4130.85,4128.81034,4133.50155,4133.50155,2.65155,1.3,2.66,0.99,TARGET,2026-07-08 03:24:00,2026-07-08 03:21:00,2026-07-08 03:22:00,5,25,100,1.0,1.3,30,required,closed_all,1.8,2.0
BUY,4185.64,4179.83953,4189.26529,4189.26529,3.62529,0.625,4.02,1.32,TARGET,2026-07-05 22:28:00,2026-07-05 22:25:00,2026-07-05 22:26:00,3,32,68,1.6,1.0,10,warning_only,closed_all,0.8,0.8
BUY,4187.16,4181.44928,4190.7292,4190.7292,3.5692,0.625,4.41,2.59,TARGET,2026-07-05 22:30:00,2026-07-05 22:26:00,2026-07-05 22:27:00,3,32,68,1.6,1.0,10,warning_only,closed_all,0.8,0.8
BUY,4108.98,4104.75303,4111.62185,4111.62185,2.64185,0.625,3.24,0.87,TARGET,2026-07-07 23:06:00,2026-07-07 23:05:00,2026-07-07 23:06:00,3,32,68,1.6,1.0,10,warning_only,closed_all,0.8,0.8
BUY,4128.26,4124.88093,4130.37192,4130.37192,2.11192,0.625,2.82,1.7,TARGET,2026-07-08 02:42:00,2026-07-08 02:37:00,2026-07-08 02:38:00,3,32,68,1.6,1.0,10,warning_only,closed_all,0.8,0.8
BUY,4128.02,4124.99931,4129.90793,4124.99931,-3.02069,-1.0,1.17,3.48,STOP,2026-07-08 03:02:00,2026-07-08 02:56:00,2026-07-08 02:57:00,3,32,68,1.6,1.0,10,warning_only,closed_all,0.8,0.8
BUY,4187.79,4181.2841,4191.85619,4191.85619,4.06619,0.625,4.99,0.85,TARGET,2026-07-05 22:16:00,2026-07-05 22:13:00,2026-07-05 22:14:00,5,23,73,1.6,1.0,20,required,closed_all,1.2,1.2
BUY,4188.14,4182.42919,4191.70926,4191.70926,3.56926,0.625,6.24,2.27,TARGET,2026-07-05 22:32:00,2026-07-05 22:27:00,2026-07-05 22:28:00,5,23,73,1.6,1.0,20,required,closed_all,1.2,1.2
BUY,4161.96,4160.32887,4162.97946,4162.97946,1.01946,0.625,1.28,0.57,TARGET,2026-07-06 16:29:00,2026-07-06 16:23:00,2026-07-06 16:24:00,5,23,73,1.6,1.0,20,required,closed_all,1.2,1.2
BUY,4162.39,4160.8541,4163.34994,4160.8541,-1.5359,-1.0,0.85,2.28,STOP,2026-07-06 16:35:00,2026-07-06 16:26:00,2026-07-06 16:27:00,5,23,73,1.6,1.0,20,required,closed_all,1.2,1.2
BUY,4126.3,4123.54652,4128.02093,4128.02093,1.72093,0.625,1.85,1.93,TARGET,2026-07-08 01:32:00,2026-07-08 01:27:00,2026-07-08 01:28:00,5,23,73,1.6,1.0,20,required,closed_all,1.2,1.2
BUY,4128.26,4124.88093,4130.37192,4130.37192,2.11192,0.625,2.82,1.7,TARGET,2026-07-08 02:42:00,2026-07-08 02:37:00,2026-07-08 02:38:00,5,23,73,1.6,1.0,20,required,closed_all,1.2,1.2
BUY,4128.92,4125.38358,4131.13026,4131.13026,2.21026,0.625,2.7,0.64,TARGET,2026-07-08 02:43:00,2026-07-08 02:40:00,2026-07-08 02:41:00,5,23,73,1.6,1.0,20,required,closed_all,1.2,1.2
BUY,4185.64,4180.92712,4189.26529,4189.26529,3.62529,0.76923,4.02,1.32,TARGET,2026-07-05 22:28:00,2026-07-05 22:25:00,2026-07-05 22:26:00,8,22,61,1.3,1.0,5,warning_only,closed_all,0.8,0.8
BUY,4187.16,4182.52004,4190.7292,4190.7292,3.5692,0.76923,4.41,2.59,TARGET,2026-07-05 22:30:00,2026-07-05 22:26:00,2026-07-05 22:27:00,8,22,61,1.3,1.0,5,warning_only,closed_all,0.8,0.8
BUY,4108.98,4105.54559,4111.62185,4111.62185,2.64185,0.76923,3.24,0.87,TARGET,2026-07-07 23:06:00,2026-07-07 23:05:00,2026-07-07 23:06:00,8,22,61,1.3,1.0,5,warning_only,closed_all,0.8,0.8
BUY,4126.3,4124.06279,4128.02093,4128.02093,1.72093,0.76923,1.85,1.93,TARGET,2026-07-08 01:32:00,2026-07-08 01:27:00,2026-07-08 01:28:00,8,22,61,1.3,1.0,5,warning_only,closed_all,0.8,0.8
BUY,4126.29,4124.1744,4127.91738,4127.91738,1.62738,0.76923,1.86,1.92,TARGET,2026-07-08 01:32:00,2026-07-08 01:29:00,2026-07-08 01:30:00,8,22,61,1.3,1.0,5,warning_only,closed_all,0.8,0.8
BUY,4128.6,4126.31989,4130.42409,4130.42409,1.82409,0.8,2.11,0.49,TARGET,2026-07-02 20:55:00,2026-07-02 20:54:00,2026-07-02 20:55:00,5,21,78,1.0,0.8,15,required,closed_all,1.8,2.0
BUY,4131.32,4128.51143,4133.56686,4128.51143,-2.80857,-1.0,1.38,2.84,STOP,2026-07-02 21:05:00,2026-07-02 21:03:00,2026-07-02 21:04:00,5,21,78,1.0,0.8,15,required,closed_all,1.8,2.0
BUY,4134.23,4131.32194,4136.55645,4136.55645,2.32645,0.8,2.45,1.31,TARGET,2026-07-02 21:20:00,2026-07-02 21:17:00,2026-07-02 21:18:00,5,21,78,1.0,0.8,15,required,closed_all,1.8,2.0
BUY,4135.16,4132.29966,4137.44827,4137.44827,2.28827,0.8,2.61,1.83,TARGET,2026-07-02 21:21:00,2026-07-02 21:18:00,2026-07-02 21:19:00,5,21,78,1.0,0.8,15,required,closed_all,1.8,2.0
BUY,4183.17,4181.38846,4184.59523,4181.38846,-1.78154,-1.0,0.61,1.8,STOP,2026-07-03 00:16:00,2026-07-03 00:13:00,2026-07-03 00:14:00,5,21,78,1.0,0.8,15,required,closed_all,1.8,2.0
BUY,4183.04,4181.4913,4184.27896,4181.4913,-1.5487,-1.0,0.02,1.65,STOP,2026-07-03 00:34:00,2026-07-03 00:33:00,2026-07-03 00:34:00,5,21,78,1.0,0.8,15,required,closed_all,1.8,2.0
BUY,4180.51,4179.19864,4181.55909,4179.19864,-1.31136,-1.0,0.56,2.08,STOP,2026-07-03 02:09:00,2026-07-03 02:06:00,2026-07-03 02:07:00,5,21,78,1.0,0.8,15,required,closed_all,1.8,2.0
BUY,4173.66,4171.76221,4175.17824,4171.76221,-1.89779,-1.0,0.14,2.27,STOP,2026-07-03 03:51:00,2026-07-03 03:49:00,2026-07-03 03:50:00,5,21,78,1.0,0.8,15,required,closed_all,1.8,2.0
BUY,4173.47,4171.64292,4174.93167,4171.64292,-1.82708,-1.0,0.91,2.68,STOP,2026-07-03 03:56:00,2026-07-03 03:52:00,2026-07-03 03:53:00,5,21,78,1.0,0.8,15,required,closed_all,1.8,2.0
BUY,4174.16,4172.38318,4175.58146,4172.38318,-1.77682,-1.0,0.02,2.71,STOP,2026-07-03 04:00:00,2026-07-03 03:58:00,2026-07-03 03:59:00,5,21,78,1.0,0.8,15,required,closed_all,1.8,2.0
BUY,4173.66,4171.73767,4175.19786,4175.19786,1.53786,0.8,3.09,0.53,TARGET,2026-07-03 04:05:00,2026-07-03 04:03:00,2026-07-03 04:04:00,5,21,78,1.0,0.8,15,required,closed_all,1.8,2.0
BUY,4174.9,4172.98855,4176.42916,4176.42916,1.52916,0.8,1.85,0.44,TARGET,2026-07-03 04:05:00,2026-07-03 04:04:00,2026-07-03 04:05:00,5,21,78,1.0,0.8,15,required,closed_all,1.8,2.0
BUY,4175.29,4173.5603,4176.67376,4176.67376,1.38376,0.8,1.72,0.34,TARGET,2026-07-03 04:30:00,2026-07-03 04:29:00,2026-07-03 04:30:00,5,21,78,1.0,0.8,15,required,closed_all,1.8,2.0
BUY,4175.84,4174.01736,4177.29811,4177.29811,1.45811,0.8,2.38,0.95,TARGET,2026-07-03 04:34:00,2026-07-03 04:32:00,2026-07-03 04:33:00,5,21,78,1.0,0.8,15,required,closed_all,1.8,2.0
BUY,4175.91,4174.1447,4177.32224,4177.32224,1.41224,0.8,2.31,0.27,TARGET,2026-07-03 04:34:00,2026-07-03 04:33:00,2026-07-03 04:34:00,5,21,78,1.0,0.8,15,required,closed_all,1.8,2.0
BUY,4179.44,4178.26343,4180.38126,4178.26343,-1.17657,-1.0,0.1,1.47,STOP,2026-07-03 08:06:00,2026-07-03 08:05:00,2026-07-03 08:06:00,5,21,78,1.0,0.8,15,required,closed_all,1.8,2.0
BUY,4188.13,4185.65277,4190.11178,4185.65277,-2.47723,-1.0,0.69,3.0,STOP,2026-07-05 21:48:00,2026-07-05 21:45:00,2026-07-05 21:46:00,5,21,78,1.0,0.8,15,required,closed_all,1.8,2.0
BUY,4191.06,4186.95522,4194.34383,4186.95522,-4.10478,-1.0,1.75,4.17,STOP,2026-07-05 22:04:00,2026-07-05 22:03:00,2026-07-05 22:04:00,5,21,78,1.0,0.8,15,required,closed_all,1.8,2.0
BUY,4187.79,4183.72381,4191.04295,4191.04295,3.25295,0.8,3.52,0.85,TARGET,2026-07-05 22:15:00,2026-07-05 22:13:00,2026-07-05 22:14:00,5,21,78,1.0,0.8,15,required,closed_all,1.8,2.0
BUY,4189.3,4185.35568,4192.45545,4192.45545,3.15545,0.8,3.48,0.97,TARGET,2026-07-05 22:16:00,2026-07-05 22:14:00,2026-07-05 22:15:00,5,21,78,1.0,0.8,15,required,closed_all,1.8,2.0
BUY,4191.31,4187.43456,4194.41035,4187.43456,-3.87544,-1.0,1.47,5.52,STOP,2026-07-05 22:17:00,2026-07-05 22:15:00,2026-07-05 22:16:00,5,21,78,1.0,0.8,15,required,closed_all,1.8,2.0
BUY,4188.85,4185.03247,4191.90402,4185.03247,-3.81753,-1.0,1.62,5.64,STOP,2026-07-05 22:21:00,2026-07-05 22:19:00,2026-07-05 22:20:00,5,21,78,1.0,0.8,15,required,closed_all,1.8,2.0
BUY,4188.14,4184.57074,4190.99541,4190.99541,2.85541,0.8,3.43,2.27,TARGET,2026-07-05 22:30:00,2026-07-05 22:27:00,2026-07-05 22:28:00,5,21,78,1.0,0.8,15,required,closed_all,1.8,2.0
BUY,4189.71,4186.19819,4192.51945,4192.51945,2.80945,0.8,4.67,2.34,TARGET,2026-07-05 22:32:00,2026-07-05 22:29:00,2026-07-05 22:30:00,5,21,78,1.0,0.8,15,required,closed_all,1.8,2.0
BUY,4190.51,4187.0141,4193.30672,4193.30672,2.79672,0.8,3.87,1.33,TARGET,2026-07-05 22:32:00,2026-07-05 22:31:00,2026-07-05 22:32:00,5,21,78,1.0,0.8,15,required,closed_all,1.8,2.0
BUY,4161.96,4160.94054,4162.77557,4162.77557,0.81557,0.8,1.28,0.57,TARGET,2026-07-06 16:29:00,2026-07-06 16:23:00,2026-07-06 16:24:00,5,21,78,1.0,0.8,15,required,closed_all,1.8,2.0
BUY,4162.39,4161.43006,4163.15795,4163.15795,0.76795,0.8,0.85,0.84,TARGET,2026-07-06 16:29:00,2026-07-06 16:26:00,2026-07-06 16:27:00,5,21,78,1.0,0.8,15,required,closed_all,1.8,2.0
BUY,4162.71,4161.74393,4163.48285,4161.74393,-0.96607,-1.0,0.53,1.14,STOP,2026-07-06 16:30:00,2026-07-06 16:28:00,2026-07-06 16:29:00,5,21,78,1.0,0.8,15,required,closed_all,1.8,2.0
BUY,4162.71,4161.69776,4163.51979,4161.69776,-1.01224,-1.0,0.08,1.12,STOP,2026-07-06 16:33:00,2026-07-06 16:31:00,2026-07-06 16:32:00,5,21,78,1.0,0.8,15,required,closed_all,1.8,2.0
BUY,4162.57,4161.669,4163.2908,4163.2908,0.7208,0.8,1.19,0.62,TARGET,2026-07-06 16:49:00,2026-07-06 16:46:00,2026-07-06 16:47:00,5,21,78,1.0,0.8,15,required,closed_all,1.8,2.0
BUY,4162.82,4161.66122,4163.74703,4163.74703,0.92703,0.8,0.98,0.81,TARGET,2026-07-06 16:59:00,2026-07-06 16:58:00,2026-07-06 16:59:00,5,21,78,1.0,0.8,15,required,closed_all,1.8,2.0
BUY,4163.8,4162.59613,4164.7631,4162.59613,-1.20387,-1.0,0.7,1.45,STOP,2026-07-06 17:03:00,2026-07-06 16:59:00,2026-07-06 17:00:00,5,21,78,1.0,0.8,15,required,closed_all,1.8,2.0
BUY,4162.75,4162.03601,4163.32119,4163.32119,0.57119,0.8,0.65,0.38,TARGET,2026-07-06 17:31:00,2026-07-06 17:26:00,2026-07-06 17:27:00,5,21,78,1.0,0.8,15,required,closed_all,1.8,2.0
BUY,4162.96,4162.28885,4163.49692,4163.49692,0.53692,0.8,1.44,0.59,TARGET,2026-07-06 17:33:00,2026-07-06 17:28:00,2026-07-06 17:29:00,5,21,78,1.0,0.8,15,required,closed_all,1.8,2.0
BUY,4163.33,4162.73637,4163.8049,4163.8049,0.4749,0.8,0.54,0.2,TARGET,2026-07-06 17:50:00,2026-07-06 17:47:00,2026-07-06 17:48:00,5,21,78,1.0,0.8,15,required,closed_all,1.8,2.0
BUY,4136.65,4135.21076,4137.8014,4137.8014,1.1514,0.8,5.41,1.32,TARGET,2026-07-07 08:18:00,2026-07-07 08:16:00,2026-07-07 08:17:00,5,21,78,1.0,0.8,15,required,closed_all,1.8,2.0
BUY,4170.2,4167.08761,4172.68991,4167.08761,-3.11239,-1.0,2.2,4.81,STOP,2026-07-07 10:24:00,2026-07-07 10:16:00,2026-07-07 10:17:00,5,21,78,1.0,0.8,15,required,closed_all,1.8,2.0
BUY,4128.26,4126.14808,4129.94954,4129.94954,1.68954,0.8,1.9,1.34,TARGET,2026-07-08 02:38:00,2026-07-08 02:37:00,2026-07-08 02:38:00,5,21,78,1.0,0.8,15,required,closed_all,1.8,2.0
BUY,4128.92,4126.70974,4130.68821,4130.68821,1.76821,0.8,2.16,0.64,TARGET,2026-07-08 02:42:00,2026-07-08 02:40:00,2026-07-08 02:41:00,5,21,78,1.0,0.8,15,required,closed_all,1.8,2.0
BUY,4129.73,4127.57404,4131.45477,4131.45477,1.72477,0.8,1.89,1.18,TARGET,2026-07-08 02:43:00,2026-07-08 02:41:00,2026-07-08 02:42:00,5,21,78,1.0,0.8,15,required,closed_all,1.8,2.0
BUY,4130.85,4128.81034,4132.48172,4132.48172,1.63172,0.8,2.66,0.99,TARGET,2026-07-08 03:24:00,2026-07-08 03:21:00,2026-07-08 03:22:00,5,21,78,1.0,0.8,15,required,closed_all,1.8,2.0
BUY,4128.89,4126.03404,4131.74596,4131.74596,2.85596,1.0,6.43,2.32,TARGET,2026-07-02 21:13:00,2026-07-02 21:09:00,2026-07-02 21:10:00,6,33,70,1.0,1.0,20,required,closed_all,1.8,0.8
BUY,4185.64,4182.01471,4189.26529,4189.26529,3.62529,1.0,4.02,1.32,TARGET,2026-07-05 22:28:00,2026-07-05 22:25:00,2026-07-05 22:26:00,6,33,70,1.0,1.0,20,required,closed_all,1.8,0.8
BUY,4187.16,4183.5908,4190.7292,4190.7292,3.5692,1.0,4.41,2.59,TARGET,2026-07-05 22:30:00,2026-07-05 22:26:00,2026-07-05 22:27:00,6,33,70,1.0,1.0,20,required,closed_all,1.8,0.8
BUY,4127.19,4125.04332,4129.33668,4129.33668,2.14668,1.0,2.97,0.59,TARGET,2026-07-08 02:38:00,2026-07-08 02:36:00,2026-07-08 02:37:00,6,33,70,1.0,1.0,20,required,closed_all,1.8,0.8
BUY,4128.26,4126.14808,4130.37192,4130.37192,2.11192,1.0,2.82,1.7,TARGET,2026-07-08 02:42:00,2026-07-08 02:37:00,2026-07-08 02:38:00,6,33,70,1.0,1.0,20,required,closed_all,1.8,0.8
BUY,4130.63,4127.13673,4132.37663,4127.13673,-3.49327,-1.0,0.05,4.39,STOP,2026-07-02 20:52:00,2026-07-02 20:49:00,2026-07-02 20:50:00,4,32,76,1.6,0.8,15,warning_only,closed_all,1.2,2.0
BUY,4134.23,4129.57711,4136.55645,4136.55645,2.32645,0.5,2.45,1.31,TARGET,2026-07-02 21:20:00,2026-07-02 21:17:00,2026-07-02 21:18:00,4,32,76,1.6,0.8,15,warning_only,closed_all,1.2,2.0
BUY,4135.16,4130.58346,4137.44827,4137.44827,2.28827,0.5,2.61,1.83,TARGET,2026-07-02 21:21:00,2026-07-02 21:18:00,2026-07-02 21:19:00,4,32,76,1.6,0.8,15,warning_only,closed_all,1.2,2.0
BUY,4183.17,4180.31953,4184.59523,4180.31953,-2.85047,-1.0,0.61,3.12,STOP,2026-07-03 00:21:00,2026-07-03 00:13:00,2026-07-03 00:14:00,4,32,76,1.6,0.8,15,warning_only,closed_all,1.2,2.0
BUY,4173.66,4170.58427,4175.19786,4175.19786,1.53786,0.5,3.09,0.53,TARGET,2026-07-03 04:05:00,2026-07-03 04:03:00,2026-07-03 04:04:00,4,32,76,1.6,0.8,15,warning_only,closed_all,1.2,2.0
BUY,4174.9,4171.84168,4176.42916,4176.42916,1.52916,0.5,1.85,0.44,TARGET,2026-07-03 04:05:00,2026-07-03 04:04:00,2026-07-03 04:05:00,4,32,76,1.6,0.8,15,warning_only,closed_all,1.2,2.0
BUY,4175.29,4172.52248,4176.67376,4176.67376,1.38376,0.5,1.72,0.34,TARGET,2026-07-03 04:30:00,2026-07-03 04:29:00,2026-07-03 04:30:00,4,32,76,1.6,0.8,15,warning_only,closed_all,1.2,2.0
BUY,4175.84,4172.92378,4177.29811,4177.29811,1.45811,0.5,2.38,0.95,TARGET,2026-07-03 04:34:00,2026-07-03 04:32:00,2026-07-03 04:33:00,4,32,76,1.6,0.8,15,warning_only,closed_all,1.2,2.0
BUY,4175.91,4173.08551,4177.32224,4177.32224,1.41224,0.5,2.31,0.27,TARGET,2026-07-03 04:34:00,2026-07-03 04:33:00,2026-07-03 04:34:00,4,32,76,1.6,0.8,15,warning_only,closed_all,1.2,2.0
BUY,4184.16,4181.40858,4185.53571,4181.40858,-2.75142,-1.0,1.11,3.83,STOP,2026-07-03 05:46:00,2026-07-03 05:44:00,2026-07-03 05:45:00,4,32,76,1.6,0.8,15,warning_only,closed_all,1.2,2.0
BUY,4179.44,4177.55749,4180.38126,4177.55749,-1.88251,-1.0,0.1,2.02,STOP,2026-07-03 08:07:00,2026-07-03 08:05:00,2026-07-03 08:06:00,4,32,76,1.6,0.8,15,warning_only,closed_all,1.2,2.0
BUY,4187.79,4181.2841,4191.04295,4191.04295,3.25295,0.5,3.52,0.85,TARGET,2026-07-05 22:15:00,2026-07-05 22:13:00,2026-07-05 22:14:00,4,32,76,1.6,0.8,15,warning_only,closed_all,1.2,2.0
BUY,4189.3,4182.98909,4192.45545,4192.45545,3.15545,0.5,3.48,0.97,TARGET,2026-07-05 22:16:00,2026-07-05 22:14:00,2026-07-05 22:15:00,4,32,76,1.6,0.8,15,warning_only,closed_all,1.2,2.0
BUY,4191.31,4185.1093,4194.41035,4185.1093,-6.2007,-1.0,1.47,7.09,STOP,2026-07-05 22:18:00,2026-07-05 22:15:00,2026-07-05 22:16:00,4,32,76,1.6,0.8,15,warning_only,closed_all,1.2,2.0
BUY,4188.85,4182.74196,4191.90402,4182.74196,-6.10804,-1.0,1.62,7.36,STOP,2026-07-05 22:22:00,2026-07-05 22:19:00,2026-07-05 22:20:00,4,32,76,1.6,0.8,15,warning_only,closed_all,1.2,2.0
BUY,4185.64,4179.83953,4188.54024,4188.54024,2.90024,0.5,4.02,1.32,TARGET,2026-07-05 22:28:00,2026-07-05 22:25:00,2026-07-05 22:26:00,4,32,76,1.6,0.8,15,warning_only,closed_all,1.2,2.0
BUY,4187.16,4181.44928,4190.01536,4190.01536,2.85536,0.5,4.41,2.59,TARGET,2026-07-05 22:30:00,2026-07-05 22:26:00,2026-07-05 22:27:00,4,32,76,1.6,0.8,15,warning_only,closed_all,1.2,2.0
BUY,4188.14,4182.42919,4190.99541,4190.99541,2.85541,0.5,3.43,2.27,TARGET,2026-07-05 22:30:00,2026-07-05 22:27:00,2026-07-05 22:28:00,4,32,76,1.6,0.8,15,warning_only,closed_all,1.2,2.0
BUY,4189.71,4184.0911,4192.51945,4192.51945,2.80945,0.5,4.67,2.34,TARGET,2026-07-05 22:32:00,2026-07-05 22:29:00,2026-07-05 22:30:00,4,32,76,1.6,0.8,15,warning_only,closed_all,1.2,2.0
BUY,4190.51,4184.91656,4193.30672,4193.30672,2.79672,0.5,3.87,1.33,TARGET,2026-07-05 22:32:00,2026-07-05 22:31:00,2026-07-05 22:32:00,4,32,76,1.6,0.8,15,warning_only,closed_all,1.2,2.0
BUY,4155.65,4153.41317,4156.76842,4156.76842,1.11842,0.5,1.31,1.93,TARGET,2026-07-06 09:01:00,2026-07-06 08:59:00,2026-07-06 09:00:00,4,32,76,1.6,0.8,15,warning_only,closed_all,1.2,2.0
BUY,4156.96,4154.56698,4158.15651,4158.15651,1.19651,0.5,1.29,1.48,TARGET,2026-07-06 09:03:00,2026-07-06 09:01:00,2026-07-06 09:02:00,4,32,76,1.6,0.8,15,warning_only,closed_all,1.2,2.0
BUY,4148.5,4145.81072,4149.84464,4145.81072,-2.68928,-1.0,0.09,2.87,STOP,2026-07-06 13:00:00,2026-07-06 12:57:00,2026-07-06 12:58:00,4,32,76,1.6,0.8,15,warning_only,closed_all,1.2,2.0
BUY,4146.76,4144.34206,4147.96897,4147.96897,1.20897,0.5,1.61,0.52,TARGET,2026-07-06 13:32:00,2026-07-06 13:30:00,2026-07-06 13:31:00,4,32,76,1.6,0.8,15,warning_only,closed_all,1.2,2.0
BUY,4147.29,4145.00586,4148.43207,4148.43207,1.14207,0.5,1.27,0.29,TARGET,2026-07-06 13:36:00,2026-07-06 13:35:00,2026-07-06 13:36:00,4,32,76,1.6,0.8,15,warning_only,closed_all,1.2,2.0
BUY,4161.96,4160.32887,4162.77557,4162.77557,0.81557,0.5,1.28,0.57,TARGET,2026-07-06 16:29:00,2026-07-06 16:23:00,2026-07-06 16:24:00,4,32,76,1.6,0.8,15,warning_only,closed_all,1.2,2.0
BUY,4162.39,4160.8541,4163.15795,4163.15795,0.76795,0.5,0.85,0.84,TARGET,2026-07-06 16:29:00,2026-07-06 16:26:00,2026-07-06 16:27:00,4,32,76,1.6,0.8,15,warning_only,closed_all,1.2,2.0
BUY,4162.71,4161.16429,4163.48285,4161.16429,-1.54571,-1.0,0.53,2.6,STOP,2026-07-06 16:35:00,2026-07-06 16:28:00,2026-07-06 16:29:00,4,32,76,1.6,0.8,15,warning_only,closed_all,1.2,2.0
BUY,4162.57,4161.12839,4163.2908,4163.2908,0.7208,0.5,1.19,0.62,TARGET,2026-07-06 16:49:00,2026-07-06 16:46:00,2026-07-06 16:47:00,4,32,76,1.6,0.8,15,warning_only,closed_all,1.2,2.0
BUY,4162.75,4161.60761,4163.32119,4163.32119,0.57119,0.5,0.65,0.38,TARGET,2026-07-06 17:31:00,2026-07-06 17:26:00,2026-07-06 17:27:00,4,32,76,1.6,0.8,15,warning_only,closed_all,1.2,2.0
BUY,4162.96,4161.88617,4163.49692,4163.49692,0.53692,0.5,1.44,0.59,TARGET,2026-07-06 17:33:00,2026-07-06 17:28:00,2026-07-06 17:29:00,4,32,76,1.6,0.8,15,warning_only,closed_all,1.2,2.0
BUY,4163.33,4162.3802,4163.8049,4163.8049,0.4749,0.5,0.54,0.2,TARGET,2026-07-06 17:50:00,2026-07-06 17:47:00,2026-07-06 17:48:00,4,32,76,1.6,0.8,15,warning_only,closed_all,1.2,2.0
BUY,4130.25,4127.468,4131.641,4131.641,1.391,0.5,1.85,0.58,TARGET,2026-07-07 06:56:00,2026-07-07 06:55:00,2026-07-07 06:56:00,4,32,76,1.6,0.8,15,warning_only,closed_all,1.2,2.0
BUY,4131.98,4129.20618,4133.36691,4133.36691,1.38691,0.5,1.79,1.04,TARGET,2026-07-07 07:00:00,2026-07-07 06:58:00,2026-07-07 06:59:00,4,32,76,1.6,0.8,15,warning_only,closed_all,1.2,2.0
BUY,4132.27,4129.5119,4133.64905,4133.64905,1.37905,0.5,1.58,0.43,TARGET,2026-07-07 07:07:00,2026-07-07 07:02:00,2026-07-07 07:03:00,4,32,76,1.6,0.8,15,warning_only,closed_all,1.2,2.0
BUY,4170.2,4165.22018,4172.68991,4165.22018,-4.97982,-1.0,2.2,5.84,STOP,2026-07-07 10:25:00,2026-07-07 10:16:00,2026-07-07 10:17:00,4,32,76,1.6,0.8,15,warning_only,closed_all,1.2,2.0
BUY,4108.98,4104.75303,4111.09348,4111.09348,2.11348,0.5,3.24,0.87,TARGET,2026-07-07 23:06:00,2026-07-07 23:05:00,2026-07-07 23:06:00,4,32,76,1.6,0.8,15,warning_only,closed_all,1.2,2.0
BUY,4127.37,4124.25099,4128.92951,4127.2,-0.17,-0.0545,0.78,3.0,TIME_EXIT,2026-07-08 01:37:00,2026-07-08 01:22:00,2026-07-08 01:23:00,4,32,76,1.6,0.8,15,warning_only,closed_all,1.2,2.0
BUY,4126.3,4123.54652,4127.67674,4127.67674,1.37674,0.5,1.85,1.93,TARGET,2026-07-08 01:32:00,2026-07-08 01:27:00,2026-07-08 01:28:00,4,32,76,1.6,0.8,15,warning_only,closed_all,1.2,2.0
BUY,4127.94,4125.47468,4129.17266,4129.17266,1.23266,0.5,2.66,0.18,TARGET,2026-07-08 02:05:00,2026-07-08 02:04:00,2026-07-08 02:05:00,4,32,76,1.6,0.8,15,warning_only,closed_all,1.2,2.0
BUY,4128.76,4125.7227,4130.27865,4125.7227,-3.0373,-1.0,0.21,5.07,STOP,2026-07-08 02:21:00,2026-07-08 02:18:00,2026-07-08 02:19:00,4,32,76,1.6,0.8,15,warning_only,closed_all,1.2,2.0
BUY,4127.19,4123.75531,4128.90735,4128.90735,1.71735,0.5,2.97,0.59,TARGET,2026-07-08 02:38:00,2026-07-08 02:36:00,2026-07-08 02:37:00,4,32,76,1.6,0.8,15,warning_only,closed_all,1.2,2.0
BUY,4128.26,4124.88093,4129.94954,4129.94954,1.68954,0.5,1.9,1.34,TARGET,2026-07-08 02:38:00,2026-07-08 02:37:00,2026-07-08 02:38:00,4,32,76,1.6,0.8,15,warning_only,closed_all,1.2,2.0
BUY,4128.92,4125.38358,4130.68821,4130.68821,1.76821,0.5,2.16,0.64,TARGET,2026-07-08 02:42:00,2026-07-08 02:40:00,2026-07-08 02:41:00,4,32,76,1.6,0.8,15,warning_only,closed_all,1.2,2.0
BUY,4129.73,4126.28046,4131.45477,4131.45477,1.72477,0.5,1.89,1.18,TARGET,2026-07-08 02:43:00,2026-07-08 02:41:00,2026-07-08 02:42:00,4,32,76,1.6,0.8,15,warning_only,closed_all,1.2,2.0
BUY,4128.02,4124.99931,4129.53035,4124.99931,-3.02069,-1.0,1.17,3.48,STOP,2026-07-08 03:02:00,2026-07-08 02:56:00,2026-07-08 02:57:00,4,32,76,1.6,0.8,15,warning_only,closed_all,1.2,2.0
BUY,4130.85,4127.58655,4132.48172,4132.48172,1.63172,0.5,2.66,0.99,TARGET,2026-07-08 03:24:00,2026-07-08 03:21:00,2026-07-08 03:22:00,4,32,76,1.6,0.8,15,warning_only,closed_all,1.2,2.0
BUY,4078.04,4071.66208,4081.22896,4071.66208,-6.37792,-1.0,2.16,7.75,STOP,2026-07-08 10:42:00,2026-07-08 10:36:00,2026-07-08 10:37:00,4,32,76,1.6,0.8,15,warning_only,closed_all,1.2,2.0
BUY,4185.64,4180.92712,4188.54024,4188.54024,2.90024,0.61538,4.02,1.32,TARGET,2026-07-05 22:28:00,2026-07-05 22:25:00,2026-07-05 22:26:00,7,37,98,1.3,0.8,30,warning_only,closed_all,0.8,0.8
BUY,4187.16,4182.52004,4190.01536,4190.01536,2.85536,0.61538,4.41,2.59,TARGET,2026-07-05 22:30:00,2026-07-05 22:26:00,2026-07-05 22:27:00,7,37,98,1.3,0.8,30,warning_only,closed_all,0.8,0.8
BUY,4108.98,4105.54559,4111.09348,4111.09348,2.11348,0.61538,3.24,0.87,TARGET,2026-07-07 23:06:00,2026-07-07 23:05:00,2026-07-07 23:06:00,7,37,98,1.3,0.8,30,warning_only,closed_all,0.8,0.8
BUY,4127.19,4124.39931,4128.90735,4128.90735,1.71735,0.61538,2.97,0.59,TARGET,2026-07-08 02:38:00,2026-07-08 02:36:00,2026-07-08 02:37:00,7,37,98,1.3,0.8,30,warning_only,closed_all,0.8,0.8
BUY,4128.26,4125.5145,4129.94954,4129.94954,1.68954,0.61538,1.9,1.34,TARGET,2026-07-08 02:38:00,2026-07-08 02:37:00,2026-07-08 02:38:00,7,37,98,1.3,0.8,30,warning_only,closed_all,0.8,0.8
BUY,4177.27,4175.40861,4178.78238,4178.78238,1.51238,0.8125,1.71,1.82,TARGET,2026-07-03 08:04:00,2026-07-03 07:56:00,2026-07-03 07:57:00,3,25,79,1.6,1.3,30,warning_only,closed_all,1.2,0.8
BUY,4187.16,4181.44928,4191.79996,4191.79996,4.63996,0.8125,7.22,2.59,TARGET,2026-07-05 22:32:00,2026-07-05 22:26:00,2026-07-05 22:27:00,3,25,79,1.6,1.3,30,warning_only,closed_all,1.2,0.8
BUY,4108.98,4104.75303,4112.41441,4112.41441,3.43441,0.8125,6.37,0.87,TARGET,2026-07-07 23:07:00,2026-07-07 23:05:00,2026-07-07 23:06:00,3,25,79,1.6,1.3,30,warning_only,closed_all,1.2,0.8
BUY,4126.21,4123.71647,4128.23599,4128.23599,2.02599,0.8125,4.39,1.52,TARGET,2026-07-08 02:05:00,2026-07-08 01:56:00,2026-07-08 01:57:00,3,25,79,1.6,1.3,30,warning_only,closed_all,1.2,0.8
BUY,4127.19,4123.75531,4129.98069,4129.98069,2.79069,0.8125,2.97,0.59,TARGET,2026-07-08 02:38:00,2026-07-08 02:36:00,2026-07-08 02:37:00,3,25,79,1.6,1.3,30,warning_only,closed_all,1.2,0.8
BUY,4128.26,4124.88093,4131.0055,4131.0055,2.7455,0.8125,2.82,1.7,TARGET,2026-07-08 02:42:00,2026-07-08 02:37:00,2026-07-08 02:38:00,3,25,79,1.6,1.3,30,warning_only,closed_all,1.2,0.8
BUY,4128.02,4124.99931,4130.47431,4124.99931,-3.02069,-1.0,1.17,3.48,STOP,2026-07-08 03:02:00,2026-07-08 02:56:00,2026-07-08 02:57:00,3,25,79,1.6,1.3,30,warning_only,closed_all,1.2,0.8
BUY,4129.43,4126.51881,4132.34119,4126.51881,-2.91119,-1.0,1.25,3.19,STOP,2026-07-02 20:52:00,2026-07-02 20:47:00,2026-07-02 20:48:00,7,28,66,1.3,1.3,30,warning_only,closed_all,1.2,2.0
BUY,4130.59,4127.73539,4133.44461,4127.73539,-2.85461,-1.0,0.09,3.38,STOP,2026-07-02 20:51:00,2026-07-02 20:48:00,2026-07-02 20:49:00,7,28,66,1.3,1.3,30,warning_only,closed_all,1.2,2.0
BUY,4130.63,4127.79172,4133.46828,4127.79172,-2.83828,-1.0,0.05,3.42,STOP,2026-07-02 20:51:00,2026-07-02 20:49:00,2026-07-02 20:50:00,7,28,66,1.3,1.3,30,warning_only,closed_all,1.2,2.0
BUY,4128.89,4125.17725,4132.60275,4132.60275,3.71275,1.0,6.43,2.32,TARGET,2026-07-02 21:13:00,2026-07-02 21:09:00,2026-07-02 21:10:00,7,28,66,1.3,1.3,30,warning_only,closed_all,1.2,2.0
BUY,4134.23,4130.44953,4138.01047,4138.01047,3.78047,1.0,4.27,1.31,TARGET,2026-07-02 21:22:00,2026-07-02 21:17:00,2026-07-02 21:18:00,7,28,66,1.3,1.3,30,warning_only,closed_all,1.2,2.0
BUY,4135.16,4131.44156,4138.87844,4138.87844,3.71844,1.0,5.73,1.83,TARGET,2026-07-02 21:23:00,2026-07-02 21:18:00,2026-07-02 21:19:00,7,28,66,1.3,1.3,30,warning_only,closed_all,1.2,2.0
BUY,4181.41,4178.79438,4184.02562,4184.02562,2.61562,1.0,4.06,2.17,TARGET,2026-07-02 23:38:00,2026-07-02 23:33:00,2026-07-02 23:34:00,7,28,66,1.3,1.3,30,warning_only,closed_all,1.2,2.0
BUY,4183.58,4180.91919,4186.24081,4186.24081,2.66081,1.0,3.02,1.32,TARGET,2026-07-02 23:57:00,2026-07-02 23:52:00,2026-07-02 23:53:00,7,28,66,1.3,1.3,30,warning_only,closed_all,1.2,2.0
BUY,4183.17,4180.85399,4185.48601,4180.85399,-2.31601,-1.0,0.61,3.12,STOP,2026-07-03 00:21:00,2026-07-03 00:13:00,2026-07-03 00:14:00,7,28,66,1.3,1.3,30,warning_only,closed_all,1.2,2.0
BUY,4180.51,4178.80523,4182.21477,4178.80523,-1.70477,-1.0,0.56,2.08,STOP,2026-07-03 02:09:00,2026-07-03 02:06:00,2026-07-03 02:07:00,7,28,66,1.3,1.3,30,warning_only,closed_all,1.2,2.0
BUY,4173.47,4171.09479,4175.84521,4171.09479,-2.37521,-1.0,0.91,2.68,STOP,2026-07-03 03:56:00,2026-07-03 03:52:00,2026-07-03 03:53:00,7,28,66,1.3,1.3,30,warning_only,closed_all,1.2,2.0
BUY,4173.66,4171.16097,4176.15903,4176.15903,2.49903,1.0,3.09,0.53,TARGET,2026-07-03 04:05:00,2026-07-03 04:03:00,2026-07-03 04:04:00,7,28,66,1.3,1.3,30,warning_only,closed_all,1.2,2.0
BUY,4174.9,4172.41512,4177.38488,4177.38488,2.48488,1.0,3.26,0.44,TARGET,2026-07-03 04:06:00,2026-07-03 04:04:00,2026-07-03 04:05:00,7,28,66,1.3,1.3,30,warning_only,closed_all,1.2,2.0
BUY,4175.29,4173.04139,4177.53861,4177.53861,2.24861,1.0,2.93,1.62,TARGET,2026-07-03 04:34:00,2026-07-03 04:29:00,2026-07-03 04:30:00,7,28,66,1.3,1.3,30,warning_only,closed_all,1.2,2.0
BUY,4175.84,4173.47057,4178.20943,4178.20943,2.36943,1.0,2.38,0.95,TARGET,2026-07-03 04:34:00,2026-07-03 04:32:00,2026-07-03 04:33:00,7,28,66,1.3,1.3,30,warning_only,closed_all,1.2,2.0
BUY,4175.91,4173.6151,4178.2049,4178.2049,2.2949,1.0,2.31,0.27,TARGET,2026-07-03 04:34:00,2026-07-03 04:33:00,2026-07-03 04:34:00,7,28,66,1.3,1.3,30,warning_only,closed_all,1.2,2.0
BUY,4183.11,4181.06579,4185.15421,4181.06579,-2.04421,-1.0,1.42,2.28,STOP,2026-07-03 05:31:00,2026-07-03 05:29:00,2026-07-03 05:30:00,7,28,66,1.3,1.3,30,warning_only,closed_all,1.2,2.0
BUY,4179.44,4177.91046,4180.96954,4177.91046,-1.52954,-1.0,0.1,2.02,STOP,2026-07-03 08:07:00,2026-07-03 08:05:00,2026-07-03 08:06:00,7,28,66,1.3,1.3,30,warning_only,closed_all,1.2,2.0
BUY,4187.79,4182.50396,4193.07604,4182.50396,-5.28604,-1.0,4.99,6.3,STOP,2026-07-05 22:22:00,2026-07-05 22:13:00,2026-07-05 22:14:00,7,28,66,1.3,1.3,30,warning_only,closed_all,1.2,2.0
BUY,4189.3,4184.17239,4194.42761,4184.17239,-5.12761,-1.0,3.48,6.09,STOP,2026-07-05 22:21:00,2026-07-05 22:14:00,2026-07-05 22:15:00,7,28,66,1.3,1.3,30,warning_only,closed_all,1.2,2.0
BUY,4191.31,4186.27193,4196.34807,4186.27193,-5.03807,-1.0,1.47,5.52,STOP,2026-07-05 22:17:00,2026-07-05 22:15:00,2026-07-05 22:16:00,7,28,66,1.3,1.3,30,warning_only,closed_all,1.2,2.0
BUY,4188.85,4183.88722,4193.81278,4183.88722,-4.96278,-1.0,1.62,5.64,STOP,2026-07-05 22:21:00,2026-07-05 22:19:00,2026-07-05 22:20:00,7,28,66,1.3,1.3,30,warning_only,closed_all,1.2,2.0
BUY,4185.64,4180.92712,4190.35288,4190.35288,4.71288,1.0,5.93,1.32,TARGET,2026-07-05 22:30:00,2026-07-05 22:25:00,2026-07-05 22:26:00,7,28,66,1.3,1.3,30,warning_only,closed_all,1.2,2.0
BUY,4187.16,4182.52004,4191.79996,4191.79996,4.63996,1.0,7.22,2.59,TARGET,2026-07-05 22:32:00,2026-07-05 22:26:00,2026-07-05 22:27:00,7,28,66,1.3,1.3,30,warning_only,closed_all,1.2,2.0
BUY,4188.14,4183.49996,4192.78004,4192.78004,4.64004,1.0,6.24,2.27,TARGET,2026-07-05 22:32:00,2026-07-05 22:27:00,2026-07-05 22:28:00,7,28,66,1.3,1.3,30,warning_only,closed_all,1.2,2.0
BUY,4189.71,4185.14465,4194.27535,4194.27535,4.56535,1.0,4.67,2.34,TARGET,2026-07-05 22:32:00,2026-07-05 22:29:00,2026-07-05 22:30:00,7,28,66,1.3,1.3,30,warning_only,closed_all,1.2,2.0
BUY,4190.51,4185.96533,4195.05467,4195.05467,4.54467,1.0,7.26,1.33,TARGET,2026-07-05 22:34:00,2026-07-05 22:31:00,2026-07-05 22:32:00,7,28,66,1.3,1.3,30,warning_only,closed_all,1.2,2.0
BUY,4155.65,4153.83257,4157.46743,4153.83257,-1.81743,-1.0,0.55,1.93,STOP,2026-07-06 09:00:00,2026-07-06 08:59:00,2026-07-06 09:00:00,7,28,66,1.3,1.3,30,warning_only,closed_all,1.2,2.0
BUY,4156.96,4155.01567,4158.90433,4155.01567,-1.94433,-1.0,1.29,2.32,STOP,2026-07-06 09:10:00,2026-07-06 09:01:00,2026-07-06 09:02:00,7,28,66,1.3,1.3,30,warning_only,closed_all,1.2,2.0
BUY,4156.92,4154.96432,4158.87568,4154.96432,-1.95568,-1.0,1.31,2.28,STOP,2026-07-06 09:10:00,2026-07-06 09:05:00,2026-07-06 09:06:00,7,28,66,1.3,1.3,30,warning_only,closed_all,1.2,2.0
BUY,4146.76,4144.79542,4148.72458,4148.72458,1.96458,1.0,2.75,0.52,TARGET,2026-07-06 13:37:00,2026-07-06 13:30:00,2026-07-06 13:31:00,7,28,66,1.3,1.3,30,warning_only,closed_all,1.2,2.0
BUY,4147.62,4145.6676,4149.5724,4149.5724,1.9524,1.0,2.06,0.97,TARGET,2026-07-06 13:39:00,2026-07-06 13:31:00,2026-07-06 13:32:00,7,28,66,1.3,1.3,30,warning_only,closed_all,1.2,2.0
BUY,4147.29,4145.43414,4149.14586,4149.14586,1.85586,1.0,2.22,0.29,TARGET,2026-07-06 13:37:00,2026-07-06 13:35:00,2026-07-06 13:36:00,7,28,66,1.3,1.3,30,warning_only,closed_all,1.2,2.0
BUY,4163.65,4162.31399,4164.98601,4164.98601,1.33601,1.0,1.61,0.68,TARGET,2026-07-06 16:00:00,2026-07-06 15:56:00,2026-07-06 15:57:00,7,28,66,1.3,1.3,30,warning_only,closed_all,1.2,2.0
BUY,4162.39,4161.14208,4163.63792,4161.14208,-1.24792,-1.0,0.85,2.28,STOP,2026-07-06 16:35:00,2026-07-06 16:26:00,2026-07-06 16:27:00,7,28,66,1.3,1.3,30,warning_only,closed_all,1.2,2.0
BUY,4162.71,4161.45411,4163.96589,4161.45411,-1.25589,-1.0,0.53,1.37,STOP,2026-07-06 16:31:00,2026-07-06 16:28:00,2026-07-06 16:29:00,7,28,66,1.3,1.3,30,warning_only,closed_all,1.2,2.0
BUY,4162.96,4162.08751,4163.83249,4163.83249,0.87249,1.0,1.44,0.59,TARGET,2026-07-06 17:33:00,2026-07-06 17:28:00,2026-07-06 17:29:00,7,28,66,1.3,1.3,30,warning_only,closed_all,1.2,2.0
BUY,4163.33,4162.55829,4164.10171,4164.10171,0.77171,1.0,0.82,0.2,TARGET,2026-07-06 17:51:00,2026-07-06 17:47:00,2026-07-06 17:48:00,7,28,66,1.3,1.3,30,warning_only,closed_all,1.2,2.0
BUY,4166.33,4165.46171,4167.19829,4167.19829,0.86829,1.0,1.17,0.3,TARGET,2026-07-06 19:32:00,2026-07-06 19:30:00,2026-07-06 19:31:00,7,28,66,1.3,1.3,30,warning_only,closed_all,1.2,2.0
BUY,4131.76,4129.44047,4134.07953,4129.44047,-2.31953,-1.0,1.89,3.65,STOP,2026-07-07 06:47:00,2026-07-07 06:43:00,2026-07-07 06:44:00,7,28,66,1.3,1.3,30,warning_only,closed_all,1.2,2.0
BUY,4130.25,4127.98963,4132.51037,4132.51037,2.26037,1.0,3.52,0.58,TARGET,2026-07-07 07:00:00,2026-07-07 06:55:00,2026-07-07 06:56:00,7,28,66,1.3,1.3,30,warning_only,closed_all,1.2,2.0
BUY,4131.98,4129.72627,4134.23373,4134.23373,2.25373,1.0,2.66,1.04,TARGET,2026-07-07 07:13:00,2026-07-07 06:58:00,2026-07-07 06:59:00,7,28,66,1.3,1.3,30,warning_only,closed_all,1.2,2.0
BUY,4132.27,4130.02904,4134.51096,4134.51096,2.24096,1.0,2.37,0.43,TARGET,2026-07-07 07:13:00,2026-07-07 07:02:00,2026-07-07 07:03:00,7,28,66,1.3,1.3,30,warning_only,closed_all,1.2,2.0
BUY,4133.13,4131.09613,4135.16387,4135.16387,2.03387,1.0,3.52,1.2,TARGET,2026-07-07 07:18:00,2026-07-07 07:06:00,2026-07-07 07:07:00,7,28,66,1.3,1.3,30,warning_only,closed_all,1.2,2.0
BUY,4133.2,4131.22711,4135.17289,4135.17289,1.97289,1.0,3.45,0.66,TARGET,2026-07-07 07:18:00,2026-07-07 07:15:00,2026-07-07 07:16:00,7,28,66,1.3,1.3,30,warning_only,closed_all,1.2,2.0
BUY,4133.6,4131.6696,4135.5304,4135.5304,1.9304,1.0,3.05,0.39,TARGET,2026-07-07 07:18:00,2026-07-07 07:16:00,2026-07-07 07:17:00,7,28,66,1.3,1.3,30,warning_only,closed_all,1.2,2.0
BUY,4136.9,4135.01684,4138.78316,4138.78316,1.88316,1.0,5.16,0.04,TARGET,2026-07-07 08:18:00,2026-07-07 08:17:00,2026-07-07 08:18:00,7,28,66,1.3,1.3,30,warning_only,closed_all,1.2,2.0
BUY,4170.2,4166.1539,4174.2461,4166.1539,-4.0461,-1.0,2.2,4.81,STOP,2026-07-07 10:24:00,2026-07-07 10:16:00,2026-07-07 10:17:00,7,28,66,1.3,1.3,30,warning_only,closed_all,1.2,2.0
BUY,4108.98,4105.54559,4112.41441,4112.41441,3.43441,1.0,6.37,0.87,TARGET,2026-07-07 23:07:00,2026-07-07 23:05:00,2026-07-07 23:06:00,7,28,66,1.3,1.3,30,warning_only,closed_all,1.2,2.0
BUY,4126.3,4124.06279,4128.53721,4124.06279,-2.23721,-1.0,1.85,2.24,STOP,2026-07-08 01:41:00,2026-07-08 01:27:00,2026-07-08 01:28:00,7,28,66,1.3,1.3,30,warning_only,closed_all,1.2,2.0
BUY,4127.94,4125.93693,4129.94307,4129.94307,2.00307,1.0,2.66,0.18,TARGET,2026-07-08 02:05:00,2026-07-08 02:04:00,2026-07-08 02:05:00,7,28,66,1.3,1.3,30,warning_only,closed_all,1.2,2.0
BUY,4128.76,4126.2922,4131.2278,4126.2922,-2.4678,-1.0,0.21,5.07,STOP,2026-07-08 02:21:00,2026-07-08 02:18:00,2026-07-08 02:19:00,7,28,66,1.3,1.3,30,warning_only,closed_all,1.2,2.0
BUY,4128.92,4126.04666,4131.79334,4126.04666,-2.87334,-1.0,2.7,3.37,STOP,2026-07-08 02:48:00,2026-07-08 02:40:00,2026-07-08 02:41:00,7,28,66,1.3,1.3,30,warning_only,closed_all,1.2,2.0
BUY,4129.73,4126.92725,4132.53275,4126.92725,-2.80275,-1.0,1.89,4.18,STOP,2026-07-08 02:48:00,2026-07-08 02:41:00,2026-07-08 02:42:00,7,28,66,1.3,1.3,30,warning_only,closed_all,1.2,2.0
BUY,4130.85,4128.19845,4133.50155,4133.50155,2.65155,1.0,2.66,0.99,TARGET,2026-07-08 03:24:00,2026-07-08 03:21:00,2026-07-08 03:22:00,7,28,66,1.3,1.3,30,warning_only,closed_all,1.2,2.0
BUY,4070.34,4066.31096,4074.36904,4074.36904,4.02904,1.0,4.44,0.84,TARGET,2026-07-08 09:40:00,2026-07-08 09:38:00,2026-07-08 09:39:00,7,28,66,1.3,1.3,30,warning_only,closed_all,1.2,2.0
BUY,4078.04,4072.85794,4083.22206,4072.85794,-5.18206,-1.0,2.16,7.75,STOP,2026-07-08 10:42:00,2026-07-08 10:36:00,2026-07-08 10:37:00,7,28,66,1.3,1.3,30,warning_only,closed_all,1.2,2.0
BUY,4183.17,4180.31953,4185.48601,4180.31953,-2.85047,-1.0,0.61,3.12,STOP,2026-07-03 00:21:00,2026-07-03 00:13:00,2026-07-03 00:14:00,5,36,60,1.6,1.3,20,warning_only,closed_all,1.2,1.2
BUY,4185.64,4179.83953,4190.35288,4190.35288,4.71288,0.8125,5.93,1.32,TARGET,2026-07-05 22:30:00,2026-07-05 22:25:00,2026-07-05 22:26:00,5,36,60,1.6,1.3,20,warning_only,closed_all,1.2,1.2
BUY,4187.16,4181.44928,4191.79996,4191.79996,4.63996,0.8125,7.22,2.59,TARGET,2026-07-05 22:32:00,2026-07-05 22:26:00,2026-07-05 22:27:00,5,36,60,1.6,1.3,20,warning_only,closed_all,1.2,1.2
BUY,4188.14,4182.42919,4192.78004,4192.78004,4.64004,0.8125,6.24,2.27,TARGET,2026-07-05 22:32:00,2026-07-05 22:27:00,2026-07-05 22:28:00,5,36,60,1.6,1.3,20,warning_only,closed_all,1.2,1.2
BUY,4155.65,4153.41317,4157.46743,4157.46743,1.81743,0.8125,2.6,1.93,TARGET,2026-07-06 09:03:00,2026-07-06 08:59:00,2026-07-06 09:00:00,5,36,60,1.6,1.3,20,warning_only,closed_all,1.2,1.2
BUY,4145.52,4143.11421,4147.4747,4147.4747,1.9547,0.8125,2.1,0.37,TARGET,2026-07-06 13:31:00,2026-07-06 13:29:00,2026-07-06 13:30:00,5,36,60,1.6,1.3,20,warning_only,closed_all,1.2,1.2
BUY,4161.96,4160.32887,4163.28529,4160.32887,-1.63113,-1.0,1.28,1.85,STOP,2026-07-06 16:35:00,2026-07-06 16:23:00,2026-07-06 16:24:00,5,36,60,1.6,1.3,20,warning_only,closed_all,1.2,1.2
BUY,4162.39,4160.8541,4163.63792,4160.8541,-1.5359,-1.0,0.85,2.28,STOP,2026-07-06 16:35:00,2026-07-06 16:26:00,2026-07-06 16:27:00,5,36,60,1.6,1.3,20,warning_only,closed_all,1.2,1.2
BUY,4162.71,4161.16429,4163.96589,4161.16429,-1.54571,-1.0,0.53,2.6,STOP,2026-07-06 16:35:00,2026-07-06 16:28:00,2026-07-06 16:29:00,5,36,60,1.6,1.3,20,warning_only,closed_all,1.2,1.2
BUY,4129.38,4126.40973,4131.79335,4131.79335,2.41335,0.8125,2.72,0.38,TARGET,2026-07-07 06:56:00,2026-07-07 06:53:00,2026-07-07 06:54:00,5,36,60,1.6,1.3,20,warning_only,closed_all,1.2,1.2
BUY,4130.22,4127.32246,4132.57425,4132.57425,2.35425,0.8125,3.55,0.77,TARGET,2026-07-07 07:00:00,2026-07-07 06:54:00,2026-07-07 06:55:00,5,36,60,1.6,1.3,20,warning_only,closed_all,1.2,1.2
BUY,4130.25,4127.468,4132.51037,4132.51037,2.26037,0.8125,3.52,0.58,TARGET,2026-07-07 07:00:00,2026-07-07 06:55:00,2026-07-07 06:56:00,5,36,60,1.6,1.3,20,warning_only,closed_all,1.2,1.2
BUY,4108.98,4104.75303,4112.41441,4112.41441,3.43441,0.8125,6.37,0.87,TARGET,2026-07-07 23:07:00,2026-07-07 23:05:00,2026-07-07 23:06:00,5,36,60,1.6,1.3,20,warning_only,closed_all,1.2,1.2
BUY,4126.3,4123.54652,4128.53721,4123.54652,-2.75348,-1.0,1.85,4.2,STOP,2026-07-08 01:43:00,2026-07-08 01:27:00,2026-07-08 01:28:00,5,36,60,1.6,1.3,20,warning_only,closed_all,1.2,1.2
BUY,4128.76,4125.7227,4131.2278,4125.7227,-3.0373,-1.0,0.21,5.07,STOP,2026-07-08 02:21:00,2026-07-08 02:18:00,2026-07-08 02:19:00,5,36,60,1.6,1.3,20,warning_only,closed_all,1.2,1.2
BUY,4128.26,4124.88093,4131.0055,4131.0055,2.7455,0.8125,2.82,1.7,TARGET,2026-07-08 02:42:00,2026-07-08 02:37:00,2026-07-08 02:38:00,5,36,60,1.6,1.3,20,warning_only,closed_all,1.2,1.2
BUY,4128.92,4125.38358,4131.79334,4125.38358,-3.53642,-1.0,2.7,3.9,STOP,2026-07-08 02:49:00,2026-07-08 02:40:00,2026-07-08 02:41:00,5,36,60,1.6,1.3,20,warning_only,closed_all,1.2,1.2
BUY,4129.73,4126.28046,4132.53275,4126.28046,-3.44954,-1.0,1.89,4.18,STOP,2026-07-08 02:48:00,2026-07-08 02:41:00,2026-07-08 02:42:00,5,36,60,1.6,1.3,20,warning_only,closed_all,1.2,1.2
BUY,4078.04,4071.66208,4083.22206,4071.66208,-6.37792,-1.0,2.16,7.75,STOP,2026-07-08 10:42:00,2026-07-08 10:36:00,2026-07-08 10:37:00,5,36,60,1.6,1.3,20,warning_only,closed_all,1.2,1.2
BUY,4128.89,4124.32046,4131.17477,4131.17477,2.28477,0.5,6.43,2.32,TARGET,2026-07-02 21:13:00,2026-07-02 21:09:00,2026-07-02 21:10:00,6,24,89,1.6,0.8,5,required,closed_all,1.2,0.8
BUY,4187.16,4181.44928,4190.01536,4190.01536,2.85536,0.5,4.41,2.59,TARGET,2026-07-05 22:30:00,2026-07-05 22:26:00,2026-07-05 22:27:00,6,24,89,1.6,0.8,5,required,closed_all,1.2,0.8
BUY,4127.19,4123.75531,4128.90735,4128.90735,1.71735,0.5,2.97,0.59,TARGET,2026-07-08 02:38:00,2026-07-08 02:36:00,2026-07-08 02:37:00,6,24,89,1.6,0.8,5,required,closed_all,1.2,0.8
BUY,4128.26,4124.88093,4129.94954,4129.94954,1.68954,0.5,1.9,1.34,TARGET,2026-07-08 02:38:00,2026-07-08 02:37:00,2026-07-08 02:38:00,6,24,89,1.6,0.8,5,required,closed_all,1.2,0.8
BUY,4185.64,4180.92712,4188.54024,4188.54024,2.90024,0.61538,4.02,1.32,TARGET,2026-07-05 22:28:00,2026-07-05 22:25:00,2026-07-05 22:26:00,3,35,91,1.3,0.8,10,warning_only,closed_all,0.8,1.2
BUY,4187.16,4182.52004,4190.01536,4190.01536,2.85536,0.61538,4.41,2.59,TARGET,2026-07-05 22:30:00,2026-07-05 22:26:00,2026-07-05 22:27:00,3,35,91,1.3,0.8,10,warning_only,closed_all,0.8,1.2
BUY,4108.98,4105.54559,4111.09348,4111.09348,2.11348,0.61538,3.24,0.87,TARGET,2026-07-07 23:06:00,2026-07-07 23:05:00,2026-07-07 23:06:00,3,35,91,1.3,0.8,10,warning_only,closed_all,0.8,1.2
BUY,4127.19,4124.39931,4128.90735,4128.90735,1.71735,0.61538,2.97,0.59,TARGET,2026-07-08 02:38:00,2026-07-08 02:36:00,2026-07-08 02:37:00,3,35,91,1.3,0.8,10,warning_only,closed_all,0.8,1.2
BUY,4128.26,4125.5145,4129.94954,4129.94954,1.68954,0.61538,1.9,1.34,TARGET,2026-07-08 02:38:00,2026-07-08 02:37:00,2026-07-08 02:38:00,3,35,91,1.3,0.8,10,warning_only,closed_all,0.8,1.2
BUY,4128.02,4125.56569,4129.53035,4125.56569,-2.45431,-1.0,1.17,3.48,STOP,2026-07-08 03:02:00,2026-07-08 02:56:00,2026-07-08 02:57:00,3,35,91,1.3,0.8,10,warning_only,closed_all,0.8,1.2
BUY,4128.89,4124.32046,4132.60275,4132.60275,3.71275,0.8125,6.43,2.32,TARGET,2026-07-02 21:13:00,2026-07-02 21:09:00,2026-07-02 21:10:00,8,37,96,1.6,1.3,15,required,closed_all,1.8,1.2
BUY,4178.91,4176.78421,4180.63721,4176.78421,-2.12579,-1.0,0.25,3.37,STOP,2026-07-03 02:21:00,2026-07-03 02:18:00,2026-07-03 02:19:00,8,37,96,1.6,1.3,15,required,closed_all,1.8,1.2
BUY,4185.64,4179.83953,4190.35288,4190.35288,4.71288,0.8125,5.93,1.32,TARGET,2026-07-05 22:30:00,2026-07-05 22:25:00,2026-07-05 22:26:00,8,37,96,1.6,1.3,15,required,closed_all,1.8,1.2
BUY,4187.16,4181.44928,4191.79996,4191.79996,4.63996,0.8125,7.22,2.59,TARGET,2026-07-05 22:32:00,2026-07-05 22:26:00,2026-07-05 22:27:00,8,37,96,1.6,1.3,15,required,closed_all,1.8,1.2
BUY,4188.14,4182.42919,4192.78004,4192.78004,4.64004,0.8125,6.24,2.27,TARGET,2026-07-05 22:32:00,2026-07-05 22:27:00,2026-07-05 22:28:00,8,37,96,1.6,1.3,15,required,closed_all,1.8,1.2
BUY,4146.33,4144.16898,4148.08583,4144.16898,-2.16102,-1.0,1.33,2.93,STOP,2026-07-07 14:50:00,2026-07-07 14:40:00,2026-07-07 14:41:00,8,37,96,1.6,1.3,15,required,closed_all,1.8,1.2
BUY,4128.6,4124.95183,4130.88011,4130.88011,2.28011,0.625,3.12,1.59,TARGET,2026-07-02 20:56:00,2026-07-02 20:54:00,2026-07-02 20:55:00,8,31,79,1.6,1.0,5,required,closed_all,1.8,1.2
BUY,4128.89,4124.32046,4131.74596,4131.74596,2.85596,0.625,6.43,2.32,TARGET,2026-07-02 21:13:00,2026-07-02 21:09:00,2026-07-02 21:10:00,8,31,79,1.6,1.0,5,required,closed_all,1.8,1.2
BUY,4187.79,4181.2841,4191.85619,4191.85619,4.06619,0.625,4.99,0.85,TARGET,2026-07-05 22:16:00,2026-07-05 22:13:00,2026-07-05 22:14:00,8,31,79,1.6,1.0,5,required,closed_all,1.8,1.2
BUY,4185.64,4179.83953,4189.26529,4189.26529,3.62529,0.625,4.02,1.32,TARGET,2026-07-05 22:28:00,2026-07-05 22:25:00,2026-07-05 22:26:00,8,31,79,1.6,1.0,5,required,closed_all,1.8,1.2
BUY,4187.16,4181.44928,4190.7292,4190.7292,3.5692,0.625,4.41,2.59,TARGET,2026-07-05 22:30:00,2026-07-05 22:26:00,2026-07-05 22:27:00,8,31,79,1.6,1.0,5,required,closed_all,1.8,1.2
BUY,4188.14,4182.42919,4191.70926,4191.70926,3.56926,0.625,6.24,2.27,TARGET,2026-07-05 22:32:00,2026-07-05 22:27:00,2026-07-05 22:28:00,8,31,79,1.6,1.0,5,required,closed_all,1.8,1.2
BUY,4127.19,4123.75531,4129.33668,4129.33668,2.14668,0.625,2.97,0.59,TARGET,2026-07-08 02:38:00,2026-07-08 02:36:00,2026-07-08 02:37:00,8,31,79,1.6,1.0,5,required,closed_all,1.8,1.2
BUY,4128.26,4124.88093,4130.37192,4130.37192,2.11192,0.625,2.82,1.7,TARGET,2026-07-08 02:42:00,2026-07-08 02:37:00,2026-07-08 02:38:00,8,31,79,1.6,1.0,5,required,closed_all,1.8,1.2
BUY,4128.92,4125.38358,4131.13026,4131.13026,2.21026,0.625,2.7,0.64,TARGET,2026-07-08 02:43:00,2026-07-08 02:40:00,2026-07-08 02:41:00,8,31,79,1.6,1.0,5,required,closed_all,1.8,1.2
BUY,4173.66,4171.73767,4175.19786,4175.19786,1.53786,0.8,3.09,0.53,TARGET,2026-07-03 04:05:00,2026-07-03 04:03:00,2026-07-03 04:04:00,5,25,93,1.0,0.8,30,warning_only,closed_all,1.8,1.2
BUY,4187.79,4183.72381,4191.04295,4191.04295,3.25295,0.8,3.52,0.85,TARGET,2026-07-05 22:15:00,2026-07-05 22:13:00,2026-07-05 22:14:00,5,25,93,1.0,0.8,30,warning_only,closed_all,1.8,1.2
BUY,4187.16,4183.5908,4190.01536,4190.01536,2.85536,0.8,4.41,2.59,TARGET,2026-07-05 22:30:00,2026-07-05 22:26:00,2026-07-05 22:27:00,5,25,93,1.0,0.8,30,warning_only,closed_all,1.8,1.2
BUY,4188.14,4184.57074,4190.99541,4190.99541,2.85541,0.8,3.43,2.27,TARGET,2026-07-05 22:30:00,2026-07-05 22:27:00,2026-07-05 22:28:00,5,25,93,1.0,0.8,30,warning_only,closed_all,1.8,1.2
BUY,4162.82,4161.66122,4163.74703,4163.74703,0.92703,0.8,0.98,0.81,TARGET,2026-07-06 16:59:00,2026-07-06 16:58:00,2026-07-06 16:59:00,5,25,93,1.0,0.8,30,warning_only,closed_all,1.8,1.2
BUY,4162.7,4161.9757,4163.27944,4163.27944,0.57944,0.8,0.7,0.53,TARGET,2026-07-06 17:31:00,2026-07-06 17:25:00,2026-07-06 17:26:00,5,25,93,1.0,0.8,30,warning_only,closed_all,1.8,1.2
BUY,4108.98,4106.33815,4111.09348,4111.09348,2.11348,0.8,3.24,0.87,TARGET,2026-07-07 23:06:00,2026-07-07 23:05:00,2026-07-07 23:06:00,5,25,93,1.0,0.8,30,warning_only,closed_all,1.8,1.2
BUY,4112.22,4109.47328,4114.41738,4114.41738,2.19738,0.8,3.13,2.12,TARGET,2026-07-07 23:07:00,2026-07-07 23:06:00,2026-07-07 23:07:00,5,25,93,1.0,0.8,30,warning_only,closed_all,1.8,1.2
BUY,4127.19,4125.04332,4128.90735,4128.90735,1.71735,0.8,2.97,0.59,TARGET,2026-07-08 02:38:00,2026-07-08 02:36:00,2026-07-08 02:37:00,5,25,93,1.0,0.8,30,warning_only,closed_all,1.8,1.2
BUY,4128.26,4126.14808,4129.94954,4129.94954,1.68954,0.8,1.9,1.34,TARGET,2026-07-08 02:38:00,2026-07-08 02:37:00,2026-07-08 02:38:00,5,25,93,1.0,0.8,30,warning_only,closed_all,1.8,1.2
BUY,4078.04,4074.0538,4081.22896,4074.0538,-3.9862,-1.0,2.16,7.75,STOP,2026-07-08 10:42:00,2026-07-08 10:36:00,2026-07-08 10:37:00,5,25,93,1.0,0.8,30,warning_only,closed_all,1.8,1.2
BUY,4173.66,4171.73767,4175.19786,4175.19786,1.53786,0.8,3.09,0.53,TARGET,2026-07-03 04:05:00,2026-07-03 04:03:00,2026-07-03 04:04:00,3,29,99,1.0,0.8,10,warning_only,closed_all,1.2,1.2
BUY,4174.42,4172.61471,4175.86424,4172.61471,-1.80529,-1.0,0.11,1.85,STOP,2026-07-03 04:27:00,2026-07-03 04:25:00,2026-07-03 04:26:00,3,29,99,1.0,0.8,10,warning_only,closed_all,1.2,1.2
BUY,4187.79,4183.72381,4191.04295,4191.04295,3.25295,0.8,3.52,0.85,TARGET,2026-07-05 22:15:00,2026-07-05 22:13:00,2026-07-05 22:14:00,3,29,99,1.0,0.8,10,warning_only,closed_all,1.2,1.2
BUY,4187.16,4183.5908,4190.01536,4190.01536,2.85536,0.8,4.41,2.59,TARGET,2026-07-05 22:30:00,2026-07-05 22:26:00,2026-07-05 22:27:00,3,29,99,1.0,0.8,10,warning_only,closed_all,1.2,1.2
BUY,4188.14,4184.57074,4190.99541,4190.99541,2.85541,0.8,3.43,2.27,TARGET,2026-07-05 22:30:00,2026-07-05 22:27:00,2026-07-05 22:28:00,3,29,99,1.0,0.8,10,warning_only,closed_all,1.2,1.2
BUY,4146.33,4144.97936,4147.41051,4147.41051,1.08051,0.8,1.33,0.35,TARGET,2026-07-07 14:43:00,2026-07-07 14:40:00,2026-07-07 14:41:00,3,29,99,1.0,0.8,10,warning_only,closed_all,1.2,1.2
BUY,4108.98,4106.33815,4111.09348,4111.09348,2.11348,0.8,3.24,0.87,TARGET,2026-07-07 23:06:00,2026-07-07 23:05:00,2026-07-07 23:06:00,3,29,99,1.0,0.8,10,warning_only,closed_all,1.2,1.2
BUY,4126.21,4124.65154,4127.45677,4127.45677,1.24677,0.8,1.73,1.52,TARGET,2026-07-08 02:04:00,2026-07-08 01:56:00,2026-07-08 01:57:00,3,29,99,1.0,0.8,10,warning_only,closed_all,1.2,1.2
BUY,4127.19,4125.04332,4128.90735,4128.90735,1.71735,0.8,2.97,0.59,TARGET,2026-07-08 02:38:00,2026-07-08 02:36:00,2026-07-08 02:37:00,3,29,99,1.0,0.8,10,warning_only,closed_all,1.2,1.2
BUY,4128.26,4126.14808,4129.94954,4129.94954,1.68954,0.8,1.9,1.34,TARGET,2026-07-08 02:38:00,2026-07-08 02:37:00,2026-07-08 02:38:00,3,29,99,1.0,0.8,10,warning_only,closed_all,1.2,1.2
BUY,4128.02,4126.13207,4129.53035,4126.13207,-1.88793,-1.0,1.17,3.48,STOP,2026-07-08 03:02:00,2026-07-08 02:56:00,2026-07-08 02:57:00,3,29,99,1.0,0.8,10,warning_only,closed_all,1.2,1.2
BUY,4128.89,4125.17725,4131.74596,4131.74596,2.85596,0.76923,6.43,2.32,TARGET,2026-07-02 21:13:00,2026-07-02 21:09:00,2026-07-02 21:10:00,6,26,89,1.3,1.0,30,warning_only,closed_all,1.2,2.0
BUY,4134.23,4130.44953,4137.13806,4137.13806,2.90806,0.76923,3.54,1.31,TARGET,2026-07-02 21:21:00,2026-07-02 21:17:00,2026-07-02 21:18:00,6,26,89,1.3,1.0,30,warning_only,closed_all,1.2,2.0
BUY,4180.51,4178.80523,4181.82136,4178.80523,-1.70477,-1.0,0.56,2.08,STOP,2026-07-03 02:09:00,2026-07-03 02:06:00,2026-07-03 02:07:00,6,26,89,1.3,1.0,30,warning_only,closed_all,1.2,2.0
BUY,4173.66,4171.16097,4175.58233,4175.58233,1.92233,0.76923,3.09,0.53,TARGET,2026-07-03 04:05:00,2026-07-03 04:03:00,2026-07-03 04:04:00,6,26,89,1.3,1.0,30,warning_only,closed_all,1.2,2.0
BUY,4174.9,4172.41512,4176.81145,4176.81145,1.91145,0.76923,3.26,0.44,TARGET,2026-07-03 04:06:00,2026-07-03 04:04:00,2026-07-03 04:05:00,6,26,89,1.3,1.0,30,warning_only,closed_all,1.2,2.0
BUY,4175.29,4173.04139,4177.0197,4177.0197,1.7297,0.76923,2.93,1.62,TARGET,2026-07-03 04:34:00,2026-07-03 04:29:00,2026-07-03 04:30:00,6,26,89,1.3,1.0,30,warning_only,closed_all,1.2,2.0
BUY,4175.84,4173.47057,4177.66264,4177.66264,1.82264,0.76923,2.38,0.95,TARGET,2026-07-03 04:34:00,2026-07-03 04:32:00,2026-07-03 04:33:00,6,26,89,1.3,1.0,30,warning_only,closed_all,1.2,2.0
BUY,4175.91,4173.6151,4177.6753,4177.6753,1.7653,0.76923,2.31,0.27,TARGET,2026-07-03 04:34:00,2026-07-03 04:33:00,2026-07-03 04:34:00,6,26,89,1.3,1.0,30,warning_only,closed_all,1.2,2.0
BUY,4179.44,4177.91046,4180.61657,4177.91046,-1.52954,-1.0,0.1,2.02,STOP,2026-07-03 08:07:00,2026-07-03 08:05:00,2026-07-03 08:06:00,6,26,89,1.3,1.0,30,warning_only,closed_all,1.2,2.0
BUY,4187.79,4182.50396,4191.85619,4191.85619,4.06619,0.76923,4.99,0.85,TARGET,2026-07-05 22:16:00,2026-07-05 22:13:00,2026-07-05 22:14:00,6,26,89,1.3,1.0,30,warning_only,closed_all,1.2,2.0
BUY,4189.3,4184.17239,4193.24432,4184.17239,-5.12761,-1.0,3.48,6.09,STOP,2026-07-05 22:21:00,2026-07-05 22:14:00,2026-07-05 22:15:00,6,26,89,1.3,1.0,30,warning_only,closed_all,1.2,2.0
BUY,4191.31,4186.27193,4195.18544,4186.27193,-5.03807,-1.0,1.47,5.52,STOP,2026-07-05 22:17:00,2026-07-05 22:15:00,2026-07-05 22:16:00,6,26,89,1.3,1.0,30,warning_only,closed_all,1.2,2.0
BUY,4188.85,4183.88722,4192.66753,4183.88722,-4.96278,-1.0,1.62,5.64,STOP,2026-07-05 22:21:00,2026-07-05 22:19:00,2026-07-05 22:20:00,6,26,89,1.3,1.0,30,warning_only,closed_all,1.2,2.0
BUY,4187.16,4182.52004,4190.7292,4190.7292,3.5692,0.76923,4.41,2.59,TARGET,2026-07-05 22:30:00,2026-07-05 22:26:00,2026-07-05 22:27:00,6,26,89,1.3,1.0,30,warning_only,closed_all,1.2,2.0
BUY,4188.14,4183.49996,4191.70926,4191.70926,3.56926,0.76923,6.24,2.27,TARGET,2026-07-05 22:32:00,2026-07-05 22:27:00,2026-07-05 22:28:00,6,26,89,1.3,1.0,30,warning_only,closed_all,1.2,2.0
BUY,4189.71,4185.14465,4193.22181,4193.22181,3.51181,0.76923,4.67,2.34,TARGET,2026-07-05 22:32:00,2026-07-05 22:29:00,2026-07-05 22:30:00,6,26,89,1.3,1.0,30,warning_only,closed_all,1.2,2.0
BUY,4190.51,4185.96533,4194.0059,4194.0059,3.4959,0.76923,3.87,1.33,TARGET,2026-07-05 22:32:00,2026-07-05 22:31:00,2026-07-05 22:32:00,6,26,89,1.3,1.0,30,warning_only,closed_all,1.2,2.0
BUY,4156.92,4154.96432,4158.42437,4154.96432,-1.95568,-1.0,1.31,2.28,STOP,2026-07-06 09:10:00,2026-07-06 09:05:00,2026-07-06 09:06:00,6,26,89,1.3,1.0,30,warning_only,closed_all,1.2,2.0
BUY,4146.76,4144.79542,4148.27121,4148.27121,1.51121,0.76923,1.61,0.52,TARGET,2026-07-06 13:32:00,2026-07-06 13:30:00,2026-07-06 13:31:00,6,26,89,1.3,1.0,30,warning_only,closed_all,1.2,2.0
BUY,4147.29,4145.43414,4148.71759,4148.71759,1.42759,0.76923,2.22,0.29,TARGET,2026-07-06 13:37:00,2026-07-06 13:35:00,2026-07-06 13:36:00,6,26,89,1.3,1.0,30,warning_only,closed_all,1.2,2.0
BUY,4161.96,4160.63471,4162.97946,4162.97946,1.01946,0.76923,1.28,0.57,TARGET,2026-07-06 16:29:00,2026-07-06 16:23:00,2026-07-06 16:24:00,6,26,89,1.3,1.0,30,warning_only,closed_all,1.2,2.0
BUY,4162.39,4161.14208,4163.34994,4161.14208,-1.24792,-1.0,0.85,2.28,STOP,2026-07-06 16:35:00,2026-07-06 16:26:00,2026-07-06 16:27:00,6,26,89,1.3,1.0,30,warning_only,closed_all,1.2,2.0
BUY,4162.71,4161.45411,4163.67607,4161.45411,-1.25589,-1.0,0.53,1.37,STOP,2026-07-06 16:31:00,2026-07-06 16:28:00,2026-07-06 16:29:00,6,26,89,1.3,1.0,30,warning_only,closed_all,1.2,2.0
BUY,4162.57,4161.39869,4163.471,4163.471,0.901,0.76923,1.19,0.62,TARGET,2026-07-06 16:49:00,2026-07-06 16:46:00,2026-07-06 16:47:00,6,26,89,1.3,1.0,30,warning_only,closed_all,1.2,2.0
BUY,4162.75,4161.82181,4163.46399,4163.46399,0.71399,0.76923,1.65,0.38,TARGET,2026-07-06 17:33:00,2026-07-06 17:26:00,2026-07-06 17:27:00,6,26,89,1.3,1.0,30,warning_only,closed_all,1.2,2.0
BUY,4162.96,4162.08751,4163.63115,4163.63115,0.67115,0.76923,1.44,0.59,TARGET,2026-07-06 17:33:00,2026-07-06 17:28:00,2026-07-06 17:29:00,6,26,89,1.3,1.0,30,warning_only,closed_all,1.2,2.0
BUY,4163.33,4162.55829,4163.92363,4163.92363,0.59363,0.76923,0.82,0.2,TARGET,2026-07-06 17:51:00,2026-07-06 17:47:00,2026-07-06 17:48:00,6,26,89,1.3,1.0,30,warning_only,closed_all,1.2,2.0
BUY,4132.27,4130.02904,4133.99381,4133.99381,1.72381,0.76923,2.37,0.43,TARGET,2026-07-07 07:13:00,2026-07-07 07:02:00,2026-07-07 07:03:00,6,26,89,1.3,1.0,30,warning_only,closed_all,1.2,2.0
BUY,4133.13,4131.09613,4134.69452,4134.69452,1.56452,0.76923,1.84,1.12,TARGET,2026-07-07 07:14:00,2026-07-07 07:06:00,2026-07-07 07:07:00,6,26,89,1.3,1.0,30,warning_only,closed_all,1.2,2.0
BUY,4133.2,4131.22711,4134.71761,4134.71761,1.51761,0.76923,1.65,0.66,TARGET,2026-07-07 07:17:00,2026-07-07 07:15:00,2026-07-07 07:16:00,6,26,89,1.3,1.0,30,warning_only,closed_all,1.2,2.0
BUY,4108.98,4105.54559,4111.62185,4111.62185,2.64185,0.76923,3.24,0.87,TARGET,2026-07-07 23:06:00,2026-07-07 23:05:00,2026-07-07 23:06:00,6,26,89,1.3,1.0,30,warning_only,closed_all,1.2,2.0
BUY,4127.37,4124.8358,4129.31938,4124.8358,-2.5342,-1.0,0.01,2.66,STOP,2026-07-08 01:25:00,2026-07-08 01:22:00,2026-07-08 01:23:00,6,26,89,1.3,1.0,30,warning_only,closed_all,1.2,2.0
BUY,4126.3,4124.06279,4128.02093,4128.02093,1.72093,0.76923,1.85,1.93,TARGET,2026-07-08 01:32:00,2026-07-08 01:27:00,2026-07-08 01:28:00,6,26,89,1.3,1.0,30,warning_only,closed_all,1.2,2.0
BUY,4127.94,4125.93693,4129.48082,4129.48082,1.54082,0.76923,2.66,0.18,TARGET,2026-07-08 02:05:00,2026-07-08 02:04:00,2026-07-08 02:05:00,6,26,89,1.3,1.0,30,warning_only,closed_all,1.2,2.0
BUY,4128.76,4126.2922,4130.65831,4126.2922,-2.4678,-1.0,0.21,5.07,STOP,2026-07-08 02:21:00,2026-07-08 02:18:00,2026-07-08 02:19:00,6,26,89,1.3,1.0,30,warning_only,closed_all,1.2,2.0
BUY,4127.19,4124.39931,4129.33668,4129.33668,2.14668,0.76923,2.97,0.59,TARGET,2026-07-08 02:38:00,2026-07-08 02:36:00,2026-07-08 02:37:00,6,26,89,1.3,1.0,30,warning_only,closed_all,1.2,2.0
BUY,4128.26,4125.5145,4130.37192,4130.37192,2.11192,0.76923,2.82,1.7,TARGET,2026-07-08 02:42:00,2026-07-08 02:37:00,2026-07-08 02:38:00,6,26,89,1.3,1.0,30,warning_only,closed_all,1.2,2.0
BUY,4128.92,4126.04666,4131.13026,4131.13026,2.21026,0.76923,2.7,0.64,TARGET,2026-07-08 02:43:00,2026-07-08 02:40:00,2026-07-08 02:41:00,6,26,89,1.3,1.0,30,warning_only,closed_all,1.2,2.0
BUY,4129.73,4126.92725,4131.88596,4126.92725,-2.80275,-1.0,1.89,4.18,STOP,2026-07-08 02:48:00,2026-07-08 02:41:00,2026-07-08 02:42:00,6,26,89,1.3,1.0,30,warning_only,closed_all,1.2,2.0
BUY,4130.85,4128.19845,4132.88966,4132.88966,2.03966,0.76923,2.66,0.99,TARGET,2026-07-08 03:24:00,2026-07-08 03:21:00,2026-07-08 03:22:00,6,26,89,1.3,1.0,30,warning_only,closed_all,1.2,2.0
BUY,4078.04,4072.85794,4082.0262,4072.85794,-5.18206,-1.0,2.16,7.75,STOP,2026-07-08 10:42:00,2026-07-08 10:36:00,2026-07-08 10:37:00,6,26,89,1.3,1.0,30,warning_only,closed_all,1.2,2.0
BUY,4129.43,4127.19062,4131.66938,4127.19062,-2.23938,-1.0,1.25,3.19,STOP,2026-07-02 20:52:00,2026-07-02 20:47:00,2026-07-02 20:48:00,4,36,61,1.0,1.0,5,required,closed_all,1.8,2.0
BUY,4130.59,4128.39415,4132.78585,4128.39415,-2.19585,-1.0,0.09,3.38,STOP,2026-07-02 20:51:00,2026-07-02 20:48:00,2026-07-02 20:49:00,4,36,61,1.0,1.0,5,required,closed_all,1.8,2.0
BUY,4130.63,4128.44671,4132.81329,4128.44671,-2.18329,-1.0,0.05,3.42,STOP,2026-07-02 20:51:00,2026-07-02 20:49:00,2026-07-02 20:50:00,4,36,61,1.0,1.0,5,required,closed_all,1.8,2.0
BUY,4128.6,4126.31989,4130.88011,4130.88011,2.28011,1.0,3.12,1.59,TARGET,2026-07-02 20:56:00,2026-07-02 20:54:00,2026-07-02 20:55:00,4,36,61,1.0,1.0,5,required,closed_all,1.8,2.0
BUY,4131.32,4128.51143,4134.12857,4128.51143,-2.80857,-1.0,1.38,2.84,STOP,2026-07-02 21:05:00,2026-07-02 21:03:00,2026-07-02 21:04:00,4,36,61,1.0,1.0,5,required,closed_all,1.8,2.0
BUY,4134.23,4131.32194,4137.13806,4137.13806,2.90806,1.0,3.54,1.31,TARGET,2026-07-02 21:21:00,2026-07-02 21:17:00,2026-07-02 21:18:00,4,36,61,1.0,1.0,5,required,closed_all,1.8,2.0
BUY,4135.16,4132.29966,4138.02034,4138.02034,2.86034,1.0,3.34,1.83,TARGET,2026-07-02 21:22:00,2026-07-02 21:18:00,2026-07-02 21:19:00,4,36,61,1.0,1.0,5,required,closed_all,1.8,2.0
BUY,4181.49,4179.49003,4183.48997,4179.49003,-1.99997,-1.0,1.2,2.25,STOP,2026-07-02 23:35:00,2026-07-02 23:31:00,2026-07-02 23:32:00,4,36,61,1.0,1.0,5,required,closed_all,1.8,2.0
BUY,4181.41,4179.39799,4183.42201,4179.39799,-2.01201,-1.0,0.09,2.17,STOP,2026-07-02 23:35:00,2026-07-02 23:33:00,2026-07-02 23:34:00,4,36,61,1.0,1.0,5,required,closed_all,1.8,2.0
BUY,4183.58,4181.53322,4185.62678,4185.62678,2.04678,1.0,2.36,0.62,TARGET,2026-07-02 23:53:00,2026-07-02 23:52:00,2026-07-02 23:53:00,4,36,61,1.0,1.0,5,required,closed_all,1.8,2.0
BUY,4183.17,4181.38846,4184.95154,4181.38846,-1.78154,-1.0,0.61,1.8,STOP,2026-07-03 00:16:00,2026-07-03 00:13:00,2026-07-03 00:14:00,4,36,61,1.0,1.0,5,required,closed_all,1.8,2.0
BUY,4183.04,4181.4913,4184.5887,4181.4913,-1.5487,-1.0,0.02,1.65,STOP,2026-07-03 00:34:00,2026-07-03 00:33:00,2026-07-03 00:34:00,4,36,61,1.0,1.0,5,required,closed_all,1.8,2.0
BUY,4180.51,4179.19864,4181.82136,4179.19864,-1.31136,-1.0,0.56,2.08,STOP,2026-07-03 02:09:00,2026-07-03 02:06:00,2026-07-03 02:07:00,4,36,61,1.0,1.0,5,required,closed_all,1.8,2.0
BUY,4174.16,4172.38318,4175.93682,4172.38318,-1.77682,-1.0,0.02,2.71,STOP,2026-07-03 04:00:00,2026-07-03 03:58:00,2026-07-03 03:59:00,4,36,61,1.0,1.0,5,required,closed_all,1.8,2.0
BUY,4173.66,4171.73767,4175.58233,4175.58233,1.92233,1.0,3.09,0.53,TARGET,2026-07-03 04:05:00,2026-07-03 04:03:00,2026-07-03 04:04:00,4,36,61,1.0,1.0,5,required,closed_all,1.8,2.0
BUY,4174.9,4172.98855,4176.81145,4176.81145,1.91145,1.0,3.26,0.44,TARGET,2026-07-03 04:06:00,2026-07-03 04:04:00,2026-07-03 04:05:00,4,36,61,1.0,1.0,5,required,closed_all,1.8,2.0
BUY,4175.29,4173.5603,4177.0197,4177.0197,1.7297,1.0,2.93,1.62,TARGET,2026-07-03 04:34:00,2026-07-03 04:29:00,2026-07-03 04:30:00,4,36,61,1.0,1.0,5,required,closed_all,1.8,2.0
BUY,4175.84,4174.01736,4177.66264,4177.66264,1.82264,1.0,2.38,0.95,TARGET,2026-07-03 04:34:00,2026-07-03 04:32:00,2026-07-03 04:33:00,4,36,61,1.0,1.0,5,required,closed_all,1.8,2.0
BUY,4175.91,4174.1447,4177.6753,4177.6753,1.7653,1.0,2.31,0.27,TARGET,2026-07-03 04:34:00,2026-07-03 04:33:00,2026-07-03 04:34:00,4,36,61,1.0,1.0,5,required,closed_all,1.8,2.0
BUY,4183.11,4181.53753,4184.68247,4181.53753,-1.57247,-1.0,1.42,1.73,STOP,2026-07-03 05:30:00,2026-07-03 05:29:00,2026-07-03 05:30:00,4,36,61,1.0,1.0,5,required,closed_all,1.8,2.0
BUY,4183.96,4182.25586,4185.66414,4185.66414,1.70414,1.0,1.97,1.24,TARGET,2026-07-03 05:33:00,2026-07-03 05:32:00,2026-07-03 05:33:00,4,36,61,1.0,1.0,5,required,closed_all,1.8,2.0
BUY,4184.16,4182.44036,4185.87964,4182.44036,-1.71964,-1.0,1.11,3.83,STOP,2026-07-03 05:46:00,2026-07-03 05:44:00,2026-07-03 05:45:00,4,36,61,1.0,1.0,5,required,closed_all,1.8,2.0
BUY,4179.44,4178.26343,4180.61657,4178.26343,-1.17657,-1.0,0.1,1.47,STOP,2026-07-03 08:06:00,2026-07-03 08:05:00,2026-07-03 08:06:00,4,36,61,1.0,1.0,5,required,closed_all,1.8,2.0
BUY,4179.31,4176.75806,4181.86194,4181.86194,2.55194,1.0,3.12,0.32,TARGET,2026-07-05 19:23:00,2026-07-05 19:20:00,2026-07-05 19:21:00,4,36,61,1.0,1.0,5,required,closed_all,1.8,2.0
BUY,4189.53,4187.84895,4191.21105,4189.57,0.04,0.02379,1.61,0.37,TIME_EXIT,2026-07-05 20:25:00,2026-07-05 20:20:00,2026-07-05 20:21:00,4,36,61,1.0,1.0,5,required,closed_all,1.8,2.0
BUY,4191.06,4186.95522,4195.16478,4186.95522,-4.10478,-1.0,1.75,4.17,STOP,2026-07-05 22:04:00,2026-07-05 22:03:00,2026-07-05 22:04:00,4,36,61,1.0,1.0,5,required,closed_all,1.8,2.0
BUY,4187.79,4183.72381,4191.85619,4191.85619,4.06619,1.0,4.99,0.85,TARGET,2026-07-05 22:16:00,2026-07-05 22:13:00,2026-07-05 22:14:00,4,36,61,1.0,1.0,5,required,closed_all,1.8,2.0
BUY,4189.3,4185.35568,4193.24432,4185.35568,-3.94432,-1.0,3.48,5.08,STOP,2026-07-05 22:18:00,2026-07-05 22:14:00,2026-07-05 22:15:00,4,36,61,1.0,1.0,5,required,closed_all,1.8,2.0
BUY,4191.31,4187.43456,4195.18544,4187.43456,-3.87544,-1.0,1.47,5.52,STOP,2026-07-05 22:17:00,2026-07-05 22:15:00,2026-07-05 22:16:00,4,36,61,1.0,1.0,5,required,closed_all,1.8,2.0
BUY,4188.85,4185.03247,4192.66753,4185.03247,-3.81753,-1.0,1.62,5.64,STOP,2026-07-05 22:21:00,2026-07-05 22:19:00,2026-07-05 22:20:00,4,36,61,1.0,1.0,5,required,closed_all,1.8,2.0
BUY,4185.64,4182.01471,4189.26529,4189.26529,3.62529,1.0,4.02,1.32,TARGET,2026-07-05 22:28:00,2026-07-05 22:25:00,2026-07-05 22:26:00,4,36,61,1.0,1.0,5,required,closed_all,1.8,2.0
BUY,4187.16,4183.5908,4190.7292,4190.7292,3.5692,1.0,4.41,2.59,TARGET,2026-07-05 22:30:00,2026-07-05 22:26:00,2026-07-05 22:27:00,4,36,61,1.0,1.0,5,required,closed_all,1.8,2.0
BUY,4188.14,4184.57074,4191.70926,4191.70926,3.56926,1.0,6.24,2.27,TARGET,2026-07-05 22:32:00,2026-07-05 22:27:00,2026-07-05 22:28:00,4,36,61,1.0,1.0,5,required,closed_all,1.8,2.0
BUY,4189.71,4186.19819,4193.22181,4193.22181,3.51181,1.0,4.67,2.34,TARGET,2026-07-05 22:32:00,2026-07-05 22:29:00,2026-07-05 22:30:00,4,36,61,1.0,1.0,5,required,closed_all,1.8,2.0
BUY,4190.51,4187.0141,4194.0059,4194.0059,3.4959,1.0,3.87,1.33,TARGET,2026-07-05 22:32:00,2026-07-05 22:31:00,2026-07-05 22:32:00,4,36,61,1.0,1.0,5,required,closed_all,1.8,2.0
BUY,4163.07,4162.01786,4164.12214,4164.12214,1.05214,1.0,2.19,0.13,TARGET,2026-07-06 16:00:00,2026-07-06 15:55:00,2026-07-06 15:56:00,4,36,61,1.0,1.0,5,required,closed_all,1.8,2.0
BUY,4163.65,4162.6223,4164.6777,4164.6777,1.0277,1.0,1.61,0.68,TARGET,2026-07-06 16:00:00,2026-07-06 15:56:00,2026-07-06 15:57:00,4,36,61,1.0,1.0,5,required,closed_all,1.8,2.0
BUY,4163.81,4162.84464,4164.77536,4164.77536,0.96536,1.0,1.45,0.19,TARGET,2026-07-06 16:00:00,2026-07-06 15:59:00,2026-07-06 16:00:00,4,36,61,1.0,1.0,5,required,closed_all,1.8,2.0
BUY,4161.96,4160.94054,4162.97946,4162.46,0.5,0.49046,0.75,0.57,TIME_EXIT,2026-07-06 16:28:00,2026-07-06 16:23:00,2026-07-06 16:24:00,4,36,61,1.0,1.0,5,required,closed_all,1.8,2.0
BUY,4162.39,4161.43006,4163.34994,4161.43006,-0.95994,-1.0,0.85,1.05,STOP,2026-07-06 16:31:00,2026-07-06 16:26:00,2026-07-06 16:27:00,4,36,61,1.0,1.0,5,required,closed_all,1.8,2.0
BUY,4162.71,4161.74393,4163.67607,4161.74393,-0.96607,-1.0,0.53,1.14,STOP,2026-07-06 16:30:00,2026-07-06 16:28:00,2026-07-06 16:29:00,4,36,61,1.0,1.0,5,required,closed_all,1.8,2.0
BUY,4162.82,4161.66122,4163.97878,4163.97878,1.15878,1.0,1.68,0.81,TARGET,2026-07-06 17:00:00,2026-07-06 16:58:00,2026-07-06 16:59:00,4,36,61,1.0,1.0,5,required,closed_all,1.8,2.0
BUY,4163.8,4162.59613,4165.00387,4162.59613,-1.20387,-1.0,0.7,1.45,STOP,2026-07-06 17:03:00,2026-07-06 16:59:00,2026-07-06 17:00:00,4,36,61,1.0,1.0,5,required,closed_all,1.8,2.0
BUY,4162.75,4162.03601,4163.46399,4163.18,0.43,0.60225,0.65,0.38,TIME_EXIT,2026-07-06 17:31:00,2026-07-06 17:26:00,2026-07-06 17:27:00,4,36,61,1.0,1.0,5,required,closed_all,1.8,2.0
BUY,4162.96,4162.28885,4163.63115,4163.63115,0.67115,1.0,1.44,0.59,TARGET,2026-07-06 17:33:00,2026-07-06 17:28:00,2026-07-06 17:29:00,4,36,61,1.0,1.0,5,required,closed_all,1.8,2.0
BUY,4163.33,4162.73637,4163.92363,4163.92363,0.59363,1.0,0.82,0.2,TARGET,2026-07-06 17:51:00,2026-07-06 17:47:00,2026-07-06 17:48:00,4,36,61,1.0,1.0,5,required,closed_all,1.8,2.0
BUY,4163.87,4163.28889,4164.45111,4164.45111,0.58111,1.0,0.8,0.38,TARGET,2026-07-06 17:53:00,2026-07-06 17:50:00,2026-07-06 17:51:00,4,36,61,1.0,1.0,5,required,closed_all,1.8,2.0
BUY,4166.32,4165.33853,4167.30147,4166.89,0.57,0.58076,0.79,0.7,TIME_EXIT,2026-07-06 19:19:00,2026-07-06 19:14:00,2026-07-06 19:15:00,4,36,61,1.0,1.0,5,required,closed_all,1.8,2.0
BUY,4166.09,4165.40763,4166.77237,4166.77237,0.68237,1.0,0.83,0.24,TARGET,2026-07-06 19:31:00,2026-07-06 19:29:00,2026-07-06 19:30:00,4,36,61,1.0,1.0,5,required,closed_all,1.8,2.0
BUY,4166.33,4165.66209,4166.99791,4166.99791,0.66791,1.0,1.17,0.3,TARGET,2026-07-06 19:32:00,2026-07-06 19:30:00,2026-07-06 19:31:00,4,36,61,1.0,1.0,5,required,closed_all,1.8,2.0
BUY,4136.65,4135.21076,4138.08924,4138.08924,1.43924,1.0,5.41,1.32,TARGET,2026-07-07 08:18:00,2026-07-07 08:16:00,2026-07-07 08:17:00,4,36,61,1.0,1.0,5,required,closed_all,1.8,2.0
BUY,4136.9,4135.45142,4138.34858,4138.34858,1.44858,1.0,5.16,0.04,TARGET,2026-07-07 08:18:00,2026-07-07 08:17:00,2026-07-07 08:18:00,4,36,61,1.0,1.0,5,required,closed_all,1.8,2.0
BUY,4170.2,4167.08761,4173.31239,4171.55,1.35,0.43375,2.2,2.2,TIME_EXIT,2026-07-07 10:21:00,2026-07-07 10:16:00,2026-07-07 10:17:00,4,36,61,1.0,1.0,5,required,closed_all,1.8,2.0
BUY,4171.65,4168.80912,4174.49088,4174.49088,2.84088,1.0,8.17,0.53,TARGET,2026-07-07 10:36:00,2026-07-07 10:35:00,2026-07-07 10:36:00,4,36,61,1.0,1.0,5,required,closed_all,1.8,2.0
BUY,4127.37,4125.42062,4129.31938,4125.42062,-1.94938,-1.0,0.01,2.66,STOP,2026-07-08 01:25:00,2026-07-08 01:22:00,2026-07-08 01:23:00,4,36,61,1.0,1.0,5,required,closed_all,1.8,2.0
BUY,4126.98,4125.14792,4128.81208,4125.14792,-1.83208,-1.0,0.19,2.61,STOP,2026-07-08 01:30:00,2026-07-08 01:25:00,2026-07-08 01:26:00,4,36,61,1.0,1.0,5,required,closed_all,1.8,2.0
BUY,4126.3,4124.57907,4128.02093,4124.57907,-1.72093,-1.0,0.82,1.93,STOP,2026-07-08 01:30:00,2026-07-08 01:27:00,2026-07-08 01:28:00,4,36,61,1.0,1.0,5,required,closed_all,1.8,2.0
BUY,4127.36,4125.58226,4129.13774,4125.58226,-1.77774,-1.0,0.79,2.1,STOP,2026-07-08 01:33:00,2026-07-08 01:31:00,2026-07-08 01:32:00,4,36,61,1.0,1.0,5,required,closed_all,1.8,2.0
BUY,4127.05,4125.49483,4128.60517,4125.49483,-1.55517,-1.0,0.35,2.05,STOP,2026-07-08 02:03:00,2026-07-08 02:00:00,2026-07-08 02:01:00,4,36,61,1.0,1.0,5,required,closed_all,1.8,2.0
BUY,4127.94,4126.39918,4129.48082,4129.48082,1.54082,1.0,2.66,0.18,TARGET,2026-07-08 02:05:00,2026-07-08 02:04:00,2026-07-08 02:05:00,4,36,61,1.0,1.0,5,required,closed_all,1.8,2.0
BUY,4128.26,4126.14808,4130.37192,4130.37192,2.11192,1.0,2.82,1.7,TARGET,2026-07-08 02:42:00,2026-07-08 02:37:00,2026-07-08 02:38:00,4,36,61,1.0,1.0,5,required,closed_all,1.8,2.0
BUY,4128.92,4126.70974,4131.13026,4131.13026,2.21026,1.0,2.7,0.64,TARGET,2026-07-08 02:43:00,2026-07-08 02:40:00,2026-07-08 02:41:00,4,36,61,1.0,1.0,5,required,closed_all,1.8,2.0
BUY,4129.73,4127.57404,4131.88596,4129.19,-0.54,-0.25047,1.89,2.07,TIME_EXIT,2026-07-08 02:46:00,2026-07-08 02:41:00,2026-07-08 02:42:00,4,36,61,1.0,1.0,5,required,closed_all,1.8,2.0
BUY,4128.02,4126.13207,4129.90793,4128.18,0.16,0.08475,1.17,1.59,TIME_EXIT,2026-07-08 03:01:00,2026-07-08 02:56:00,2026-07-08 02:57:00,4,36,61,1.0,1.0,5,required,closed_all,1.8,2.0
BUY,4130.85,4128.81034,4132.88966,4132.88966,2.03966,1.0,2.66,0.99,TARGET,2026-07-08 03:24:00,2026-07-08 03:21:00,2026-07-08 03:22:00,4,36,61,1.0,1.0,5,required,closed_all,1.8,2.0
BUY,4131.4,4129.43979,4133.36021,4133.36021,1.96021,1.0,2.11,0.44,TARGET,2026-07-08 03:24:00,2026-07-08 03:23:00,2026-07-08 03:24:00,4,36,61,1.0,1.0,5,required,closed_all,1.8,2.0
BUY,4128.89,4124.32046,4131.74596,4131.74596,2.85596,0.625,6.43,2.32,TARGET,2026-07-02 21:13:00,2026-07-02 21:09:00,2026-07-02 21:10:00,7,40,90,1.6,1.0,5,required,closed_all,1.2,2.0
BUY,4134.23,4129.57711,4137.13806,4137.13806,2.90806,0.625,3.54,1.31,TARGET,2026-07-02 21:21:00,2026-07-02 21:17:00,2026-07-02 21:18:00,7,40,90,1.6,1.0,5,required,closed_all,1.2,2.0
BUY,4175.29,4172.52248,4177.0197,4177.0197,1.7297,0.625,2.93,1.62,TARGET,2026-07-03 04:34:00,2026-07-03 04:29:00,2026-07-03 04:30:00,7,40,90,1.6,1.0,5,required,closed_all,1.2,2.0
BUY,4175.84,4172.92378,4177.66264,4177.66264,1.82264,0.625,2.38,0.95,TARGET,2026-07-03 04:34:00,2026-07-03 04:32:00,2026-07-03 04:33:00,7,40,90,1.6,1.0,5,required,closed_all,1.2,2.0
BUY,4175.91,4173.08551,4177.6753,4177.6753,1.7653,0.625,2.31,0.27,TARGET,2026-07-03 04:34:00,2026-07-03 04:33:00,2026-07-03 04:34:00,7,40,90,1.6,1.0,5,required,closed_all,1.2,2.0
BUY,4183.57,4180.7977,4185.30269,4180.7977,-2.7723,-1.0,1.7,3.24,STOP,2026-07-03 05:46:00,2026-07-03 05:43:00,2026-07-03 05:44:00,7,40,90,1.6,1.0,5,required,closed_all,1.2,2.0
BUY,4179.44,4177.55749,4180.61657,4177.55749,-1.88251,-1.0,0.1,2.02,STOP,2026-07-03 08:07:00,2026-07-03 08:05:00,2026-07-03 08:06:00,7,40,90,1.6,1.0,5,required,closed_all,1.2,2.0
BUY,4189.3,4182.98909,4193.24432,4188.63,-0.67,-0.10617,3.48,5.08,TIME_EXIT,2026-07-05 22:19:00,2026-07-05 22:14:00,2026-07-05 22:15:00,7,40,90,1.6,1.0,5,required,closed_all,1.2,2.0
BUY,4191.31,4185.1093,4195.18544,4185.1093,-6.2007,-1.0,1.47,7.09,STOP,2026-07-05 22:18:00,2026-07-05 22:15:00,2026-07-05 22:16:00,7,40,90,1.6,1.0,5,required,closed_all,1.2,2.0
BUY,4188.85,4182.74196,4192.66753,4182.74196,-6.10804,-1.0,1.62,7.36,STOP,2026-07-05 22:22:00,2026-07-05 22:19:00,2026-07-05 22:20:00,7,40,90,1.6,1.0,5,required,closed_all,1.2,2.0
BUY,4185.64,4179.83953,4189.26529,4189.26529,3.62529,0.625,4.02,1.32,TARGET,2026-07-05 22:28:00,2026-07-05 22:25:00,2026-07-05 22:26:00,7,40,90,1.6,1.0,5,required,closed_all,1.2,2.0
BUY,4187.16,4181.44928,4190.7292,4190.7292,3.5692,0.625,4.41,2.59,TARGET,2026-07-05 22:30:00,2026-07-05 22:26:00,2026-07-05 22:27:00,7,40,90,1.6,1.0,5,required,closed_all,1.2,2.0
BUY,4188.14,4182.42919,4191.70926,4191.70926,3.56926,0.625,6.24,2.27,TARGET,2026-07-05 22:32:00,2026-07-05 22:27:00,2026-07-05 22:28:00,7,40,90,1.6,1.0,5,required,closed_all,1.2,2.0
BUY,4189.71,4184.0911,4193.22181,4193.22181,3.51181,0.625,4.67,2.34,TARGET,2026-07-05 22:32:00,2026-07-05 22:29:00,2026-07-05 22:30:00,7,40,90,1.6,1.0,5,required,closed_all,1.2,2.0
BUY,4190.51,4184.91656,4194.0059,4194.0059,3.4959,0.625,3.87,1.33,TARGET,2026-07-05 22:32:00,2026-07-05 22:31:00,2026-07-05 22:32:00,7,40,90,1.6,1.0,5,required,closed_all,1.2,2.0
BUY,4162.39,4160.8541,4163.34994,4162.71,0.32,0.20835,0.85,1.05,TIME_EXIT,2026-07-06 16:31:00,2026-07-06 16:26:00,2026-07-06 16:27:00,7,40,90,1.6,1.0,5,required,closed_all,1.2,2.0
BUY,4162.71,4161.16429,4163.67607,4161.74,-0.97,-0.62754,0.53,1.37,TIME_EXIT,2026-07-06 16:33:00,2026-07-06 16:28:00,2026-07-06 16:29:00,7,40,90,1.6,1.0,5,required,closed_all,1.2,2.0
BUY,4162.57,4161.12839,4163.471,4163.471,0.901,0.625,1.19,0.62,TARGET,2026-07-06 16:49:00,2026-07-06 16:46:00,2026-07-06 16:47:00,7,40,90,1.6,1.0,5,required,closed_all,1.2,2.0
BUY,4162.75,4161.60761,4163.46399,4163.18,0.43,0.37641,0.65,0.38,TIME_EXIT,2026-07-06 17:31:00,2026-07-06 17:26:00,2026-07-06 17:27:00,7,40,90,1.6,1.0,5,required,closed_all,1.2,2.0
BUY,4162.96,4161.88617,4163.63115,4163.63115,0.67115,0.625,1.44,0.59,TARGET,2026-07-06 17:33:00,2026-07-06 17:28:00,2026-07-06 17:29:00,7,40,90,1.6,1.0,5,required,closed_all,1.2,2.0
BUY,4163.33,4162.3802,4163.92363,4163.92363,0.59363,0.625,0.82,0.2,TARGET,2026-07-06 17:51:00,2026-07-06 17:47:00,2026-07-06 17:48:00,7,40,90,1.6,1.0,5,required,closed_all,1.2,2.0
BUY,4127.19,4123.75531,4129.33668,4129.33668,2.14668,0.625,2.97,0.59,TARGET,2026-07-08 02:38:00,2026-07-08 02:36:00,2026-07-08 02:37:00,7,40,90,1.6,1.0,5,required,closed_all,1.2,2.0
BUY,4128.26,4124.88093,4130.37192,4130.37192,2.11192,0.625,2.82,1.7,TARGET,2026-07-08 02:42:00,2026-07-08 02:37:00,2026-07-08 02:38:00,7,40,90,1.6,1.0,5,required,closed_all,1.2,2.0
BUY,4128.92,4125.38358,4131.13026,4131.13026,2.21026,0.625,2.7,0.64,TARGET,2026-07-08 02:43:00,2026-07-08 02:40:00,2026-07-08 02:41:00,7,40,90,1.6,1.0,5,required,closed_all,1.2,2.0
BUY,4129.73,4126.28046,4131.88596,4129.19,-0.54,-0.15654,1.89,2.07,TIME_EXIT,2026-07-08 02:46:00,2026-07-08 02:41:00,2026-07-08 02:42:00,7,40,90,1.6,1.0,5,required,closed_all,1.2,2.0
BUY,4130.85,4127.58655,4132.88966,4132.88966,2.03966,0.625,2.66,0.99,TARGET,2026-07-08 03:24:00,2026-07-08 03:21:00,2026-07-08 03:22:00,7,40,90,1.6,1.0,5,required,closed_all,1.2,2.0
BUY,4128.89,4126.03404,4131.74596,4131.74596,2.85596,1.0,6.43,2.32,TARGET,2026-07-02 21:13:00,2026-07-02 21:09:00,2026-07-02 21:10:00,6,36,76,1.0,1.0,20,warning_only,closed_all,1.2,0.8
BUY,4185.64,4182.01471,4189.26529,4189.26529,3.62529,1.0,4.02,1.32,TARGET,2026-07-05 22:28:00,2026-07-05 22:25:00,2026-07-05 22:26:00,6,36,76,1.0,1.0,20,warning_only,closed_all,1.2,0.8
BUY,4187.16,4183.5908,4190.7292,4190.7292,3.5692,1.0,4.41,2.59,TARGET,2026-07-05 22:30:00,2026-07-05 22:26:00,2026-07-05 22:27:00,6,36,76,1.0,1.0,20,warning_only,closed_all,1.2,0.8
BUY,4108.98,4106.33815,4111.62185,4111.62185,2.64185,1.0,3.24,0.87,TARGET,2026-07-07 23:06:00,2026-07-07 23:05:00,2026-07-07 23:06:00,6,36,76,1.0,1.0,20,warning_only,closed_all,1.2,0.8
BUY,4127.19,4125.04332,4129.33668,4129.33668,2.14668,1.0,2.97,0.59,TARGET,2026-07-08 02:38:00,2026-07-08 02:36:00,2026-07-08 02:37:00,6,36,76,1.0,1.0,20,warning_only,closed_all,1.2,0.8
BUY,4128.26,4126.14808,4130.37192,4130.37192,2.11192,1.0,2.82,1.7,TARGET,2026-07-08 02:42:00,2026-07-08 02:37:00,2026-07-08 02:38:00,6,36,76,1.0,1.0,20,warning_only,closed_all,1.2,0.8
BUY,4078.04,4074.0538,4082.0262,4074.0538,-3.9862,-1.0,2.16,7.75,STOP,2026-07-08 10:42:00,2026-07-08 10:36:00,2026-07-08 10:37:00,6,36,76,1.0,1.0,20,warning_only,closed_all,1.2,0.8
BUY,4185.64,4179.83953,4189.26529,4189.26529,3.62529,0.625,4.02,1.32,TARGET,2026-07-05 22:28:00,2026-07-05 22:25:00,2026-07-05 22:26:00,6,35,64,1.6,1.0,5,warning_only,closed_all,0.8,0.8
BUY,4187.16,4181.44928,4190.7292,4190.7292,3.5692,0.625,4.41,2.59,TARGET,2026-07-05 22:30:00,2026-07-05 22:26:00,2026-07-05 22:27:00,6,35,64,1.6,1.0,5,warning_only,closed_all,0.8,0.8
BUY,4108.98,4104.75303,4111.62185,4111.62185,2.64185,0.625,3.24,0.87,TARGET,2026-07-07 23:06:00,2026-07-07 23:05:00,2026-07-07 23:06:00,6,35,64,1.6,1.0,5,warning_only,closed_all,0.8,0.8
BUY,4126.3,4123.54652,4128.02093,4128.02093,1.72093,0.625,1.85,1.93,TARGET,2026-07-08 01:32:00,2026-07-08 01:27:00,2026-07-08 01:28:00,6,35,64,1.6,1.0,5,warning_only,closed_all,0.8,0.8
BUY,4128.26,4124.88093,4130.37192,4130.37192,2.11192,0.625,2.82,1.7,TARGET,2026-07-08 02:42:00,2026-07-08 02:37:00,2026-07-08 02:38:00,6,35,64,1.6,1.0,5,warning_only,closed_all,0.8,0.8
BUY,4128.89,4126.03404,4131.17477,4131.17477,2.28477,0.8,6.43,2.32,TARGET,2026-07-02 21:13:00,2026-07-02 21:09:00,2026-07-02 21:10:00,8,26,94,1.0,0.8,5,required,closed_all,1.2,0.8
BUY,4185.64,4182.01471,4188.54024,4188.54024,2.90024,0.8,4.02,1.32,TARGET,2026-07-05 22:28:00,2026-07-05 22:25:00,2026-07-05 22:26:00,8,26,94,1.0,0.8,5,required,closed_all,1.2,0.8
BUY,4187.16,4183.5908,4190.01536,4190.01536,2.85536,0.8,4.41,2.59,TARGET,2026-07-05 22:30:00,2026-07-05 22:26:00,2026-07-05 22:27:00,8,26,94,1.0,0.8,5,required,closed_all,1.2,0.8
BUY,4127.19,4125.04332,4128.90735,4128.90735,1.71735,0.8,2.97,0.59,TARGET,2026-07-08 02:38:00,2026-07-08 02:36:00,2026-07-08 02:37:00,8,26,94,1.0,0.8,5,required,closed_all,1.2,0.8
BUY,4128.26,4126.14808,4129.94954,4129.94954,1.68954,0.8,1.9,1.34,TARGET,2026-07-08 02:38:00,2026-07-08 02:37:00,2026-07-08 02:38:00,8,26,94,1.0,0.8,5,required,closed_all,1.2,0.8
BUY,4128.89,4126.03404,4131.17477,4131.17477,2.28477,0.8,6.43,2.32,TARGET,2026-07-02 21:13:00,2026-07-02 21:09:00,2026-07-02 21:10:00,8,23,94,1.0,0.8,15,required,closed_all,1.2,1.2
BUY,4173.66,4171.73767,4175.19786,4175.19786,1.53786,0.8,3.09,0.53,TARGET,2026-07-03 04:05:00,2026-07-03 04:03:00,2026-07-03 04:04:00,8,23,94,1.0,0.8,15,required,closed_all,1.2,1.2
BUY,4187.79,4183.72381,4191.04295,4191.04295,3.25295,0.8,3.52,0.85,TARGET,2026-07-05 22:15:00,2026-07-05 22:13:00,2026-07-05 22:14:00,8,23,94,1.0,0.8,15,required,closed_all,1.2,1.2
BUY,4185.64,4182.01471,4188.54024,4188.54024,2.90024,0.8,4.02,1.32,TARGET,2026-07-05 22:28:00,2026-07-05 22:25:00,2026-07-05 22:26:00,8,23,94,1.0,0.8,15,required,closed_all,1.2,1.2
BUY,4187.16,4183.5908,4190.01536,4190.01536,2.85536,0.8,4.41,2.59,TARGET,2026-07-05 22:30:00,2026-07-05 22:26:00,2026-07-05 22:27:00,8,23,94,1.0,0.8,15,required,closed_all,1.2,1.2
BUY,4188.14,4184.57074,4190.99541,4190.99541,2.85541,0.8,3.43,2.27,TARGET,2026-07-05 22:30:00,2026-07-05 22:27:00,2026-07-05 22:28:00,8,23,94,1.0,0.8,15,required,closed_all,1.2,1.2
BUY,4127.19,4125.04332,4128.90735,4128.90735,1.71735,0.8,2.97,0.59,TARGET,2026-07-08 02:38:00,2026-07-08 02:36:00,2026-07-08 02:37:00,8,23,94,1.0,0.8,15,required,closed_all,1.2,1.2
BUY,4128.26,4126.14808,4129.94954,4129.94954,1.68954,0.8,1.9,1.34,TARGET,2026-07-08 02:38:00,2026-07-08 02:37:00,2026-07-08 02:38:00,8,23,94,1.0,0.8,15,required,closed_all,1.2,1.2
BUY,4127.19,4124.39931,4129.98069,4129.98069,2.79069,1.0,2.97,0.59,TARGET,2026-07-08 02:38:00,2026-07-08 02:36:00,2026-07-08 02:37:00,5,23,87,1.3,1.3,15,required,closed_all,0.8,1.2
BUY,4128.26,4125.5145,4131.0055,4131.0055,2.7455,1.0,2.82,1.7,TARGET,2026-07-08 02:42:00,2026-07-08 02:37:00,2026-07-08 02:38:00,5,23,87,1.3,1.3,15,required,closed_all,0.8,1.2
BUY,4134.23,4130.44953,4138.01047,4138.01047,3.78047,1.0,4.27,1.31,TARGET,2026-07-02 21:22:00,2026-07-02 21:17:00,2026-07-02 21:18:00,6,29,97,1.3,1.3,15,warning_only,closed_all,1.2,2.0
BUY,4180.51,4178.80523,4182.21477,4178.80523,-1.70477,-1.0,0.56,2.08,STOP,2026-07-03 02:09:00,2026-07-03 02:06:00,2026-07-03 02:07:00,6,29,97,1.3,1.3,15,warning_only,closed_all,1.2,2.0
BUY,4173.66,4171.16097,4176.15903,4176.15903,2.49903,1.0,3.09,0.53,TARGET,2026-07-03 04:05:00,2026-07-03 04:03:00,2026-07-03 04:04:00,6,29,97,1.3,1.3,15,warning_only,closed_all,1.2,2.0
BUY,4174.9,4172.41512,4177.38488,4177.38488,2.48488,1.0,3.26,0.44,TARGET,2026-07-03 04:06:00,2026-07-03 04:04:00,2026-07-03 04:05:00,6,29,97,1.3,1.3,15,warning_only,closed_all,1.2,2.0
BUY,4175.29,4173.04139,4177.53861,4177.53861,2.24861,1.0,2.93,1.62,TARGET,2026-07-03 04:34:00,2026-07-03 04:29:00,2026-07-03 04:30:00,6,29,97,1.3,1.3,15,warning_only,closed_all,1.2,2.0
BUY,4175.84,4173.47057,4178.20943,4178.20943,2.36943,1.0,2.38,0.95,TARGET,2026-07-03 04:34:00,2026-07-03 04:32:00,2026-07-03 04:33:00,6,29,97,1.3,1.3,15,warning_only,closed_all,1.2,2.0
BUY,4175.91,4173.6151,4178.2049,4178.2049,2.2949,1.0,2.31,0.27,TARGET,2026-07-03 04:34:00,2026-07-03 04:33:00,2026-07-03 04:34:00,6,29,97,1.3,1.3,15,warning_only,closed_all,1.2,2.0
BUY,4179.44,4177.91046,4180.96954,4177.91046,-1.52954,-1.0,0.1,2.02,STOP,2026-07-03 08:07:00,2026-07-03 08:05:00,2026-07-03 08:06:00,6,29,97,1.3,1.3,15,warning_only,closed_all,1.2,2.0
BUY,4187.79,4182.50396,4193.07604,4182.50396,-5.28604,-1.0,4.99,6.3,STOP,2026-07-05 22:22:00,2026-07-05 22:13:00,2026-07-05 22:14:00,6,29,97,1.3,1.3,15,warning_only,closed_all,1.2,2.0
BUY,4189.3,4184.17239,4194.42761,4184.17239,-5.12761,-1.0,3.48,6.09,STOP,2026-07-05 22:21:00,2026-07-05 22:14:00,2026-07-05 22:15:00,6,29,97,1.3,1.3,15,warning_only,closed_all,1.2,2.0
BUY,4191.31,4186.27193,4196.34807,4186.27193,-5.03807,-1.0,1.47,5.52,STOP,2026-07-05 22:17:00,2026-07-05 22:15:00,2026-07-05 22:16:00,6,29,97,1.3,1.3,15,warning_only,closed_all,1.2,2.0
BUY,4188.85,4183.88722,4193.81278,4183.88722,-4.96278,-1.0,1.62,5.64,STOP,2026-07-05 22:21:00,2026-07-05 22:19:00,2026-07-05 22:20:00,6,29,97,1.3,1.3,15,warning_only,closed_all,1.2,2.0
BUY,4185.64,4180.92712,4190.35288,4190.35288,4.71288,1.0,5.93,1.32,TARGET,2026-07-05 22:30:00,2026-07-05 22:25:00,2026-07-05 22:26:00,6,29,97,1.3,1.3,15,warning_only,closed_all,1.2,2.0
BUY,4187.16,4182.52004,4191.79996,4191.79996,4.63996,1.0,7.22,2.59,TARGET,2026-07-05 22:32:00,2026-07-05 22:26:00,2026-07-05 22:27:00,6,29,97,1.3,1.3,15,warning_only,closed_all,1.2,2.0
BUY,4188.14,4183.49996,4192.78004,4192.78004,4.64004,1.0,6.24,2.27,TARGET,2026-07-05 22:32:00,2026-07-05 22:27:00,2026-07-05 22:28:00,6,29,97,1.3,1.3,15,warning_only,closed_all,1.2,2.0
BUY,4189.71,4185.14465,4194.27535,4194.27535,4.56535,1.0,4.67,2.34,TARGET,2026-07-05 22:32:00,2026-07-05 22:29:00,2026-07-05 22:30:00,6,29,97,1.3,1.3,15,warning_only,closed_all,1.2,2.0
BUY,4190.51,4185.96533,4195.05467,4195.05467,4.54467,1.0,7.26,1.33,TARGET,2026-07-05 22:34:00,2026-07-05 22:31:00,2026-07-05 22:32:00,6,29,97,1.3,1.3,15,warning_only,closed_all,1.2,2.0
BUY,4156.92,4154.96432,4158.87568,4154.96432,-1.95568,-1.0,1.31,2.28,STOP,2026-07-06 09:10:00,2026-07-06 09:05:00,2026-07-06 09:06:00,6,29,97,1.3,1.3,15,warning_only,closed_all,1.2,2.0
BUY,4161.96,4160.63471,4163.28529,4160.63471,-1.32529,-1.0,1.28,1.85,STOP,2026-07-06 16:35:00,2026-07-06 16:23:00,2026-07-06 16:24:00,6,29,97,1.3,1.3,15,warning_only,closed_all,1.2,2.0
BUY,4162.39,4161.14208,4163.63792,4161.14208,-1.24792,-1.0,0.85,2.28,STOP,2026-07-06 16:35:00,2026-07-06 16:26:00,2026-07-06 16:27:00,6,29,97,1.3,1.3,15,warning_only,closed_all,1.2,2.0
BUY,4162.75,4161.82181,4163.67819,4163.67819,0.92819,1.0,1.65,0.38,TARGET,2026-07-06 17:33:00,2026-07-06 17:26:00,2026-07-06 17:27:00,6,29,97,1.3,1.3,15,warning_only,closed_all,1.2,2.0
BUY,4162.96,4162.08751,4163.83249,4163.83249,0.87249,1.0,1.44,0.59,TARGET,2026-07-06 17:33:00,2026-07-06 17:28:00,2026-07-06 17:29:00,6,29,97,1.3,1.3,15,warning_only,closed_all,1.2,2.0
BUY,4133.13,4131.09613,4135.16387,4135.16387,2.03387,1.0,3.52,1.2,TARGET,2026-07-07 07:18:00,2026-07-07 07:06:00,2026-07-07 07:07:00,6,29,97,1.3,1.3,15,warning_only,closed_all,1.2,2.0
BUY,4146.33,4144.57417,4148.08583,4144.57417,-1.75583,-1.0,1.33,2.93,STOP,2026-07-07 14:50:00,2026-07-07 14:40:00,2026-07-07 14:41:00,6,29,97,1.3,1.3,15,warning_only,closed_all,1.2,2.0
BUY,4108.98,4105.54559,4112.41441,4112.41441,3.43441,1.0,6.37,0.87,TARGET,2026-07-07 23:07:00,2026-07-07 23:05:00,2026-07-07 23:06:00,6,29,97,1.3,1.3,15,warning_only,closed_all,1.2,2.0
BUY,4127.37,4124.8358,4129.9042,4124.8358,-2.5342,-1.0,0.01,2.66,STOP,2026-07-08 01:25:00,2026-07-08 01:22:00,2026-07-08 01:23:00,6,29,97,1.3,1.3,15,warning_only,closed_all,1.2,2.0
BUY,4126.3,4124.06279,4128.53721,4124.06279,-2.23721,-1.0,1.85,2.24,STOP,2026-07-08 01:41:00,2026-07-08 01:27:00,2026-07-08 01:28:00,6,29,97,1.3,1.3,15,warning_only,closed_all,1.2,2.0
BUY,4127.94,4125.93693,4129.94307,4129.94307,2.00307,1.0,2.66,0.18,TARGET,2026-07-08 02:05:00,2026-07-08 02:04:00,2026-07-08 02:05:00,6,29,97,1.3,1.3,15,warning_only,closed_all,1.2,2.0
BUY,4128.76,4126.2922,4131.2278,4126.2922,-2.4678,-1.0,0.21,5.07,STOP,2026-07-08 02:21:00,2026-07-08 02:18:00,2026-07-08 02:19:00,6,29,97,1.3,1.3,15,warning_only,closed_all,1.2,2.0
BUY,4127.19,4124.39931,4129.98069,4129.98069,2.79069,1.0,2.97,0.59,TARGET,2026-07-08 02:38:00,2026-07-08 02:36:00,2026-07-08 02:37:00,6,29,97,1.3,1.3,15,warning_only,closed_all,1.2,2.0
BUY,4128.26,4125.5145,4131.0055,4131.0055,2.7455,1.0,2.82,1.7,TARGET,2026-07-08 02:42:00,2026-07-08 02:37:00,2026-07-08 02:38:00,6,29,97,1.3,1.3,15,warning_only,closed_all,1.2,2.0
BUY,4128.92,4126.04666,4131.79334,4126.04666,-2.87334,-1.0,2.7,3.37,STOP,2026-07-08 02:48:00,2026-07-08 02:40:00,2026-07-08 02:41:00,6,29,97,1.3,1.3,15,warning_only,closed_all,1.2,2.0
BUY,4129.73,4126.92725,4132.53275,4126.92725,-2.80275,-1.0,1.89,4.18,STOP,2026-07-08 02:48:00,2026-07-08 02:41:00,2026-07-08 02:42:00,6,29,97,1.3,1.3,15,warning_only,closed_all,1.2,2.0
BUY,4130.85,4128.19845,4133.50155,4133.50155,2.65155,1.0,2.66,0.99,TARGET,2026-07-08 03:24:00,2026-07-08 03:21:00,2026-07-08 03:22:00,6,29,97,1.3,1.3,15,warning_only,closed_all,1.2,2.0
BUY,4129.43,4125.84699,4131.2215,4125.84699,-3.58301,-1.0,1.25,5.03,STOP,2026-07-02 20:53:00,2026-07-02 20:47:00,2026-07-02 20:48:00,4,23,71,1.6,0.8,10,required,closed_all,1.8,2.0
BUY,4130.59,4127.07664,4132.34668,4127.07664,-3.51336,-1.0,0.09,4.35,STOP,2026-07-02 20:52:00,2026-07-02 20:48:00,2026-07-02 20:49:00,4,23,71,1.6,0.8,10,required,closed_all,1.8,2.0
BUY,4130.63,4127.13673,4132.37663,4127.13673,-3.49327,-1.0,0.05,4.39,STOP,2026-07-02 20:52:00,2026-07-02 20:49:00,2026-07-02 20:50:00,4,23,71,1.6,0.8,10,required,closed_all,1.8,2.0
BUY,4128.6,4124.95183,4130.42409,4130.42409,1.82409,0.5,2.11,0.49,TARGET,2026-07-02 20:55:00,2026-07-02 20:54:00,2026-07-02 20:55:00,4,23,71,1.6,0.8,10,required,closed_all,1.8,2.0
BUY,4131.32,4126.82628,4133.56686,4126.82628,-4.49372,-1.0,1.38,6.03,STOP,2026-07-02 21:07:00,2026-07-02 21:03:00,2026-07-02 21:04:00,4,23,71,1.6,0.8,10,required,closed_all,1.8,2.0
BUY,4134.23,4129.57711,4136.55645,4136.55645,2.32645,0.5,2.45,1.31,TARGET,2026-07-02 21:20:00,2026-07-02 21:17:00,2026-07-02 21:18:00,4,23,71,1.6,0.8,10,required,closed_all,1.8,2.0
BUY,4135.16,4130.58346,4137.44827,4137.44827,2.28827,0.5,2.61,1.83,TARGET,2026-07-02 21:21:00,2026-07-02 21:18:00,2026-07-02 21:19:00,4,23,71,1.6,0.8,10,required,closed_all,1.8,2.0
BUY,4183.58,4180.30516,4185.21742,4185.21742,1.63742,0.5,2.36,0.62,TARGET,2026-07-02 23:53:00,2026-07-02 23:52:00,2026-07-02 23:53:00,4,23,71,1.6,0.8,10,required,closed_all,1.8,2.0
BUY,4183.17,4180.31953,4184.59523,4180.31953,-2.85047,-1.0,0.61,3.12,STOP,2026-07-03 00:21:00,2026-07-03 00:13:00,2026-07-03 00:14:00,4,23,71,1.6,0.8,10,required,closed_all,1.8,2.0
BUY,4183.04,4180.56208,4184.27896,4180.56208,-2.47792,-1.0,0.02,2.67,STOP,2026-07-03 00:36:00,2026-07-03 00:33:00,2026-07-03 00:34:00,4,23,71,1.6,0.8,10,required,closed_all,1.8,2.0
BUY,4180.51,4178.41182,4181.55909,4178.41182,-2.09818,-1.0,0.56,2.42,STOP,2026-07-03 02:10:00,2026-07-03 02:06:00,2026-07-03 02:07:00,4,23,71,1.6,0.8,10,required,closed_all,1.8,2.0
BUY,4173.66,4170.62353,4175.17824,4172.92,-0.74,-0.2437,0.72,2.87,TIME_EXIT,2026-07-03 03:59:00,2026-07-03 03:49:00,2026-07-03 03:50:00,4,23,71,1.6,0.8,10,required,closed_all,1.8,2.0
BUY,4173.47,4170.54667,4174.93167,4171.44,-2.03,-0.69441,0.91,2.68,TIME_EXIT,2026-07-03 04:02:00,2026-07-03 03:52:00,2026-07-03 03:53:00,4,23,71,1.6,0.8,10,required,closed_all,1.8,2.0
BUY,4174.16,4171.31709,4175.58146,4171.31709,-2.84291,-1.0,0.02,3.12,STOP,2026-07-03 04:01:00,2026-07-03 03:58:00,2026-07-03 03:59:00,4,23,71,1.6,0.8,10,required,closed_all,1.8,2.0
BUY,4173.66,4170.58427,4175.19786,4175.19786,1.53786,0.5,3.09,0.53,TARGET,2026-07-03 04:05:00,2026-07-03 04:03:00,2026-07-03 04:04:00,4,23,71,1.6,0.8,10,required,closed_all,1.8,2.0
BUY,4174.9,4171.84168,4176.42916,4176.42916,1.52916,0.5,1.85,0.44,TARGET,2026-07-03 04:05:00,2026-07-03 04:04:00,2026-07-03 04:05:00,4,23,71,1.6,0.8,10,required,closed_all,1.8,2.0
BUY,4175.29,4172.52248,4176.67376,4176.67376,1.38376,0.5,1.72,0.34,TARGET,2026-07-03 04:30:00,2026-07-03 04:29:00,2026-07-03 04:30:00,4,23,71,1.6,0.8,10,required,closed_all,1.8,2.0
BUY,4175.84,4172.92378,4177.29811,4177.29811,1.45811,0.5,2.38,0.95,TARGET,2026-07-03 04:34:00,2026-07-03 04:32:00,2026-07-03 04:33:00,4,23,71,1.6,0.8,10,required,closed_all,1.8,2.0
BUY,4175.91,4173.08551,4177.32224,4177.32224,1.41224,0.5,2.31,0.27,TARGET,2026-07-03 04:34:00,2026-07-03 04:33:00,2026-07-03 04:34:00,4,23,71,1.6,0.8,10,required,closed_all,1.8,2.0
BUY,4178.03,4176.2331,4178.92845,4178.92845,0.89845,0.5,0.95,1.36,TARGET,2026-07-03 08:04:00,2026-07-03 08:03:00,2026-07-03 08:04:00,4,23,71,1.6,0.8,10,required,closed_all,1.8,2.0
BUY,4179.44,4177.55749,4180.38126,4177.55749,-1.88251,-1.0,0.1,2.02,STOP,2026-07-03 08:07:00,2026-07-03 08:05:00,2026-07-03 08:06:00,4,23,71,1.6,0.8,10,required,closed_all,1.8,2.0
BUY,4188.13,4184.16643,4190.11178,4184.16643,-3.96357,-1.0,0.69,4.93,STOP,2026-07-05 21:49:00,2026-07-05 21:45:00,2026-07-05 21:46:00,4,23,71,1.6,0.8,10,required,closed_all,1.8,2.0
BUY,4191.06,4184.49234,4194.34383,4184.49234,-6.56766,-1.0,1.75,8.47,STOP,2026-07-05 22:05:00,2026-07-05 22:03:00,2026-07-05 22:04:00,4,23,71,1.6,0.8,10,required,closed_all,1.8,2.0
BUY,4187.79,4181.2841,4191.04295,4191.04295,3.25295,0.5,3.52,0.85,TARGET,2026-07-05 22:15:00,2026-07-05 22:13:00,2026-07-05 22:14:00,4,23,71,1.6,0.8,10,required,closed_all,1.8,2.0
BUY,4189.3,4182.98909,4192.45545,4192.45545,3.15545,0.5,3.48,0.97,TARGET,2026-07-05 22:16:00,2026-07-05 22:14:00,2026-07-05 22:15:00,4,23,71,1.6,0.8,10,required,closed_all,1.8,2.0
BUY,4191.31,4185.1093,4194.41035,4185.1093,-6.2007,-1.0,1.47,7.09,STOP,2026-07-05 22:18:00,2026-07-05 22:15:00,2026-07-05 22:16:00,4,23,71,1.6,0.8,10,required,closed_all,1.8,2.0
BUY,4188.85,4182.74196,4191.90402,4182.74196,-6.10804,-1.0,1.62,7.36,STOP,2026-07-05 22:22:00,2026-07-05 22:19:00,2026-07-05 22:20:00,4,23,71,1.6,0.8,10,required,closed_all,1.8,2.0
BUY,4188.14,4182.42919,4190.99541,4190.99541,2.85541,0.5,3.43,2.27,TARGET,2026-07-05 22:30:00,2026-07-05 22:27:00,2026-07-05 22:28:00,4,23,71,1.6,0.8,10,required,closed_all,1.8,2.0
BUY,4189.71,4184.0911,4192.51945,4192.51945,2.80945,0.5,4.67,2.34,TARGET,2026-07-05 22:32:00,2026-07-05 22:29:00,2026-07-05 22:30:00,4,23,71,1.6,0.8,10,required,closed_all,1.8,2.0
BUY,4190.51,4184.91656,4193.30672,4193.30672,2.79672,0.5,3.87,1.33,TARGET,2026-07-05 22:32:00,2026-07-05 22:31:00,2026-07-05 22:32:00,4,23,71,1.6,0.8,10,required,closed_all,1.8,2.0
BUY,4161.96,4160.32887,4162.77557,4162.77557,0.81557,0.5,1.28,0.57,TARGET,2026-07-06 16:29:00,2026-07-06 16:23:00,2026-07-06 16:24:00,4,23,71,1.6,0.8,10,required,closed_all,1.8,2.0
BUY,4162.39,4160.8541,4163.15795,4163.15795,0.76795,0.5,0.85,0.84,TARGET,2026-07-06 16:29:00,2026-07-06 16:26:00,2026-07-06 16:27:00,4,23,71,1.6,0.8,10,required,closed_all,1.8,2.0
BUY,4162.71,4161.16429,4163.48285,4161.16429,-1.54571,-1.0,0.53,2.6,STOP,2026-07-06 16:35:00,2026-07-06 16:28:00,2026-07-06 16:29:00,4,23,71,1.6,0.8,10,required,closed_all,1.8,2.0
BUY,4163.8,4161.87381,4164.7631,4161.87381,-1.92619,-1.0,0.7,2.22,STOP,2026-07-06 17:06:00,2026-07-06 16:59:00,2026-07-06 17:00:00,4,23,71,1.6,0.8,10,required,closed_all,1.8,2.0
BUY,4162.96,4161.88617,4163.49692,4163.49692,0.53692,0.5,1.44,0.59,TARGET,2026-07-06 17:33:00,2026-07-06 17:28:00,2026-07-06 17:29:00,4,23,71,1.6,0.8,10,required,closed_all,1.8,2.0
BUY,4163.33,4162.3802,4163.8049,4163.8049,0.4749,0.5,0.54,0.2,TARGET,2026-07-06 17:50:00,2026-07-06 17:47:00,2026-07-06 17:48:00,4,23,71,1.6,0.8,10,required,closed_all,1.8,2.0
BUY,4166.32,4164.74965,4167.10517,4167.10517,0.78517,0.5,0.79,0.7,TARGET,2026-07-06 19:19:00,2026-07-06 19:14:00,2026-07-06 19:15:00,4,23,71,1.6,0.8,10,required,closed_all,1.8,2.0
BUY,4136.65,4134.34721,4137.8014,4137.8014,1.1514,0.5,5.41,1.32,TARGET,2026-07-07 08:18:00,2026-07-07 08:16:00,2026-07-07 08:17:00,4,23,71,1.6,0.8,10,required,closed_all,1.8,2.0
BUY,4136.9,4134.58227,4138.05887,4138.05887,1.15887,0.5,5.16,0.04,TARGET,2026-07-07 08:18:00,2026-07-07 08:17:00,2026-07-07 08:18:00,4,23,71,1.6,0.8,10,required,closed_all,1.8,2.0
BUY,4170.2,4165.22018,4172.68991,4165.22018,-4.97982,-1.0,2.2,5.84,STOP,2026-07-07 10:25:00,2026-07-07 10:16:00,2026-07-07 10:17:00,4,23,71,1.6,0.8,10,required,closed_all,1.8,2.0
BUY,4127.37,4124.25099,4128.92951,4126.8,-0.57,-0.18275,0.78,3.0,TIME_EXIT,2026-07-08 01:32:00,2026-07-08 01:22:00,2026-07-08 01:23:00,4,23,71,1.6,0.8,10,required,closed_all,1.8,2.0
BUY,4126.98,4124.04867,4128.44567,4126.99,0.01,0.00341,1.17,2.61,TIME_EXIT,2026-07-08 01:35:00,2026-07-08 01:25:00,2026-07-08 01:26:00,4,23,71,1.6,0.8,10,required,closed_all,1.8,2.0
BUY,4126.3,4123.54652,4127.67674,4127.67674,1.37674,0.5,1.85,1.93,TARGET,2026-07-08 01:32:00,2026-07-08 01:27:00,2026-07-08 01:28:00,4,23,71,1.6,0.8,10,required,closed_all,1.8,2.0
BUY,4127.05,4124.56173,4128.29413,4128.29413,1.24413,0.5,3.55,2.05,TARGET,2026-07-08 02:05:00,2026-07-08 02:00:00,2026-07-08 02:01:00,4,23,71,1.6,0.8,10,required,closed_all,1.8,2.0
BUY,4127.94,4125.47468,4129.17266,4129.17266,1.23266,0.5,2.66,0.18,TARGET,2026-07-08 02:05:00,2026-07-08 02:04:00,2026-07-08 02:05:00,4,23,71,1.6,0.8,10,required,closed_all,1.8,2.0
BUY,4128.92,4125.38358,4130.68821,4130.68821,1.76821,0.5,2.16,0.64,TARGET,2026-07-08 02:42:00,2026-07-08 02:40:00,2026-07-08 02:41:00,4,23,71,1.6,0.8,10,required,closed_all,1.8,2.0
BUY,4129.73,4126.28046,4131.45477,4131.45477,1.72477,0.5,1.89,1.18,TARGET,2026-07-08 02:43:00,2026-07-08 02:41:00,2026-07-08 02:42:00,4,23,71,1.6,0.8,10,required,closed_all,1.8,2.0
BUY,4130.85,4127.58655,4132.48172,4132.48172,1.63172,0.5,2.66,0.99,TARGET,2026-07-08 03:24:00,2026-07-08 03:21:00,2026-07-08 03:22:00,4,23,71,1.6,0.8,10,required,closed_all,1.8,2.0
BUY,4175.29,4173.04139,4176.67376,4176.67376,1.38376,0.61538,1.72,0.34,TARGET,2026-07-03 04:30:00,2026-07-03 04:29:00,2026-07-03 04:30:00,7,24,100,1.3,0.8,15,required,closed_all,0.8,2.0
BUY,4175.91,4173.6151,4177.32224,4177.32224,1.41224,0.61538,2.31,0.27,TARGET,2026-07-03 04:34:00,2026-07-03 04:33:00,2026-07-03 04:34:00,7,24,100,1.3,0.8,15,required,closed_all,0.8,2.0
BUY,4179.44,4177.91046,4180.38126,4177.91046,-1.52954,-1.0,0.1,2.02,STOP,2026-07-03 08:07:00,2026-07-03 08:05:00,2026-07-03 08:06:00,7,24,100,1.3,0.8,15,required,closed_all,0.8,2.0
BUY,4189.3,4184.17239,4192.45545,4192.45545,3.15545,0.61538,3.48,0.97,TARGET,2026-07-05 22:16:00,2026-07-05 22:14:00,2026-07-05 22:15:00,7,24,100,1.3,0.8,15,required,closed_all,0.8,2.0
BUY,4191.31,4186.27193,4194.41035,4186.27193,-5.03807,-1.0,1.47,5.52,STOP,2026-07-05 22:17:00,2026-07-05 22:15:00,2026-07-05 22:16:00,7,24,100,1.3,0.8,15,required,closed_all,0.8,2.0
BUY,4185.64,4180.92712,4188.54024,4188.54024,2.90024,0.61538,4.02,1.32,TARGET,2026-07-05 22:28:00,2026-07-05 22:25:00,2026-07-05 22:26:00,7,24,100,1.3,0.8,15,required,closed_all,0.8,2.0
BUY,4187.16,4182.52004,4190.01536,4190.01536,2.85536,0.61538,4.41,2.59,TARGET,2026-07-05 22:30:00,2026-07-05 22:26:00,2026-07-05 22:27:00,7,24,100,1.3,0.8,15,required,closed_all,0.8,2.0
BUY,4189.71,4185.14465,4192.51945,4192.51945,2.80945,0.61538,4.67,2.34,TARGET,2026-07-05 22:32:00,2026-07-05 22:29:00,2026-07-05 22:30:00,7,24,100,1.3,0.8,15,required,closed_all,0.8,2.0
BUY,4190.51,4185.96533,4193.30672,4193.30672,2.79672,0.61538,3.87,1.33,TARGET,2026-07-05 22:32:00,2026-07-05 22:31:00,2026-07-05 22:32:00,7,24,100,1.3,0.8,15,required,closed_all,0.8,2.0
BUY,4162.96,4162.08751,4163.49692,4163.49692,0.53692,0.61538,1.44,0.59,TARGET,2026-07-06 17:33:00,2026-07-06 17:28:00,2026-07-06 17:29:00,7,24,100,1.3,0.8,15,required,closed_all,0.8,2.0
BUY,4130.85,4128.19845,4132.48172,4132.48172,1.63172,0.61538,2.66,0.99,TARGET,2026-07-08 03:24:00,2026-07-08 03:21:00,2026-07-08 03:22:00,7,24,100,1.3,0.8,15,required,closed_all,0.8,2.0
BUY,4187.16,4183.5908,4190.7292,4190.7292,3.5692,1.0,4.41,2.59,TARGET,2026-07-05 22:30:00,2026-07-05 22:26:00,2026-07-05 22:27:00,3,28,92,1.0,1.0,15,warning_only,closed_all,0.8,0.8
BUY,4108.98,4106.33815,4111.62185,4111.62185,2.64185,1.0,3.24,0.87,TARGET,2026-07-07 23:06:00,2026-07-07 23:05:00,2026-07-07 23:06:00,3,28,92,1.0,1.0,15,warning_only,closed_all,0.8,0.8
BUY,4127.19,4125.04332,4129.33668,4129.33668,2.14668,1.0,2.97,0.59,TARGET,2026-07-08 02:38:00,2026-07-08 02:36:00,2026-07-08 02:37:00,3,28,92,1.0,1.0,15,warning_only,closed_all,0.8,0.8
BUY,4128.26,4126.14808,4130.37192,4130.37192,2.11192,1.0,2.82,1.7,TARGET,2026-07-08 02:42:00,2026-07-08 02:37:00,2026-07-08 02:38:00,3,28,92,1.0,1.0,15,warning_only,closed_all,0.8,0.8
BUY,4128.02,4126.13207,4129.90793,4126.13207,-1.88793,-1.0,1.17,3.48,STOP,2026-07-08 03:02:00,2026-07-08 02:56:00,2026-07-08 02:57:00,3,28,92,1.0,1.0,15,warning_only,closed_all,0.8,0.8
BUY,4177.27,4176.10663,4178.78238,4176.10663,-1.16337,-1.0,0.65,1.82,STOP,2026-07-03 08:00:00,2026-07-03 07:56:00,2026-07-03 07:57:00,3,25,92,1.0,1.3,15,warning_only,closed_all,1.8,0.8
BUY,4178.03,4176.90694,4179.48998,4176.90694,-1.12306,-1.0,0.95,1.36,STOP,2026-07-03 08:04:00,2026-07-03 08:03:00,2026-07-03 08:04:00,3,25,92,1.0,1.3,15,warning_only,closed_all,1.8,0.8
BUY,4187.16,4183.5908,4191.79996,4191.79996,4.63996,1.3,7.22,2.59,TARGET,2026-07-05 22:32:00,2026-07-05 22:26:00,2026-07-05 22:27:00,3,25,92,1.0,1.3,15,warning_only,closed_all,1.8,0.8
BUY,4108.98,4106.33815,4112.41441,4112.41441,3.43441,1.3,6.37,0.87,TARGET,2026-07-07 23:07:00,2026-07-07 23:05:00,2026-07-07 23:06:00,3,25,92,1.0,1.3,15,warning_only,closed_all,1.8,0.8
BUY,4127.19,4125.04332,4129.98069,4129.98069,2.79069,1.3,2.97,0.59,TARGET,2026-07-08 02:38:00,2026-07-08 02:36:00,2026-07-08 02:37:00,3,25,92,1.0,1.3,15,warning_only,closed_all,1.8,0.8
BUY,4128.26,4126.14808,4131.0055,4131.0055,2.7455,1.3,2.82,1.7,TARGET,2026-07-08 02:42:00,2026-07-08 02:37:00,2026-07-08 02:38:00,3,25,92,1.0,1.3,15,warning_only,closed_all,1.8,0.8
BUY,4128.02,4126.13207,4130.47431,4126.13207,-1.88793,-1.0,1.17,3.48,STOP,2026-07-08 03:02:00,2026-07-08 02:56:00,2026-07-08 02:57:00,3,25,92,1.0,1.3,15,warning_only,closed_all,1.8,0.8
BUY,4185.64,4182.01471,4189.26529,4189.26529,3.62529,1.0,4.02,1.32,TARGET,2026-07-05 22:28:00,2026-07-05 22:25:00,2026-07-05 22:26:00,6,40,81,1.0,1.0,5,warning_only,closed_all,0.8,0.8
BUY,4187.16,4183.5908,4190.7292,4190.7292,3.5692,1.0,4.41,2.59,TARGET,2026-07-05 22:30:00,2026-07-05 22:26:00,2026-07-05 22:27:00,6,40,81,1.0,1.0,5,warning_only,closed_all,0.8,0.8
BUY,4108.98,4106.33815,4111.62185,4111.62185,2.64185,1.0,3.24,0.87,TARGET,2026-07-07 23:06:00,2026-07-07 23:05:00,2026-07-07 23:06:00,6,40,81,1.0,1.0,5,warning_only,closed_all,0.8,0.8
BUY,4127.19,4125.04332,4129.33668,4129.33668,2.14668,1.0,2.97,0.59,TARGET,2026-07-08 02:38:00,2026-07-08 02:36:00,2026-07-08 02:37:00,6,40,81,1.0,1.0,5,warning_only,closed_all,0.8,0.8
BUY,4128.26,4126.14808,4130.37192,4130.37192,2.11192,1.0,2.82,1.7,TARGET,2026-07-08 02:42:00,2026-07-08 02:37:00,2026-07-08 02:38:00,6,40,81,1.0,1.0,5,warning_only,closed_all,0.8,0.8
BUY,4134.23,4131.32194,4136.55645,4136.55645,2.32645,0.8,2.45,1.31,TARGET,2026-07-02 21:20:00,2026-07-02 21:17:00,2026-07-02 21:18:00,4,27,92,1.0,0.8,30,required,closed_all,0.8,2.0
BUY,4175.29,4173.5603,4176.67376,4176.67376,1.38376,0.8,1.72,0.34,TARGET,2026-07-03 04:30:00,2026-07-03 04:29:00,2026-07-03 04:30:00,4,27,92,1.0,0.8,30,required,closed_all,0.8,2.0
BUY,4175.91,4174.1447,4177.32224,4177.32224,1.41224,0.8,2.31,0.27,TARGET,2026-07-03 04:34:00,2026-07-03 04:33:00,2026-07-03 04:34:00,4,27,92,1.0,0.8,30,required,closed_all,0.8,2.0
BUY,4179.44,4178.26343,4180.38126,4178.26343,-1.17657,-1.0,0.1,1.47,STOP,2026-07-03 08:06:00,2026-07-03 08:05:00,2026-07-03 08:06:00,4,27,92,1.0,0.8,30,required,closed_all,0.8,2.0
BUY,4189.3,4185.35568,4192.45545,4192.45545,3.15545,0.8,3.48,0.97,TARGET,2026-07-05 22:16:00,2026-07-05 22:14:00,2026-07-05 22:15:00,4,27,92,1.0,0.8,30,required,closed_all,0.8,2.0
BUY,4191.31,4187.43456,4194.41035,4187.43456,-3.87544,-1.0,1.47,5.52,STOP,2026-07-05 22:17:00,2026-07-05 22:15:00,2026-07-05 22:16:00,4,27,92,1.0,0.8,30,required,closed_all,0.8,2.0
BUY,4187.16,4183.5908,4190.01536,4190.01536,2.85536,0.8,4.41,2.59,TARGET,2026-07-05 22:30:00,2026-07-05 22:26:00,2026-07-05 22:27:00,4,27,92,1.0,0.8,30,required,closed_all,0.8,2.0
BUY,4189.71,4186.19819,4192.51945,4192.51945,2.80945,0.8,4.67,2.34,TARGET,2026-07-05 22:32:00,2026-07-05 22:29:00,2026-07-05 22:30:00,4,27,92,1.0,0.8,30,required,closed_all,0.8,2.0
BUY,4190.51,4187.0141,4193.30672,4193.30672,2.79672,0.8,3.87,1.33,TARGET,2026-07-05 22:32:00,2026-07-05 22:31:00,2026-07-05 22:32:00,4,27,92,1.0,0.8,30,required,closed_all,0.8,2.0
BUY,4162.57,4161.669,4163.2908,4163.2908,0.7208,0.8,1.19,0.62,TARGET,2026-07-06 16:49:00,2026-07-06 16:46:00,2026-07-06 16:47:00,4,27,92,1.0,0.8,30,required,closed_all,0.8,2.0
BUY,4162.96,4162.28885,4163.49692,4163.49692,0.53692,0.8,1.44,0.59,TARGET,2026-07-06 17:33:00,2026-07-06 17:28:00,2026-07-06 17:29:00,4,27,92,1.0,0.8,30,required,closed_all,0.8,2.0
BUY,4163.33,4162.73637,4163.8049,4163.8049,0.4749,0.8,0.54,0.2,TARGET,2026-07-06 17:50:00,2026-07-06 17:47:00,2026-07-06 17:48:00,4,27,92,1.0,0.8,30,required,closed_all,0.8,2.0
BUY,4127.19,4125.04332,4128.90735,4128.90735,1.71735,0.8,2.97,0.59,TARGET,2026-07-08 02:38:00,2026-07-08 02:36:00,2026-07-08 02:37:00,4,27,92,1.0,0.8,30,required,closed_all,0.8,2.0
BUY,4128.26,4126.14808,4129.94954,4129.94954,1.68954,0.8,1.9,1.34,TARGET,2026-07-08 02:38:00,2026-07-08 02:37:00,2026-07-08 02:38:00,4,27,92,1.0,0.8,30,required,closed_all,0.8,2.0
BUY,4129.73,4127.57404,4131.45477,4131.45477,1.72477,0.8,1.89,1.18,TARGET,2026-07-08 02:43:00,2026-07-08 02:41:00,2026-07-08 02:42:00,4,27,92,1.0,0.8,30,required,closed_all,0.8,2.0
BUY,4130.85,4128.81034,4132.48172,4132.48172,1.63172,0.8,2.66,0.99,TARGET,2026-07-08 03:24:00,2026-07-08 03:21:00,2026-07-08 03:22:00,4,27,92,1.0,0.8,30,required,closed_all,0.8,2.0
BUY,4131.32,4128.51143,4133.56686,4128.51143,-2.80857,-1.0,1.38,2.84,STOP,2026-07-02 21:05:00,2026-07-02 21:03:00,2026-07-02 21:04:00,7,33,86,1.0,0.8,15,warning_only,closed_all,1.8,2.0
BUY,4128.89,4126.03404,4131.17477,4131.17477,2.28477,0.8,6.43,2.32,TARGET,2026-07-02 21:13:00,2026-07-02 21:09:00,2026-07-02 21:10:00,7,33,86,1.0,0.8,15,warning_only,closed_all,1.8,2.0
BUY,4134.23,4131.32194,4136.55645,4136.55645,2.32645,0.8,2.45,1.31,TARGET,2026-07-02 21:20:00,2026-07-02 21:17:00,2026-07-02 21:18:00,7,33,86,1.0,0.8,15,warning_only,closed_all,1.8,2.0
BUY,4173.66,4171.73767,4175.19786,4175.19786,1.53786,0.8,3.09,0.53,TARGET,2026-07-03 04:05:00,2026-07-03 04:03:00,2026-07-03 04:04:00,7,33,86,1.0,0.8,15,warning_only,closed_all,1.8,2.0
BUY,4174.9,4172.98855,4176.42916,4176.42916,1.52916,0.8,1.85,0.44,TARGET,2026-07-03 04:05:00,2026-07-03 04:04:00,2026-07-03 04:05:00,7,33,86,1.0,0.8,15,warning_only,closed_all,1.8,2.0
BUY,4175.29,4173.5603,4176.67376,4176.67376,1.38376,0.8,1.72,0.34,TARGET,2026-07-03 04:30:00,2026-07-03 04:29:00,2026-07-03 04:30:00,7,33,86,1.0,0.8,15,warning_only,closed_all,1.8,2.0
BUY,4175.84,4174.01736,4177.29811,4177.29811,1.45811,0.8,2.38,0.95,TARGET,2026-07-03 04:34:00,2026-07-03 04:32:00,2026-07-03 04:33:00,7,33,86,1.0,0.8,15,warning_only,closed_all,1.8,2.0
BUY,4175.91,4174.1447,4177.32224,4177.32224,1.41224,0.8,2.31,0.27,TARGET,2026-07-03 04:34:00,2026-07-03 04:33:00,2026-07-03 04:34:00,7,33,86,1.0,0.8,15,warning_only,closed_all,1.8,2.0
BUY,4179.44,4178.26343,4180.38126,4178.26343,-1.17657,-1.0,0.1,1.47,STOP,2026-07-03 08:06:00,2026-07-03 08:05:00,2026-07-03 08:06:00,7,33,86,1.0,0.8,15,warning_only,closed_all,1.8,2.0
BUY,4191.06,4186.95522,4194.34383,4186.95522,-4.10478,-1.0,1.75,4.17,STOP,2026-07-05 22:04:00,2026-07-05 22:03:00,2026-07-05 22:04:00,7,33,86,1.0,0.8,15,warning_only,closed_all,1.8,2.0
BUY,4187.79,4183.72381,4191.04295,4191.04295,3.25295,0.8,3.52,0.85,TARGET,2026-07-05 22:15:00,2026-07-05 22:13:00,2026-07-05 22:14:00,7,33,86,1.0,0.8,15,warning_only,closed_all,1.8,2.0
BUY,4189.3,4185.35568,4192.45545,4192.45545,3.15545,0.8,3.48,0.97,TARGET,2026-07-05 22:16:00,2026-07-05 22:14:00,2026-07-05 22:15:00,7,33,86,1.0,0.8,15,warning_only,closed_all,1.8,2.0
BUY,4191.31,4187.43456,4194.41035,4187.43456,-3.87544,-1.0,1.47,5.52,STOP,2026-07-05 22:17:00,2026-07-05 22:15:00,2026-07-05 22:16:00,7,33,86,1.0,0.8,15,warning_only,closed_all,1.8,2.0
BUY,4188.85,4185.03247,4191.90402,4185.03247,-3.81753,-1.0,1.62,5.64,STOP,2026-07-05 22:21:00,2026-07-05 22:19:00,2026-07-05 22:20:00,7,33,86,1.0,0.8,15,warning_only,closed_all,1.8,2.0
BUY,4185.64,4182.01471,4188.54024,4188.54024,2.90024,0.8,4.02,1.32,TARGET,2026-07-05 22:28:00,2026-07-05 22:25:00,2026-07-05 22:26:00,7,33,86,1.0,0.8,15,warning_only,closed_all,1.8,2.0
BUY,4187.16,4183.5908,4190.01536,4190.01536,2.85536,0.8,4.41,2.59,TARGET,2026-07-05 22:30:00,2026-07-05 22:26:00,2026-07-05 22:27:00,7,33,86,1.0,0.8,15,warning_only,closed_all,1.8,2.0
BUY,4188.14,4184.57074,4190.99541,4190.99541,2.85541,0.8,3.43,2.27,TARGET,2026-07-05 22:30:00,2026-07-05 22:27:00,2026-07-05 22:28:00,7,33,86,1.0,0.8,15,warning_only,closed_all,1.8,2.0
BUY,4189.71,4186.19819,4192.51945,4192.51945,2.80945,0.8,4.67,2.34,TARGET,2026-07-05 22:32:00,2026-07-05 22:29:00,2026-07-05 22:30:00,7,33,86,1.0,0.8,15,warning_only,closed_all,1.8,2.0
BUY,4190.51,4187.0141,4193.30672,4193.30672,2.79672,0.8,3.87,1.33,TARGET,2026-07-05 22:32:00,2026-07-05 22:31:00,2026-07-05 22:32:00,7,33,86,1.0,0.8,15,warning_only,closed_all,1.8,2.0
BUY,4155.65,4154.25198,4156.76842,4154.25198,-1.39802,-1.0,0.55,1.93,STOP,2026-07-06 09:00:00,2026-07-06 08:59:00,2026-07-06 09:00:00,7,33,86,1.0,0.8,15,warning_only,closed_all,1.8,2.0
BUY,4156.2,4154.7247,4157.38024,4157.38024,1.18024,0.8,2.05,1.0,TARGET,2026-07-06 09:03:00,2026-07-06 09:00:00,2026-07-06 09:01:00,7,33,86,1.0,0.8,15,warning_only,closed_all,1.8,2.0
BUY,4156.92,4155.41563,4158.12349,4158.12349,1.20349,0.8,1.31,0.59,TARGET,2026-07-06 09:06:00,2026-07-06 09:05:00,2026-07-06 09:06:00,7,33,86,1.0,0.8,15,warning_only,closed_all,1.8,2.0
BUY,4146.76,4145.24879,4147.96897,4147.96897,1.20897,0.8,1.61,0.52,TARGET,2026-07-06 13:32:00,2026-07-06 13:30:00,2026-07-06 13:31:00,7,33,86,1.0,0.8,15,warning_only,closed_all,1.8,2.0
BUY,4147.29,4145.86241,4148.43207,4148.43207,1.14207,0.8,1.27,0.29,TARGET,2026-07-06 13:36:00,2026-07-06 13:35:00,2026-07-06 13:36:00,7,33,86,1.0,0.8,15,warning_only,closed_all,1.8,2.0
BUY,4162.39,4161.43006,4163.15795,4163.15795,0.76795,0.8,0.85,0.84,TARGET,2026-07-06 16:29:00,2026-07-06 16:26:00,2026-07-06 16:27:00,7,33,86,1.0,0.8,15,warning_only,closed_all,1.8,2.0
BUY,4162.71,4161.74393,4163.48285,4161.74393,-0.96607,-1.0,0.53,1.14,STOP,2026-07-06 16:30:00,2026-07-06 16:28:00,2026-07-06 16:29:00,7,33,86,1.0,0.8,15,warning_only,closed_all,1.8,2.0
BUY,4162.71,4161.69776,4163.51979,4161.69776,-1.01224,-1.0,0.08,1.12,STOP,2026-07-06 16:33:00,2026-07-06 16:31:00,2026-07-06 16:32:00,7,33,86,1.0,0.8,15,warning_only,closed_all,1.8,2.0
BUY,4162.57,4161.669,4163.2908,4163.2908,0.7208,0.8,1.19,0.62,TARGET,2026-07-06 16:49:00,2026-07-06 16:46:00,2026-07-06 16:47:00,7,33,86,1.0,0.8,15,warning_only,closed_all,1.8,2.0
BUY,4163.8,4162.59613,4164.7631,4162.59613,-1.20387,-1.0,0.7,1.45,STOP,2026-07-06 17:03:00,2026-07-06 16:59:00,2026-07-06 17:00:00,7,33,86,1.0,0.8,15,warning_only,closed_all,1.8,2.0
BUY,4162.75,4162.03601,4163.32119,4163.32119,0.57119,0.8,0.65,0.38,TARGET,2026-07-06 17:31:00,2026-07-06 17:26:00,2026-07-06 17:27:00,7,33,86,1.0,0.8,15,warning_only,closed_all,1.8,2.0
BUY,4162.96,4162.28885,4163.49692,4163.49692,0.53692,0.8,1.44,0.59,TARGET,2026-07-06 17:33:00,2026-07-06 17:28:00,2026-07-06 17:29:00,7,33,86,1.0,0.8,15,warning_only,closed_all,1.8,2.0
BUY,4163.33,4162.73637,4163.8049,4163.8049,0.4749,0.8,0.54,0.2,TARGET,2026-07-06 17:50:00,2026-07-06 17:47:00,2026-07-06 17:48:00,7,33,86,1.0,0.8,15,warning_only,closed_all,1.8,2.0
BUY,4132.27,4130.54619,4133.64905,4133.64905,1.37905,0.8,1.58,0.43,TARGET,2026-07-07 07:07:00,2026-07-07 07:02:00,2026-07-07 07:03:00,7,33,86,1.0,0.8,15,warning_only,closed_all,1.8,2.0
BUY,4133.13,4131.56548,4134.38161,4134.38161,1.25161,0.8,1.51,1.12,TARGET,2026-07-07 07:13:00,2026-07-07 07:06:00,2026-07-07 07:07:00,7,33,86,1.0,0.8,15,warning_only,closed_all,1.8,2.0
BUY,4133.2,4131.68239,4134.41408,4134.41408,1.21408,0.8,1.65,0.66,TARGET,2026-07-07 07:17:00,2026-07-07 07:15:00,2026-07-07 07:16:00,7,33,86,1.0,0.8,15,warning_only,closed_all,1.8,2.0
BUY,4135.55,4134.30123,4136.54901,4134.30123,-1.24877,-1.0,0.36,2.0,STOP,2026-07-07 08:00:00,2026-07-07 07:59:00,2026-07-07 08:00:00,7,33,86,1.0,0.8,15,warning_only,closed_all,1.8,2.0
BUY,4108.98,4106.33815,4111.09348,4111.09348,2.11348,0.8,3.24,0.87,TARGET,2026-07-07 23:06:00,2026-07-07 23:05:00,2026-07-07 23:06:00,7,33,86,1.0,0.8,15,warning_only,closed_all,1.8,2.0
BUY,4112.22,4109.47328,4114.41738,4114.41738,2.19738,0.8,3.13,2.12,TARGET,2026-07-07 23:07:00,2026-07-07 23:06:00,2026-07-07 23:07:00,7,33,86,1.0,0.8,15,warning_only,closed_all,1.8,2.0
BUY,4126.98,4125.14792,4128.44567,4125.14792,-1.83208,-1.0,0.19,2.61,STOP,2026-07-08 01:30:00,2026-07-08 01:25:00,2026-07-08 01:26:00,7,33,86,1.0,0.8,15,warning_only,closed_all,1.8,2.0
BUY,4126.3,4124.57907,4127.67674,4124.57907,-1.72093,-1.0,0.82,1.93,STOP,2026-07-08 01:30:00,2026-07-08 01:27:00,2026-07-08 01:28:00,7,33,86,1.0,0.8,15,warning_only,closed_all,1.8,2.0
BUY,4127.36,4125.58226,4128.78219,4125.58226,-1.77774,-1.0,0.79,2.1,STOP,2026-07-08 01:33:00,2026-07-08 01:31:00,2026-07-08 01:32:00,7,33,86,1.0,0.8,15,warning_only,closed_all,1.8,2.0
BUY,4127.05,4125.49483,4128.29413,4125.49483,-1.55517,-1.0,0.35,2.05,STOP,2026-07-08 02:03:00,2026-07-08 02:00:00,2026-07-08 02:01:00,7,33,86,1.0,0.8,15,warning_only,closed_all,1.8,2.0
BUY,4127.94,4126.39918,4129.17266,4129.17266,1.23266,0.8,2.66,0.18,TARGET,2026-07-08 02:05:00,2026-07-08 02:04:00,2026-07-08 02:05:00,7,33,86,1.0,0.8,15,warning_only,closed_all,1.8,2.0
BUY,4128.79,4126.90675,4130.2966,4126.90675,-1.88325,-1.0,0.48,2.47,STOP,2026-07-08 02:20:00,2026-07-08 02:16:00,2026-07-08 02:17:00,7,33,86,1.0,0.8,15,warning_only,closed_all,1.8,2.0
BUY,4128.76,4126.86169,4130.27865,4126.86169,-1.89831,-1.0,0.21,2.44,STOP,2026-07-08 02:20:00,2026-07-08 02:18:00,2026-07-08 02:19:00,7,33,86,1.0,0.8,15,warning_only,closed_all,1.8,2.0
BUY,4127.19,4125.04332,4128.90735,4128.90735,1.71735,0.8,2.97,0.59,TARGET,2026-07-08 02:38:00,2026-07-08 02:36:00,2026-07-08 02:37:00,7,33,86,1.0,0.8,15,warning_only,closed_all,1.8,2.0
BUY,4128.26,4126.14808,4129.94954,4129.94954,1.68954,0.8,1.9,1.34,TARGET,2026-07-08 02:38:00,2026-07-08 02:37:00,2026-07-08 02:38:00,7,33,86,1.0,0.8,15,warning_only,closed_all,1.8,2.0
BUY,4128.92,4126.70974,4130.68821,4130.68821,1.76821,0.8,2.16,0.64,TARGET,2026-07-08 02:42:00,2026-07-08 02:40:00,2026-07-08 02:41:00,7,33,86,1.0,0.8,15,warning_only,closed_all,1.8,2.0
BUY,4129.73,4127.57404,4131.45477,4131.45477,1.72477,0.8,1.89,1.18,TARGET,2026-07-08 02:43:00,2026-07-08 02:41:00,2026-07-08 02:42:00,7,33,86,1.0,0.8,15,warning_only,closed_all,1.8,2.0
BUY,4130.36,4128.2625,4132.038,4132.038,1.678,0.8,2.45,1.06,TARGET,2026-07-08 03:16:00,2026-07-08 03:13:00,2026-07-08 03:14:00,7,33,86,1.0,0.8,15,warning_only,closed_all,1.8,2.0
BUY,4130.85,4128.81034,4132.48172,4132.48172,1.63172,0.8,2.66,0.99,TARGET,2026-07-08 03:24:00,2026-07-08 03:21:00,2026-07-08 03:22:00,7,33,86,1.0,0.8,15,warning_only,closed_all,1.8,2.0
BUY,4078.04,4074.0538,4081.22896,4074.0538,-3.9862,-1.0,2.16,7.75,STOP,2026-07-08 10:42:00,2026-07-08 10:36:00,2026-07-08 10:37:00,7,33,86,1.0,0.8,15,warning_only,closed_all,1.8,2.0
BUY,4134.23,4130.44953,4137.13806,4137.13806,2.90806,0.76923,3.54,1.31,TARGET,2026-07-02 21:21:00,2026-07-02 21:17:00,2026-07-02 21:18:00,4,35,82,1.3,1.0,15,required,closed_all,1.2,2.0
BUY,4135.16,4131.44156,4138.02034,4138.02034,2.86034,0.76923,3.34,1.83,TARGET,2026-07-02 21:22:00,2026-07-02 21:18:00,2026-07-02 21:19:00,4,35,82,1.3,1.0,15,required,closed_all,1.2,2.0
BUY,4183.17,4180.85399,4184.95154,4180.85399,-2.31601,-1.0,0.61,3.12,STOP,2026-07-03 00:21:00,2026-07-03 00:13:00,2026-07-03 00:14:00,4,35,82,1.3,1.0,15,required,closed_all,1.2,2.0
BUY,4173.66,4171.16097,4175.58233,4175.58233,1.92233,0.76923,3.09,0.53,TARGET,2026-07-03 04:05:00,2026-07-03 04:03:00,2026-07-03 04:04:00,4,35,82,1.3,1.0,15,required,closed_all,1.2,2.0
BUY,4174.9,4172.41512,4176.81145,4176.81145,1.91145,0.76923,3.26,0.44,TARGET,2026-07-03 04:06:00,2026-07-03 04:04:00,2026-07-03 04:05:00,4,35,82,1.3,1.0,15,required,closed_all,1.2,2.0
BUY,4175.29,4173.04139,4177.0197,4177.0197,1.7297,0.76923,2.93,1.62,TARGET,2026-07-03 04:34:00,2026-07-03 04:29:00,2026-07-03 04:30:00,4,35,82,1.3,1.0,15,required,closed_all,1.2,2.0
BUY,4175.84,4173.47057,4177.66264,4177.66264,1.82264,0.76923,2.38,0.95,TARGET,2026-07-03 04:34:00,2026-07-03 04:32:00,2026-07-03 04:33:00,4,35,82,1.3,1.0,15,required,closed_all,1.2,2.0
BUY,4175.91,4173.6151,4177.6753,4177.6753,1.7653,0.76923,2.31,0.27,TARGET,2026-07-03 04:34:00,2026-07-03 04:33:00,2026-07-03 04:34:00,4,35,82,1.3,1.0,15,required,closed_all,1.2,2.0
BUY,4184.16,4181.92447,4185.87964,4181.92447,-2.23553,-1.0,1.11,3.83,STOP,2026-07-03 05:46:00,2026-07-03 05:44:00,2026-07-03 05:45:00,4,35,82,1.3,1.0,15,required,closed_all,1.2,2.0
BUY,4179.44,4177.91046,4180.61657,4177.91046,-1.52954,-1.0,0.1,2.02,STOP,2026-07-03 08:07:00,2026-07-03 08:05:00,2026-07-03 08:06:00,4,35,82,1.3,1.0,15,required,closed_all,1.2,2.0
BUY,4187.79,4182.50396,4191.85619,4191.85619,4.06619,0.76923,4.99,0.85,TARGET,2026-07-05 22:16:00,2026-07-05 22:13:00,2026-07-05 22:14:00,4,35,82,1.3,1.0,15,required,closed_all,1.2,2.0
BUY,4189.3,4184.17239,4193.24432,4184.17239,-5.12761,-1.0,3.48,6.09,STOP,2026-07-05 22:21:00,2026-07-05 22:14:00,2026-07-05 22:15:00,4,35,82,1.3,1.0,15,required,closed_all,1.2,2.0
BUY,4191.31,4186.27193,4195.18544,4186.27193,-5.03807,-1.0,1.47,5.52,STOP,2026-07-05 22:17:00,2026-07-05 22:15:00,2026-07-05 22:16:00,4,35,82,1.3,1.0,15,required,closed_all,1.2,2.0
BUY,4188.85,4183.88722,4192.66753,4183.88722,-4.96278,-1.0,1.62,5.64,STOP,2026-07-05 22:21:00,2026-07-05 22:19:00,2026-07-05 22:20:00,4,35,82,1.3,1.0,15,required,closed_all,1.2,2.0
BUY,4185.64,4180.92712,4189.26529,4189.26529,3.62529,0.76923,4.02,1.32,TARGET,2026-07-05 22:28:00,2026-07-05 22:25:00,2026-07-05 22:26:00,4,35,82,1.3,1.0,15,required,closed_all,1.2,2.0
BUY,4187.16,4182.52004,4190.7292,4190.7292,3.5692,0.76923,4.41,2.59,TARGET,2026-07-05 22:30:00,2026-07-05 22:26:00,2026-07-05 22:27:00,4,35,82,1.3,1.0,15,required,closed_all,1.2,2.0
BUY,4188.14,4183.49996,4191.70926,4191.70926,3.56926,0.76923,6.24,2.27,TARGET,2026-07-05 22:32:00,2026-07-05 22:27:00,2026-07-05 22:28:00,4,35,82,1.3,1.0,15,required,closed_all,1.2,2.0
BUY,4189.71,4185.14465,4193.22181,4193.22181,3.51181,0.76923,4.67,2.34,TARGET,2026-07-05 22:32:00,2026-07-05 22:29:00,2026-07-05 22:30:00,4,35,82,1.3,1.0,15,required,closed_all,1.2,2.0
BUY,4190.51,4185.96533,4194.0059,4194.0059,3.4959,0.76923,3.87,1.33,TARGET,2026-07-05 22:32:00,2026-07-05 22:31:00,2026-07-05 22:32:00,4,35,82,1.3,1.0,15,required,closed_all,1.2,2.0
BUY,4161.96,4160.63471,4162.97946,4162.97946,1.01946,0.76923,1.28,0.57,TARGET,2026-07-06 16:29:00,2026-07-06 16:23:00,2026-07-06 16:24:00,4,35,82,1.3,1.0,15,required,closed_all,1.2,2.0
BUY,4162.39,4161.14208,4163.34994,4161.14208,-1.24792,-1.0,0.85,2.28,STOP,2026-07-06 16:35:00,2026-07-06 16:26:00,2026-07-06 16:27:00,4,35,82,1.3,1.0,15,required,closed_all,1.2,2.0
BUY,4162.71,4161.45411,4163.67607,4161.45411,-1.25589,-1.0,0.53,1.37,STOP,2026-07-06 16:31:00,2026-07-06 16:28:00,2026-07-06 16:29:00,4,35,82,1.3,1.0,15,required,closed_all,1.2,2.0
BUY,4162.57,4161.39869,4163.471,4163.471,0.901,0.76923,1.19,0.62,TARGET,2026-07-06 16:49:00,2026-07-06 16:46:00,2026-07-06 16:47:00,4,35,82,1.3,1.0,15,required,closed_all,1.2,2.0
BUY,4162.75,4161.82181,4163.46399,4163.46399,0.71399,0.76923,1.65,0.38,TARGET,2026-07-06 17:33:00,2026-07-06 17:26:00,2026-07-06 17:27:00,4,35,82,1.3,1.0,15,required,closed_all,1.2,2.0
BUY,4162.96,4162.08751,4163.63115,4163.63115,0.67115,0.76923,1.44,0.59,TARGET,2026-07-06 17:33:00,2026-07-06 17:28:00,2026-07-06 17:29:00,4,35,82,1.3,1.0,15,required,closed_all,1.2,2.0
BUY,4163.33,4162.55829,4163.92363,4163.92363,0.59363,0.76923,0.82,0.2,TARGET,2026-07-06 17:51:00,2026-07-06 17:47:00,2026-07-06 17:48:00,4,35,82,1.3,1.0,15,required,closed_all,1.2,2.0
BUY,4127.19,4124.39931,4129.33668,4129.33668,2.14668,0.76923,2.97,0.59,TARGET,2026-07-08 02:38:00,2026-07-08 02:36:00,2026-07-08 02:37:00,4,35,82,1.3,1.0,15,required,closed_all,1.2,2.0
BUY,4128.26,4125.5145,4130.37192,4130.37192,2.11192,0.76923,2.82,1.7,TARGET,2026-07-08 02:42:00,2026-07-08 02:37:00,2026-07-08 02:38:00,4,35,82,1.3,1.0,15,required,closed_all,1.2,2.0
BUY,4128.92,4126.04666,4131.13026,4131.13026,2.21026,0.76923,2.7,0.64,TARGET,2026-07-08 02:43:00,2026-07-08 02:40:00,2026-07-08 02:41:00,4,35,82,1.3,1.0,15,required,closed_all,1.2,2.0
BUY,4129.73,4126.92725,4131.88596,4126.92725,-2.80275,-1.0,1.89,4.18,STOP,2026-07-08 02:48:00,2026-07-08 02:41:00,2026-07-08 02:42:00,4,35,82,1.3,1.0,15,required,closed_all,1.2,2.0
BUY,4128.02,4125.56569,4129.90793,4125.56569,-2.45431,-1.0,1.17,3.48,STOP,2026-07-08 03:02:00,2026-07-08 02:56:00,2026-07-08 02:57:00,4,35,82,1.3,1.0,15,required,closed_all,1.2,2.0
BUY,4130.85,4128.19845,4132.88966,4132.88966,2.03966,0.76923,2.66,0.99,TARGET,2026-07-08 03:24:00,2026-07-08 03:21:00,2026-07-08 03:22:00,4,35,82,1.3,1.0,15,required,closed_all,1.2,2.0
BUY,4128.89,4125.17725,4132.60275,4132.60275,3.71275,1.0,6.43,2.32,TARGET,2026-07-02 21:13:00,2026-07-02 21:09:00,2026-07-02 21:10:00,8,39,77,1.3,1.3,20,required,closed_all,1.2,1.2
BUY,4187.79,4182.50396,4193.07604,4182.50396,-5.28604,-1.0,4.99,6.3,STOP,2026-07-05 22:22:00,2026-07-05 22:13:00,2026-07-05 22:14:00,8,39,77,1.3,1.3,20,required,closed_all,1.2,1.2
BUY,4185.64,4180.92712,4190.35288,4190.35288,4.71288,1.0,5.93,1.32,TARGET,2026-07-05 22:30:00,2026-07-05 22:25:00,2026-07-05 22:26:00,8,39,77,1.3,1.3,20,required,closed_all,1.2,1.2
BUY,4187.16,4182.52004,4191.79996,4191.79996,4.63996,1.0,7.22,2.59,TARGET,2026-07-05 22:32:00,2026-07-05 22:26:00,2026-07-05 22:27:00,8,39,77,1.3,1.3,20,required,closed_all,1.2,1.2
BUY,4188.14,4183.49996,4192.78004,4192.78004,4.64004,1.0,6.24,2.27,TARGET,2026-07-05 22:32:00,2026-07-05 22:27:00,2026-07-05 22:28:00,8,39,77,1.3,1.3,20,required,closed_all,1.2,1.2
BUY,4127.19,4124.39931,4129.98069,4129.98069,2.79069,1.0,2.97,0.59,TARGET,2026-07-08 02:38:00,2026-07-08 02:36:00,2026-07-08 02:37:00,8,39,77,1.3,1.3,20,required,closed_all,1.2,1.2
BUY,4128.26,4125.5145,4131.0055,4131.0055,2.7455,1.0,2.82,1.7,TARGET,2026-07-08 02:42:00,2026-07-08 02:37:00,2026-07-08 02:38:00,8,39,77,1.3,1.3,20,required,closed_all,1.2,1.2
BUY,4128.92,4126.04666,4131.79334,4126.04666,-2.87334,-1.0,2.7,3.37,STOP,2026-07-08 02:48:00,2026-07-08 02:40:00,2026-07-08 02:41:00,8,39,77,1.3,1.3,20,required,closed_all,1.2,1.2
BUY,4128.6,4126.31989,4130.88011,4130.88011,2.28011,1.0,3.12,1.59,TARGET,2026-07-02 20:56:00,2026-07-02 20:54:00,2026-07-02 20:55:00,3,30,63,1.0,1.0,15,warning_only,closed_all,1.8,0.8
BUY,4178.03,4176.90694,4179.15306,4176.90694,-1.12306,-1.0,0.95,1.36,STOP,2026-07-03 08:04:00,2026-07-03 08:03:00,2026-07-03 08:04:00,3,30,63,1.0,1.0,15,warning_only,closed_all,1.8,0.8
BUY,4187.16,4183.5908,4190.7292,4190.7292,3.5692,1.0,4.41,2.59,TARGET,2026-07-05 22:30:00,2026-07-05 22:26:00,2026-07-05 22:27:00,3,30,63,1.0,1.0,15,warning_only,closed_all,1.8,0.8
BUY,4155.65,4154.25198,4157.04802,4154.25198,-1.39802,-1.0,0.55,1.93,STOP,2026-07-06 09:00:00,2026-07-06 08:59:00,2026-07-06 09:00:00,3,30,63,1.0,1.0,15,warning_only,closed_all,1.8,0.8
BUY,4161.96,4160.94054,4162.97946,4162.97946,1.01946,1.0,1.28,0.57,TARGET,2026-07-06 16:29:00,2026-07-06 16:23:00,2026-07-06 16:24:00,3,30,63,1.0,1.0,15,warning_only,closed_all,1.8,0.8
BUY,4162.82,4161.66122,4163.97878,4163.97878,1.15878,1.0,1.68,0.81,TARGET,2026-07-06 17:00:00,2026-07-06 16:58:00,2026-07-06 16:59:00,3,30,63,1.0,1.0,15,warning_only,closed_all,1.8,0.8
BUY,4108.98,4106.33815,4111.62185,4111.62185,2.64185,1.0,3.24,0.87,TARGET,2026-07-07 23:06:00,2026-07-07 23:05:00,2026-07-07 23:06:00,3,30,63,1.0,1.0,15,warning_only,closed_all,1.8,0.8
BUY,4126.21,4124.65154,4127.76846,4127.76846,1.55846,1.0,1.73,1.52,TARGET,2026-07-08 02:04:00,2026-07-08 01:56:00,2026-07-08 01:57:00,3,30,63,1.0,1.0,15,warning_only,closed_all,1.8,0.8
BUY,4128.02,4126.13207,4129.90793,4126.13207,-1.88793,-1.0,1.17,3.48,STOP,2026-07-08 03:02:00,2026-07-08 02:56:00,2026-07-08 02:57:00,3,30,63,1.0,1.0,15,warning_only,closed_all,1.8,0.8
BUY,4078.04,4074.0538,4082.0262,4074.0538,-3.9862,-1.0,2.16,7.75,STOP,2026-07-08 10:42:00,2026-07-08 10:36:00,2026-07-08 10:37:00,3,30,63,1.0,1.0,15,warning_only,closed_all,1.8,0.8
BUY,4129.43,4125.84699,4132.34119,4125.84699,-3.58301,-1.0,1.25,5.03,STOP,2026-07-02 20:53:00,2026-07-02 20:47:00,2026-07-02 20:48:00,8,23,60,1.6,1.3,20,required,closed_all,1.8,2.0
BUY,4130.59,4127.07664,4133.44461,4127.07664,-3.51336,-1.0,0.09,4.35,STOP,2026-07-02 20:52:00,2026-07-02 20:48:00,2026-07-02 20:49:00,8,23,60,1.6,1.3,20,required,closed_all,1.8,2.0
BUY,4130.63,4127.13673,4133.46828,4127.13673,-3.49327,-1.0,0.05,4.39,STOP,2026-07-02 20:52:00,2026-07-02 20:49:00,2026-07-02 20:50:00,8,23,60,1.6,1.3,20,required,closed_all,1.8,2.0
BUY,4128.6,4124.95183,4131.56414,4131.56414,2.96414,0.8125,3.12,1.59,TARGET,2026-07-02 20:56:00,2026-07-02 20:54:00,2026-07-02 20:55:00,8,23,60,1.6,1.3,20,required,closed_all,1.8,2.0
BUY,4131.32,4126.82628,4134.97114,4126.82628,-4.49372,-1.0,1.38,6.03,STOP,2026-07-02 21:07:00,2026-07-02 21:03:00,2026-07-02 21:04:00,8,23,60,1.6,1.3,20,required,closed_all,1.8,2.0
BUY,4128.89,4124.32046,4132.60275,4132.60275,3.71275,0.8125,6.43,2.32,TARGET,2026-07-02 21:13:00,2026-07-02 21:09:00,2026-07-02 21:10:00,8,23,60,1.6,1.3,20,required,closed_all,1.8,2.0
BUY,4134.23,4129.57711,4138.01047,4138.01047,3.78047,0.8125,4.27,1.31,TARGET,2026-07-02 21:22:00,2026-07-02 21:17:00,2026-07-02 21:18:00,8,23,60,1.6,1.3,20,required,closed_all,1.8,2.0
BUY,4135.16,4130.58346,4138.87844,4138.87844,3.71844,0.8125,5.73,1.83,TARGET,2026-07-02 21:23:00,2026-07-02 21:18:00,2026-07-02 21:19:00,8,23,60,1.6,1.3,20,required,closed_all,1.8,2.0
BUY,4181.41,4178.19078,4184.02562,4184.02562,2.61562,0.8125,4.06,2.17,TARGET,2026-07-02 23:38:00,2026-07-02 23:33:00,2026-07-02 23:34:00,8,23,60,1.6,1.3,20,required,closed_all,1.8,2.0
BUY,4183.58,4180.30516,4186.24081,4186.24081,2.66081,0.8125,3.02,1.32,TARGET,2026-07-02 23:57:00,2026-07-02 23:52:00,2026-07-02 23:53:00,8,23,60,1.6,1.3,20,required,closed_all,1.8,2.0
BUY,4183.17,4180.31953,4185.48601,4180.31953,-2.85047,-1.0,0.61,3.12,STOP,2026-07-03 00:21:00,2026-07-03 00:13:00,2026-07-03 00:14:00,8,23,60,1.6,1.3,20,required,closed_all,1.8,2.0
BUY,4180.51,4178.41182,4182.21477,4178.41182,-2.09818,-1.0,0.56,2.42,STOP,2026-07-03 02:10:00,2026-07-03 02:06:00,2026-07-03 02:07:00,8,23,60,1.6,1.3,20,required,closed_all,1.8,2.0
BUY,4172.87,4169.73657,4175.41591,4175.41591,2.54591,0.8125,3.88,2.08,TARGET,2026-07-03 04:05:00,2026-07-03 03:48:00,2026-07-03 03:49:00,8,23,60,1.6,1.3,20,required,closed_all,1.8,2.0
BUY,4173.66,4170.62353,4176.12713,4176.12713,2.46713,0.8125,3.09,2.87,TARGET,2026-07-03 04:05:00,2026-07-03 03:49:00,2026-07-03 03:50:00,8,23,60,1.6,1.3,20,required,closed_all,1.8,2.0
BUY,4173.47,4170.54667,4175.84521,4175.84521,2.37521,0.8125,3.28,2.68,TARGET,2026-07-03 04:05:00,2026-07-03 03:52:00,2026-07-03 03:53:00,8,23,60,1.6,1.3,20,required,closed_all,1.8,2.0
BUY,4174.16,4171.31709,4176.46987,4171.31709,-2.84291,-1.0,0.02,3.12,STOP,2026-07-03 04:01:00,2026-07-03 03:58:00,2026-07-03 03:59:00,8,23,60,1.6,1.3,20,required,closed_all,1.8,2.0
BUY,4173.66,4170.58427,4176.15903,4176.15903,2.49903,0.8125,3.09,0.53,TARGET,2026-07-03 04:05:00,2026-07-03 04:03:00,2026-07-03 04:04:00,8,23,60,1.6,1.3,20,required,closed_all,1.8,2.0
BUY,4174.9,4171.84168,4177.38488,4177.38488,2.48488,0.8125,3.26,0.44,TARGET,2026-07-03 04:06:00,2026-07-03 04:04:00,2026-07-03 04:05:00,8,23,60,1.6,1.3,20,required,closed_all,1.8,2.0
BUY,4175.29,4172.52248,4177.53861,4177.53861,2.24861,0.8125,2.93,1.62,TARGET,2026-07-03 04:34:00,2026-07-03 04:29:00,2026-07-03 04:30:00,8,23,60,1.6,1.3,20,required,closed_all,1.8,2.0
BUY,4175.84,4172.92378,4178.20943,4178.20943,2.36943,0.8125,2.38,0.95,TARGET,2026-07-03 04:34:00,2026-07-03 04:32:00,2026-07-03 04:33:00,8,23,60,1.6,1.3,20,required,closed_all,1.8,2.0
BUY,4175.91,4173.08551,4178.2049,4178.2049,2.2949,0.8125,2.31,0.27,TARGET,2026-07-03 04:34:00,2026-07-03 04:33:00,2026-07-03 04:34:00,8,23,60,1.6,1.3,20,required,closed_all,1.8,2.0
BUY,4183.11,4180.59404,4185.15421,4185.15421,2.04421,0.8125,2.82,2.28,TARGET,2026-07-03 05:33:00,2026-07-03 05:29:00,2026-07-03 05:30:00,8,23,60,1.6,1.3,20,required,closed_all,1.8,2.0
BUY,4183.96,4181.23338,4186.17538,4186.17538,2.21538,0.8125,2.57,1.24,TARGET,2026-07-03 05:34:00,2026-07-03 05:32:00,2026-07-03 05:33:00,8,23,60,1.6,1.3,20,required,closed_all,1.8,2.0
BUY,4179.44,4177.55749,4180.96954,4177.55749,-1.88251,-1.0,0.1,2.02,STOP,2026-07-03 08:07:00,2026-07-03 08:05:00,2026-07-03 08:06:00,8,23,60,1.6,1.3,20,required,closed_all,1.8,2.0
BUY,4189.71,4187.268,4191.69413,4191.69413,1.98413,0.8125,12.19,0.16,TARGET,2026-07-05 20:28:00,2026-07-05 20:25:00,2026-07-05 20:26:00,8,23,60,1.6,1.3,20,required,closed_all,1.8,2.0
BUY,4188.13,4184.16643,4191.3504,4184.16643,-3.96357,-1.0,0.69,4.93,STOP,2026-07-05 21:49:00,2026-07-05 21:45:00,2026-07-05 21:46:00,8,23,60,1.6,1.3,20,required,closed_all,1.8,2.0
BUY,4191.06,4184.49234,4196.39622,4184.49234,-6.56766,-1.0,1.75,8.47,STOP,2026-07-05 22:05:00,2026-07-05 22:03:00,2026-07-05 22:04:00,8,23,60,1.6,1.3,20,required,closed_all,1.8,2.0
BUY,4187.79,4181.2841,4193.07604,4181.2841,-6.5059,-1.0,4.99,7.24,STOP,2026-07-05 22:23:00,2026-07-05 22:13:00,2026-07-05 22:14:00,8,23,60,1.6,1.3,20,required,closed_all,1.8,2.0
BUY,4189.3,4182.98909,4194.42761,4182.98909,-6.31091,-1.0,3.48,7.81,STOP,2026-07-05 22:22:00,2026-07-05 22:14:00,2026-07-05 22:15:00,8,23,60,1.6,1.3,20,required,closed_all,1.8,2.0
BUY,4191.31,4185.1093,4196.34807,4185.1093,-6.2007,-1.0,1.47,7.09,STOP,2026-07-05 22:18:00,2026-07-05 22:15:00,2026-07-05 22:16:00,8,23,60,1.6,1.3,20,required,closed_all,1.8,2.0
BUY,4188.85,4182.74196,4193.81278,4182.74196,-6.10804,-1.0,1.62,7.36,STOP,2026-07-05 22:22:00,2026-07-05 22:19:00,2026-07-05 22:20:00,8,23,60,1.6,1.3,20,required,closed_all,1.8,2.0
BUY,4185.64,4179.83953,4190.35288,4190.35288,4.71288,0.8125,5.93,1.32,TARGET,2026-07-05 22:30:00,2026-07-05 22:25:00,2026-07-05 22:26:00,8,23,60,1.6,1.3,20,required,closed_all,1.8,2.0
BUY,4187.16,4181.44928,4191.79996,4191.79996,4.63996,0.8125,7.22,2.59,TARGET,2026-07-05 22:32:00,2026-07-05 22:26:00,2026-07-05 22:27:00,8,23,60,1.6,1.3,20,required,closed_all,1.8,2.0
BUY,4188.14,4182.42919,4192.78004,4192.78004,4.64004,0.8125,6.24,2.27,TARGET,2026-07-05 22:32:00,2026-07-05 22:27:00,2026-07-05 22:28:00,8,23,60,1.6,1.3,20,required,closed_all,1.8,2.0
BUY,4189.71,4184.0911,4194.27535,4194.27535,4.56535,0.8125,4.67,2.34,TARGET,2026-07-05 22:32:00,2026-07-05 22:29:00,2026-07-05 22:30:00,8,23,60,1.6,1.3,20,required,closed_all,1.8,2.0
BUY,4190.51,4184.91656,4195.05467,4195.05467,4.54467,0.8125,7.26,1.33,TARGET,2026-07-05 22:34:00,2026-07-05 22:31:00,2026-07-05 22:32:00,8,23,60,1.6,1.3,20,required,closed_all,1.8,2.0
BUY,4163.81,4162.26542,4165.06497,4165.06497,1.25497,0.8125,1.45,0.19,TARGET,2026-07-06 16:00:00,2026-07-06 15:59:00,2026-07-06 16:00:00,8,23,60,1.6,1.3,20,required,closed_all,1.8,2.0
BUY,4162.71,4161.16429,4163.96589,4161.16429,-1.54571,-1.0,0.53,2.6,STOP,2026-07-06 16:35:00,2026-07-06 16:28:00,2026-07-06 16:29:00,8,23,60,1.6,1.3,20,required,closed_all,1.8,2.0
BUY,4162.71,4161.09041,4164.02591,4161.09041,-1.61959,-1.0,0.25,2.6,STOP,2026-07-06 16:35:00,2026-07-06 16:31:00,2026-07-06 16:32:00,8,23,60,1.6,1.3,20,required,closed_all,1.8,2.0
BUY,4163.8,4161.87381,4165.36503,4161.87381,-1.92619,-1.0,0.7,2.22,STOP,2026-07-06 17:06:00,2026-07-06 16:59:00,2026-07-06 17:00:00,8,23,60,1.6,1.3,20,required,closed_all,1.8,2.0
BUY,4162.96,4161.88617,4163.83249,4163.83249,0.87249,0.8125,1.44,0.59,TARGET,2026-07-06 17:33:00,2026-07-06 17:28:00,2026-07-06 17:29:00,8,23,60,1.6,1.3,20,required,closed_all,1.8,2.0
BUY,4163.87,4162.94022,4164.62545,4164.62545,0.75545,0.8125,0.8,0.38,TARGET,2026-07-06 17:53:00,2026-07-06 17:50:00,2026-07-06 17:51:00,8,23,60,1.6,1.3,20,required,closed_all,1.8,2.0
BUY,4166.32,4164.74965,4167.59591,4167.59591,1.27591,0.8125,1.56,1.45,TARGET,2026-07-06 19:33:00,2026-07-06 19:14:00,2026-07-06 19:15:00,8,23,60,1.6,1.3,20,required,closed_all,1.8,2.0
BUY,4166.33,4165.26134,4167.19829,4167.19829,0.86829,0.8125,1.17,0.3,TARGET,2026-07-06 19:32:00,2026-07-06 19:30:00,2026-07-06 19:31:00,8,23,60,1.6,1.3,20,required,closed_all,1.8,2.0
BUY,4136.9,4134.58227,4138.78316,4138.78316,1.88316,0.8125,5.16,0.04,TARGET,2026-07-07 08:18:00,2026-07-07 08:17:00,2026-07-07 08:18:00,8,23,60,1.6,1.3,20,required,closed_all,1.8,2.0
BUY,4166.47,4161.83796,4170.23354,4170.23354,3.76354,0.8125,4.58,2.41,TARGET,2026-07-07 09:58:00,2026-07-07 09:44:00,2026-07-07 09:45:00,8,23,60,1.6,1.3,20,required,closed_all,1.8,2.0
BUY,4167.01,4162.70148,4170.51067,4170.51067,3.50067,0.8125,4.04,0.65,TARGET,2026-07-07 09:58:00,2026-07-07 09:50:00,2026-07-07 09:51:00,8,23,60,1.6,1.3,20,required,closed_all,1.8,2.0
BUY,4167.36,4163.28149,4170.67379,4170.67379,3.31379,0.8125,3.69,0.79,TARGET,2026-07-07 09:58:00,2026-07-07 09:54:00,2026-07-07 09:55:00,8,23,60,1.6,1.3,20,required,closed_all,1.8,2.0
BUY,4170.2,4165.22018,4174.2461,4165.22018,-4.97982,-1.0,2.2,5.84,STOP,2026-07-07 10:25:00,2026-07-07 10:16:00,2026-07-07 10:17:00,8,23,60,1.6,1.3,20,required,closed_all,1.8,2.0
BUY,4171.65,4167.1046,4175.34314,4175.34314,3.69314,0.8125,8.17,0.53,TARGET,2026-07-07 10:36:00,2026-07-07 10:35:00,2026-07-07 10:36:00,8,23,60,1.6,1.3,20,required,closed_all,1.8,2.0
BUY,4127.93,4125.85567,4129.6154,4125.85567,-2.07433,-1.0,0.25,2.82,STOP,2026-07-08 00:55:00,2026-07-08 00:52:00,2026-07-08 00:53:00,8,23,60,1.6,1.3,20,required,closed_all,1.8,2.0
BUY,4126.98,4124.04867,4129.36171,4124.04867,-2.93133,-1.0,1.17,3.09,STOP,2026-07-08 01:42:00,2026-07-08 01:25:00,2026-07-08 01:26:00,8,23,60,1.6,1.3,20,required,closed_all,1.8,2.0
BUY,4126.3,4123.54652,4128.53721,4123.54652,-2.75348,-1.0,1.85,4.2,STOP,2026-07-08 01:43:00,2026-07-08 01:27:00,2026-07-08 01:28:00,8,23,60,1.6,1.3,20,required,closed_all,1.8,2.0
BUY,4126.29,4123.68619,4128.4056,4123.68619,-2.60381,-1.0,1.86,4.19,STOP,2026-07-08 01:43:00,2026-07-08 01:29:00,2026-07-08 01:30:00,8,23,60,1.6,1.3,20,required,closed_all,1.8,2.0
BUY,4127.36,4124.51561,4129.67106,4124.51561,-2.84439,-1.0,0.79,3.3,STOP,2026-07-08 01:41:00,2026-07-08 01:31:00,2026-07-08 01:32:00,8,23,60,1.6,1.3,20,required,closed_all,1.8,2.0
BUY,4127.05,4124.56173,4129.07172,4129.07172,2.02172,0.8125,3.55,2.05,TARGET,2026-07-08 02:05:00,2026-07-08 02:00:00,2026-07-08 02:01:00,8,23,60,1.6,1.3,20,required,closed_all,1.8,2.0
BUY,4127.94,4125.47468,4129.94307,4129.94307,2.00307,0.8125,2.66,0.18,TARGET,2026-07-08 02:05:00,2026-07-08 02:04:00,2026-07-08 02:05:00,8,23,60,1.6,1.3,20,required,closed_all,1.8,2.0
BUY,4128.92,4125.38358,4131.79334,4125.38358,-3.53642,-1.0,2.7,3.9,STOP,2026-07-08 02:49:00,2026-07-08 02:40:00,2026-07-08 02:41:00,8,23,60,1.6,1.3,20,required,closed_all,1.8,2.0
BUY,4129.73,4126.28046,4132.53275,4126.28046,-3.44954,-1.0,1.89,4.18,STOP,2026-07-08 02:48:00,2026-07-08 02:41:00,2026-07-08 02:42:00,8,23,60,1.6,1.3,20,required,closed_all,1.8,2.0
BUY,4130.85,4127.58655,4133.50155,4133.50155,2.65155,0.8125,2.66,0.99,TARGET,2026-07-08 03:24:00,2026-07-08 03:21:00,2026-07-08 03:22:00,8,23,60,1.6,1.3,20,required,closed_all,1.8,2.0
BUY,4131.4,4128.26366,4133.94828,4128.26366,-3.13634,-1.0,2.11,3.59,STOP,2026-07-08 03:30:00,2026-07-08 03:23:00,2026-07-08 03:24:00,8,23,60,1.6,1.3,20,required,closed_all,1.8,2.0
BUY,4187.16,4182.52004,4190.01536,4190.01536,2.85536,0.61538,4.41,2.59,TARGET,2026-07-05 22:30:00,2026-07-05 22:26:00,2026-07-05 22:27:00,4,28,76,1.3,0.8,30,required,closed_all,1.2,0.8
BUY,4161.96,4160.63471,4162.77557,4162.77557,0.81557,0.61538,1.28,0.57,TARGET,2026-07-06 16:29:00,2026-07-06 16:23:00,2026-07-06 16:24:00,4,28,76,1.3,0.8,30,required,closed_all,1.2,0.8
BUY,4127.19,4124.39931,4128.90735,4128.90735,1.71735,0.61538,2.97,0.59,TARGET,2026-07-08 02:38:00,2026-07-08 02:36:00,2026-07-08 02:37:00,4,28,76,1.3,0.8,30,required,closed_all,1.2,0.8
BUY,4128.26,4125.5145,4129.94954,4129.94954,1.68954,0.61538,1.9,1.34,TARGET,2026-07-08 02:38:00,2026-07-08 02:37:00,2026-07-08 02:38:00,4,28,76,1.3,0.8,30,required,closed_all,1.2,0.8
BUY,4128.02,4125.56569,4129.53035,4125.56569,-2.45431,-1.0,1.17,3.48,STOP,2026-07-08 03:02:00,2026-07-08 02:56:00,2026-07-08 02:57:00,4,28,76,1.3,0.8,30,required,closed_all,1.2,0.8
BUY,4128.89,4124.32046,4131.74596,4131.74596,2.85596,0.625,6.43,2.32,TARGET,2026-07-02 21:13:00,2026-07-02 21:09:00,2026-07-02 21:10:00,8,24,77,1.6,1.0,5,required,closed_all,1.2,2.0
BUY,4134.23,4129.57711,4137.13806,4137.13806,2.90806,0.625,3.54,1.31,TARGET,2026-07-02 21:21:00,2026-07-02 21:17:00,2026-07-02 21:18:00,8,24,77,1.6,1.0,5,required,closed_all,1.2,2.0
BUY,4135.16,4130.58346,4138.02034,4138.02034,2.86034,0.625,3.34,1.83,TARGET,2026-07-02 21:22:00,2026-07-02 21:18:00,2026-07-02 21:19:00,8,24,77,1.6,1.0,5,required,closed_all,1.2,2.0
BUY,4183.17,4180.31953,4184.95154,4182.18,-0.99,-0.34731,0.61,1.8,TIME_EXIT,2026-07-03 00:18:00,2026-07-03 00:13:00,2026-07-03 00:14:00,8,24,77,1.6,1.0,5,required,closed_all,1.2,2.0
BUY,4180.51,4178.41182,4181.82136,4178.41182,-2.09818,-1.0,0.56,2.42,STOP,2026-07-03 02:10:00,2026-07-03 02:06:00,2026-07-03 02:07:00,8,24,77,1.6,1.0,5,required,closed_all,1.2,2.0
BUY,4173.47,4170.54667,4175.29708,4171.55,-1.92,-0.65678,0.91,2.68,TIME_EXIT,2026-07-03 03:57:00,2026-07-03 03:52:00,2026-07-03 03:53:00,8,24,77,1.6,1.0,5,required,closed_all,1.2,2.0
BUY,4173.66,4170.58427,4175.58233,4175.58233,1.92233,0.625,3.09,0.53,TARGET,2026-07-03 04:05:00,2026-07-03 04:03:00,2026-07-03 04:04:00,8,24,77,1.6,1.0,5,required,closed_all,1.2,2.0
BUY,4174.9,4171.84168,4176.81145,4176.81145,1.91145,0.625,3.26,0.44,TARGET,2026-07-03 04:06:00,2026-07-03 04:04:00,2026-07-03 04:05:00,8,24,77,1.6,1.0,5,required,closed_all,1.2,2.0
BUY,4175.29,4172.52248,4177.0197,4177.0197,1.7297,0.625,2.93,1.62,TARGET,2026-07-03 04:34:00,2026-07-03 04:29:00,2026-07-03 04:30:00,8,24,77,1.6,1.0,5,required,closed_all,1.2,2.0
BUY,4175.84,4172.92378,4177.66264,4177.66264,1.82264,0.625,2.38,0.95,TARGET,2026-07-03 04:34:00,2026-07-03 04:32:00,2026-07-03 04:33:00,8,24,77,1.6,1.0,5,required,closed_all,1.2,2.0
BUY,4175.91,4173.08551,4177.6753,4177.6753,1.7653,0.625,2.31,0.27,TARGET,2026-07-03 04:34:00,2026-07-03 04:33:00,2026-07-03 04:34:00,8,24,77,1.6,1.0,5,required,closed_all,1.2,2.0
BUY,4179.44,4177.55749,4180.61657,4177.55749,-1.88251,-1.0,0.1,2.02,STOP,2026-07-03 08:07:00,2026-07-03 08:05:00,2026-07-03 08:06:00,8,24,77,1.6,1.0,5,required,closed_all,1.2,2.0
BUY,4187.79,4181.2841,4191.85619,4191.85619,4.06619,0.625,4.99,0.85,TARGET,2026-07-05 22:16:00,2026-07-05 22:13:00,2026-07-05 22:14:00,8,24,77,1.6,1.0,5,required,closed_all,1.2,2.0
BUY,4189.3,4182.98909,4193.24432,4188.63,-0.67,-0.10617,3.48,5.08,TIME_EXIT,2026-07-05 22:19:00,2026-07-05 22:14:00,2026-07-05 22:15:00,8,24,77,1.6,1.0,5,required,closed_all,1.2,2.0
BUY,4191.31,4185.1093,4195.18544,4185.1093,-6.2007,-1.0,1.47,7.09,STOP,2026-07-05 22:18:00,2026-07-05 22:15:00,2026-07-05 22:16:00,8,24,77,1.6,1.0,5,required,closed_all,1.2,2.0
BUY,4188.85,4182.74196,4192.66753,4182.74196,-6.10804,-1.0,1.62,7.36,STOP,2026-07-05 22:22:00,2026-07-05 22:19:00,2026-07-05 22:20:00,8,24,77,1.6,1.0,5,required,closed_all,1.2,2.0
BUY,4185.64,4179.83953,4189.26529,4189.26529,3.62529,0.625,4.02,1.32,TARGET,2026-07-05 22:28:00,2026-07-05 22:25:00,2026-07-05 22:26:00,8,24,77,1.6,1.0,5,required,closed_all,1.2,2.0
BUY,4187.16,4181.44928,4190.7292,4190.7292,3.5692,0.625,4.41,2.59,TARGET,2026-07-05 22:30:00,2026-07-05 22:26:00,2026-07-05 22:27:00,8,24,77,1.6,1.0,5,required,closed_all,1.2,2.0
BUY,4188.14,4182.42919,4191.70926,4191.70926,3.56926,0.625,6.24,2.27,TARGET,2026-07-05 22:32:00,2026-07-05 22:27:00,2026-07-05 22:28:00,8,24,77,1.6,1.0,5,required,closed_all,1.2,2.0
BUY,4189.71,4184.0911,4193.22181,4193.22181,3.51181,0.625,4.67,2.34,TARGET,2026-07-05 22:32:00,2026-07-05 22:29:00,2026-07-05 22:30:00,8,24,77,1.6,1.0,5,required,closed_all,1.2,2.0
BUY,4190.51,4184.91656,4194.0059,4194.0059,3.4959,0.625,3.87,1.33,TARGET,2026-07-05 22:32:00,2026-07-05 22:31:00,2026-07-05 22:32:00,8,24,77,1.6,1.0,5,required,closed_all,1.2,2.0
BUY,4162.39,4160.8541,4163.34994,4162.71,0.32,0.20835,0.85,1.05,TIME_EXIT,2026-07-06 16:31:00,2026-07-06 16:26:00,2026-07-06 16:27:00,8,24,77,1.6,1.0,5,required,closed_all,1.2,2.0
BUY,4162.71,4161.16429,4163.67607,4161.74,-0.97,-0.62754,0.53,1.37,TIME_EXIT,2026-07-06 16:33:00,2026-07-06 16:28:00,2026-07-06 16:29:00,8,24,77,1.6,1.0,5,required,closed_all,1.2,2.0
BUY,4162.57,4161.12839,4163.471,4163.471,0.901,0.625,1.19,0.62,TARGET,2026-07-06 16:49:00,2026-07-06 16:46:00,2026-07-06 16:47:00,8,24,77,1.6,1.0,5,required,closed_all,1.2,2.0
BUY,4162.75,4161.60761,4163.46399,4163.18,0.43,0.37641,0.65,0.38,TIME_EXIT,2026-07-06 17:31:00,2026-07-06 17:26:00,2026-07-06 17:27:00,8,24,77,1.6,1.0,5,required,closed_all,1.2,2.0
BUY,4162.96,4161.88617,4163.63115,4163.63115,0.67115,0.625,1.44,0.59,TARGET,2026-07-06 17:33:00,2026-07-06 17:28:00,2026-07-06 17:29:00,8,24,77,1.6,1.0,5,required,closed_all,1.2,2.0
BUY,4170.2,4165.22018,4173.31239,4171.55,1.35,0.27109,2.2,2.2,TIME_EXIT,2026-07-07 10:21:00,2026-07-07 10:16:00,2026-07-07 10:17:00,8,24,77,1.6,1.0,5,required,closed_all,1.2,2.0
BUY,4128.26,4124.88093,4130.37192,4130.37192,2.11192,0.625,2.82,1.7,TARGET,2026-07-08 02:42:00,2026-07-08 02:37:00,2026-07-08 02:38:00,8,24,77,1.6,1.0,5,required,closed_all,1.2,2.0
BUY,4128.92,4125.38358,4131.13026,4131.13026,2.21026,0.625,2.7,0.64,TARGET,2026-07-08 02:43:00,2026-07-08 02:40:00,2026-07-08 02:41:00,8,24,77,1.6,1.0,5,required,closed_all,1.2,2.0
BUY,4129.73,4126.28046,4131.88596,4129.19,-0.54,-0.15654,1.89,2.07,TIME_EXIT,2026-07-08 02:46:00,2026-07-08 02:41:00,2026-07-08 02:42:00,8,24,77,1.6,1.0,5,required,closed_all,1.2,2.0
BUY,4130.85,4127.58655,4132.88966,4132.88966,2.03966,0.625,2.66,0.99,TARGET,2026-07-08 03:24:00,2026-07-08 03:21:00,2026-07-08 03:22:00,8,24,77,1.6,1.0,5,required,closed_all,1.2,2.0
BUY,4185.64,4182.01471,4188.54024,4188.54024,2.90024,0.8,4.02,1.32,TARGET,2026-07-05 22:28:00,2026-07-05 22:25:00,2026-07-05 22:26:00,3,32,91,1.0,0.8,5,required,closed_all,0.8,0.8
BUY,4187.16,4183.5908,4190.01536,4190.01536,2.85536,0.8,4.41,2.59,TARGET,2026-07-05 22:30:00,2026-07-05 22:26:00,2026-07-05 22:27:00,3,32,91,1.0,0.8,5,required,closed_all,0.8,0.8
BUY,4127.19,4125.04332,4128.90735,4128.90735,1.71735,0.8,2.97,0.59,TARGET,2026-07-08 02:38:00,2026-07-08 02:36:00,2026-07-08 02:37:00,3,32,91,1.0,0.8,5,required,closed_all,0.8,0.8
BUY,4128.26,4126.14808,4129.94954,4129.94954,1.68954,0.8,1.9,1.34,TARGET,2026-07-08 02:38:00,2026-07-08 02:37:00,2026-07-08 02:38:00,3,32,91,1.0,0.8,5,required,closed_all,0.8,0.8
BUY,4129.43,4126.51881,4131.2215,4126.51881,-2.91119,-1.0,1.25,3.19,STOP,2026-07-02 20:52:00,2026-07-02 20:47:00,2026-07-02 20:48:00,5,26,60,1.3,0.8,5,warning_only,closed_all,1.2,2.0
BUY,4130.59,4127.73539,4132.34668,4127.73539,-2.85461,-1.0,0.09,3.38,STOP,2026-07-02 20:51:00,2026-07-02 20:48:00,2026-07-02 20:49:00,5,26,60,1.3,0.8,5,warning_only,closed_all,1.2,2.0
BUY,4130.63,4127.79172,4132.37663,4127.79172,-2.83828,-1.0,0.05,3.42,STOP,2026-07-02 20:51:00,2026-07-02 20:49:00,2026-07-02 20:50:00,5,26,60,1.3,0.8,5,warning_only,closed_all,1.2,2.0
BUY,4134.23,4130.44953,4136.55645,4136.55645,2.32645,0.61538,2.45,1.31,TARGET,2026-07-02 21:20:00,2026-07-02 21:17:00,2026-07-02 21:18:00,5,26,60,1.3,0.8,5,warning_only,closed_all,1.2,2.0
BUY,4135.16,4131.44156,4137.44827,4137.44827,2.28827,0.61538,2.61,1.83,TARGET,2026-07-02 21:21:00,2026-07-02 21:18:00,2026-07-02 21:19:00,5,26,60,1.3,0.8,5,warning_only,closed_all,1.2,2.0
BUY,4181.41,4178.79438,4183.01961,4183.01961,1.60961,0.61538,4.06,2.17,TARGET,2026-07-02 23:38:00,2026-07-02 23:33:00,2026-07-02 23:34:00,5,26,60,1.3,0.8,5,warning_only,closed_all,1.2,2.0
BUY,4183.58,4180.91919,4185.21742,4185.21742,1.63742,0.61538,2.36,0.62,TARGET,2026-07-02 23:53:00,2026-07-02 23:52:00,2026-07-02 23:53:00,5,26,60,1.3,0.8,5,warning_only,closed_all,1.2,2.0
BUY,4183.17,4180.85399,4184.59523,4182.18,-0.99,-0.42746,0.61,1.8,TIME_EXIT,2026-07-03 00:18:00,2026-07-03 00:13:00,2026-07-03 00:14:00,5,26,60,1.3,0.8,5,warning_only,closed_all,1.2,2.0
BUY,4180.51,4178.80523,4181.55909,4178.80523,-1.70477,-1.0,0.56,2.08,STOP,2026-07-03 02:09:00,2026-07-03 02:06:00,2026-07-03 02:07:00,5,26,60,1.3,0.8,5,warning_only,closed_all,1.2,2.0
BUY,4172.87,4170.32409,4174.43672,4173.89,1.02,0.40064,1.51,1.48,TIME_EXIT,2026-07-03 03:53:00,2026-07-03 03:48:00,2026-07-03 03:49:00,5,26,60,1.3,0.8,5,warning_only,closed_all,1.2,2.0
BUY,4173.66,4171.19287,4175.17824,4173.01,-0.65,-0.26346,0.72,2.27,TIME_EXIT,2026-07-03 03:54:00,2026-07-03 03:49:00,2026-07-03 03:50:00,5,26,60,1.3,0.8,5,warning_only,closed_all,1.2,2.0
BUY,4173.47,4171.09479,4174.93167,4171.09479,-2.37521,-1.0,0.91,2.68,STOP,2026-07-03 03:56:00,2026-07-03 03:52:00,2026-07-03 03:53:00,5,26,60,1.3,0.8,5,warning_only,closed_all,1.2,2.0
BUY,4173.66,4171.16097,4175.19786,4175.19786,1.53786,0.61538,3.09,0.53,TARGET,2026-07-03 04:05:00,2026-07-03 04:03:00,2026-07-03 04:04:00,5,26,60,1.3,0.8,5,warning_only,closed_all,1.2,2.0
BUY,4174.9,4172.41512,4176.42916,4176.42916,1.52916,0.61538,1.85,0.44,TARGET,2026-07-03 04:05:00,2026-07-03 04:04:00,2026-07-03 04:05:00,5,26,60,1.3,0.8,5,warning_only,closed_all,1.2,2.0
BUY,4175.29,4173.04139,4176.67376,4176.67376,1.38376,0.61538,1.72,0.34,TARGET,2026-07-03 04:30:00,2026-07-03 04:29:00,2026-07-03 04:30:00,5,26,60,1.3,0.8,5,warning_only,closed_all,1.2,2.0
BUY,4175.84,4173.47057,4177.29811,4177.29811,1.45811,0.61538,2.38,0.95,TARGET,2026-07-03 04:34:00,2026-07-03 04:32:00,2026-07-03 04:33:00,5,26,60,1.3,0.8,5,warning_only,closed_all,1.2,2.0
BUY,4175.91,4173.6151,4177.32224,4177.32224,1.41224,0.61538,2.31,0.27,TARGET,2026-07-03 04:34:00,2026-07-03 04:33:00,2026-07-03 04:34:00,5,26,60,1.3,0.8,5,warning_only,closed_all,1.2,2.0
BUY,4179.44,4177.91046,4180.38126,4177.91046,-1.52954,-1.0,0.1,2.02,STOP,2026-07-03 08:07:00,2026-07-03 08:05:00,2026-07-03 08:06:00,5,26,60,1.3,0.8,5,warning_only,closed_all,1.2,2.0
BUY,4179.31,4175.99248,4181.35155,4181.35155,2.04155,0.61538,2.15,0.32,TARGET,2026-07-05 19:22:00,2026-07-05 19:20:00,2026-07-05 19:21:00,5,26,60,1.3,0.8,5,warning_only,closed_all,1.2,2.0
BUY,4189.53,4187.34463,4190.87484,4190.87484,1.34484,0.61538,1.61,0.33,TARGET,2026-07-05 20:23:00,2026-07-05 20:20:00,2026-07-05 20:21:00,5,26,60,1.3,0.8,5,warning_only,closed_all,1.2,2.0
BUY,4188.13,4184.9096,4190.11178,4184.9096,-3.2204,-1.0,0.69,4.93,STOP,2026-07-05 21:49:00,2026-07-05 21:45:00,2026-07-05 21:46:00,5,26,60,1.3,0.8,5,warning_only,closed_all,1.2,2.0
BUY,4187.79,4182.50396,4191.04295,4191.04295,3.25295,0.61538,3.52,0.85,TARGET,2026-07-05 22:15:00,2026-07-05 22:13:00,2026-07-05 22:14:00,5,26,60,1.3,0.8,5,warning_only,closed_all,1.2,2.0
BUY,4189.3,4184.17239,4192.45545,4192.45545,3.15545,0.61538,3.48,0.97,TARGET,2026-07-05 22:16:00,2026-07-05 22:14:00,2026-07-05 22:15:00,5,26,60,1.3,0.8,5,warning_only,closed_all,1.2,2.0
BUY,4191.31,4186.27193,4194.41035,4186.27193,-5.03807,-1.0,1.47,5.52,STOP,2026-07-05 22:17:00,2026-07-05 22:15:00,2026-07-05 22:16:00,5,26,60,1.3,0.8,5,warning_only,closed_all,1.2,2.0
BUY,4188.85,4183.88722,4191.90402,4183.88722,-4.96278,-1.0,1.62,5.64,STOP,2026-07-05 22:21:00,2026-07-05 22:19:00,2026-07-05 22:20:00,5,26,60,1.3,0.8,5,warning_only,closed_all,1.2,2.0
BUY,4187.16,4182.52004,4190.01536,4190.01536,2.85536,0.61538,4.41,2.59,TARGET,2026-07-05 22:30:00,2026-07-05 22:26:00,2026-07-05 22:27:00,5,26,60,1.3,0.8,5,warning_only,closed_all,1.2,2.0
BUY,4188.14,4183.49996,4190.99541,4190.99541,2.85541,0.61538,3.43,2.27,TARGET,2026-07-05 22:30:00,2026-07-05 22:27:00,2026-07-05 22:28:00,5,26,60,1.3,0.8,5,warning_only,closed_all,1.2,2.0
BUY,4189.71,4185.14465,4192.51945,4192.51945,2.80945,0.61538,4.67,2.34,TARGET,2026-07-05 22:32:00,2026-07-05 22:29:00,2026-07-05 22:30:00,5,26,60,1.3,0.8,5,warning_only,closed_all,1.2,2.0
BUY,4190.51,4185.96533,4193.30672,4193.30672,2.79672,0.61538,3.87,1.33,TARGET,2026-07-05 22:32:00,2026-07-05 22:31:00,2026-07-05 22:32:00,5,26,60,1.3,0.8,5,warning_only,closed_all,1.2,2.0
BUY,4155.65,4153.83257,4156.76842,4153.83257,-1.81743,-1.0,0.55,1.93,STOP,2026-07-06 09:00:00,2026-07-06 08:59:00,2026-07-06 09:00:00,5,26,60,1.3,0.8,5,warning_only,closed_all,1.2,2.0
BUY,4156.96,4155.01567,4158.15651,4158.15651,1.19651,0.61538,1.29,1.48,TARGET,2026-07-06 09:03:00,2026-07-06 09:01:00,2026-07-06 09:02:00,5,26,60,1.3,0.8,5,warning_only,closed_all,1.2,2.0
BUY,4156.92,4154.96432,4158.12349,4158.12349,1.20349,0.61538,1.31,0.59,TARGET,2026-07-06 09:06:00,2026-07-06 09:05:00,2026-07-06 09:06:00,5,26,60,1.3,0.8,5,warning_only,closed_all,1.2,2.0
BUY,4148.59,4146.46818,4149.89574,4146.46818,-2.12182,-1.0,0.0,2.96,STOP,2026-07-06 13:00:00,2026-07-06 12:58:00,2026-07-06 12:59:00,5,26,60,1.3,0.8,5,warning_only,closed_all,1.2,2.0
BUY,4147.62,4145.6676,4148.82147,4148.36,0.74,0.37902,0.94,0.97,TIME_EXIT,2026-07-06 13:36:00,2026-07-06 13:31:00,2026-07-06 13:32:00,5,26,60,1.3,0.8,5,warning_only,closed_all,1.2,2.0
BUY,4147.29,4145.43414,4148.43207,4148.43207,1.14207,0.61538,1.27,0.29,TARGET,2026-07-06 13:36:00,2026-07-06 13:35:00,2026-07-06 13:36:00,5,26,60,1.3,0.8,5,warning_only,closed_all,1.2,2.0
BUY,4163.81,4162.55503,4164.58229,4164.58229,0.77229,0.61538,1.45,0.19,TARGET,2026-07-06 16:00:00,2026-07-06 15:59:00,2026-07-06 16:00:00,5,26,60,1.3,0.8,5,warning_only,closed_all,1.2,2.0
BUY,4162.71,4161.45411,4163.48285,4161.45411,-1.25589,-1.0,0.53,1.37,STOP,2026-07-06 16:31:00,2026-07-06 16:28:00,2026-07-06 16:29:00,5,26,60,1.3,0.8,5,warning_only,closed_all,1.2,2.0
BUY,4162.96,4162.08751,4163.49692,4163.49692,0.53692,0.61538,1.44,0.59,TARGET,2026-07-06 17:33:00,2026-07-06 17:28:00,2026-07-06 17:29:00,5,26,60,1.3,0.8,5,warning_only,closed_all,1.2,2.0
BUY,4163.33,4162.55829,4163.8049,4163.8049,0.4749,0.61538,0.54,0.2,TARGET,2026-07-06 17:50:00,2026-07-06 17:47:00,2026-07-06 17:48:00,5,26,60,1.3,0.8,5,warning_only,closed_all,1.2,2.0
BUY,4166.33,4165.46171,4166.86433,4166.86433,0.53433,0.61538,0.59,0.3,TARGET,2026-07-06 19:31:00,2026-07-06 19:30:00,2026-07-06 19:31:00,5,26,60,1.3,0.8,5,warning_only,closed_all,1.2,2.0
BUY,4131.76,4129.44047,4133.1874,4133.1874,1.4274,0.61538,1.89,0.33,TARGET,2026-07-07 06:44:00,2026-07-07 06:43:00,2026-07-07 06:44:00,5,26,60,1.3,0.8,5,warning_only,closed_all,1.2,2.0
BUY,4130.22,4127.86575,4131.66877,4131.66877,1.44877,0.61538,1.88,0.77,TARGET,2026-07-07 06:56:00,2026-07-07 06:54:00,2026-07-07 06:55:00,5,26,60,1.3,0.8,5,warning_only,closed_all,1.2,2.0
BUY,4130.25,4127.98963,4131.641,4131.641,1.391,0.61538,1.85,0.58,TARGET,2026-07-07 06:56:00,2026-07-07 06:55:00,2026-07-07 06:56:00,5,26,60,1.3,0.8,5,warning_only,closed_all,1.2,2.0
BUY,4131.98,4129.72627,4133.36691,4133.36691,1.38691,0.61538,1.79,1.04,TARGET,2026-07-07 07:00:00,2026-07-07 06:58:00,2026-07-07 06:59:00,5,26,60,1.3,0.8,5,warning_only,closed_all,1.2,2.0
BUY,4132.27,4130.02904,4133.64905,4133.64905,1.37905,0.61538,1.58,0.43,TARGET,2026-07-07 07:07:00,2026-07-07 07:02:00,2026-07-07 07:03:00,5,26,60,1.3,0.8,5,warning_only,closed_all,1.2,2.0
BUY,4133.13,4131.09613,4134.38161,4132.98,-0.15,-0.07375,0.81,0.93,TIME_EXIT,2026-07-07 07:11:00,2026-07-07 07:06:00,2026-07-07 07:07:00,5,26,60,1.3,0.8,5,warning_only,closed_all,1.2,2.0
BUY,4133.6,4131.6696,4134.78794,4134.78794,1.18794,0.61538,1.25,0.39,TARGET,2026-07-07 07:17:00,2026-07-07 07:16:00,2026-07-07 07:17:00,5,26,60,1.3,0.8,5,warning_only,closed_all,1.2,2.0
BUY,4136.9,4135.01684,4138.05887,4138.05887,1.15887,0.61538,5.16,0.04,TARGET,2026-07-07 08:18:00,2026-07-07 08:17:00,2026-07-07 08:18:00,5,26,60,1.3,0.8,5,warning_only,closed_all,1.2,2.0
BUY,4166.47,4162.70646,4168.78602,4165.43,-1.04,-0.27634,2.17,2.41,TIME_EXIT,2026-07-07 09:49:00,2026-07-07 09:44:00,2026-07-07 09:45:00,5,26,60,1.3,0.8,5,warning_only,closed_all,1.2,2.0
BUY,4167.01,4163.50933,4169.16426,4169.16426,2.15426,0.61538,2.91,0.19,TARGET,2026-07-07 09:51:00,2026-07-07 09:50:00,2026-07-07 09:51:00,5,26,60,1.3,0.8,5,warning_only,closed_all,1.2,2.0
BUY,4170.2,4166.1539,4172.68991,4171.55,1.35,0.33365,2.2,2.2,TIME_EXIT,2026-07-07 10:21:00,2026-07-07 10:16:00,2026-07-07 10:17:00,5,26,60,1.3,0.8,5,warning_only,closed_all,1.2,2.0
BUY,4111.35,4107.40892,4113.77528,4107.40892,-3.94108,-1.0,0.45,4.65,STOP,2026-07-07 23:02:00,2026-07-07 22:57:00,2026-07-07 22:58:00,5,26,60,1.3,0.8,5,warning_only,closed_all,1.2,2.0
BUY,4108.98,4105.54559,4111.09348,4111.09348,2.11348,0.61538,3.24,0.87,TARGET,2026-07-07 23:06:00,2026-07-07 23:05:00,2026-07-07 23:06:00,5,26,60,1.3,0.8,5,warning_only,closed_all,1.2,2.0
BUY,4126.3,4124.06279,4127.67674,4127.67674,1.37674,0.61538,1.85,1.93,TARGET,2026-07-08 01:32:00,2026-07-08 01:27:00,2026-07-08 01:28:00,5,26,60,1.3,0.8,5,warning_only,closed_all,1.2,2.0
BUY,4127.94,4125.93693,4129.17266,4129.17266,1.23266,0.61538,2.66,0.18,TARGET,2026-07-08 02:05:00,2026-07-08 02:04:00,2026-07-08 02:05:00,5,26,60,1.3,0.8,5,warning_only,closed_all,1.2,2.0
BUY,4128.76,4126.2922,4130.27865,4126.2922,-2.4678,-1.0,0.21,5.07,STOP,2026-07-08 02:21:00,2026-07-08 02:18:00,2026-07-08 02:19:00,5,26,60,1.3,0.8,5,warning_only,closed_all,1.2,2.0
BUY,4128.92,4126.04666,4130.68821,4130.68821,1.76821,0.61538,2.16,0.64,TARGET,2026-07-08 02:42:00,2026-07-08 02:40:00,2026-07-08 02:41:00,5,26,60,1.3,0.8,5,warning_only,closed_all,1.2,2.0
BUY,4129.73,4126.92725,4131.45477,4131.45477,1.72477,0.61538,1.89,1.18,TARGET,2026-07-08 02:43:00,2026-07-08 02:41:00,2026-07-08 02:42:00,5,26,60,1.3,0.8,5,warning_only,closed_all,1.2,2.0
BUY,4130.85,4128.19845,4132.48172,4132.48172,1.63172,0.61538,2.66,0.99,TARGET,2026-07-08 03:24:00,2026-07-08 03:21:00,2026-07-08 03:22:00,5,26,60,1.3,0.8,5,warning_only,closed_all,1.2,2.0
BUY,4131.4,4128.85172,4132.96817,4132.96817,1.56817,0.61538,2.11,0.44,TARGET,2026-07-08 03:24:00,2026-07-08 03:23:00,2026-07-08 03:24:00,5,26,60,1.3,0.8,5,warning_only,closed_all,1.2,2.0
BUY,4070.52,4066.2241,4073.16363,4073.16363,2.64363,0.61538,3.51,2.37,TARGET,2026-07-08 09:30:00,2026-07-08 09:26:00,2026-07-08 09:27:00,5,26,60,1.3,0.8,5,warning_only,closed_all,1.2,2.0
BUY,4070.34,4066.31096,4072.81941,4072.81941,2.47941,0.61538,3.08,0.84,TARGET,2026-07-08 09:39:00,2026-07-08 09:38:00,2026-07-08 09:39:00,5,26,60,1.3,0.8,5,warning_only,closed_all,1.2,2.0
BUY,4078.04,4072.85794,4081.22896,4077.91,-0.13,-0.02509,2.16,3.58,TIME_EXIT,2026-07-08 10:41:00,2026-07-08 10:36:00,2026-07-08 10:37:00,5,26,60,1.3,0.8,5,warning_only,closed_all,1.2,2.0
BUY,4185.64,4180.92712,4188.54024,4188.54024,2.90024,0.61538,4.02,1.32,TARGET,2026-07-05 22:28:00,2026-07-05 22:25:00,2026-07-05 22:26:00,4,34,64,1.3,0.8,15,warning_only,closed_all,0.8,0.8
BUY,4187.16,4182.52004,4190.01536,4190.01536,2.85536,0.61538,4.41,2.59,TARGET,2026-07-05 22:30:00,2026-07-05 22:26:00,2026-07-05 22:27:00,4,34,64,1.3,0.8,15,warning_only,closed_all,0.8,0.8
BUY,4108.98,4105.54559,4111.09348,4111.09348,2.11348,0.61538,3.24,0.87,TARGET,2026-07-07 23:06:00,2026-07-07 23:05:00,2026-07-07 23:06:00,4,34,64,1.3,0.8,15,warning_only,closed_all,0.8,0.8
BUY,4126.3,4124.06279,4127.67674,4127.67674,1.37674,0.61538,1.85,1.93,TARGET,2026-07-08 01:32:00,2026-07-08 01:27:00,2026-07-08 01:28:00,4,34,64,1.3,0.8,15,warning_only,closed_all,0.8,0.8
BUY,4128.26,4125.5145,4129.94954,4129.94954,1.68954,0.61538,1.9,1.34,TARGET,2026-07-08 02:38:00,2026-07-08 02:37:00,2026-07-08 02:38:00,4,34,64,1.3,0.8,15,warning_only,closed_all,0.8,0.8
BUY,4128.02,4125.56569,4129.53035,4125.56569,-2.45431,-1.0,1.17,3.48,STOP,2026-07-08 03:02:00,2026-07-08 02:56:00,2026-07-08 02:57:00,4,34,64,1.3,0.8,15,warning_only,closed_all,0.8,0.8
BUY,4185.64,4179.83953,4189.26529,4189.26529,3.62529,0.625,4.02,1.32,TARGET,2026-07-05 22:28:00,2026-07-05 22:25:00,2026-07-05 22:26:00,5,35,70,1.6,1.0,15,required,closed_all,1.2,1.2
BUY,4187.16,4181.44928,4190.7292,4190.7292,3.5692,0.625,4.41,2.59,TARGET,2026-07-05 22:30:00,2026-07-05 22:26:00,2026-07-05 22:27:00,5,35,70,1.6,1.0,15,required,closed_all,1.2,1.2
BUY,4188.14,4182.42919,4191.70926,4191.70926,3.56926,0.625,6.24,2.27,TARGET,2026-07-05 22:32:00,2026-07-05 22:27:00,2026-07-05 22:28:00,5,35,70,1.6,1.0,15,required,closed_all,1.2,1.2
BUY,4161.96,4160.32887,4162.97946,4162.97946,1.01946,0.625,1.28,0.57,TARGET,2026-07-06 16:29:00,2026-07-06 16:23:00,2026-07-06 16:24:00,5,35,70,1.6,1.0,15,required,closed_all,1.2,1.2
BUY,4162.39,4160.8541,4163.34994,4160.8541,-1.5359,-1.0,0.85,2.28,STOP,2026-07-06 16:35:00,2026-07-06 16:26:00,2026-07-06 16:27:00,5,35,70,1.6,1.0,15,required,closed_all,1.2,1.2
BUY,4126.3,4123.54652,4128.02093,4128.02093,1.72093,0.625,1.85,1.93,TARGET,2026-07-08 01:32:00,2026-07-08 01:27:00,2026-07-08 01:28:00,5,35,70,1.6,1.0,15,required,closed_all,1.2,1.2
BUY,4127.19,4123.75531,4129.33668,4129.33668,2.14668,0.625,2.97,0.59,TARGET,2026-07-08 02:38:00,2026-07-08 02:36:00,2026-07-08 02:37:00,5,35,70,1.6,1.0,15,required,closed_all,1.2,1.2
BUY,4128.26,4124.88093,4130.37192,4130.37192,2.11192,0.625,2.82,1.7,TARGET,2026-07-08 02:42:00,2026-07-08 02:37:00,2026-07-08 02:38:00,5,35,70,1.6,1.0,15,required,closed_all,1.2,1.2
BUY,4128.92,4125.38358,4131.13026,4131.13026,2.21026,0.625,2.7,0.64,TARGET,2026-07-08 02:43:00,2026-07-08 02:40:00,2026-07-08 02:41:00,5,35,70,1.6,1.0,15,required,closed_all,1.2,1.2
BUY,4128.89,4124.32046,4131.17477,4131.17477,2.28477,0.5,6.43,2.32,TARGET,2026-07-02 21:13:00,2026-07-02 21:09:00,2026-07-02 21:10:00,6,37,71,1.6,0.8,5,required,closed_all,1.2,0.8
BUY,4185.64,4179.83953,4188.54024,4188.54024,2.90024,0.5,4.02,1.32,TARGET,2026-07-05 22:28:00,2026-07-05 22:25:00,2026-07-05 22:26:00,6,37,71,1.6,0.8,5,required,closed_all,1.2,0.8
BUY,4187.16,4181.44928,4190.01536,4190.01536,2.85536,0.5,4.41,2.59,TARGET,2026-07-05 22:30:00,2026-07-05 22:26:00,2026-07-05 22:27:00,6,37,71,1.6,0.8,5,required,closed_all,1.2,0.8
BUY,4127.19,4123.75531,4128.90735,4128.90735,1.71735,0.5,2.97,0.59,TARGET,2026-07-08 02:38:00,2026-07-08 02:36:00,2026-07-08 02:37:00,6,37,71,1.6,0.8,5,required,closed_all,1.2,0.8
BUY,4128.26,4124.88093,4129.94954,4129.94954,1.68954,0.5,1.9,1.34,TARGET,2026-07-08 02:38:00,2026-07-08 02:37:00,2026-07-08 02:38:00,6,37,71,1.6,0.8,5,required,closed_all,1.2,0.8
BUY,4129.43,4127.19062,4131.66938,4127.19062,-2.23938,-1.0,1.25,3.19,STOP,2026-07-02 20:52:00,2026-07-02 20:47:00,2026-07-02 20:48:00,8,20,74,1.0,1.0,10,warning_only,closed_all,1.2,2.0
BUY,4130.59,4128.39415,4132.78585,4128.39415,-2.19585,-1.0,0.09,3.38,STOP,2026-07-02 20:51:00,2026-07-02 20:48:00,2026-07-02 20:49:00,8,20,74,1.0,1.0,10,warning_only,closed_all,1.2,2.0
BUY,4130.63,4128.44671,4132.81329,4128.44671,-2.18329,-1.0,0.05,3.42,STOP,2026-07-02 20:51:00,2026-07-02 20:49:00,2026-07-02 20:50:00,8,20,74,1.0,1.0,10,warning_only,closed_all,1.2,2.0
BUY,4128.89,4126.03404,4131.74596,4131.74596,2.85596,1.0,6.43,2.32,TARGET,2026-07-02 21:13:00,2026-07-02 21:09:00,2026-07-02 21:10:00,8,20,74,1.0,1.0,10,warning_only,closed_all,1.2,2.0
BUY,4134.23,4131.32194,4137.13806,4137.13806,2.90806,1.0,3.54,1.31,TARGET,2026-07-02 21:21:00,2026-07-02 21:17:00,2026-07-02 21:18:00,8,20,74,1.0,1.0,10,warning_only,closed_all,1.2,2.0
BUY,4135.16,4132.29966,4138.02034,4138.02034,2.86034,1.0,3.34,1.83,TARGET,2026-07-02 21:22:00,2026-07-02 21:18:00,2026-07-02 21:19:00,8,20,74,1.0,1.0,10,warning_only,closed_all,1.2,2.0
BUY,4183.17,4181.38846,4184.95154,4181.38846,-1.78154,-1.0,0.61,1.8,STOP,2026-07-03 00:16:00,2026-07-03 00:13:00,2026-07-03 00:14:00,8,20,74,1.0,1.0,10,warning_only,closed_all,1.2,2.0
BUY,4180.51,4179.19864,4181.82136,4179.19864,-1.31136,-1.0,0.56,2.08,STOP,2026-07-03 02:09:00,2026-07-03 02:06:00,2026-07-03 02:07:00,8,20,74,1.0,1.0,10,warning_only,closed_all,1.2,2.0
BUY,4172.87,4170.91161,4174.82839,4170.91161,-1.95839,-1.0,1.51,2.08,STOP,2026-07-03 03:56:00,2026-07-03 03:48:00,2026-07-03 03:49:00,8,20,74,1.0,1.0,10,warning_only,closed_all,1.2,2.0
BUY,4173.66,4171.76221,4175.55779,4171.76221,-1.89779,-1.0,0.14,2.27,STOP,2026-07-03 03:51:00,2026-07-03 03:49:00,2026-07-03 03:50:00,8,20,74,1.0,1.0,10,warning_only,closed_all,1.2,2.0
BUY,4173.47,4171.64292,4175.29708,4171.64292,-1.82708,-1.0,0.91,2.68,STOP,2026-07-03 03:56:00,2026-07-03 03:52:00,2026-07-03 03:53:00,8,20,74,1.0,1.0,10,warning_only,closed_all,1.2,2.0
BUY,4173.66,4171.73767,4175.58233,4175.58233,1.92233,1.0,3.09,0.53,TARGET,2026-07-03 04:05:00,2026-07-03 04:03:00,2026-07-03 04:04:00,8,20,74,1.0,1.0,10,warning_only,closed_all,1.2,2.0
BUY,4174.9,4172.98855,4176.81145,4176.81145,1.91145,1.0,3.26,0.44,TARGET,2026-07-03 04:06:00,2026-07-03 04:04:00,2026-07-03 04:05:00,8,20,74,1.0,1.0,10,warning_only,closed_all,1.2,2.0
BUY,4175.29,4173.5603,4177.0197,4177.0197,1.7297,1.0,2.93,1.62,TARGET,2026-07-03 04:34:00,2026-07-03 04:29:00,2026-07-03 04:30:00,8,20,74,1.0,1.0,10,warning_only,closed_all,1.2,2.0
BUY,4175.84,4174.01736,4177.66264,4177.66264,1.82264,1.0,2.38,0.95,TARGET,2026-07-03 04:34:00,2026-07-03 04:32:00,2026-07-03 04:33:00,8,20,74,1.0,1.0,10,warning_only,closed_all,1.2,2.0
BUY,4175.91,4174.1447,4177.6753,4177.6753,1.7653,1.0,2.31,0.27,TARGET,2026-07-03 04:34:00,2026-07-03 04:33:00,2026-07-03 04:34:00,8,20,74,1.0,1.0,10,warning_only,closed_all,1.2,2.0
BUY,4179.44,4178.26343,4180.61657,4178.26343,-1.17657,-1.0,0.1,1.47,STOP,2026-07-03 08:06:00,2026-07-03 08:05:00,2026-07-03 08:06:00,8,20,74,1.0,1.0,10,warning_only,closed_all,1.2,2.0
BUY,4188.13,4185.65277,4190.60723,4185.65277,-2.47723,-1.0,0.69,3.0,STOP,2026-07-05 21:48:00,2026-07-05 21:45:00,2026-07-05 21:46:00,8,20,74,1.0,1.0,10,warning_only,closed_all,1.2,2.0
BUY,4187.79,4183.72381,4191.85619,4191.85619,4.06619,1.0,4.99,0.85,TARGET,2026-07-05 22:16:00,2026-07-05 22:13:00,2026-07-05 22:14:00,8,20,74,1.0,1.0,10,warning_only,closed_all,1.2,2.0
BUY,4189.3,4185.35568,4193.24432,4185.35568,-3.94432,-1.0,3.48,5.08,STOP,2026-07-05 22:18:00,2026-07-05 22:14:00,2026-07-05 22:15:00,8,20,74,1.0,1.0,10,warning_only,closed_all,1.2,2.0
BUY,4191.31,4187.43456,4195.18544,4187.43456,-3.87544,-1.0,1.47,5.52,STOP,2026-07-05 22:17:00,2026-07-05 22:15:00,2026-07-05 22:16:00,8,20,74,1.0,1.0,10,warning_only,closed_all,1.2,2.0
BUY,4188.85,4185.03247,4192.66753,4185.03247,-3.81753,-1.0,1.62,5.64,STOP,2026-07-05 22:21:00,2026-07-05 22:19:00,2026-07-05 22:20:00,8,20,74,1.0,1.0,10,warning_only,closed_all,1.2,2.0
BUY,4187.16,4183.5908,4190.7292,4190.7292,3.5692,1.0,4.41,2.59,TARGET,2026-07-05 22:30:00,2026-07-05 22:26:00,2026-07-05 22:27:00,8,20,74,1.0,1.0,10,warning_only,closed_all,1.2,2.0
BUY,4188.14,4184.57074,4191.70926,4191.70926,3.56926,1.0,6.24,2.27,TARGET,2026-07-05 22:32:00,2026-07-05 22:27:00,2026-07-05 22:28:00,8,20,74,1.0,1.0,10,warning_only,closed_all,1.2,2.0
BUY,4189.71,4186.19819,4193.22181,4193.22181,3.51181,1.0,4.67,2.34,TARGET,2026-07-05 22:32:00,2026-07-05 22:29:00,2026-07-05 22:30:00,8,20,74,1.0,1.0,10,warning_only,closed_all,1.2,2.0
BUY,4190.51,4187.0141,4194.0059,4194.0059,3.4959,1.0,3.87,1.33,TARGET,2026-07-05 22:32:00,2026-07-05 22:31:00,2026-07-05 22:32:00,8,20,74,1.0,1.0,10,warning_only,closed_all,1.2,2.0
BUY,4155.65,4154.25198,4157.04802,4154.25198,-1.39802,-1.0,0.55,1.93,STOP,2026-07-06 09:00:00,2026-07-06 08:59:00,2026-07-06 09:00:00,8,20,74,1.0,1.0,10,warning_only,closed_all,1.2,2.0
BUY,4156.96,4155.46436,4158.45564,4155.46436,-1.49564,-1.0,1.29,2.32,STOP,2026-07-06 09:10:00,2026-07-06 09:01:00,2026-07-06 09:02:00,8,20,74,1.0,1.0,10,warning_only,closed_all,1.2,2.0
BUY,4156.92,4155.41563,4158.42437,4155.41563,-1.50437,-1.0,1.31,2.28,STOP,2026-07-06 09:10:00,2026-07-06 09:05:00,2026-07-06 09:06:00,8,20,74,1.0,1.0,10,warning_only,closed_all,1.2,2.0
BUY,4146.76,4145.24879,4148.27121,4148.27121,1.51121,1.0,1.61,0.52,TARGET,2026-07-06 13:32:00,2026-07-06 13:30:00,2026-07-06 13:31:00,8,20,74,1.0,1.0,10,warning_only,closed_all,1.2,2.0
BUY,4147.29,4145.86241,4148.71759,4148.71759,1.42759,1.0,2.22,0.29,TARGET,2026-07-06 13:37:00,2026-07-06 13:35:00,2026-07-06 13:36:00,8,20,74,1.0,1.0,10,warning_only,closed_all,1.2,2.0
BUY,4161.96,4160.94054,4162.97946,4162.97946,1.01946,1.0,1.28,0.57,TARGET,2026-07-06 16:29:00,2026-07-06 16:23:00,2026-07-06 16:24:00,8,20,74,1.0,1.0,10,warning_only,closed_all,1.2,2.0
BUY,4162.39,4161.43006,4163.34994,4161.43006,-0.95994,-1.0,0.85,1.05,STOP,2026-07-06 16:31:00,2026-07-06 16:26:00,2026-07-06 16:27:00,8,20,74,1.0,1.0,10,warning_only,closed_all,1.2,2.0
BUY,4162.71,4161.74393,4163.67607,4161.74393,-0.96607,-1.0,0.53,1.14,STOP,2026-07-06 16:30:00,2026-07-06 16:28:00,2026-07-06 16:29:00,8,20,74,1.0,1.0,10,warning_only,closed_all,1.2,2.0
BUY,4162.57,4161.669,4163.471,4163.471,0.901,1.0,1.19,0.62,TARGET,2026-07-06 16:49:00,2026-07-06 16:46:00,2026-07-06 16:47:00,8,20,74,1.0,1.0,10,warning_only,closed_all,1.2,2.0
BUY,4162.96,4162.28885,4163.63115,4163.63115,0.67115,1.0,1.44,0.59,TARGET,2026-07-06 17:33:00,2026-07-06 17:28:00,2026-07-06 17:29:00,8,20,74,1.0,1.0,10,warning_only,closed_all,1.2,2.0
BUY,4131.76,4129.97574,4133.54426,4133.54426,1.78426,1.0,1.89,0.33,TARGET,2026-07-07 06:44:00,2026-07-07 06:43:00,2026-07-07 06:44:00,8,20,74,1.0,1.0,10,warning_only,closed_all,1.2,2.0
BUY,4130.25,4128.51125,4131.98875,4131.98875,1.73875,1.0,1.85,0.58,TARGET,2026-07-07 06:56:00,2026-07-07 06:55:00,2026-07-07 06:56:00,8,20,74,1.0,1.0,10,warning_only,closed_all,1.2,2.0
BUY,4131.98,4130.24636,4133.71364,4133.71364,1.73364,1.0,1.79,1.04,TARGET,2026-07-07 07:00:00,2026-07-07 06:58:00,2026-07-07 06:59:00,8,20,74,1.0,1.0,10,warning_only,closed_all,1.2,2.0
BUY,4132.27,4130.54619,4133.99381,4132.74,0.47,0.27265,1.67,0.43,TIME_EXIT,2026-07-07 07:12:00,2026-07-07 07:02:00,2026-07-07 07:03:00,8,20,74,1.0,1.0,10,warning_only,closed_all,1.2,2.0
BUY,4133.13,4131.56548,4134.69452,4134.69452,1.56452,1.0,1.84,1.12,TARGET,2026-07-07 07:14:00,2026-07-07 07:06:00,2026-07-07 07:07:00,8,20,74,1.0,1.0,10,warning_only,closed_all,1.2,2.0
BUY,4133.2,4131.68239,4134.71761,4134.71761,1.51761,1.0,1.65,0.66,TARGET,2026-07-07 07:17:00,2026-07-07 07:15:00,2026-07-07 07:16:00,8,20,74,1.0,1.0,10,warning_only,closed_all,1.2,2.0
BUY,4136.9,4135.45142,4138.34858,4138.34858,1.44858,1.0,5.16,0.04,TARGET,2026-07-07 08:18:00,2026-07-07 08:17:00,2026-07-07 08:18:00,8,20,74,1.0,1.0,10,warning_only,closed_all,1.2,2.0
BUY,4170.2,4167.08761,4173.31239,4167.08761,-3.11239,-1.0,2.2,4.81,STOP,2026-07-07 10:24:00,2026-07-07 10:16:00,2026-07-07 10:17:00,8,20,74,1.0,1.0,10,warning_only,closed_all,1.2,2.0
BUY,4108.98,4106.33815,4111.62185,4111.62185,2.64185,1.0,3.24,0.87,TARGET,2026-07-07 23:06:00,2026-07-07 23:05:00,2026-07-07 23:06:00,8,20,74,1.0,1.0,10,warning_only,closed_all,1.2,2.0
BUY,4127.37,4125.42062,4129.31938,4125.42062,-1.94938,-1.0,0.01,2.66,STOP,2026-07-08 01:25:00,2026-07-08 01:22:00,2026-07-08 01:23:00,8,20,74,1.0,1.0,10,warning_only,closed_all,1.2,2.0
BUY,4126.3,4124.57907,4128.02093,4124.57907,-1.72093,-1.0,0.82,1.93,STOP,2026-07-08 01:30:00,2026-07-08 01:27:00,2026-07-08 01:28:00,8,20,74,1.0,1.0,10,warning_only,closed_all,1.2,2.0
BUY,4126.29,4124.66262,4127.91738,4124.66262,-1.62738,-1.0,0.83,1.92,STOP,2026-07-08 01:30:00,2026-07-08 01:29:00,2026-07-08 01:30:00,8,20,74,1.0,1.0,10,warning_only,closed_all,1.2,2.0
BUY,4127.94,4126.39918,4129.48082,4129.48082,1.54082,1.0,2.66,0.18,TARGET,2026-07-08 02:05:00,2026-07-08 02:04:00,2026-07-08 02:05:00,8,20,74,1.0,1.0,10,warning_only,closed_all,1.2,2.0
BUY,4128.76,4126.86169,4130.65831,4126.86169,-1.89831,-1.0,0.21,2.44,STOP,2026-07-08 02:20:00,2026-07-08 02:18:00,2026-07-08 02:19:00,8,20,74,1.0,1.0,10,warning_only,closed_all,1.2,2.0
BUY,4128.26,4126.14808,4130.37192,4130.37192,2.11192,1.0,2.82,1.7,TARGET,2026-07-08 02:42:00,2026-07-08 02:37:00,2026-07-08 02:38:00,8,20,74,1.0,1.0,10,warning_only,closed_all,1.2,2.0
BUY,4128.92,4126.70974,4131.13026,4131.13026,2.21026,1.0,2.7,0.64,TARGET,2026-07-08 02:43:00,2026-07-08 02:40:00,2026-07-08 02:41:00,8,20,74,1.0,1.0,10,warning_only,closed_all,1.2,2.0
BUY,4129.73,4127.57404,4131.88596,4127.57404,-2.15596,-1.0,1.89,2.62,STOP,2026-07-08 02:47:00,2026-07-08 02:41:00,2026-07-08 02:42:00,8,20,74,1.0,1.0,10,warning_only,closed_all,1.2,2.0
BUY,4130.85,4128.81034,4132.88966,4132.88966,2.03966,1.0,2.66,0.99,TARGET,2026-07-08 03:24:00,2026-07-08 03:21:00,2026-07-08 03:22:00,8,20,74,1.0,1.0,10,warning_only,closed_all,1.2,2.0
BUY,4078.04,4074.0538,4082.0262,4074.0538,-3.9862,-1.0,2.16,7.75,STOP,2026-07-08 10:42:00,2026-07-08 10:36:00,2026-07-08 10:37:00,8,20,74,1.0,1.0,10,warning_only,closed_all,1.2,2.0
BUY,4187.16,4183.5908,4190.7292,4190.7292,3.5692,1.0,4.41,2.59,TARGET,2026-07-05 22:30:00,2026-07-05 22:26:00,2026-07-05 22:27:00,5,24,63,1.0,1.0,15,required,closed_all,0.8,1.2
BUY,4126.3,4124.57907,4128.02093,4124.57907,-1.72093,-1.0,0.82,1.93,STOP,2026-07-08 01:30:00,2026-07-08 01:27:00,2026-07-08 01:28:00,5,24,63,1.0,1.0,15,required,closed_all,0.8,1.2
BUY,4129.73,4127.57404,4131.88596,4127.57404,-2.15596,-1.0,1.89,2.62,STOP,2026-07-08 02:47:00,2026-07-08 02:41:00,2026-07-08 02:42:00,5,24,63,1.0,1.0,15,required,closed_all,0.8,1.2
BUY,4134.23,4131.32194,4138.01047,4138.01047,3.78047,1.3,4.27,1.31,TARGET,2026-07-02 21:22:00,2026-07-02 21:17:00,2026-07-02 21:18:00,3,40,82,1.0,1.3,10,required,closed_all,0.8,2.0
BUY,4135.16,4132.29966,4138.87844,4138.87844,3.71844,1.3,5.73,1.83,TARGET,2026-07-02 21:23:00,2026-07-02 21:18:00,2026-07-02 21:19:00,3,40,82,1.0,1.3,10,required,closed_all,0.8,2.0
BUY,4175.29,4173.5603,4177.53861,4177.53861,2.24861,1.3,2.93,1.62,TARGET,2026-07-03 04:34:00,2026-07-03 04:29:00,2026-07-03 04:30:00,3,40,82,1.0,1.3,10,required,closed_all,0.8,2.0
BUY,4175.91,4174.1447,4178.2049,4178.2049,2.2949,1.3,2.31,0.27,TARGET,2026-07-03 04:34:00,2026-07-03 04:33:00,2026-07-03 04:34:00,3,40,82,1.0,1.3,10,required,closed_all,0.8,2.0
BUY,4179.44,4178.26343,4180.96954,4178.26343,-1.17657,-1.0,0.1,1.47,STOP,2026-07-03 08:06:00,2026-07-03 08:05:00,2026-07-03 08:06:00,3,40,82,1.0,1.3,10,required,closed_all,0.8,2.0
BUY,4189.3,4185.35568,4194.42761,4185.35568,-3.94432,-1.0,3.48,5.08,STOP,2026-07-05 22:18:00,2026-07-05 22:14:00,2026-07-05 22:15:00,3,40,82,1.0,1.3,10,required,closed_all,0.8,2.0
BUY,4191.31,4187.43456,4196.34807,4187.43456,-3.87544,-1.0,1.47,5.52,STOP,2026-07-05 22:17:00,2026-07-05 22:15:00,2026-07-05 22:16:00,3,40,82,1.0,1.3,10,required,closed_all,0.8,2.0
BUY,4185.64,4182.01471,4190.35288,4190.35288,4.71288,1.3,5.93,1.32,TARGET,2026-07-05 22:30:00,2026-07-05 22:25:00,2026-07-05 22:26:00,3,40,82,1.0,1.3,10,required,closed_all,0.8,2.0
BUY,4187.16,4183.5908,4191.79996,4191.79996,4.63996,1.3,7.22,2.59,TARGET,2026-07-05 22:32:00,2026-07-05 22:26:00,2026-07-05 22:27:00,3,40,82,1.0,1.3,10,required,closed_all,0.8,2.0
BUY,4189.71,4186.19819,4194.27535,4194.27535,4.56535,1.3,4.67,2.34,TARGET,2026-07-05 22:32:00,2026-07-05 22:29:00,2026-07-05 22:30:00,3,40,82,1.0,1.3,10,required,closed_all,0.8,2.0
BUY,4190.51,4187.0141,4195.05467,4195.05467,4.54467,1.3,7.26,1.33,TARGET,2026-07-05 22:34:00,2026-07-05 22:31:00,2026-07-05 22:32:00,3,40,82,1.0,1.3,10,required,closed_all,0.8,2.0
BUY,4162.57,4161.669,4163.74131,4163.74131,1.17131,1.3,1.19,0.62,TARGET,2026-07-06 16:49:00,2026-07-06 16:46:00,2026-07-06 16:47:00,3,40,82,1.0,1.3,10,required,closed_all,0.8,2.0
BUY,4162.96,4162.28885,4163.83249,4163.83249,0.87249,1.3,1.44,0.59,TARGET,2026-07-06 17:33:00,2026-07-06 17:28:00,2026-07-06 17:29:00,3,40,82,1.0,1.3,10,required,closed_all,0.8,2.0
BUY,4163.33,4162.73637,4164.10171,4164.10171,0.77171,1.3,0.82,0.2,TARGET,2026-07-06 17:51:00,2026-07-06 17:47:00,2026-07-06 17:48:00,3,40,82,1.0,1.3,10,required,closed_all,0.8,2.0
BUY,4127.19,4125.04332,4129.98069,4129.98069,2.79069,1.3,2.97,0.59,TARGET,2026-07-08 02:38:00,2026-07-08 02:36:00,2026-07-08 02:37:00,3,40,82,1.0,1.3,10,required,closed_all,0.8,2.0
BUY,4128.26,4126.14808,4131.0055,4131.0055,2.7455,1.3,2.82,1.7,TARGET,2026-07-08 02:42:00,2026-07-08 02:37:00,2026-07-08 02:38:00,3,40,82,1.0,1.3,10,required,closed_all,0.8,2.0
BUY,4129.73,4127.57404,4132.53275,4127.57404,-2.15596,-1.0,1.89,2.62,STOP,2026-07-08 02:47:00,2026-07-08 02:41:00,2026-07-08 02:42:00,3,40,82,1.0,1.3,10,required,closed_all,0.8,2.0
BUY,4128.02,4126.13207,4130.47431,4126.13207,-1.88793,-1.0,1.17,3.48,STOP,2026-07-08 03:02:00,2026-07-08 02:56:00,2026-07-08 02:57:00,3,40,82,1.0,1.3,10,required,closed_all,0.8,2.0
BUY,4130.85,4128.81034,4133.50155,4133.50155,2.65155,1.3,2.66,0.99,TARGET,2026-07-08 03:24:00,2026-07-08 03:21:00,2026-07-08 03:22:00,3,40,82,1.0,1.3,10,required,closed_all,0.8,2.0
BUY,4173.66,4170.58427,4175.58233,4175.58233,1.92233,0.625,3.09,0.53,TARGET,2026-07-03 04:05:00,2026-07-03 04:03:00,2026-07-03 04:04:00,5,24,90,1.6,1.0,20,required,closed_all,1.8,1.2
BUY,4187.79,4181.2841,4191.85619,4191.85619,4.06619,0.625,4.99,0.85,TARGET,2026-07-05 22:16:00,2026-07-05 22:13:00,2026-07-05 22:14:00,5,24,90,1.6,1.0,20,required,closed_all,1.8,1.2
BUY,4187.16,4181.44928,4190.7292,4190.7292,3.5692,0.625,4.41,2.59,TARGET,2026-07-05 22:30:00,2026-07-05 22:26:00,2026-07-05 22:27:00,5,24,90,1.6,1.0,20,required,closed_all,1.8,1.2
BUY,4188.14,4182.42919,4191.70926,4191.70926,3.56926,0.625,6.24,2.27,TARGET,2026-07-05 22:32:00,2026-07-05 22:27:00,2026-07-05 22:28:00,5,24,90,1.6,1.0,20,required,closed_all,1.8,1.2
BUY,4161.96,4160.32887,4162.97946,4162.97946,1.01946,0.625,1.28,0.57,TARGET,2026-07-06 16:29:00,2026-07-06 16:23:00,2026-07-06 16:24:00,5,24,90,1.6,1.0,20,required,closed_all,1.8,1.2
BUY,4162.82,4160.96595,4163.97878,4163.97878,1.15878,0.625,1.68,0.81,TARGET,2026-07-06 17:00:00,2026-07-06 16:58:00,2026-07-06 16:59:00,5,24,90,1.6,1.0,20,required,closed_all,1.8,1.2
BUY,4162.7,4161.54112,4163.4243,4163.4243,0.7243,0.625,1.7,0.53,TARGET,2026-07-06 17:33:00,2026-07-06 17:25:00,2026-07-06 17:26:00,5,24,90,1.6,1.0,20,required,closed_all,1.8,1.2
BUY,4127.19,4123.75531,4129.33668,4129.33668,2.14668,0.625,2.97,0.59,TARGET,2026-07-08 02:38:00,2026-07-08 02:36:00,2026-07-08 02:37:00,5,24,90,1.6,1.0,20,required,closed_all,1.8,1.2
BUY,4128.26,4124.88093,4130.37192,4130.37192,2.11192,0.625,2.82,1.7,TARGET,2026-07-08 02:42:00,2026-07-08 02:37:00,2026-07-08 02:38:00,5,24,90,1.6,1.0,20,required,closed_all,1.8,1.2
BUY,4127.19,4124.39931,4129.98069,4129.98069,2.79069,1.0,2.97,0.59,TARGET,2026-07-08 02:38:00,2026-07-08 02:36:00,2026-07-08 02:37:00,5,22,95,1.3,1.3,30,required,closed_all,0.8,1.2
BUY,4128.26,4125.5145,4131.0055,4131.0055,2.7455,1.0,2.82,1.7,TARGET,2026-07-08 02:42:00,2026-07-08 02:37:00,2026-07-08 02:38:00,5,22,95,1.3,1.3,30,required,closed_all,0.8,1.2
BUY,4187.16,4181.44928,4190.7292,4190.7292,3.5692,0.625,4.41,2.59,TARGET,2026-07-05 22:30:00,2026-07-05 22:26:00,2026-07-05 22:27:00,4,25,78,1.6,1.0,20,warning_only,closed_all,1.2,0.8
BUY,4108.98,4104.75303,4111.62185,4111.62185,2.64185,0.625,3.24,0.87,TARGET,2026-07-07 23:06:00,2026-07-07 23:05:00,2026-07-07 23:06:00,4,25,78,1.6,1.0,20,warning_only,closed_all,1.2,0.8
BUY,4126.21,4123.71647,4127.76846,4127.76846,1.55846,0.625,1.73,1.52,TARGET,2026-07-08 02:04:00,2026-07-08 01:56:00,2026-07-08 01:57:00,4,25,78,1.6,1.0,20,warning_only,closed_all,1.2,0.8
BUY,4127.19,4123.75531,4129.33668,4129.33668,2.14668,0.625,2.97,0.59,TARGET,2026-07-08 02:38:00,2026-07-08 02:36:00,2026-07-08 02:37:00,4,25,78,1.6,1.0,20,warning_only,closed_all,1.2,0.8
BUY,4128.26,4124.88093,4130.37192,4130.37192,2.11192,0.625,2.82,1.7,TARGET,2026-07-08 02:42:00,2026-07-08 02:37:00,2026-07-08 02:38:00,4,25,78,1.6,1.0,20,warning_only,closed_all,1.2,0.8
BUY,4134.23,4131.32194,4138.01047,4138.01047,3.78047,1.3,4.27,1.31,TARGET,2026-07-02 21:22:00,2026-07-02 21:17:00,2026-07-02 21:18:00,7,20,86,1.0,1.3,15,required,closed_all,0.8,2.0
BUY,4173.47,4171.64292,4175.84521,4171.64292,-1.82708,-1.0,0.91,2.68,STOP,2026-07-03 03:56:00,2026-07-03 03:52:00,2026-07-03 03:53:00,7,20,86,1.0,1.3,15,required,closed_all,0.8,2.0
BUY,4175.29,4173.5603,4177.53861,4177.53861,2.24861,1.3,2.93,1.62,TARGET,2026-07-03 04:34:00,2026-07-03 04:29:00,2026-07-03 04:30:00,7,20,86,1.0,1.3,15,required,closed_all,0.8,2.0
BUY,4175.91,4174.1447,4178.2049,4178.2049,2.2949,1.3,2.31,0.27,TARGET,2026-07-03 04:34:00,2026-07-03 04:33:00,2026-07-03 04:34:00,7,20,86,1.0,1.3,15,required,closed_all,0.8,2.0
BUY,4179.44,4178.26343,4180.96954,4178.26343,-1.17657,-1.0,0.1,1.47,STOP,2026-07-03 08:06:00,2026-07-03 08:05:00,2026-07-03 08:06:00,7,20,86,1.0,1.3,15,required,closed_all,0.8,2.0
BUY,4189.3,4185.35568,4194.42761,4185.35568,-3.94432,-1.0,3.48,5.08,STOP,2026-07-05 22:18:00,2026-07-05 22:14:00,2026-07-05 22:15:00,7,20,86,1.0,1.3,15,required,closed_all,0.8,2.0
BUY,4191.31,4187.43456,4196.34807,4187.43456,-3.87544,-1.0,1.47,5.52,STOP,2026-07-05 22:17:00,2026-07-05 22:15:00,2026-07-05 22:16:00,7,20,86,1.0,1.3,15,required,closed_all,0.8,2.0
BUY,4189.71,4186.19819,4194.27535,4194.27535,4.56535,1.3,4.67,2.34,TARGET,2026-07-05 22:32:00,2026-07-05 22:29:00,2026-07-05 22:30:00,7,20,86,1.0,1.3,15,required,closed_all,0.8,2.0
BUY,4190.51,4187.0141,4195.05467,4195.05467,4.54467,1.3,7.26,1.33,TARGET,2026-07-05 22:34:00,2026-07-05 22:31:00,2026-07-05 22:32:00,7,20,86,1.0,1.3,15,required,closed_all,0.8,2.0
BUY,4162.57,4161.669,4163.74131,4163.74131,1.17131,1.3,1.19,0.62,TARGET,2026-07-06 16:49:00,2026-07-06 16:46:00,2026-07-06 16:47:00,7,20,86,1.0,1.3,15,required,closed_all,0.8,2.0
BUY,4162.96,4162.28885,4163.83249,4163.83249,0.87249,1.3,1.44,0.59,TARGET,2026-07-06 17:33:00,2026-07-06 17:28:00,2026-07-06 17:29:00,7,20,86,1.0,1.3,15,required,closed_all,0.8,2.0
BUY,4163.33,4162.73637,4164.10171,4164.10171,0.77171,1.3,0.82,0.2,TARGET,2026-07-06 17:51:00,2026-07-06 17:47:00,2026-07-06 17:48:00,7,20,86,1.0,1.3,15,required,closed_all,0.8,2.0
BUY,4127.19,4125.04332,4129.98069,4129.98069,2.79069,1.3,2.97,0.59,TARGET,2026-07-08 02:38:00,2026-07-08 02:36:00,2026-07-08 02:37:00,7,20,86,1.0,1.3,15,required,closed_all,0.8,2.0
BUY,4128.26,4126.14808,4131.0055,4131.0055,2.7455,1.3,2.82,1.7,TARGET,2026-07-08 02:42:00,2026-07-08 02:37:00,2026-07-08 02:38:00,7,20,86,1.0,1.3,15,required,closed_all,0.8,2.0
BUY,4129.73,4127.57404,4132.53275,4127.57404,-2.15596,-1.0,1.89,2.62,STOP,2026-07-08 02:47:00,2026-07-08 02:41:00,2026-07-08 02:42:00,7,20,86,1.0,1.3,15,required,closed_all,0.8,2.0
BUY,4130.85,4128.81034,4133.50155,4133.50155,2.65155,1.3,2.66,0.99,TARGET,2026-07-08 03:24:00,2026-07-08 03:21:00,2026-07-08 03:22:00,7,20,86,1.0,1.3,15,required,closed_all,0.8,2.0
BUY,4185.64,4180.92712,4189.26529,4189.26529,3.62529,0.76923,4.02,1.32,TARGET,2026-07-05 22:28:00,2026-07-05 22:25:00,2026-07-05 22:26:00,4,32,89,1.3,1.0,5,required,closed_all,1.8,0.8
BUY,4187.16,4182.52004,4190.7292,4190.7292,3.5692,0.76923,4.41,2.59,TARGET,2026-07-05 22:30:00,2026-07-05 22:26:00,2026-07-05 22:27:00,4,32,89,1.3,1.0,5,required,closed_all,1.8,0.8
BUY,4127.19,4124.39931,4129.33668,4129.33668,2.14668,0.76923,2.97,0.59,TARGET,2026-07-08 02:38:00,2026-07-08 02:36:00,2026-07-08 02:37:00,4,32,89,1.3,1.0,5,required,closed_all,1.8,0.8
BUY,4128.26,4125.5145,4130.37192,4130.37192,2.11192,0.76923,2.82,1.7,TARGET,2026-07-08 02:42:00,2026-07-08 02:37:00,2026-07-08 02:38:00,4,32,89,1.3,1.0,5,required,closed_all,1.8,0.8
BUY,4128.02,4125.56569,4129.90793,4128.18,0.16,0.06519,1.17,1.59,TIME_EXIT,2026-07-08 03:01:00,2026-07-08 02:56:00,2026-07-08 02:57:00,4,32,89,1.3,1.0,5,required,closed_all,1.8,0.8
BUY,4131.32,4128.51143,4134.12857,4128.51143,-2.80857,-1.0,1.38,2.84,STOP,2026-07-02 21:05:00,2026-07-02 21:03:00,2026-07-02 21:04:00,7,24,86,1.0,1.0,5,warning_only,closed_all,1.8,2.0
BUY,4128.89,4126.03404,4131.74596,4131.74596,2.85596,1.0,6.43,2.32,TARGET,2026-07-02 21:13:00,2026-07-02 21:09:00,2026-07-02 21:10:00,7,24,86,1.0,1.0,5,warning_only,closed_all,1.8,2.0
BUY,4134.23,4131.32194,4137.13806,4137.13806,2.90806,1.0,3.54,1.31,TARGET,2026-07-02 21:21:00,2026-07-02 21:17:00,2026-07-02 21:18:00,7,24,86,1.0,1.0,5,warning_only,closed_all,1.8,2.0
BUY,4180.51,4179.19864,4181.82136,4179.19864,-1.31136,-1.0,0.56,2.08,STOP,2026-07-03 02:09:00,2026-07-03 02:06:00,2026-07-03 02:07:00,7,24,86,1.0,1.0,5,warning_only,closed_all,1.8,2.0
BUY,4173.47,4171.64292,4175.29708,4171.64292,-1.82708,-1.0,0.91,2.68,STOP,2026-07-03 03:56:00,2026-07-03 03:52:00,2026-07-03 03:53:00,7,24,86,1.0,1.0,5,warning_only,closed_all,1.8,2.0
BUY,4174.16,4172.38318,4175.93682,4172.38318,-1.77682,-1.0,0.02,2.71,STOP,2026-07-03 04:00:00,2026-07-03 03:58:00,2026-07-03 03:59:00,7,24,86,1.0,1.0,5,warning_only,closed_all,1.8,2.0
BUY,4173.66,4171.73767,4175.58233,4175.58233,1.92233,1.0,3.09,0.53,TARGET,2026-07-03 04:05:00,2026-07-03 04:03:00,2026-07-03 04:04:00,7,24,86,1.0,1.0,5,warning_only,closed_all,1.8,2.0
BUY,4174.9,4172.98855,4176.81145,4176.81145,1.91145,1.0,3.26,0.44,TARGET,2026-07-03 04:06:00,2026-07-03 04:04:00,2026-07-03 04:05:00,7,24,86,1.0,1.0,5,warning_only,closed_all,1.8,2.0
BUY,4175.29,4173.5603,4177.0197,4177.0197,1.7297,1.0,2.93,1.62,TARGET,2026-07-03 04:34:00,2026-07-03 04:29:00,2026-07-03 04:30:00,7,24,86,1.0,1.0,5,warning_only,closed_all,1.8,2.0
BUY,4175.84,4174.01736,4177.66264,4177.66264,1.82264,1.0,2.38,0.95,TARGET,2026-07-03 04:34:00,2026-07-03 04:32:00,2026-07-03 04:33:00,7,24,86,1.0,1.0,5,warning_only,closed_all,1.8,2.0
BUY,4175.91,4174.1447,4177.6753,4177.6753,1.7653,1.0,2.31,0.27,TARGET,2026-07-03 04:34:00,2026-07-03 04:33:00,2026-07-03 04:34:00,7,24,86,1.0,1.0,5,warning_only,closed_all,1.8,2.0
BUY,4179.44,4178.26343,4180.61657,4178.26343,-1.17657,-1.0,0.1,1.47,STOP,2026-07-03 08:06:00,2026-07-03 08:05:00,2026-07-03 08:06:00,7,24,86,1.0,1.0,5,warning_only,closed_all,1.8,2.0
BUY,4191.06,4186.95522,4195.16478,4186.95522,-4.10478,-1.0,1.75,4.17,STOP,2026-07-05 22:04:00,2026-07-05 22:03:00,2026-07-05 22:04:00,7,24,86,1.0,1.0,5,warning_only,closed_all,1.8,2.0
BUY,4187.79,4183.72381,4191.85619,4191.85619,4.06619,1.0,4.99,0.85,TARGET,2026-07-05 22:16:00,2026-07-05 22:13:00,2026-07-05 22:14:00,7,24,86,1.0,1.0,5,warning_only,closed_all,1.8,2.0
BUY,4189.3,4185.35568,4193.24432,4185.35568,-3.94432,-1.0,3.48,5.08,STOP,2026-07-05 22:18:00,2026-07-05 22:14:00,2026-07-05 22:15:00,7,24,86,1.0,1.0,5,warning_only,closed_all,1.8,2.0
BUY,4191.31,4187.43456,4195.18544,4187.43456,-3.87544,-1.0,1.47,5.52,STOP,2026-07-05 22:17:00,2026-07-05 22:15:00,2026-07-05 22:16:00,7,24,86,1.0,1.0,5,warning_only,closed_all,1.8,2.0
BUY,4188.85,4185.03247,4192.66753,4185.03247,-3.81753,-1.0,1.62,5.64,STOP,2026-07-05 22:21:00,2026-07-05 22:19:00,2026-07-05 22:20:00,7,24,86,1.0,1.0,5,warning_only,closed_all,1.8,2.0
BUY,4185.64,4182.01471,4189.26529,4189.26529,3.62529,1.0,4.02,1.32,TARGET,2026-07-05 22:28:00,2026-07-05 22:25:00,2026-07-05 22:26:00,7,24,86,1.0,1.0,5,warning_only,closed_all,1.8,2.0
BUY,4187.16,4183.5908,4190.7292,4190.7292,3.5692,1.0,4.41,2.59,TARGET,2026-07-05 22:30:00,2026-07-05 22:26:00,2026-07-05 22:27:00,7,24,86,1.0,1.0,5,warning_only,closed_all,1.8,2.0
BUY,4188.14,4184.57074,4191.70926,4191.70926,3.56926,1.0,6.24,2.27,TARGET,2026-07-05 22:32:00,2026-07-05 22:27:00,2026-07-05 22:28:00,7,24,86,1.0,1.0,5,warning_only,closed_all,1.8,2.0
BUY,4189.71,4186.19819,4193.22181,4193.22181,3.51181,1.0,4.67,2.34,TARGET,2026-07-05 22:32:00,2026-07-05 22:29:00,2026-07-05 22:30:00,7,24,86,1.0,1.0,5,warning_only,closed_all,1.8,2.0
BUY,4190.51,4187.0141,4194.0059,4194.0059,3.4959,1.0,3.87,1.33,TARGET,2026-07-05 22:32:00,2026-07-05 22:31:00,2026-07-05 22:32:00,7,24,86,1.0,1.0,5,warning_only,closed_all,1.8,2.0
BUY,4155.65,4154.25198,4157.04802,4154.25198,-1.39802,-1.0,0.55,1.93,STOP,2026-07-06 09:00:00,2026-07-06 08:59:00,2026-07-06 09:00:00,7,24,86,1.0,1.0,5,warning_only,closed_all,1.8,2.0
BUY,4156.2,4154.7247,4157.6753,4157.6753,1.4753,1.0,2.05,1.0,TARGET,2026-07-06 09:03:00,2026-07-06 09:00:00,2026-07-06 09:01:00,7,24,86,1.0,1.0,5,warning_only,closed_all,1.8,2.0
BUY,4156.92,4155.41563,4158.42437,4155.41563,-1.50437,-1.0,1.31,2.28,STOP,2026-07-06 09:10:00,2026-07-06 09:05:00,2026-07-06 09:06:00,7,24,86,1.0,1.0,5,warning_only,closed_all,1.8,2.0
BUY,4146.76,4145.24879,4148.27121,4148.27121,1.51121,1.0,1.61,0.52,TARGET,2026-07-06 13:32:00,2026-07-06 13:30:00,2026-07-06 13:31:00,7,24,86,1.0,1.0,5,warning_only,closed_all,1.8,2.0
BUY,4147.29,4145.86241,4148.71759,4148.71759,1.42759,1.0,2.22,0.29,TARGET,2026-07-06 13:37:00,2026-07-06 13:35:00,2026-07-06 13:36:00,7,24,86,1.0,1.0,5,warning_only,closed_all,1.8,2.0
BUY,4161.96,4160.94054,4162.97946,4162.46,0.5,0.49046,0.75,0.57,TIME_EXIT,2026-07-06 16:28:00,2026-07-06 16:23:00,2026-07-06 16:24:00,7,24,86,1.0,1.0,5,warning_only,closed_all,1.8,2.0
BUY,4162.39,4161.43006,4163.34994,4161.43006,-0.95994,-1.0,0.85,1.05,STOP,2026-07-06 16:31:00,2026-07-06 16:26:00,2026-07-06 16:27:00,7,24,86,1.0,1.0,5,warning_only,closed_all,1.8,2.0
BUY,4162.71,4161.74393,4163.67607,4161.74393,-0.96607,-1.0,0.53,1.14,STOP,2026-07-06 16:30:00,2026-07-06 16:28:00,2026-07-06 16:29:00,7,24,86,1.0,1.0,5,warning_only,closed_all,1.8,2.0
BUY,4162.71,4161.69776,4163.72224,4161.69776,-1.01224,-1.0,0.08,1.12,STOP,2026-07-06 16:33:00,2026-07-06 16:31:00,2026-07-06 16:32:00,7,24,86,1.0,1.0,5,warning_only,closed_all,1.8,2.0
BUY,4162.57,4161.669,4163.471,4163.471,0.901,1.0,1.19,0.62,TARGET,2026-07-06 16:49:00,2026-07-06 16:46:00,2026-07-06 16:47:00,7,24,86,1.0,1.0,5,warning_only,closed_all,1.8,2.0
BUY,4163.8,4162.59613,4165.00387,4162.59613,-1.20387,-1.0,0.7,1.45,STOP,2026-07-06 17:03:00,2026-07-06 16:59:00,2026-07-06 17:00:00,7,24,86,1.0,1.0,5,warning_only,closed_all,1.8,2.0
BUY,4162.75,4162.03601,4163.46399,4163.18,0.43,0.60225,0.65,0.38,TIME_EXIT,2026-07-06 17:31:00,2026-07-06 17:26:00,2026-07-06 17:27:00,7,24,86,1.0,1.0,5,warning_only,closed_all,1.8,2.0
BUY,4162.96,4162.28885,4163.63115,4163.63115,0.67115,1.0,1.44,0.59,TARGET,2026-07-06 17:33:00,2026-07-06 17:28:00,2026-07-06 17:29:00,7,24,86,1.0,1.0,5,warning_only,closed_all,1.8,2.0
BUY,4163.33,4162.73637,4163.92363,4163.92363,0.59363,1.0,0.82,0.2,TARGET,2026-07-06 17:51:00,2026-07-06 17:47:00,2026-07-06 17:48:00,7,24,86,1.0,1.0,5,warning_only,closed_all,1.8,2.0
BUY,4132.27,4130.54619,4133.99381,4133.18,0.91,0.5279,1.58,0.43,TIME_EXIT,2026-07-07 07:07:00,2026-07-07 07:02:00,2026-07-07 07:03:00,7,24,86,1.0,1.0,5,warning_only,closed_all,1.8,2.0
BUY,4133.13,4131.56548,4134.69452,4132.98,-0.15,-0.09588,0.81,0.93,TIME_EXIT,2026-07-07 07:11:00,2026-07-07 07:06:00,2026-07-07 07:07:00,7,24,86,1.0,1.0,5,warning_only,closed_all,1.8,2.0
BUY,4133.2,4131.68239,4134.71761,4134.71761,1.51761,1.0,1.65,0.66,TARGET,2026-07-07 07:17:00,2026-07-07 07:15:00,2026-07-07 07:16:00,7,24,86,1.0,1.0,5,warning_only,closed_all,1.8,2.0
BUY,4135.55,4134.30123,4136.79877,4134.30123,-1.24877,-1.0,0.36,2.0,STOP,2026-07-07 08:00:00,2026-07-07 07:59:00,2026-07-07 08:00:00,7,24,86,1.0,1.0,5,warning_only,closed_all,1.8,2.0
BUY,4136.65,4135.21076,4138.08924,4138.08924,1.43924,1.0,5.41,1.32,TARGET,2026-07-07 08:18:00,2026-07-07 08:16:00,2026-07-07 08:17:00,7,24,86,1.0,1.0,5,warning_only,closed_all,1.8,2.0
BUY,4108.98,4106.33815,4111.62185,4111.62185,2.64185,1.0,3.24,0.87,TARGET,2026-07-07 23:06:00,2026-07-07 23:05:00,2026-07-07 23:06:00,7,24,86,1.0,1.0,5,warning_only,closed_all,1.8,2.0
BUY,4112.22,4109.47328,4114.96672,4114.96672,2.74672,1.0,3.13,2.12,TARGET,2026-07-07 23:07:00,2026-07-07 23:06:00,2026-07-07 23:07:00,7,24,86,1.0,1.0,5,warning_only,closed_all,1.8,2.0
BUY,4127.37,4125.42062,4129.31938,4125.42062,-1.94938,-1.0,0.01,2.66,STOP,2026-07-08 01:25:00,2026-07-08 01:22:00,2026-07-08 01:23:00,7,24,86,1.0,1.0,5,warning_only,closed_all,1.8,2.0
BUY,4126.98,4125.14792,4128.81208,4125.14792,-1.83208,-1.0,0.19,2.61,STOP,2026-07-08 01:30:00,2026-07-08 01:25:00,2026-07-08 01:26:00,7,24,86,1.0,1.0,5,warning_only,closed_all,1.8,2.0
BUY,4126.3,4124.57907,4128.02093,4124.57907,-1.72093,-1.0,0.82,1.93,STOP,2026-07-08 01:30:00,2026-07-08 01:27:00,2026-07-08 01:28:00,7,24,86,1.0,1.0,5,warning_only,closed_all,1.8,2.0
BUY,4127.36,4125.58226,4129.13774,4125.58226,-1.77774,-1.0,0.79,2.1,STOP,2026-07-08 01:33:00,2026-07-08 01:31:00,2026-07-08 01:32:00,7,24,86,1.0,1.0,5,warning_only,closed_all,1.8,2.0
BUY,4127.05,4125.49483,4128.60517,4125.49483,-1.55517,-1.0,0.35,2.05,STOP,2026-07-08 02:03:00,2026-07-08 02:00:00,2026-07-08 02:01:00,7,24,86,1.0,1.0,5,warning_only,closed_all,1.8,2.0
BUY,4127.94,4126.39918,4129.48082,4129.48082,1.54082,1.0,2.66,0.18,TARGET,2026-07-08 02:05:00,2026-07-08 02:04:00,2026-07-08 02:05:00,7,24,86,1.0,1.0,5,warning_only,closed_all,1.8,2.0
BUY,4128.79,4126.90675,4130.67325,4126.90675,-1.88325,-1.0,0.48,2.47,STOP,2026-07-08 02:20:00,2026-07-08 02:16:00,2026-07-08 02:17:00,7,24,86,1.0,1.0,5,warning_only,closed_all,1.8,2.0
BUY,4128.76,4126.86169,4130.65831,4126.86169,-1.89831,-1.0,0.21,2.44,STOP,2026-07-08 02:20:00,2026-07-08 02:18:00,2026-07-08 02:19:00,7,24,86,1.0,1.0,5,warning_only,closed_all,1.8,2.0
BUY,4127.19,4125.04332,4129.33668,4129.33668,2.14668,1.0,2.97,0.59,TARGET,2026-07-08 02:38:00,2026-07-08 02:36:00,2026-07-08 02:37:00,7,24,86,1.0,1.0,5,warning_only,closed_all,1.8,2.0
BUY,4128.26,4126.14808,4130.37192,4130.37192,2.11192,1.0,2.82,1.7,TARGET,2026-07-08 02:42:00,2026-07-08 02:37:00,2026-07-08 02:38:00,7,24,86,1.0,1.0,5,warning_only,closed_all,1.8,2.0
BUY,4128.92,4126.70974,4131.13026,4131.13026,2.21026,1.0,2.7,0.64,TARGET,2026-07-08 02:43:00,2026-07-08 02:40:00,2026-07-08 02:41:00,7,24,86,1.0,1.0,5,warning_only,closed_all,1.8,2.0
BUY,4129.73,4127.57404,4131.88596,4129.19,-0.54,-0.25047,1.89,2.07,TIME_EXIT,2026-07-08 02:46:00,2026-07-08 02:41:00,2026-07-08 02:42:00,7,24,86,1.0,1.0,5,warning_only,closed_all,1.8,2.0
BUY,4130.36,4128.2625,4132.4575,4132.4575,2.0975,1.0,2.45,1.06,TARGET,2026-07-08 03:16:00,2026-07-08 03:13:00,2026-07-08 03:14:00,7,24,86,1.0,1.0,5,warning_only,closed_all,1.8,2.0
BUY,4130.85,4128.81034,4132.88966,4132.88966,2.03966,1.0,2.66,0.99,TARGET,2026-07-08 03:24:00,2026-07-08 03:21:00,2026-07-08 03:22:00,7,24,86,1.0,1.0,5,warning_only,closed_all,1.8,2.0
BUY,4078.04,4074.0538,4082.0262,4077.91,-0.13,-0.03261,2.16,3.58,TIME_EXIT,2026-07-08 10:41:00,2026-07-08 10:36:00,2026-07-08 10:37:00,7,24,86,1.0,1.0,5,warning_only,closed_all,1.8,2.0
BUY,4128.89,4126.03404,4131.74596,4131.74596,2.85596,1.0,6.43,2.32,TARGET,2026-07-02 21:13:00,2026-07-02 21:09:00,2026-07-02 21:10:00,8,33,72,1.0,1.0,10,required,closed_all,1.8,0.8
BUY,4185.64,4182.01471,4189.26529,4189.26529,3.62529,1.0,4.02,1.32,TARGET,2026-07-05 22:28:00,2026-07-05 22:25:00,2026-07-05 22:26:00,8,33,72,1.0,1.0,10,required,closed_all,1.8,0.8
BUY,4187.16,4183.5908,4190.7292,4190.7292,3.5692,1.0,4.41,2.59,TARGET,2026-07-05 22:30:00,2026-07-05 22:26:00,2026-07-05 22:27:00,8,33,72,1.0,1.0,10,required,closed_all,1.8,0.8
BUY,4126.29,4124.66262,4127.91738,4124.66262,-1.62738,-1.0,0.83,1.92,STOP,2026-07-08 01:30:00,2026-07-08 01:29:00,2026-07-08 01:30:00,8,33,72,1.0,1.0,10,required,closed_all,1.8,0.8
BUY,4127.19,4125.04332,4129.33668,4129.33668,2.14668,1.0,2.97,0.59,TARGET,2026-07-08 02:38:00,2026-07-08 02:36:00,2026-07-08 02:37:00,8,33,72,1.0,1.0,10,required,closed_all,1.8,0.8
BUY,4128.26,4126.14808,4130.37192,4130.37192,2.11192,1.0,2.82,1.7,TARGET,2026-07-08 02:42:00,2026-07-08 02:37:00,2026-07-08 02:38:00,8,33,72,1.0,1.0,10,required,closed_all,1.8,0.8
BUY,4129.43,4126.51881,4131.66938,4126.51881,-2.91119,-1.0,1.25,3.19,STOP,2026-07-02 20:52:00,2026-07-02 20:47:00,2026-07-02 20:48:00,7,22,73,1.3,1.0,20,required,closed_all,0.8,2.0
BUY,4130.59,4127.73539,4132.78585,4127.73539,-2.85461,-1.0,0.09,3.38,STOP,2026-07-02 20:51:00,2026-07-02 20:48:00,2026-07-02 20:49:00,7,22,73,1.3,1.0,20,required,closed_all,0.8,2.0
BUY,4134.23,4130.44953,4137.13806,4137.13806,2.90806,0.76923,3.54,1.31,TARGET,2026-07-02 21:21:00,2026-07-02 21:17:00,2026-07-02 21:18:00,7,22,73,1.3,1.0,20,required,closed_all,0.8,2.0
BUY,4135.16,4131.44156,4138.02034,4138.02034,2.86034,0.76923,3.34,1.83,TARGET,2026-07-02 21:22:00,2026-07-02 21:18:00,2026-07-02 21:19:00,7,22,73,1.3,1.0,20,required,closed_all,0.8,2.0
BUY,4173.66,4171.19287,4175.55779,4171.19287,-2.46713,-1.0,0.72,2.87,STOP,2026-07-03 03:56:00,2026-07-03 03:49:00,2026-07-03 03:50:00,7,22,73,1.3,1.0,20,required,closed_all,0.8,2.0
BUY,4173.47,4171.09479,4175.29708,4171.09479,-2.37521,-1.0,0.91,2.68,STOP,2026-07-03 03:56:00,2026-07-03 03:52:00,2026-07-03 03:53:00,7,22,73,1.3,1.0,20,required,closed_all,0.8,2.0
BUY,4175.29,4173.04139,4177.0197,4177.0197,1.7297,0.76923,2.93,1.62,TARGET,2026-07-03 04:34:00,2026-07-03 04:29:00,2026-07-03 04:30:00,7,22,73,1.3,1.0,20,required,closed_all,0.8,2.0
BUY,4175.91,4173.6151,4177.6753,4177.6753,1.7653,0.76923,2.31,0.27,TARGET,2026-07-03 04:34:00,2026-07-03 04:33:00,2026-07-03 04:34:00,7,22,73,1.3,1.0,20,required,closed_all,0.8,2.0
BUY,4179.44,4177.91046,4180.61657,4177.91046,-1.52954,-1.0,0.1,2.02,STOP,2026-07-03 08:07:00,2026-07-03 08:05:00,2026-07-03 08:06:00,7,22,73,1.3,1.0,20,required,closed_all,0.8,2.0
BUY,4189.3,4184.17239,4193.24432,4184.17239,-5.12761,-1.0,3.48,6.09,STOP,2026-07-05 22:21:00,2026-07-05 22:14:00,2026-07-05 22:15:00,7,22,73,1.3,1.0,20,required,closed_all,0.8,2.0
BUY,4191.31,4186.27193,4195.18544,4186.27193,-5.03807,-1.0,1.47,5.52,STOP,2026-07-05 22:17:00,2026-07-05 22:15:00,2026-07-05 22:16:00,7,22,73,1.3,1.0,20,required,closed_all,0.8,2.0
BUY,4187.16,4182.52004,4190.7292,4190.7292,3.5692,0.76923,4.41,2.59,TARGET,2026-07-05 22:30:00,2026-07-05 22:26:00,2026-07-05 22:27:00,7,22,73,1.3,1.0,20,required,closed_all,0.8,2.0
BUY,4189.71,4185.14465,4193.22181,4193.22181,3.51181,0.76923,4.67,2.34,TARGET,2026-07-05 22:32:00,2026-07-05 22:29:00,2026-07-05 22:30:00,7,22,73,1.3,1.0,20,required,closed_all,0.8,2.0
BUY,4190.51,4185.96533,4194.0059,4194.0059,3.4959,0.76923,3.87,1.33,TARGET,2026-07-05 22:32:00,2026-07-05 22:31:00,2026-07-05 22:32:00,7,22,73,1.3,1.0,20,required,closed_all,0.8,2.0
BUY,4162.57,4161.39869,4163.471,4163.471,0.901,0.76923,1.19,0.62,TARGET,2026-07-06 16:49:00,2026-07-06 16:46:00,2026-07-06 16:47:00,7,22,73,1.3,1.0,20,required,closed_all,0.8,2.0
BUY,4162.96,4162.08751,4163.63115,4163.63115,0.67115,0.76923,1.44,0.59,TARGET,2026-07-06 17:33:00,2026-07-06 17:28:00,2026-07-06 17:29:00,7,22,73,1.3,1.0,20,required,closed_all,0.8,2.0
BUY,4163.33,4162.55829,4163.92363,4163.92363,0.59363,0.76923,0.82,0.2,TARGET,2026-07-06 17:51:00,2026-07-06 17:47:00,2026-07-06 17:48:00,7,22,73,1.3,1.0,20,required,closed_all,0.8,2.0
BUY,4170.2,4166.1539,4173.31239,4166.1539,-4.0461,-1.0,2.2,4.81,STOP,2026-07-07 10:24:00,2026-07-07 10:16:00,2026-07-07 10:17:00,7,22,73,1.3,1.0,20,required,closed_all,0.8,2.0
BUY,4126.3,4124.06279,4128.02093,4128.02093,1.72093,0.76923,1.85,1.93,TARGET,2026-07-08 01:32:00,2026-07-08 01:27:00,2026-07-08 01:28:00,7,22,73,1.3,1.0,20,required,closed_all,0.8,2.0
BUY,4128.26,4125.5145,4130.37192,4130.37192,2.11192,0.76923,2.82,1.7,TARGET,2026-07-08 02:42:00,2026-07-08 02:37:00,2026-07-08 02:38:00,7,22,73,1.3,1.0,20,required,closed_all,0.8,2.0
BUY,4129.73,4126.92725,4131.88596,4126.92725,-2.80275,-1.0,1.89,4.18,STOP,2026-07-08 02:48:00,2026-07-08 02:41:00,2026-07-08 02:42:00,7,22,73,1.3,1.0,20,required,closed_all,0.8,2.0
BUY,4130.85,4128.19845,4132.88966,4132.88966,2.03966,0.76923,2.66,0.99,TARGET,2026-07-08 03:24:00,2026-07-08 03:21:00,2026-07-08 03:22:00,7,22,73,1.3,1.0,20,required,closed_all,0.8,2.0
BUY,4128.89,4125.17725,4132.60275,4132.60275,3.71275,1.0,6.43,2.32,TARGET,2026-07-02 21:13:00,2026-07-02 21:09:00,2026-07-02 21:10:00,6,38,94,1.3,1.3,20,required,closed_all,1.2,0.8
BUY,4185.64,4180.92712,4190.35288,4190.35288,4.71288,1.0,5.93,1.32,TARGET,2026-07-05 22:30:00,2026-07-05 22:25:00,2026-07-05 22:26:00,6,38,94,1.3,1.3,20,required,closed_all,1.2,0.8
BUY,4187.16,4182.52004,4191.79996,4191.79996,4.63996,1.0,7.22,2.59,TARGET,2026-07-05 22:32:00,2026-07-05 22:26:00,2026-07-05 22:27:00,6,38,94,1.3,1.3,20,required,closed_all,1.2,0.8
BUY,4127.19,4124.39931,4129.98069,4129.98069,2.79069,1.0,2.97,0.59,TARGET,2026-07-08 02:38:00,2026-07-08 02:36:00,2026-07-08 02:37:00,6,38,94,1.3,1.3,20,required,closed_all,1.2,0.8
BUY,4128.26,4125.5145,4131.0055,4131.0055,2.7455,1.0,2.82,1.7,TARGET,2026-07-08 02:42:00,2026-07-08 02:37:00,2026-07-08 02:38:00,6,38,94,1.3,1.3,20,required,closed_all,1.2,0.8
BUY,4129.43,4125.84699,4131.2215,4125.84699,-3.58301,-1.0,1.25,5.03,STOP,2026-07-02 20:53:00,2026-07-02 20:47:00,2026-07-02 20:48:00,3,29,60,1.6,0.8,15,warning_only,closed_all,1.8,2.0
BUY,4130.59,4127.07664,4132.34668,4127.07664,-3.51336,-1.0,0.09,4.35,STOP,2026-07-02 20:52:00,2026-07-02 20:48:00,2026-07-02 20:49:00,3,29,60,1.6,0.8,15,warning_only,closed_all,1.8,2.0
BUY,4130.63,4127.13673,4132.37663,4127.13673,-3.49327,-1.0,0.05,4.39,STOP,2026-07-02 20:52:00,2026-07-02 20:49:00,2026-07-02 20:50:00,3,29,60,1.6,0.8,15,warning_only,closed_all,1.8,2.0
BUY,4128.6,4124.95183,4130.42409,4130.42409,1.82409,0.5,2.11,0.49,TARGET,2026-07-02 20:55:00,2026-07-02 20:54:00,2026-07-02 20:55:00,3,29,60,1.6,0.8,15,warning_only,closed_all,1.8,2.0
BUY,4131.32,4126.82628,4133.56686,4126.82628,-4.49372,-1.0,1.38,6.03,STOP,2026-07-02 21:07:00,2026-07-02 21:03:00,2026-07-02 21:04:00,3,29,60,1.6,0.8,15,warning_only,closed_all,1.8,2.0
BUY,4134.23,4129.57711,4136.55645,4136.55645,2.32645,0.5,2.45,1.31,TARGET,2026-07-02 21:20:00,2026-07-02 21:17:00,2026-07-02 21:18:00,3,29,60,1.6,0.8,15,warning_only,closed_all,1.8,2.0
BUY,4135.16,4130.58346,4137.44827,4137.44827,2.28827,0.5,2.61,1.83,TARGET,2026-07-02 21:21:00,2026-07-02 21:18:00,2026-07-02 21:19:00,3,29,60,1.6,0.8,15,warning_only,closed_all,1.8,2.0
BUY,4181.49,4178.29005,4183.08997,4183.08997,1.59997,0.5,3.98,2.25,TARGET,2026-07-02 23:38:00,2026-07-02 23:31:00,2026-07-02 23:32:00,3,29,60,1.6,0.8,15,warning_only,closed_all,1.8,2.0
BUY,4181.41,4178.19078,4183.01961,4183.01961,1.60961,0.5,4.06,2.17,TARGET,2026-07-02 23:38:00,2026-07-02 23:33:00,2026-07-02 23:34:00,3,29,60,1.6,0.8,15,warning_only,closed_all,1.8,2.0
BUY,4183.93,4180.51792,4185.63604,4180.51792,-3.41208,-1.0,0.2,4.01,STOP,2026-07-02 23:46:00,2026-07-02 23:44:00,2026-07-02 23:45:00,3,29,60,1.6,0.8,15,warning_only,closed_all,1.8,2.0
BUY,4183.58,4180.30516,4185.21742,4185.21742,1.63742,0.5,2.36,0.62,TARGET,2026-07-02 23:53:00,2026-07-02 23:52:00,2026-07-02 23:53:00,3,29,60,1.6,0.8,15,warning_only,closed_all,1.8,2.0
BUY,4183.17,4180.31953,4184.59523,4180.31953,-2.85047,-1.0,0.61,3.12,STOP,2026-07-03 00:21:00,2026-07-03 00:13:00,2026-07-03 00:14:00,3,29,60,1.6,0.8,15,warning_only,closed_all,1.8,2.0
BUY,4183.04,4180.56208,4184.27896,4180.56208,-2.47792,-1.0,0.02,2.67,STOP,2026-07-03 00:36:00,2026-07-03 00:33:00,2026-07-03 00:34:00,3,29,60,1.6,0.8,15,warning_only,closed_all,1.8,2.0
BUY,4173.47,4170.54667,4174.93167,4174.93167,1.46167,0.5,3.28,2.68,TARGET,2026-07-03 04:05:00,2026-07-03 03:52:00,2026-07-03 03:53:00,3,29,60,1.6,0.8,15,warning_only,closed_all,1.8,2.0
BUY,4174.16,4171.31709,4175.58146,4171.31709,-2.84291,-1.0,0.02,3.12,STOP,2026-07-03 04:01:00,2026-07-03 03:58:00,2026-07-03 03:59:00,3,29,60,1.6,0.8,15,warning_only,closed_all,1.8,2.0
BUY,4173.66,4170.58427,4175.19786,4175.19786,1.53786,0.5,3.09,0.53,TARGET,2026-07-03 04:05:00,2026-07-03 04:03:00,2026-07-03 04:04:00,3,29,60,1.6,0.8,15,warning_only,closed_all,1.8,2.0
BUY,4174.9,4171.84168,4176.42916,4176.42916,1.52916,0.5,1.85,0.44,TARGET,2026-07-03 04:05:00,2026-07-03 04:04:00,2026-07-03 04:05:00,3,29,60,1.6,0.8,15,warning_only,closed_all,1.8,2.0
BUY,4174.42,4171.53153,4175.86424,4175.86424,1.44424,0.5,2.59,1.85,TARGET,2026-07-03 04:30:00,2026-07-03 04:25:00,2026-07-03 04:26:00,3,29,60,1.6,0.8,15,warning_only,closed_all,1.8,2.0
BUY,4175.29,4172.52248,4176.67376,4176.67376,1.38376,0.5,1.72,0.34,TARGET,2026-07-03 04:30:00,2026-07-03 04:29:00,2026-07-03 04:30:00,3,29,60,1.6,0.8,15,warning_only,closed_all,1.8,2.0
BUY,4175.84,4172.92378,4177.29811,4177.29811,1.45811,0.5,2.38,0.95,TARGET,2026-07-03 04:34:00,2026-07-03 04:32:00,2026-07-03 04:33:00,3,29,60,1.6,0.8,15,warning_only,closed_all,1.8,2.0
BUY,4175.91,4173.08551,4177.32224,4177.32224,1.41224,0.5,2.31,0.27,TARGET,2026-07-03 04:34:00,2026-07-03 04:33:00,2026-07-03 04:34:00,3,29,60,1.6,0.8,15,warning_only,closed_all,1.8,2.0
BUY,4183.96,4181.23338,4185.32331,4185.32331,1.36331,0.5,1.97,1.24,TARGET,2026-07-03 05:33:00,2026-07-03 05:32:00,2026-07-03 05:33:00,3,29,60,1.6,0.8,15,warning_only,closed_all,1.8,2.0
BUY,4184.16,4181.40858,4185.53571,4181.40858,-2.75142,-1.0,1.11,3.83,STOP,2026-07-03 05:46:00,2026-07-03 05:44:00,2026-07-03 05:45:00,3,29,60,1.6,0.8,15,warning_only,closed_all,1.8,2.0
BUY,4178.03,4176.2331,4178.92845,4178.92845,0.89845,0.5,0.95,1.36,TARGET,2026-07-03 08:04:00,2026-07-03 08:03:00,2026-07-03 08:04:00,3,29,60,1.6,0.8,15,warning_only,closed_all,1.8,2.0
BUY,4179.44,4177.55749,4180.38126,4177.55749,-1.88251,-1.0,0.1,2.02,STOP,2026-07-03 08:07:00,2026-07-03 08:05:00,2026-07-03 08:06:00,3,29,60,1.6,0.8,15,warning_only,closed_all,1.8,2.0
BUY,4179.31,4175.2269,4181.35155,4181.35155,2.04155,0.5,2.15,0.32,TARGET,2026-07-05 19:22:00,2026-07-05 19:20:00,2026-07-05 19:21:00,3,29,60,1.6,0.8,15,warning_only,closed_all,1.8,2.0
BUY,4189.53,4186.84032,4190.87484,4190.87484,1.34484,0.5,1.61,0.33,TARGET,2026-07-05 20:23:00,2026-07-05 20:20:00,2026-07-05 20:21:00,3,29,60,1.6,0.8,15,warning_only,closed_all,1.8,2.0
BUY,4185.71,4179.47529,4188.82735,4188.82735,3.11735,0.5,5.35,1.46,TARGET,2026-07-05 22:03:00,2026-07-05 22:02:00,2026-07-05 22:03:00,3,29,60,1.6,0.8,15,warning_only,closed_all,1.8,2.0
BUY,4191.06,4184.49234,4194.34383,4184.49234,-6.56766,-1.0,1.75,8.47,STOP,2026-07-05 22:05:00,2026-07-05 22:03:00,2026-07-05 22:04:00,3,29,60,1.6,0.8,15,warning_only,closed_all,1.8,2.0
BUY,4187.79,4181.2841,4191.04295,4191.04295,3.25295,0.5,3.52,0.85,TARGET,2026-07-05 22:15:00,2026-07-05 22:13:00,2026-07-05 22:14:00,3,29,60,1.6,0.8,15,warning_only,closed_all,1.8,2.0
BUY,4189.3,4182.98909,4192.45545,4192.45545,3.15545,0.5,3.48,0.97,TARGET,2026-07-05 22:16:00,2026-07-05 22:14:00,2026-07-05 22:15:00,3,29,60,1.6,0.8,15,warning_only,closed_all,1.8,2.0
BUY,4191.31,4185.1093,4194.41035,4185.1093,-6.2007,-1.0,1.47,7.09,STOP,2026-07-05 22:18:00,2026-07-05 22:15:00,2026-07-05 22:16:00,3,29,60,1.6,0.8,15,warning_only,closed_all,1.8,2.0
BUY,4188.85,4182.74196,4191.90402,4182.74196,-6.10804,-1.0,1.62,7.36,STOP,2026-07-05 22:22:00,2026-07-05 22:19:00,2026-07-05 22:20:00,3,29,60,1.6,0.8,15,warning_only,closed_all,1.8,2.0
BUY,4187.16,4181.44928,4190.01536,4190.01536,2.85536,0.5,4.41,2.59,TARGET,2026-07-05 22:30:00,2026-07-05 22:26:00,2026-07-05 22:27:00,3,29,60,1.6,0.8,15,warning_only,closed_all,1.8,2.0
BUY,4188.14,4182.42919,4190.99541,4190.99541,2.85541,0.5,3.43,2.27,TARGET,2026-07-05 22:30:00,2026-07-05 22:27:00,2026-07-05 22:28:00,3,29,60,1.6,0.8,15,warning_only,closed_all,1.8,2.0
BUY,4189.71,4184.0911,4192.51945,4192.51945,2.80945,0.5,4.67,2.34,TARGET,2026-07-05 22:32:00,2026-07-05 22:29:00,2026-07-05 22:30:00,3,29,60,1.6,0.8,15,warning_only,closed_all,1.8,2.0
BUY,4190.51,4184.91656,4193.30672,4193.30672,2.79672,0.5,3.87,1.33,TARGET,2026-07-05 22:32:00,2026-07-05 22:31:00,2026-07-05 22:32:00,3,29,60,1.6,0.8,15,warning_only,closed_all,1.8,2.0
BUY,4154.17,4152.0146,4155.2477,4155.2477,1.0777,0.5,2.86,0.73,TARGET,2026-07-06 08:17:00,2026-07-06 08:13:00,2026-07-06 08:14:00,3,29,60,1.6,0.8,15,warning_only,closed_all,1.8,2.0
BUY,4155.65,4153.41317,4156.76842,4156.76842,1.11842,0.5,1.31,1.93,TARGET,2026-07-06 09:01:00,2026-07-06 08:59:00,2026-07-06 09:00:00,3,29,60,1.6,0.8,15,warning_only,closed_all,1.8,2.0
BUY,4156.2,4153.83951,4157.38024,4157.38024,1.18024,0.5,2.05,1.0,TARGET,2026-07-06 09:03:00,2026-07-06 09:00:00,2026-07-06 09:01:00,3,29,60,1.6,0.8,15,warning_only,closed_all,1.8,2.0
BUY,4156.96,4154.56698,4158.15651,4158.15651,1.19651,0.5,1.29,1.48,TARGET,2026-07-06 09:03:00,2026-07-06 09:01:00,2026-07-06 09:02:00,3,29,60,1.6,0.8,15,warning_only,closed_all,1.8,2.0
BUY,4157.37,4154.93191,4158.58905,4154.93191,-2.43809,-1.0,0.88,2.73,STOP,2026-07-06 09:10:00,2026-07-06 09:02:00,2026-07-06 09:03:00,3,29,60,1.6,0.8,15,warning_only,closed_all,1.8,2.0
BUY,4148.5,4145.81072,4149.84464,4145.81072,-2.68928,-1.0,0.09,2.87,STOP,2026-07-06 13:00:00,2026-07-06 12:57:00,2026-07-06 12:58:00,3,29,60,1.6,0.8,15,warning_only,closed_all,1.8,2.0
BUY,4148.59,4145.97852,4149.89574,4145.97852,-2.61148,-1.0,0.0,2.96,STOP,2026-07-06 13:00:00,2026-07-06 12:58:00,2026-07-06 12:59:00,3,29,60,1.6,0.8,15,warning_only,closed_all,1.8,2.0
BUY,4147.62,4145.21705,4148.82147,4148.82147,1.20147,0.5,1.89,0.97,TARGET,2026-07-06 13:37:00,2026-07-06 13:31:00,2026-07-06 13:32:00,3,29,60,1.6,0.8,15,warning_only,closed_all,1.8,2.0
BUY,4163.81,4162.26542,4164.58229,4164.58229,0.77229,0.5,1.45,0.19,TARGET,2026-07-06 16:00:00,2026-07-06 15:59:00,2026-07-06 16:00:00,3,29,60,1.6,0.8,15,warning_only,closed_all,1.8,2.0
BUY,4162.39,4160.8541,4163.15795,4163.15795,0.76795,0.5,0.85,0.84,TARGET,2026-07-06 16:29:00,2026-07-06 16:26:00,2026-07-06 16:27:00,3,29,60,1.6,0.8,15,warning_only,closed_all,1.8,2.0
BUY,4162.71,4161.16429,4163.48285,4161.16429,-1.54571,-1.0,0.53,2.6,STOP,2026-07-06 16:35:00,2026-07-06 16:28:00,2026-07-06 16:29:00,3,29,60,1.6,0.8,15,warning_only,closed_all,1.8,2.0
BUY,4162.82,4160.96595,4163.74703,4163.74703,0.92703,0.5,0.98,0.81,TARGET,2026-07-06 16:59:00,2026-07-06 16:58:00,2026-07-06 16:59:00,3,29,60,1.6,0.8,15,warning_only,closed_all,1.8,2.0
BUY,4163.8,4161.87381,4164.7631,4161.87381,-1.92619,-1.0,0.7,2.22,STOP,2026-07-06 17:06:00,2026-07-06 16:59:00,2026-07-06 17:00:00,3,29,60,1.6,0.8,15,warning_only,closed_all,1.8,2.0
BUY,4162.96,4161.88617,4163.49692,4163.49692,0.53692,0.5,1.44,0.59,TARGET,2026-07-06 17:33:00,2026-07-06 17:28:00,2026-07-06 17:29:00,3,29,60,1.6,0.8,15,warning_only,closed_all,1.8,2.0
BUY,4163.33,4162.3802,4163.8049,4163.8049,0.4749,0.5,0.54,0.2,TARGET,2026-07-06 17:50:00,2026-07-06 17:47:00,2026-07-06 17:48:00,3,29,60,1.6,0.8,15,warning_only,closed_all,1.8,2.0
BUY,4163.87,4162.94022,4164.33489,4164.33489,0.46489,0.5,0.8,0.38,TARGET,2026-07-06 17:53:00,2026-07-06 17:50:00,2026-07-06 17:51:00,3,29,60,1.6,0.8,15,warning_only,closed_all,1.8,2.0
BUY,4166.32,4164.74965,4167.10517,4167.10517,0.78517,0.5,0.79,0.7,TARGET,2026-07-06 19:19:00,2026-07-06 19:14:00,2026-07-06 19:15:00,3,29,60,1.6,0.8,15,warning_only,closed_all,1.8,2.0
BUY,4166.09,4164.99821,4166.63589,4166.63589,0.54589,0.5,0.83,0.24,TARGET,2026-07-06 19:31:00,2026-07-06 19:29:00,2026-07-06 19:30:00,3,29,60,1.6,0.8,15,warning_only,closed_all,1.8,2.0
BUY,4166.33,4165.26134,4166.86433,4166.86433,0.53433,0.5,0.59,0.3,TARGET,2026-07-06 19:31:00,2026-07-06 19:30:00,2026-07-06 19:31:00,3,29,60,1.6,0.8,15,warning_only,closed_all,1.8,2.0
BUY,4131.94,4129.15274,4133.33363,4133.33363,1.39363,0.5,3.88,0.48,TARGET,2026-07-07 05:11:00,2026-07-07 05:10:00,2026-07-07 05:11:00,3,29,60,1.6,0.8,15,warning_only,closed_all,1.8,2.0
BUY,4131.76,4128.90519,4133.1874,4133.1874,1.4274,0.5,1.89,0.33,TARGET,2026-07-07 06:44:00,2026-07-07 06:43:00,2026-07-07 06:44:00,3,29,60,1.6,0.8,15,warning_only,closed_all,1.8,2.0
BUY,4129.38,4126.40973,4130.86514,4130.86514,1.48514,0.5,2.72,0.38,TARGET,2026-07-07 06:56:00,2026-07-07 06:53:00,2026-07-07 06:54:00,3,29,60,1.6,0.8,15,warning_only,closed_all,1.8,2.0
BUY,4130.22,4127.32246,4131.66877,4131.66877,1.44877,0.5,1.88,0.77,TARGET,2026-07-07 06:56:00,2026-07-07 06:54:00,2026-07-07 06:55:00,3,29,60,1.6,0.8,15,warning_only,closed_all,1.8,2.0
BUY,4130.25,4127.468,4131.641,4131.641,1.391,0.5,1.85,0.58,TARGET,2026-07-07 06:56:00,2026-07-07 06:55:00,2026-07-07 06:56:00,3,29,60,1.6,0.8,15,warning_only,closed_all,1.8,2.0
BUY,4131.98,4129.20618,4133.36691,4133.36691,1.38691,0.5,1.79,1.04,TARGET,2026-07-07 07:00:00,2026-07-07 06:58:00,2026-07-07 06:59:00,3,29,60,1.6,0.8,15,warning_only,closed_all,1.8,2.0
BUY,4132.27,4129.5119,4133.64905,4133.64905,1.37905,0.5,1.58,0.43,TARGET,2026-07-07 07:07:00,2026-07-07 07:02:00,2026-07-07 07:03:00,3,29,60,1.6,0.8,15,warning_only,closed_all,1.8,2.0
BUY,4133.2,4130.77183,4134.41408,4134.41408,1.21408,0.5,1.65,0.66,TARGET,2026-07-07 07:17:00,2026-07-07 07:15:00,2026-07-07 07:16:00,3,29,60,1.6,0.8,15,warning_only,closed_all,1.8,2.0
BUY,4133.6,4131.22413,4134.78794,4134.78794,1.18794,0.5,1.25,0.39,TARGET,2026-07-07 07:17:00,2026-07-07 07:16:00,2026-07-07 07:17:00,3,29,60,1.6,0.8,15,warning_only,closed_all,1.8,2.0
BUY,4136.29,4134.15946,4137.35527,4134.15946,-2.13054,-1.0,0.93,2.15,STOP,2026-07-07 07:45:00,2026-07-07 07:38:00,2026-07-07 07:39:00,3,29,60,1.6,0.8,15,warning_only,closed_all,1.8,2.0
BUY,4135.55,4133.55197,4136.54901,4133.55197,-1.99803,-1.0,0.36,2.0,STOP,2026-07-07 08:00:00,2026-07-07 07:59:00,2026-07-07 08:00:00,3,29,60,1.6,0.8,15,warning_only,closed_all,1.8,2.0
BUY,4136.65,4134.34721,4137.8014,4137.8014,1.1514,0.5,5.41,1.32,TARGET,2026-07-07 08:18:00,2026-07-07 08:16:00,2026-07-07 08:17:00,3,29,60,1.6,0.8,15,warning_only,closed_all,1.8,2.0
BUY,4136.9,4134.58227,4138.05887,4138.05887,1.15887,0.5,5.16,0.04,TARGET,2026-07-07 08:18:00,2026-07-07 08:17:00,2026-07-07 08:18:00,3,29,60,1.6,0.8,15,warning_only,closed_all,1.8,2.0
BUY,4166.47,4161.83796,4168.78602,4168.78602,2.31602,0.5,3.45,2.41,TARGET,2026-07-07 09:51:00,2026-07-07 09:44:00,2026-07-07 09:45:00,3,29,60,1.6,0.8,15,warning_only,closed_all,1.8,2.0
BUY,4167.01,4162.70148,4169.16426,4169.16426,2.15426,0.5,2.91,0.19,TARGET,2026-07-07 09:51:00,2026-07-07 09:50:00,2026-07-07 09:51:00,3,29,60,1.6,0.8,15,warning_only,closed_all,1.8,2.0
BUY,4170.2,4165.22018,4172.68991,4165.22018,-4.97982,-1.0,2.2,5.84,STOP,2026-07-07 10:25:00,2026-07-07 10:16:00,2026-07-07 10:17:00,3,29,60,1.6,0.8,15,warning_only,closed_all,1.8,2.0
BUY,4171.65,4167.1046,4173.9227,4173.9227,2.2727,0.5,8.17,0.53,TARGET,2026-07-07 10:36:00,2026-07-07 10:35:00,2026-07-07 10:36:00,3,29,60,1.6,0.8,15,warning_only,closed_all,1.8,2.0
BUY,4108.98,4104.75303,4111.09348,4111.09348,2.11348,0.5,3.24,0.87,TARGET,2026-07-07 23:06:00,2026-07-07 23:05:00,2026-07-07 23:06:00,3,29,60,1.6,0.8,15,warning_only,closed_all,1.8,2.0
BUY,4112.22,4107.82525,4114.41738,4114.41738,2.19738,0.5,3.13,2.12,TARGET,2026-07-07 23:07:00,2026-07-07 23:06:00,2026-07-07 23:07:00,3,29,60,1.6,0.8,15,warning_only,closed_all,1.8,2.0
BUY,4120.16,4116.21009,4122.13496,4116.21009,-3.94991,-1.0,0.6,4.24,STOP,2026-07-07 23:49:00,2026-07-07 23:37:00,2026-07-07 23:38:00,3,29,60,1.6,0.8,15,warning_only,closed_all,1.8,2.0
BUY,4127.98,4125.48043,4129.22979,4125.48043,-2.49957,-1.0,0.85,2.8,STOP,2026-07-08 01:10:00,2026-07-08 01:08:00,2026-07-08 01:09:00,3,29,60,1.6,0.8,15,warning_only,closed_all,1.8,2.0
BUY,4126.98,4124.04867,4128.44567,4124.74,-2.24,-0.76416,1.17,2.61,TIME_EXIT,2026-07-08 01:40:00,2026-07-08 01:25:00,2026-07-08 01:26:00,3,29,60,1.6,0.8,15,warning_only,closed_all,1.8,2.0
BUY,4127.36,4124.51561,4128.78219,4124.51561,-2.84439,-1.0,0.79,3.3,STOP,2026-07-08 01:41:00,2026-07-08 01:31:00,2026-07-08 01:32:00,3,29,60,1.6,0.8,15,warning_only,closed_all,1.8,2.0
BUY,4126.21,4123.71647,4127.45677,4127.45677,1.24677,0.5,1.73,1.52,TARGET,2026-07-08 02:04:00,2026-07-08 01:56:00,2026-07-08 01:57:00,3,29,60,1.6,0.8,15,warning_only,closed_all,1.8,2.0
BUY,4127.05,4124.56173,4128.29413,4128.29413,1.24413,0.5,3.55,2.05,TARGET,2026-07-08 02:05:00,2026-07-08 02:00:00,2026-07-08 02:01:00,3,29,60,1.6,0.8,15,warning_only,closed_all,1.8,2.0
BUY,4127.94,4125.47468,4129.17266,4129.17266,1.23266,0.5,2.66,0.18,TARGET,2026-07-08 02:05:00,2026-07-08 02:04:00,2026-07-08 02:05:00,3,29,60,1.6,0.8,15,warning_only,closed_all,1.8,2.0
BUY,4128.79,4125.7768,4130.2966,4125.7768,-3.0132,-1.0,0.48,5.1,STOP,2026-07-08 02:21:00,2026-07-08 02:16:00,2026-07-08 02:17:00,3,29,60,1.6,0.8,15,warning_only,closed_all,1.8,2.0
BUY,4128.76,4125.7227,4130.27865,4125.7227,-3.0373,-1.0,0.21,5.07,STOP,2026-07-08 02:21:00,2026-07-08 02:18:00,2026-07-08 02:19:00,3,29,60,1.6,0.8,15,warning_only,closed_all,1.8,2.0
BUY,4128.92,4125.38358,4130.68821,4130.68821,1.76821,0.5,2.16,0.64,TARGET,2026-07-08 02:42:00,2026-07-08 02:40:00,2026-07-08 02:41:00,3,29,60,1.6,0.8,15,warning_only,closed_all,1.8,2.0
BUY,4129.73,4126.28046,4131.45477,4131.45477,1.72477,0.5,1.89,1.18,TARGET,2026-07-08 02:43:00,2026-07-08 02:41:00,2026-07-08 02:42:00,3,29,60,1.6,0.8,15,warning_only,closed_all,1.8,2.0
BUY,4128.02,4124.99931,4129.53035,4124.99931,-3.02069,-1.0,1.17,3.48,STOP,2026-07-08 03:02:00,2026-07-08 02:56:00,2026-07-08 02:57:00,3,29,60,1.6,0.8,15,warning_only,closed_all,1.8,2.0
BUY,4130.85,4127.58655,4132.48172,4132.48172,1.63172,0.5,2.66,0.99,TARGET,2026-07-08 03:24:00,2026-07-08 03:21:00,2026-07-08 03:22:00,3,29,60,1.6,0.8,15,warning_only,closed_all,1.8,2.0
BUY,4131.4,4128.26366,4132.96817,4132.96817,1.56817,0.5,2.11,0.44,TARGET,2026-07-08 03:24:00,2026-07-08 03:23:00,2026-07-08 03:24:00,3,29,60,1.6,0.8,15,warning_only,closed_all,1.8,2.0
BUY,4069.52,4064.23587,4072.16206,4072.16206,2.64206,0.5,4.51,2.33,TARGET,2026-07-08 09:30:00,2026-07-08 09:25:00,2026-07-08 09:26:00,3,29,60,1.6,0.8,15,warning_only,closed_all,1.8,2.0
BUY,4070.52,4065.23274,4073.16363,4073.16363,2.64363,0.5,3.51,2.37,TARGET,2026-07-08 09:30:00,2026-07-08 09:26:00,2026-07-08 09:27:00,3,29,60,1.6,0.8,15,warning_only,closed_all,1.8,2.0
BUY,4070.34,4065.38118,4072.81941,4072.81941,2.47941,0.5,3.08,0.84,TARGET,2026-07-08 09:39:00,2026-07-08 09:38:00,2026-07-08 09:39:00,3,29,60,1.6,0.8,15,warning_only,closed_all,1.8,2.0
BUY,4078.04,4071.66208,4081.22896,4071.66208,-6.37792,-1.0,2.16,7.75,STOP,2026-07-08 10:42:00,2026-07-08 10:36:00,2026-07-08 10:37:00,3,29,60,1.6,0.8,15,warning_only,closed_all,1.8,2.0
BUY,4134.23,4131.32194,4137.13806,4137.13806,2.90806,1.0,3.54,1.31,TARGET,2026-07-02 21:21:00,2026-07-02 21:17:00,2026-07-02 21:18:00,6,33,98,1.0,1.0,15,warning_only,closed_all,1.2,2.0
BUY,4174.9,4172.98855,4176.81145,4176.81145,1.91145,1.0,3.26,0.44,TARGET,2026-07-03 04:06:00,2026-07-03 04:04:00,2026-07-03 04:05:00,6,33,98,1.0,1.0,15,warning_only,closed_all,1.2,2.0
BUY,4175.29,4173.5603,4177.0197,4177.0197,1.7297,1.0,2.93,1.62,TARGET,2026-07-03 04:34:00,2026-07-03 04:29:00,2026-07-03 04:30:00,6,33,98,1.0,1.0,15,warning_only,closed_all,1.2,2.0
BUY,4175.84,4174.01736,4177.66264,4177.66264,1.82264,1.0,2.38,0.95,TARGET,2026-07-03 04:34:00,2026-07-03 04:32:00,2026-07-03 04:33:00,6,33,98,1.0,1.0,15,warning_only,closed_all,1.2,2.0
BUY,4175.91,4174.1447,4177.6753,4177.6753,1.7653,1.0,2.31,0.27,TARGET,2026-07-03 04:34:00,2026-07-03 04:33:00,2026-07-03 04:34:00,6,33,98,1.0,1.0,15,warning_only,closed_all,1.2,2.0
BUY,4179.44,4178.26343,4180.61657,4178.26343,-1.17657,-1.0,0.1,1.47,STOP,2026-07-03 08:06:00,2026-07-03 08:05:00,2026-07-03 08:06:00,6,33,98,1.0,1.0,15,warning_only,closed_all,1.2,2.0
BUY,4187.79,4183.72381,4191.85619,4191.85619,4.06619,1.0,4.99,0.85,TARGET,2026-07-05 22:16:00,2026-07-05 22:13:00,2026-07-05 22:14:00,6,33,98,1.0,1.0,15,warning_only,closed_all,1.2,2.0
BUY,4189.3,4185.35568,4193.24432,4185.35568,-3.94432,-1.0,3.48,5.08,STOP,2026-07-05 22:18:00,2026-07-05 22:14:00,2026-07-05 22:15:00,6,33,98,1.0,1.0,15,warning_only,closed_all,1.2,2.0
BUY,4191.31,4187.43456,4195.18544,4187.43456,-3.87544,-1.0,1.47,5.52,STOP,2026-07-05 22:17:00,2026-07-05 22:15:00,2026-07-05 22:16:00,6,33,98,1.0,1.0,15,warning_only,closed_all,1.2,2.0
BUY,4188.85,4185.03247,4192.66753,4185.03247,-3.81753,-1.0,1.62,5.64,STOP,2026-07-05 22:21:00,2026-07-05 22:19:00,2026-07-05 22:20:00,6,33,98,1.0,1.0,15,warning_only,closed_all,1.2,2.0
BUY,4185.64,4182.01471,4189.26529,4189.26529,3.62529,1.0,4.02,1.32,TARGET,2026-07-05 22:28:00,2026-07-05 22:25:00,2026-07-05 22:26:00,6,33,98,1.0,1.0,15,warning_only,closed_all,1.2,2.0
BUY,4187.16,4183.5908,4190.7292,4190.7292,3.5692,1.0,4.41,2.59,TARGET,2026-07-05 22:30:00,2026-07-05 22:26:00,2026-07-05 22:27:00,6,33,98,1.0,1.0,15,warning_only,closed_all,1.2,2.0
BUY,4188.14,4184.57074,4191.70926,4191.70926,3.56926,1.0,6.24,2.27,TARGET,2026-07-05 22:32:00,2026-07-05 22:27:00,2026-07-05 22:28:00,6,33,98,1.0,1.0,15,warning_only,closed_all,1.2,2.0
BUY,4189.71,4186.19819,4193.22181,4193.22181,3.51181,1.0,4.67,2.34,TARGET,2026-07-05 22:32:00,2026-07-05 22:29:00,2026-07-05 22:30:00,6,33,98,1.0,1.0,15,warning_only,closed_all,1.2,2.0
BUY,4190.51,4187.0141,4194.0059,4194.0059,3.4959,1.0,3.87,1.33,TARGET,2026-07-05 22:32:00,2026-07-05 22:31:00,2026-07-05 22:32:00,6,33,98,1.0,1.0,15,warning_only,closed_all,1.2,2.0
BUY,4156.92,4155.41563,4158.42437,4155.41563,-1.50437,-1.0,1.31,2.28,STOP,2026-07-06 09:10:00,2026-07-06 09:05:00,2026-07-06 09:06:00,6,33,98,1.0,1.0,15,warning_only,closed_all,1.2,2.0
BUY,4162.39,4161.43006,4163.34994,4161.43006,-0.95994,-1.0,0.85,1.05,STOP,2026-07-06 16:31:00,2026-07-06 16:26:00,2026-07-06 16:27:00,6,33,98,1.0,1.0,15,warning_only,closed_all,1.2,2.0
BUY,4162.75,4162.03601,4163.46399,4163.46399,0.71399,1.0,1.65,0.38,TARGET,2026-07-06 17:33:00,2026-07-06 17:26:00,2026-07-06 17:27:00,6,33,98,1.0,1.0,15,warning_only,closed_all,1.2,2.0
BUY,4162.96,4162.28885,4163.63115,4163.63115,0.67115,1.0,1.44,0.59,TARGET,2026-07-06 17:33:00,2026-07-06 17:28:00,2026-07-06 17:29:00,6,33,98,1.0,1.0,15,warning_only,closed_all,1.2,2.0
BUY,4133.13,4131.56548,4134.69452,4134.69452,1.56452,1.0,1.84,1.12,TARGET,2026-07-07 07:14:00,2026-07-07 07:06:00,2026-07-07 07:07:00,6,33,98,1.0,1.0,15,warning_only,closed_all,1.2,2.0
BUY,4146.33,4144.97936,4147.68064,4144.97936,-1.35064,-1.0,1.33,2.93,STOP,2026-07-07 14:50:00,2026-07-07 14:40:00,2026-07-07 14:41:00,6,33,98,1.0,1.0,15,warning_only,closed_all,1.2,2.0
BUY,4108.98,4106.33815,4111.62185,4111.62185,2.64185,1.0,3.24,0.87,TARGET,2026-07-07 23:06:00,2026-07-07 23:05:00,2026-07-07 23:06:00,6,33,98,1.0,1.0,15,warning_only,closed_all,1.2,2.0
BUY,4127.37,4125.42062,4129.31938,4125.42062,-1.94938,-1.0,0.01,2.66,STOP,2026-07-08 01:25:00,2026-07-08 01:22:00,2026-07-08 01:23:00,6,33,98,1.0,1.0,15,warning_only,closed_all,1.2,2.0
BUY,4126.3,4124.57907,4128.02093,4124.57907,-1.72093,-1.0,0.82,1.93,STOP,2026-07-08 01:30:00,2026-07-08 01:27:00,2026-07-08 01:28:00,6,33,98,1.0,1.0,15,warning_only,closed_all,1.2,2.0
BUY,4127.94,4126.39918,4129.48082,4129.48082,1.54082,1.0,2.66,0.18,TARGET,2026-07-08 02:05:00,2026-07-08 02:04:00,2026-07-08 02:05:00,6,33,98,1.0,1.0,15,warning_only,closed_all,1.2,2.0
BUY,4128.76,4126.86169,4130.65831,4126.86169,-1.89831,-1.0,0.21,2.44,STOP,2026-07-08 02:20:00,2026-07-08 02:18:00,2026-07-08 02:19:00,6,33,98,1.0,1.0,15,warning_only,closed_all,1.2,2.0
BUY,4127.19,4125.04332,4129.33668,4129.33668,2.14668,1.0,2.97,0.59,TARGET,2026-07-08 02:38:00,2026-07-08 02:36:00,2026-07-08 02:37:00,6,33,98,1.0,1.0,15,warning_only,closed_all,1.2,2.0
BUY,4128.26,4126.14808,4130.37192,4130.37192,2.11192,1.0,2.82,1.7,TARGET,2026-07-08 02:42:00,2026-07-08 02:37:00,2026-07-08 02:38:00,6,33,98,1.0,1.0,15,warning_only,closed_all,1.2,2.0
BUY,4128.92,4126.70974,4131.13026,4131.13026,2.21026,1.0,2.7,0.64,TARGET,2026-07-08 02:43:00,2026-07-08 02:40:00,2026-07-08 02:41:00,6,33,98,1.0,1.0,15,warning_only,closed_all,1.2,2.0
BUY,4129.73,4127.57404,4131.88596,4127.57404,-2.15596,-1.0,1.89,2.62,STOP,2026-07-08 02:47:00,2026-07-08 02:41:00,2026-07-08 02:42:00,6,33,98,1.0,1.0,15,warning_only,closed_all,1.2,2.0
BUY,4130.85,4128.81034,4132.88966,4132.88966,2.03966,1.0,2.66,0.99,TARGET,2026-07-08 03:24:00,2026-07-08 03:21:00,2026-07-08 03:22:00,6,33,98,1.0,1.0,15,warning_only,closed_all,1.2,2.0
BUY,4129.43,4127.19062,4131.2215,4127.19062,-2.23938,-1.0,1.25,3.19,STOP,2026-07-02 20:52:00,2026-07-02 20:47:00,2026-07-02 20:48:00,6,37,68,1.0,0.8,5,warning_only,closed_all,0.8,2.0
BUY,4130.59,4128.39415,4132.34668,4128.39415,-2.19585,-1.0,0.09,3.38,STOP,2026-07-02 20:51:00,2026-07-02 20:48:00,2026-07-02 20:49:00,6,37,68,1.0,0.8,5,warning_only,closed_all,0.8,2.0
BUY,4134.23,4131.32194,4136.55645,4136.55645,2.32645,0.8,2.45,1.31,TARGET,2026-07-02 21:20:00,2026-07-02 21:17:00,2026-07-02 21:18:00,6,37,68,1.0,0.8,5,warning_only,closed_all,0.8,2.0
BUY,4135.16,4132.29966,4137.44827,4137.44827,2.28827,0.8,2.61,1.83,TARGET,2026-07-02 21:21:00,2026-07-02 21:18:00,2026-07-02 21:19:00,6,37,68,1.0,0.8,5,warning_only,closed_all,0.8,2.0
BUY,4181.41,4179.39799,4183.01961,4179.39799,-2.01201,-1.0,0.09,2.17,STOP,2026-07-02 23:35:00,2026-07-02 23:33:00,2026-07-02 23:34:00,6,37,68,1.0,0.8,5,warning_only,closed_all,0.8,2.0
BUY,4175.29,4173.5603,4176.67376,4176.67376,1.38376,0.8,1.72,0.34,TARGET,2026-07-03 04:30:00,2026-07-03 04:29:00,2026-07-03 04:30:00,6,37,68,1.0,0.8,5,warning_only,closed_all,0.8,2.0
BUY,4175.91,4174.1447,4177.32224,4177.32224,1.41224,0.8,2.31,0.27,TARGET,2026-07-03 04:34:00,2026-07-03 04:33:00,2026-07-03 04:34:00,6,37,68,1.0,0.8,5,warning_only,closed_all,0.8,2.0
BUY,4179.44,4178.26343,4180.38126,4178.26343,-1.17657,-1.0,0.1,1.47,STOP,2026-07-03 08:06:00,2026-07-03 08:05:00,2026-07-03 08:06:00,6,37,68,1.0,0.8,5,warning_only,closed_all,0.8,2.0
BUY,4189.3,4185.35568,4192.45545,4192.45545,3.15545,0.8,3.48,0.97,TARGET,2026-07-05 22:16:00,2026-07-05 22:14:00,2026-07-05 22:15:00,6,37,68,1.0,0.8,5,warning_only,closed_all,0.8,2.0
BUY,4191.31,4187.43456,4194.41035,4187.43456,-3.87544,-1.0,1.47,5.52,STOP,2026-07-05 22:17:00,2026-07-05 22:15:00,2026-07-05 22:16:00,6,37,68,1.0,0.8,5,warning_only,closed_all,0.8,2.0
BUY,4185.64,4182.01471,4188.54024,4188.54024,2.90024,0.8,4.02,1.32,TARGET,2026-07-05 22:28:00,2026-07-05 22:25:00,2026-07-05 22:26:00,6,37,68,1.0,0.8,5,warning_only,closed_all,0.8,2.0
BUY,4187.16,4183.5908,4190.01536,4190.01536,2.85536,0.8,4.41,2.59,TARGET,2026-07-05 22:30:00,2026-07-05 22:26:00,2026-07-05 22:27:00,6,37,68,1.0,0.8,5,warning_only,closed_all,0.8,2.0
BUY,4189.71,4186.19819,4192.51945,4192.51945,2.80945,0.8,4.67,2.34,TARGET,2026-07-05 22:32:00,2026-07-05 22:29:00,2026-07-05 22:30:00,6,37,68,1.0,0.8,5,warning_only,closed_all,0.8,2.0
BUY,4190.51,4187.0141,4193.30672,4193.30672,2.79672,0.8,3.87,1.33,TARGET,2026-07-05 22:32:00,2026-07-05 22:31:00,2026-07-05 22:32:00,6,37,68,1.0,0.8,5,warning_only,closed_all,0.8,2.0
BUY,4156.92,4155.41563,4158.12349,4158.12349,1.20349,0.8,1.31,0.59,TARGET,2026-07-06 09:06:00,2026-07-06 09:05:00,2026-07-06 09:06:00,6,37,68,1.0,0.8,5,warning_only,closed_all,0.8,2.0
BUY,4148.5,4146.8192,4149.84464,4146.8192,-1.6808,-1.0,0.09,2.87,STOP,2026-07-06 13:00:00,2026-07-06 12:57:00,2026-07-06 12:58:00,6,37,68,1.0,0.8,5,warning_only,closed_all,0.8,2.0
BUY,4147.29,4145.86241,4148.43207,4148.43207,1.14207,0.8,1.27,0.29,TARGET,2026-07-06 13:36:00,2026-07-06 13:35:00,2026-07-06 13:36:00,6,37,68,1.0,0.8,5,warning_only,closed_all,0.8,2.0
BUY,4162.57,4161.669,4163.2908,4163.2908,0.7208,0.8,1.19,0.62,TARGET,2026-07-06 16:49:00,2026-07-06 16:46:00,2026-07-06 16:47:00,6,37,68,1.0,0.8,5,warning_only,closed_all,0.8,2.0
BUY,4162.96,4162.28885,4163.49692,4163.49692,0.53692,0.8,1.44,0.59,TARGET,2026-07-06 17:33:00,2026-07-06 17:28:00,2026-07-06 17:29:00,6,37,68,1.0,0.8,5,warning_only,closed_all,0.8,2.0
BUY,4163.33,4162.73637,4163.8049,4163.8049,0.4749,0.8,0.54,0.2,TARGET,2026-07-06 17:50:00,2026-07-06 17:47:00,2026-07-06 17:48:00,6,37,68,1.0,0.8,5,warning_only,closed_all,0.8,2.0
BUY,4130.25,4128.51125,4131.641,4131.641,1.391,0.8,1.85,0.58,TARGET,2026-07-07 06:56:00,2026-07-07 06:55:00,2026-07-07 06:56:00,6,37,68,1.0,0.8,5,warning_only,closed_all,0.8,2.0
BUY,4131.98,4130.24636,4133.36691,4133.36691,1.38691,0.8,1.79,1.04,TARGET,2026-07-07 07:00:00,2026-07-07 06:58:00,2026-07-07 06:59:00,6,37,68,1.0,0.8,5,warning_only,closed_all,0.8,2.0
BUY,4132.27,4130.54619,4133.64905,4133.64905,1.37905,0.8,1.58,0.43,TARGET,2026-07-07 07:07:00,2026-07-07 07:02:00,2026-07-07 07:03:00,6,37,68,1.0,0.8,5,warning_only,closed_all,0.8,2.0
BUY,4133.13,4131.56548,4134.38161,4132.98,-0.15,-0.09588,0.81,0.93,TIME_EXIT,2026-07-07 07:11:00,2026-07-07 07:06:00,2026-07-07 07:07:00,6,37,68,1.0,0.8,5,warning_only,closed_all,0.8,2.0
BUY,4133.6,4132.11508,4134.78794,4134.78794,1.18794,0.8,1.25,0.39,TARGET,2026-07-07 07:17:00,2026-07-07 07:16:00,2026-07-07 07:17:00,6,37,68,1.0,0.8,5,warning_only,closed_all,0.8,2.0
BUY,4170.2,4167.08761,4172.68991,4171.55,1.35,0.43375,2.2,2.2,TIME_EXIT,2026-07-07 10:21:00,2026-07-07 10:16:00,2026-07-07 10:17:00,6,37,68,1.0,0.8,5,warning_only,closed_all,0.8,2.0
BUY,4108.98,4106.33815,4111.09348,4111.09348,2.11348,0.8,3.24,0.87,TARGET,2026-07-07 23:06:00,2026-07-07 23:05:00,2026-07-07 23:06:00,6,37,68,1.0,0.8,5,warning_only,closed_all,0.8,2.0
BUY,4126.68,4125.23622,4127.83503,4127.83503,1.15503,0.8,1.94,0.45,TARGET,2026-07-08 00:47:00,2026-07-08 00:45:00,2026-07-08 00:46:00,6,37,68,1.0,0.8,5,warning_only,closed_all,0.8,2.0
BUY,4127.14,4125.73434,4128.26452,4128.26452,1.12452,0.8,1.48,0.38,TARGET,2026-07-08 00:47:00,2026-07-08 00:46:00,2026-07-08 00:47:00,6,37,68,1.0,0.8,5,warning_only,closed_all,0.8,2.0
BUY,4126.3,4124.57907,4127.67674,4124.57907,-1.72093,-1.0,0.82,1.93,STOP,2026-07-08 01:30:00,2026-07-08 01:27:00,2026-07-08 01:28:00,6,37,68,1.0,0.8,5,warning_only,closed_all,0.8,2.0
BUY,4127.19,4125.04332,4128.90735,4128.90735,1.71735,0.8,2.97,0.59,TARGET,2026-07-08 02:38:00,2026-07-08 02:36:00,2026-07-08 02:37:00,6,37,68,1.0,0.8,5,warning_only,closed_all,0.8,2.0
BUY,4128.26,4126.14808,4129.94954,4129.94954,1.68954,0.8,1.9,1.34,TARGET,2026-07-08 02:38:00,2026-07-08 02:37:00,2026-07-08 02:38:00,6,37,68,1.0,0.8,5,warning_only,closed_all,0.8,2.0
BUY,4129.73,4127.57404,4131.45477,4131.45477,1.72477,0.8,1.89,1.18,TARGET,2026-07-08 02:43:00,2026-07-08 02:41:00,2026-07-08 02:42:00,6,37,68,1.0,0.8,5,warning_only,closed_all,0.8,2.0
BUY,4130.85,4128.81034,4132.48172,4132.48172,1.63172,0.8,2.66,0.99,TARGET,2026-07-08 03:24:00,2026-07-08 03:21:00,2026-07-08 03:22:00,6,37,68,1.0,0.8,5,warning_only,closed_all,0.8,2.0
BUY,4070.34,4067.24074,4072.81941,4072.81941,2.47941,0.8,3.08,0.84,TARGET,2026-07-08 09:39:00,2026-07-08 09:38:00,2026-07-08 09:39:00,6,37,68,1.0,0.8,5,warning_only,closed_all,0.8,2.0
BUY,4127.19,4125.04332,4129.33668,4129.33668,2.14668,1.0,2.97,0.59,TARGET,2026-07-08 02:38:00,2026-07-08 02:36:00,2026-07-08 02:37:00,4,20,85,1.0,1.0,20,required,closed_all,1.2,0.8
BUY,4128.26,4126.14808,4130.37192,4130.37192,2.11192,1.0,2.82,1.7,TARGET,2026-07-08 02:42:00,2026-07-08 02:37:00,2026-07-08 02:38:00,4,20,85,1.0,1.0,20,required,closed_all,1.2,0.8
BUY,4134.23,4129.57711,4137.13806,4137.13806,2.90806,0.625,3.54,1.31,TARGET,2026-07-02 21:21:00,2026-07-02 21:17:00,2026-07-02 21:18:00,6,24,78,1.6,1.0,20,warning_only,closed_all,0.8,2.0
BUY,4135.16,4130.58346,4138.02034,4138.02034,2.86034,0.625,3.34,1.83,TARGET,2026-07-02 21:22:00,2026-07-02 21:18:00,2026-07-02 21:19:00,6,24,78,1.6,1.0,20,warning_only,closed_all,0.8,2.0
BUY,4173.47,4170.54667,4175.29708,4175.29708,1.82708,0.625,3.28,2.68,TARGET,2026-07-03 04:05:00,2026-07-03 03:52:00,2026-07-03 03:53:00,6,24,78,1.6,1.0,20,warning_only,closed_all,0.8,2.0
BUY,4175.29,4172.52248,4177.0197,4177.0197,1.7297,0.625,2.93,1.62,TARGET,2026-07-03 04:34:00,2026-07-03 04:29:00,2026-07-03 04:30:00,6,24,78,1.6,1.0,20,warning_only,closed_all,0.8,2.0
BUY,4175.91,4173.08551,4177.6753,4177.6753,1.7653,0.625,2.31,0.27,TARGET,2026-07-03 04:34:00,2026-07-03 04:33:00,2026-07-03 04:34:00,6,24,78,1.6,1.0,20,warning_only,closed_all,0.8,2.0
BUY,4179.44,4177.55749,4180.61657,4177.55749,-1.88251,-1.0,0.1,2.02,STOP,2026-07-03 08:07:00,2026-07-03 08:05:00,2026-07-03 08:06:00,6,24,78,1.6,1.0,20,warning_only,closed_all,0.8,2.0
BUY,4189.3,4182.98909,4193.24432,4182.98909,-6.31091,-1.0,3.48,7.81,STOP,2026-07-05 22:22:00,2026-07-05 22:14:00,2026-07-05 22:15:00,6,24,78,1.6,1.0,20,warning_only,closed_all,0.8,2.0
BUY,4191.31,4185.1093,4195.18544,4185.1093,-6.2007,-1.0,1.47,7.09,STOP,2026-07-05 22:18:00,2026-07-05 22:15:00,2026-07-05 22:16:00,6,24,78,1.6,1.0,20,warning_only,closed_all,0.8,2.0
BUY,4187.16,4181.44928,4190.7292,4190.7292,3.5692,0.625,4.41,2.59,TARGET,2026-07-05 22:30:00,2026-07-05 22:26:00,2026-07-05 22:27:00,6,24,78,1.6,1.0,20,warning_only,closed_all,0.8,2.0
BUY,4189.71,4184.0911,4193.22181,4193.22181,3.51181,0.625,4.67,2.34,TARGET,2026-07-05 22:32:00,2026-07-05 22:29:00,2026-07-05 22:30:00,6,24,78,1.6,1.0,20,warning_only,closed_all,0.8,2.0
BUY,4190.51,4184.91656,4194.0059,4194.0059,3.4959,0.625,3.87,1.33,TARGET,2026-07-05 22:32:00,2026-07-05 22:31:00,2026-07-05 22:32:00,6,24,78,1.6,1.0,20,warning_only,closed_all,0.8,2.0
BUY,4156.92,4154.51301,4158.42437,4154.51301,-2.40699,-1.0,1.31,2.5,STOP,2026-07-06 09:11:00,2026-07-06 09:05:00,2026-07-06 09:06:00,6,24,78,1.6,1.0,20,warning_only,closed_all,0.8,2.0
BUY,4147.29,4145.00586,4148.71759,4148.71759,1.42759,0.625,2.22,0.29,TARGET,2026-07-06 13:37:00,2026-07-06 13:35:00,2026-07-06 13:36:00,6,24,78,1.6,1.0,20,warning_only,closed_all,0.8,2.0
BUY,4162.57,4161.12839,4163.471,4163.471,0.901,0.625,1.19,0.62,TARGET,2026-07-06 16:49:00,2026-07-06 16:46:00,2026-07-06 16:47:00,6,24,78,1.6,1.0,20,warning_only,closed_all,0.8,2.0
BUY,4162.96,4161.88617,4163.63115,4163.63115,0.67115,0.625,1.44,0.59,TARGET,2026-07-06 17:33:00,2026-07-06 17:28:00,2026-07-06 17:29:00,6,24,78,1.6,1.0,20,warning_only,closed_all,0.8,2.0
BUY,4163.33,4162.3802,4163.92363,4163.92363,0.59363,0.625,0.82,0.2,TARGET,2026-07-06 17:51:00,2026-07-06 17:47:00,2026-07-06 17:48:00,6,24,78,1.6,1.0,20,warning_only,closed_all,0.8,2.0
BUY,4131.76,4128.90519,4133.54426,4133.54426,1.78426,0.625,1.89,0.33,TARGET,2026-07-07 06:44:00,2026-07-07 06:43:00,2026-07-07 06:44:00,6,24,78,1.6,1.0,20,warning_only,closed_all,0.8,2.0
BUY,4132.27,4129.5119,4133.99381,4133.99381,1.72381,0.625,2.37,0.43,TARGET,2026-07-07 07:13:00,2026-07-07 07:02:00,2026-07-07 07:03:00,6,24,78,1.6,1.0,20,warning_only,closed_all,0.8,2.0
BUY,4133.13,4130.62677,4134.69452,4134.69452,1.56452,0.625,1.84,1.12,TARGET,2026-07-07 07:14:00,2026-07-07 07:06:00,2026-07-07 07:07:00,6,24,78,1.6,1.0,20,warning_only,closed_all,0.8,2.0
BUY,4170.2,4165.22018,4173.31239,4165.22018,-4.97982,-1.0,2.2,5.84,STOP,2026-07-07 10:25:00,2026-07-07 10:16:00,2026-07-07 10:17:00,6,24,78,1.6,1.0,20,warning_only,closed_all,0.8,2.0
BUY,4108.98,4104.75303,4111.62185,4111.62185,2.64185,0.625,3.24,0.87,TARGET,2026-07-07 23:06:00,2026-07-07 23:05:00,2026-07-07 23:06:00,6,24,78,1.6,1.0,20,warning_only,closed_all,0.8,2.0
BUY,4126.3,4123.54652,4128.02093,4128.02093,1.72093,0.625,1.85,1.93,TARGET,2026-07-08 01:32:00,2026-07-08 01:27:00,2026-07-08 01:28:00,6,24,78,1.6,1.0,20,warning_only,closed_all,0.8,2.0
BUY,4128.26,4124.88093,4130.37192,4130.37192,2.11192,0.625,2.82,1.7,TARGET,2026-07-08 02:42:00,2026-07-08 02:37:00,2026-07-08 02:38:00,6,24,78,1.6,1.0,20,warning_only,closed_all,0.8,2.0
BUY,4129.73,4126.28046,4131.88596,4126.28046,-3.44954,-1.0,1.89,4.18,STOP,2026-07-08 02:48:00,2026-07-08 02:41:00,2026-07-08 02:42:00,6,24,78,1.6,1.0,20,warning_only,closed_all,0.8,2.0
BUY,4130.85,4127.58655,4132.88966,4132.88966,2.03966,0.625,2.66,0.99,TARGET,2026-07-08 03:24:00,2026-07-08 03:21:00,2026-07-08 03:22:00,6,24,78,1.6,1.0,20,warning_only,closed_all,0.8,2.0
BUY,4128.6,4125.63586,4130.88011,4130.88011,2.28011,0.76923,3.12,1.59,TARGET,2026-07-02 20:56:00,2026-07-02 20:54:00,2026-07-02 20:55:00,7,28,63,1.3,1.0,20,warning_only,closed_all,1.8,0.8
BUY,4128.89,4125.17725,4131.74596,4131.74596,2.85596,0.76923,6.43,2.32,TARGET,2026-07-02 21:13:00,2026-07-02 21:09:00,2026-07-02 21:10:00,7,28,63,1.3,1.0,20,warning_only,closed_all,1.8,0.8
BUY,4185.64,4180.92712,4189.26529,4189.26529,3.62529,0.76923,4.02,1.32,TARGET,2026-07-05 22:28:00,2026-07-05 22:25:00,2026-07-05 22:26:00,7,28,63,1.3,1.0,20,warning_only,closed_all,1.8,0.8
BUY,4187.16,4182.52004,4190.7292,4190.7292,3.5692,0.76923,4.41,2.59,TARGET,2026-07-05 22:30:00,2026-07-05 22:26:00,2026-07-05 22:27:00,7,28,63,1.3,1.0,20,warning_only,closed_all,1.8,0.8
BUY,4155.65,4153.83257,4157.04802,4153.83257,-1.81743,-1.0,0.55,1.93,STOP,2026-07-06 09:00:00,2026-07-06 08:59:00,2026-07-06 09:00:00,7,28,63,1.3,1.0,20,warning_only,closed_all,1.8,0.8
BUY,4108.98,4105.54559,4111.62185,4111.62185,2.64185,0.76923,3.24,0.87,TARGET,2026-07-07 23:06:00,2026-07-07 23:05:00,2026-07-07 23:06:00,7,28,63,1.3,1.0,20,warning_only,closed_all,1.8,0.8
BUY,4126.3,4124.06279,4128.02093,4128.02093,1.72093,0.76923,1.85,1.93,TARGET,2026-07-08 01:32:00,2026-07-08 01:27:00,2026-07-08 01:28:00,7,28,63,1.3,1.0,20,warning_only,closed_all,1.8,0.8
BUY,4078.04,4072.85794,4082.0262,4072.85794,-5.18206,-1.0,2.16,7.75,STOP,2026-07-08 10:42:00,2026-07-08 10:36:00,2026-07-08 10:37:00,7,28,63,1.3,1.0,20,warning_only,closed_all,1.8,0.8
BUY,4187.16,4181.44928,4190.01536,4190.01536,2.85536,0.5,4.41,2.59,TARGET,2026-07-05 22:30:00,2026-07-05 22:26:00,2026-07-05 22:27:00,4,29,97,1.6,0.8,5,required,closed_all,0.8,1.2
BUY,4185.64,4182.01471,4189.26529,4189.26529,3.62529,1.0,4.02,1.32,TARGET,2026-07-05 22:28:00,2026-07-05 22:25:00,2026-07-05 22:26:00,3,40,86,1.0,1.0,5,warning_only,closed_all,0.8,0.8
BUY,4187.16,4183.5908,4190.7292,4190.7292,3.5692,1.0,4.41,2.59,TARGET,2026-07-05 22:30:00,2026-07-05 22:26:00,2026-07-05 22:27:00,3,40,86,1.0,1.0,5,warning_only,closed_all,0.8,0.8
BUY,4108.98,4106.33815,4111.62185,4111.62185,2.64185,1.0,3.24,0.87,TARGET,2026-07-07 23:06:00,2026-07-07 23:05:00,2026-07-07 23:06:00,3,40,86,1.0,1.0,5,warning_only,closed_all,0.8,0.8
BUY,4127.19,4125.04332,4129.33668,4129.33668,2.14668,1.0,2.97,0.59,TARGET,2026-07-08 02:38:00,2026-07-08 02:36:00,2026-07-08 02:37:00,3,40,86,1.0,1.0,5,warning_only,closed_all,0.8,0.8
BUY,4128.26,4126.14808,4130.37192,4130.37192,2.11192,1.0,2.82,1.7,TARGET,2026-07-08 02:42:00,2026-07-08 02:37:00,2026-07-08 02:38:00,3,40,86,1.0,1.0,5,warning_only,closed_all,0.8,0.8
BUY,4128.02,4126.13207,4129.90793,4128.18,0.16,0.08475,1.17,1.59,TIME_EXIT,2026-07-08 03:01:00,2026-07-08 02:56:00,2026-07-08 02:57:00,3,40,86,1.0,1.0,5,warning_only,closed_all,0.8,0.8
BUY,4128.6,4125.63586,4131.56414,4131.56414,2.96414,1.0,3.12,1.59,TARGET,2026-07-02 20:56:00,2026-07-02 20:54:00,2026-07-02 20:55:00,5,36,75,1.3,1.3,30,required,closed_all,1.8,1.2
BUY,4187.79,4182.50396,4193.07604,4182.50396,-5.28604,-1.0,4.99,6.3,STOP,2026-07-05 22:22:00,2026-07-05 22:13:00,2026-07-05 22:14:00,5,36,75,1.3,1.3,30,required,closed_all,1.8,1.2
BUY,4185.64,4180.92712,4190.35288,4190.35288,4.71288,1.0,5.93,1.32,TARGET,2026-07-05 22:30:00,2026-07-05 22:25:00,2026-07-05 22:26:00,5,36,75,1.3,1.3,30,required,closed_all,1.8,1.2
BUY,4187.16,4182.52004,4191.79996,4191.79996,4.63996,1.0,7.22,2.59,TARGET,2026-07-05 22:32:00,2026-07-05 22:26:00,2026-07-05 22:27:00,5,36,75,1.3,1.3,30,required,closed_all,1.8,1.2
BUY,4188.14,4183.49996,4192.78004,4192.78004,4.64004,1.0,6.24,2.27,TARGET,2026-07-05 22:32:00,2026-07-05 22:27:00,2026-07-05 22:28:00,5,36,75,1.3,1.3,30,required,closed_all,1.8,1.2
BUY,4161.96,4160.63471,4163.28529,4160.63471,-1.32529,-1.0,1.28,1.85,STOP,2026-07-06 16:35:00,2026-07-06 16:23:00,2026-07-06 16:24:00,5,36,75,1.3,1.3,30,required,closed_all,1.8,1.2
BUY,4162.82,4161.31358,4164.32642,4164.32642,1.50642,1.0,1.68,0.81,TARGET,2026-07-06 17:00:00,2026-07-06 16:58:00,2026-07-06 16:59:00,5,36,75,1.3,1.3,30,required,closed_all,1.8,1.2
BUY,4126.98,4124.59829,4129.36171,4124.59829,-2.38171,-1.0,0.19,2.61,STOP,2026-07-08 01:30:00,2026-07-08 01:25:00,2026-07-08 01:26:00,5,36,75,1.3,1.3,30,required,closed_all,1.8,1.2
BUY,4126.3,4124.06279,4128.53721,4124.06279,-2.23721,-1.0,1.85,2.24,STOP,2026-07-08 01:41:00,2026-07-08 01:27:00,2026-07-08 01:28:00,5,36,75,1.3,1.3,30,required,closed_all,1.8,1.2
BUY,4127.19,4124.39931,4129.98069,4129.98069,2.79069,1.0,2.97,0.59,TARGET,2026-07-08 02:38:00,2026-07-08 02:36:00,2026-07-08 02:37:00,5,36,75,1.3,1.3,30,required,closed_all,1.8,1.2
BUY,4128.26,4125.5145,4131.0055,4131.0055,2.7455,1.0,2.82,1.7,TARGET,2026-07-08 02:42:00,2026-07-08 02:37:00,2026-07-08 02:38:00,5,36,75,1.3,1.3,30,required,closed_all,1.8,1.2
BUY,4128.92,4126.04666,4131.79334,4126.04666,-2.87334,-1.0,2.7,3.37,STOP,2026-07-08 02:48:00,2026-07-08 02:40:00,2026-07-08 02:41:00,5,36,75,1.3,1.3,30,required,closed_all,1.8,1.2
BUY,4187.16,4181.44928,4190.7292,4190.7292,3.5692,0.625,4.41,2.59,TARGET,2026-07-05 22:30:00,2026-07-05 22:26:00,2026-07-05 22:27:00,5,25,97,1.6,1.0,30,warning_only,closed_all,0.8,0.8
BUY,4108.98,4104.75303,4111.62185,4111.62185,2.64185,0.625,3.24,0.87,TARGET,2026-07-07 23:06:00,2026-07-07 23:05:00,2026-07-07 23:06:00,5,25,97,1.6,1.0,30,warning_only,closed_all,0.8,0.8
BUY,4127.19,4123.75531,4129.33668,4129.33668,2.14668,0.625,2.97,0.59,TARGET,2026-07-08 02:38:00,2026-07-08 02:36:00,2026-07-08 02:37:00,5,25,97,1.6,1.0,30,warning_only,closed_all,0.8,0.8
BUY,4128.26,4124.88093,4130.37192,4130.37192,2.11192,0.625,2.82,1.7,TARGET,2026-07-08 02:42:00,2026-07-08 02:37:00,2026-07-08 02:38:00,5,25,97,1.6,1.0,30,warning_only,closed_all,0.8,0.8
BUY,4128.6,4124.95183,4130.88011,4130.88011,2.28011,0.625,3.12,1.59,TARGET,2026-07-02 20:56:00,2026-07-02 20:54:00,2026-07-02 20:55:00,4,33,63,1.6,1.0,15,required,closed_all,1.8,1.2
BUY,4183.17,4180.31953,4184.95154,4180.31953,-2.85047,-1.0,0.61,3.12,STOP,2026-07-03 00:21:00,2026-07-03 00:13:00,2026-07-03 00:14:00,4,33,63,1.6,1.0,15,required,closed_all,1.8,1.2
BUY,4183.04,4180.56208,4184.5887,4180.56208,-2.47792,-1.0,0.02,2.67,STOP,2026-07-03 00:36:00,2026-07-03 00:33:00,2026-07-03 00:34:00,4,33,63,1.6,1.0,15,required,closed_all,1.8,1.2
BUY,4185.64,4179.83953,4189.26529,4189.26529,3.62529,0.625,4.02,1.32,TARGET,2026-07-05 22:28:00,2026-07-05 22:25:00,2026-07-05 22:26:00,4,33,63,1.6,1.0,15,required,closed_all,1.8,1.2
BUY,4187.16,4181.44928,4190.7292,4190.7292,3.5692,0.625,4.41,2.59,TARGET,2026-07-05 22:30:00,2026-07-05 22:26:00,2026-07-05 22:27:00,4,33,63,1.6,1.0,15,required,closed_all,1.8,1.2
BUY,4188.14,4182.42919,4191.70926,4191.70926,3.56926,0.625,6.24,2.27,TARGET,2026-07-05 22:32:00,2026-07-05 22:27:00,2026-07-05 22:28:00,4,33,63,1.6,1.0,15,required,closed_all,1.8,1.2
BUY,4161.96,4160.32887,4162.97946,4162.97946,1.01946,0.625,1.28,0.57,TARGET,2026-07-06 16:29:00,2026-07-06 16:23:00,2026-07-06 16:24:00,4,33,63,1.6,1.0,15,required,closed_all,1.8,1.2
BUY,4162.39,4160.8541,4163.34994,4160.8541,-1.5359,-1.0,0.85,2.28,STOP,2026-07-06 16:35:00,2026-07-06 16:26:00,2026-07-06 16:27:00,4,33,63,1.6,1.0,15,required,closed_all,1.8,1.2
BUY,4162.71,4161.16429,4163.67607,4161.16429,-1.54571,-1.0,0.53,2.6,STOP,2026-07-06 16:35:00,2026-07-06 16:28:00,2026-07-06 16:29:00,4,33,63,1.6,1.0,15,required,closed_all,1.8,1.2
BUY,4162.82,4160.96595,4163.97878,4163.97878,1.15878,0.625,1.68,0.81,TARGET,2026-07-06 17:00:00,2026-07-06 16:58:00,2026-07-06 16:59:00,4,33,63,1.6,1.0,15,required,closed_all,1.8,1.2
BUY,4126.98,4124.04867,4128.81208,4124.74,-2.24,-0.76416,1.17,2.61,TIME_EXIT,2026-07-08 01:40:00,2026-07-08 01:25:00,2026-07-08 01:26:00,4,33,63,1.6,1.0,15,required,closed_all,1.8,1.2
BUY,4126.3,4123.54652,4128.02093,4128.02093,1.72093,0.625,1.85,1.93,TARGET,2026-07-08 01:32:00,2026-07-08 01:27:00,2026-07-08 01:28:00,4,33,63,1.6,1.0,15,required,closed_all,1.8,1.2
BUY,4127.05,4124.56173,4128.60517,4128.60517,1.55517,0.625,3.55,2.05,TARGET,2026-07-08 02:05:00,2026-07-08 02:00:00,2026-07-08 02:01:00,4,33,63,1.6,1.0,15,required,closed_all,1.8,1.2
BUY,4128.26,4124.88093,4130.37192,4130.37192,2.11192,0.625,2.82,1.7,TARGET,2026-07-08 02:42:00,2026-07-08 02:37:00,2026-07-08 02:38:00,4,33,63,1.6,1.0,15,required,closed_all,1.8,1.2
BUY,4128.92,4125.38358,4131.13026,4131.13026,2.21026,0.625,2.7,0.64,TARGET,2026-07-08 02:43:00,2026-07-08 02:40:00,2026-07-08 02:41:00,4,33,63,1.6,1.0,15,required,closed_all,1.8,1.2
BUY,4129.73,4126.28046,4131.88596,4126.28046,-3.44954,-1.0,1.89,4.18,STOP,2026-07-08 02:48:00,2026-07-08 02:41:00,2026-07-08 02:42:00,4,33,63,1.6,1.0,15,required,closed_all,1.8,1.2
BUY,4128.02,4124.99931,4129.90793,4124.99931,-3.02069,-1.0,1.17,3.48,STOP,2026-07-08 03:02:00,2026-07-08 02:56:00,2026-07-08 02:57:00,4,33,63,1.6,1.0,15,required,closed_all,1.8,1.2
BUY,4175.29,4172.52248,4177.53861,4177.53861,2.24861,0.8125,2.93,1.62,TARGET,2026-07-03 04:34:00,2026-07-03 04:29:00,2026-07-03 04:30:00,8,39,99,1.6,1.3,5,warning_only,closed_all,0.8,2.0
BUY,4175.91,4173.08551,4178.2049,4178.2049,2.2949,0.8125,2.31,0.27,TARGET,2026-07-03 04:34:00,2026-07-03 04:33:00,2026-07-03 04:34:00,8,39,99,1.6,1.3,5,warning_only,closed_all,0.8,2.0
BUY,4179.44,4177.55749,4180.96954,4177.55749,-1.88251,-1.0,0.1,2.02,STOP,2026-07-03 08:07:00,2026-07-03 08:05:00,2026-07-03 08:06:00,8,39,99,1.6,1.3,5,warning_only,closed_all,0.8,2.0
BUY,4189.3,4182.98909,4194.42761,4188.63,-0.67,-0.10617,3.48,5.08,TIME_EXIT,2026-07-05 22:19:00,2026-07-05 22:14:00,2026-07-05 22:15:00,8,39,99,1.6,1.3,5,warning_only,closed_all,0.8,2.0
BUY,4191.31,4185.1093,4196.34807,4185.1093,-6.2007,-1.0,1.47,7.09,STOP,2026-07-05 22:18:00,2026-07-05 22:15:00,2026-07-05 22:16:00,8,39,99,1.6,1.3,5,warning_only,closed_all,0.8,2.0
BUY,4185.64,4179.83953,4190.35288,4190.35288,4.71288,0.8125,5.93,1.32,TARGET,2026-07-05 22:30:00,2026-07-05 22:25:00,2026-07-05 22:26:00,8,39,99,1.6,1.3,5,warning_only,closed_all,0.8,2.0
BUY,4187.16,4181.44928,4191.79996,4190.48,3.32,0.58136,4.41,2.59,TIME_EXIT,2026-07-05 22:31:00,2026-07-05 22:26:00,2026-07-05 22:27:00,8,39,99,1.6,1.3,5,warning_only,closed_all,0.8,2.0
BUY,4189.71,4184.0911,4194.27535,4194.27535,4.56535,0.8125,4.67,2.34,TARGET,2026-07-05 22:32:00,2026-07-05 22:29:00,2026-07-05 22:30:00,8,39,99,1.6,1.3,5,warning_only,closed_all,0.8,2.0
BUY,4190.51,4184.91656,4195.05467,4195.05467,4.54467,0.8125,7.26,1.33,TARGET,2026-07-05 22:34:00,2026-07-05 22:31:00,2026-07-05 22:32:00,8,39,99,1.6,1.3,5,warning_only,closed_all,0.8,2.0
BUY,4156.92,4154.51301,4158.87568,4154.7,-2.22,-0.92231,1.31,2.28,TIME_EXIT,2026-07-06 09:10:00,2026-07-06 09:05:00,2026-07-06 09:06:00,8,39,99,1.6,1.3,5,warning_only,closed_all,0.8,2.0
BUY,4162.96,4161.88617,4163.83249,4163.83249,0.87249,0.8125,1.44,0.59,TARGET,2026-07-06 17:33:00,2026-07-06 17:28:00,2026-07-06 17:29:00,8,39,99,1.6,1.3,5,warning_only,closed_all,0.8,2.0
BUY,4133.13,4130.62677,4135.16387,4132.98,-0.15,-0.05992,0.81,0.93,TIME_EXIT,2026-07-07 07:11:00,2026-07-07 07:06:00,2026-07-07 07:07:00,8,39,99,1.6,1.3,5,warning_only,closed_all,0.8,2.0
BUY,4146.33,4144.16898,4148.08583,4147.17,0.84,0.3887,1.33,0.35,TIME_EXIT,2026-07-07 14:45:00,2026-07-07 14:40:00,2026-07-07 14:41:00,8,39,99,1.6,1.3,5,warning_only,closed_all,0.8,2.0
BUY,4108.98,4104.75303,4112.41441,4112.41441,3.43441,0.8125,6.37,0.87,TARGET,2026-07-07 23:07:00,2026-07-07 23:05:00,2026-07-07 23:06:00,8,39,99,1.6,1.3,5,warning_only,closed_all,0.8,2.0
BUY,4126.3,4123.54652,4128.53721,4126.8,0.5,0.18159,1.85,1.93,TIME_EXIT,2026-07-08 01:32:00,2026-07-08 01:27:00,2026-07-08 01:28:00,8,39,99,1.6,1.3,5,warning_only,closed_all,0.8,2.0
BUY,4126.29,4123.68619,4128.4056,4125.93,-0.36,-0.13826,1.86,1.92,TIME_EXIT,2026-07-08 01:34:00,2026-07-08 01:29:00,2026-07-08 01:30:00,8,39,99,1.6,1.3,5,warning_only,closed_all,0.8,2.0
BUY,4127.19,4123.75531,4129.98069,4129.98069,2.79069,0.8125,2.97,0.59,TARGET,2026-07-08 02:38:00,2026-07-08 02:36:00,2026-07-08 02:37:00,8,39,99,1.6,1.3,5,warning_only,closed_all,0.8,2.0
BUY,4128.26,4124.88093,4131.0055,4131.0055,2.7455,0.8125,2.82,1.7,TARGET,2026-07-08 02:42:00,2026-07-08 02:37:00,2026-07-08 02:38:00,8,39,99,1.6,1.3,5,warning_only,closed_all,0.8,2.0
BUY,4129.73,4126.28046,4132.53275,4129.19,-0.54,-0.15654,1.89,2.07,TIME_EXIT,2026-07-08 02:46:00,2026-07-08 02:41:00,2026-07-08 02:42:00,8,39,99,1.6,1.3,5,warning_only,closed_all,0.8,2.0
BUY,4130.85,4127.58655,4133.50155,4133.50155,2.65155,0.8125,2.66,0.99,TARGET,2026-07-08 03:24:00,2026-07-08 03:21:00,2026-07-08 03:22:00,8,39,99,1.6,1.3,5,warning_only,closed_all,0.8,2.0
BUY,4128.89,4124.32046,4131.74596,4131.74596,2.85596,0.625,6.43,2.32,TARGET,2026-07-02 21:13:00,2026-07-02 21:09:00,2026-07-02 21:10:00,8,31,95,1.6,1.0,10,warning_only,closed_all,1.2,1.2
BUY,4173.66,4170.58427,4175.58233,4175.58233,1.92233,0.625,3.09,0.53,TARGET,2026-07-03 04:05:00,2026-07-03 04:03:00,2026-07-03 04:04:00,8,31,95,1.6,1.0,10,warning_only,closed_all,1.2,1.2
BUY,4187.79,4181.2841,4191.85619,4191.85619,4.06619,0.625,4.99,0.85,TARGET,2026-07-05 22:16:00,2026-07-05 22:13:00,2026-07-05 22:14:00,8,31,95,1.6,1.0,10,warning_only,closed_all,1.2,1.2
BUY,4185.64,4179.83953,4189.26529,4189.26529,3.62529,0.625,4.02,1.32,TARGET,2026-07-05 22:28:00,2026-07-05 22:25:00,2026-07-05 22:26:00,8,31,95,1.6,1.0,10,warning_only,closed_all,1.2,1.2
BUY,4187.16,4181.44928,4190.7292,4190.7292,3.5692,0.625,4.41,2.59,TARGET,2026-07-05 22:30:00,2026-07-05 22:26:00,2026-07-05 22:27:00,8,31,95,1.6,1.0,10,warning_only,closed_all,1.2,1.2
BUY,4188.14,4182.42919,4191.70926,4191.70926,3.56926,0.625,6.24,2.27,TARGET,2026-07-05 22:32:00,2026-07-05 22:27:00,2026-07-05 22:28:00,8,31,95,1.6,1.0,10,warning_only,closed_all,1.2,1.2
BUY,4146.33,4144.16898,4147.68064,4144.16898,-2.16102,-1.0,1.33,2.93,STOP,2026-07-07 14:50:00,2026-07-07 14:40:00,2026-07-07 14:41:00,8,31,95,1.6,1.0,10,warning_only,closed_all,1.2,1.2
BUY,4108.98,4104.75303,4111.62185,4111.62185,2.64185,0.625,3.24,0.87,TARGET,2026-07-07 23:06:00,2026-07-07 23:05:00,2026-07-07 23:06:00,8,31,95,1.6,1.0,10,warning_only,closed_all,1.2,1.2
BUY,4126.29,4123.68619,4127.91738,4127.91738,1.62738,0.625,1.86,1.92,TARGET,2026-07-08 01:32:00,2026-07-08 01:29:00,2026-07-08 01:30:00,8,31,95,1.6,1.0,10,warning_only,closed_all,1.2,1.2
BUY,4127.19,4123.75531,4129.33668,4129.33668,2.14668,0.625,2.97,0.59,TARGET,2026-07-08 02:38:00,2026-07-08 02:36:00,2026-07-08 02:37:00,8,31,95,1.6,1.0,10,warning_only,closed_all,1.2,1.2
BUY,4128.26,4124.88093,4130.37192,4130.37192,2.11192,0.625,2.82,1.7,TARGET,2026-07-08 02:42:00,2026-07-08 02:37:00,2026-07-08 02:38:00,8,31,95,1.6,1.0,10,warning_only,closed_all,1.2,1.2
BUY,4078.04,4071.66208,4082.0262,4071.66208,-6.37792,-1.0,2.16,7.75,STOP,2026-07-08 10:42:00,2026-07-08 10:36:00,2026-07-08 10:37:00,8,31,95,1.6,1.0,10,warning_only,closed_all,1.2,1.2
BUY,4128.89,4126.03404,4131.17477,4131.17477,2.28477,0.8,6.43,2.32,TARGET,2026-07-02 21:13:00,2026-07-02 21:09:00,2026-07-02 21:10:00,6,37,94,1.0,0.8,5,warning_only,closed_all,1.2,1.2
BUY,4185.64,4182.01471,4188.54024,4188.54024,2.90024,0.8,4.02,1.32,TARGET,2026-07-05 22:28:00,2026-07-05 22:25:00,2026-07-05 22:26:00,6,37,94,1.0,0.8,5,warning_only,closed_all,1.2,1.2
BUY,4187.16,4183.5908,4190.01536,4190.01536,2.85536,0.8,4.41,2.59,TARGET,2026-07-05 22:30:00,2026-07-05 22:26:00,2026-07-05 22:27:00,6,37,94,1.0,0.8,5,warning_only,closed_all,1.2,1.2
BUY,4188.14,4184.57074,4190.99541,4190.99541,2.85541,0.8,3.43,2.27,TARGET,2026-07-05 22:30:00,2026-07-05 22:27:00,2026-07-05 22:28:00,6,37,94,1.0,0.8,5,warning_only,closed_all,1.2,1.2
BUY,4108.98,4106.33815,4111.09348,4111.09348,2.11348,0.8,3.24,0.87,TARGET,2026-07-07 23:06:00,2026-07-07 23:05:00,2026-07-07 23:06:00,6,37,94,1.0,0.8,5,warning_only,closed_all,1.2,1.2
BUY,4127.19,4125.04332,4128.90735,4128.90735,1.71735,0.8,2.97,0.59,TARGET,2026-07-08 02:38:00,2026-07-08 02:36:00,2026-07-08 02:37:00,6,37,94,1.0,0.8,5,warning_only,closed_all,1.2,1.2
BUY,4128.26,4126.14808,4129.94954,4129.94954,1.68954,0.8,1.9,1.34,TARGET,2026-07-08 02:38:00,2026-07-08 02:37:00,2026-07-08 02:38:00,6,37,94,1.0,0.8,5,warning_only,closed_all,1.2,1.2
BUY,4078.04,4074.0538,4081.22896,4077.91,-0.13,-0.03261,2.16,3.58,TIME_EXIT,2026-07-08 10:41:00,2026-07-08 10:36:00,2026-07-08 10:37:00,6,37,94,1.0,0.8,5,warning_only,closed_all,1.2,1.2
BUY,4187.16,4182.52004,4190.01536,4190.01536,2.85536,0.61538,4.41,2.59,TARGET,2026-07-05 22:30:00,2026-07-05 22:26:00,2026-07-05 22:27:00,7,22,97,1.3,0.8,20,required,closed_all,1.8,0.8
BUY,4128.89,4124.32046,4132.60275,4132.60275,3.71275,0.8125,6.43,2.32,TARGET,2026-07-02 21:13:00,2026-07-02 21:09:00,2026-07-02 21:10:00,6,27,73,1.6,1.3,20,warning_only,closed_all,1.2,0.8
BUY,4185.64,4179.83953,4190.35288,4190.35288,4.71288,0.8125,5.93,1.32,TARGET,2026-07-05 22:30:00,2026-07-05 22:25:00,2026-07-05 22:26:00,6,27,73,1.6,1.3,20,warning_only,closed_all,1.2,0.8
BUY,4187.16,4181.44928,4191.79996,4191.79996,4.63996,0.8125,7.22,2.59,TARGET,2026-07-05 22:32:00,2026-07-05 22:26:00,2026-07-05 22:27:00,6,27,73,1.6,1.3,20,warning_only,closed_all,1.2,0.8
BUY,4161.96,4160.32887,4163.28529,4160.32887,-1.63113,-1.0,1.28,1.85,STOP,2026-07-06 16:35:00,2026-07-06 16:23:00,2026-07-06 16:24:00,6,27,73,1.6,1.3,20,warning_only,closed_all,1.2,0.8
BUY,4108.98,4104.75303,4112.41441,4112.41441,3.43441,0.8125,6.37,0.87,TARGET,2026-07-07 23:07:00,2026-07-07 23:05:00,2026-07-07 23:06:00,6,27,73,1.6,1.3,20,warning_only,closed_all,1.2,0.8
BUY,4128.26,4124.88093,4131.0055,4131.0055,2.7455,0.8125,2.82,1.7,TARGET,2026-07-08 02:42:00,2026-07-08 02:37:00,2026-07-08 02:38:00,6,27,73,1.6,1.3,20,warning_only,closed_all,1.2,0.8
BUY,4078.04,4071.66208,4083.22206,4071.66208,-6.37792,-1.0,2.16,7.75,STOP,2026-07-08 10:42:00,2026-07-08 10:36:00,2026-07-08 10:37:00,6,27,73,1.6,1.3,20,warning_only,closed_all,1.2,0.8
BUY,4187.16,4183.5908,4190.7292,4190.7292,3.5692,1.0,4.41,2.59,TARGET,2026-07-05 22:30:00,2026-07-05 22:26:00,2026-07-05 22:27:00,4,26,90,1.0,1.0,30,required,closed_all,0.8,0.8
BUY,4127.19,4125.04332,4129.33668,4129.33668,2.14668,1.0,2.97,0.59,TARGET,2026-07-08 02:38:00,2026-07-08 02:36:00,2026-07-08 02:37:00,4,26,90,1.0,1.0,30,required,closed_all,0.8,0.8
BUY,4128.26,4126.14808,4130.37192,4130.37192,2.11192,1.0,2.82,1.7,TARGET,2026-07-08 02:42:00,2026-07-08 02:37:00,2026-07-08 02:38:00,4,26,90,1.0,1.0,30,required,closed_all,0.8,0.8
BUY,4128.89,4126.03404,4131.17477,4131.17477,2.28477,0.8,6.43,2.32,TARGET,2026-07-02 21:13:00,2026-07-02 21:09:00,2026-07-02 21:10:00,7,22,79,1.0,0.8,10,warning_only,closed_all,1.2,0.8
BUY,4187.16,4183.5908,4190.01536,4190.01536,2.85536,0.8,4.41,2.59,TARGET,2026-07-05 22:30:00,2026-07-05 22:26:00,2026-07-05 22:27:00,7,22,79,1.0,0.8,10,warning_only,closed_all,1.2,0.8
BUY,4108.98,4106.33815,4111.09348,4111.09348,2.11348,0.8,3.24,0.87,TARGET,2026-07-07 23:06:00,2026-07-07 23:05:00,2026-07-07 23:06:00,7,22,79,1.0,0.8,10,warning_only,closed_all,1.2,0.8
BUY,4128.26,4126.14808,4129.94954,4129.94954,1.68954,0.8,1.9,1.34,TARGET,2026-07-08 02:38:00,2026-07-08 02:37:00,2026-07-08 02:38:00,7,22,79,1.0,0.8,10,warning_only,closed_all,1.2,0.8
BUY,4185.64,4182.01471,4189.26529,4189.26529,3.62529,1.0,4.02,1.32,TARGET,2026-07-05 22:28:00,2026-07-05 22:25:00,2026-07-05 22:26:00,4,39,99,1.0,1.0,20,required,closed_all,1.8,0.8
BUY,4187.16,4183.5908,4190.7292,4190.7292,3.5692,1.0,4.41,2.59,TARGET,2026-07-05 22:30:00,2026-07-05 22:26:00,2026-07-05 22:27:00,4,39,99,1.0,1.0,20,required,closed_all,1.8,0.8
BUY,4128.89,4125.17725,4131.17477,4131.17477,2.28477,0.61538,6.43,2.32,TARGET,2026-07-02 21:13:00,2026-07-02 21:09:00,2026-07-02 21:10:00,8,21,78,1.3,0.8,20,warning_only,closed_all,1.2,1.2
BUY,4187.79,4182.50396,4191.04295,4191.04295,3.25295,0.61538,3.52,0.85,TARGET,2026-07-05 22:15:00,2026-07-05 22:13:00,2026-07-05 22:14:00,8,21,78,1.3,0.8,20,warning_only,closed_all,1.2,1.2
BUY,4185.64,4180.92712,4188.54024,4188.54024,2.90024,0.61538,4.02,1.32,TARGET,2026-07-05 22:28:00,2026-07-05 22:25:00,2026-07-05 22:26:00,8,21,78,1.3,0.8,20,warning_only,closed_all,1.2,1.2
BUY,4187.16,4182.52004,4190.01536,4190.01536,2.85536,0.61538,4.41,2.59,TARGET,2026-07-05 22:30:00,2026-07-05 22:26:00,2026-07-05 22:27:00,8,21,78,1.3,0.8,20,warning_only,closed_all,1.2,1.2
BUY,4188.14,4183.49996,4190.99541,4190.99541,2.85541,0.61538,3.43,2.27,TARGET,2026-07-05 22:30:00,2026-07-05 22:27:00,2026-07-05 22:28:00,8,21,78,1.3,0.8,20,warning_only,closed_all,1.2,1.2
BUY,4155.65,4153.83257,4156.76842,4153.83257,-1.81743,-1.0,0.55,1.93,STOP,2026-07-06 09:00:00,2026-07-06 08:59:00,2026-07-06 09:00:00,8,21,78,1.3,0.8,20,warning_only,closed_all,1.2,1.2
BUY,4161.96,4160.63471,4162.77557,4162.77557,0.81557,0.61538,1.28,0.57,TARGET,2026-07-06 16:29:00,2026-07-06 16:23:00,2026-07-06 16:24:00,8,21,78,1.3,0.8,20,warning_only,closed_all,1.2,1.2
BUY,4108.98,4105.54559,4111.09348,4111.09348,2.11348,0.61538,3.24,0.87,TARGET,2026-07-07 23:06:00,2026-07-07 23:05:00,2026-07-07 23:06:00,8,21,78,1.3,0.8,20,warning_only,closed_all,1.2,1.2
BUY,4126.3,4124.06279,4127.67674,4127.67674,1.37674,0.61538,1.85,1.93,TARGET,2026-07-08 01:32:00,2026-07-08 01:27:00,2026-07-08 01:28:00,8,21,78,1.3,0.8,20,warning_only,closed_all,1.2,1.2
BUY,4126.29,4124.1744,4127.59191,4127.59191,1.30191,0.61538,1.86,1.92,TARGET,2026-07-08 01:32:00,2026-07-08 01:29:00,2026-07-08 01:30:00,8,21,78,1.3,0.8,20,warning_only,closed_all,1.2,1.2
BUY,4128.76,4126.2922,4130.27865,4126.2922,-2.4678,-1.0,0.21,5.07,STOP,2026-07-08 02:21:00,2026-07-08 02:18:00,2026-07-08 02:19:00,8,21,78,1.3,0.8,20,warning_only,closed_all,1.2,1.2
BUY,4128.26,4125.5145,4129.94954,4129.94954,1.68954,0.61538,1.9,1.34,TARGET,2026-07-08 02:38:00,2026-07-08 02:37:00,2026-07-08 02:38:00,8,21,78,1.3,0.8,20,warning_only,closed_all,1.2,1.2
BUY,4128.92,4126.04666,4130.68821,4130.68821,1.76821,0.61538,2.16,0.64,TARGET,2026-07-08 02:42:00,2026-07-08 02:40:00,2026-07-08 02:41:00,8,21,78,1.3,0.8,20,warning_only,closed_all,1.2,1.2
BUY,4078.04,4072.85794,4081.22896,4072.85794,-5.18206,-1.0,2.16,7.75,STOP,2026-07-08 10:42:00,2026-07-08 10:36:00,2026-07-08 10:37:00,8,21,78,1.3,0.8,20,warning_only,closed_all,1.2,1.2
BUY,4185.64,4180.92712,4189.26529,4189.26529,3.62529,0.76923,4.02,1.32,TARGET,2026-07-05 22:28:00,2026-07-05 22:25:00,2026-07-05 22:26:00,7,33,61,1.3,1.0,5,required,closed_all,0.8,0.8
BUY,4187.16,4182.52004,4190.7292,4190.7292,3.5692,0.76923,4.41,2.59,TARGET,2026-07-05 22:30:00,2026-07-05 22:26:00,2026-07-05 22:27:00,7,33,61,1.3,1.0,5,required,closed_all,0.8,0.8
BUY,4126.3,4124.06279,4128.02093,4128.02093,1.72093,0.76923,1.85,1.93,TARGET,2026-07-08 01:32:00,2026-07-08 01:27:00,2026-07-08 01:28:00,7,33,61,1.3,1.0,5,required,closed_all,0.8,0.8
BUY,4185.64,4182.01471,4190.35288,4190.35288,4.71288,1.3,5.93,1.32,TARGET,2026-07-05 22:30:00,2026-07-05 22:25:00,2026-07-05 22:26:00,7,34,60,1.0,1.3,10,required,closed_all,0.8,1.2
BUY,4187.16,4183.5908,4191.79996,4191.79996,4.63996,1.3,7.22,2.59,TARGET,2026-07-05 22:32:00,2026-07-05 22:26:00,2026-07-05 22:27:00,7,34,60,1.0,1.3,10,required,closed_all,0.8,1.2
BUY,4126.3,4124.57907,4128.53721,4124.57907,-1.72093,-1.0,0.82,1.93,STOP,2026-07-08 01:30:00,2026-07-08 01:27:00,2026-07-08 01:28:00,7,34,60,1.0,1.3,10,required,closed_all,0.8,1.2
BUY,4129.73,4127.57404,4132.53275,4127.57404,-2.15596,-1.0,1.89,2.62,STOP,2026-07-08 02:47:00,2026-07-08 02:41:00,2026-07-08 02:42:00,7,34,60,1.0,1.3,10,required,closed_all,0.8,1.2
BUY,4129.43,4126.51881,4132.34119,4126.51881,-2.91119,-1.0,1.25,3.19,STOP,2026-07-02 20:52:00,2026-07-02 20:47:00,2026-07-02 20:48:00,3,27,62,1.3,1.3,30,required,closed_all,1.8,2.0
BUY,4130.59,4127.73539,4133.44461,4127.73539,-2.85461,-1.0,0.09,3.38,STOP,2026-07-02 20:51:00,2026-07-02 20:48:00,2026-07-02 20:49:00,3,27,62,1.3,1.3,30,required,closed_all,1.8,2.0
BUY,4130.63,4127.79172,4133.46828,4127.79172,-2.83828,-1.0,0.05,3.42,STOP,2026-07-02 20:51:00,2026-07-02 20:49:00,2026-07-02 20:50:00,3,27,62,1.3,1.3,30,required,closed_all,1.8,2.0
BUY,4128.6,4125.63586,4131.56414,4131.56414,2.96414,1.0,3.12,1.59,TARGET,2026-07-02 20:56:00,2026-07-02 20:54:00,2026-07-02 20:55:00,3,27,62,1.3,1.3,30,required,closed_all,1.8,2.0
BUY,4131.32,4127.66886,4134.97114,4127.66886,-3.65114,-1.0,1.38,3.98,STOP,2026-07-02 21:06:00,2026-07-02 21:03:00,2026-07-02 21:04:00,3,27,62,1.3,1.3,30,required,closed_all,1.8,2.0
BUY,4134.23,4130.44953,4138.01047,4138.01047,3.78047,1.0,4.27,1.31,TARGET,2026-07-02 21:22:00,2026-07-02 21:17:00,2026-07-02 21:18:00,3,27,62,1.3,1.3,30,required,closed_all,1.8,2.0
BUY,4135.16,4131.44156,4138.87844,4138.87844,3.71844,1.0,5.73,1.83,TARGET,2026-07-02 21:23:00,2026-07-02 21:18:00,2026-07-02 21:19:00,3,27,62,1.3,1.3,30,required,closed_all,1.8,2.0
BUY,4181.49,4178.89004,4184.08996,4184.08996,2.59996,1.0,3.98,2.25,TARGET,2026-07-02 23:38:00,2026-07-02 23:31:00,2026-07-02 23:32:00,3,27,62,1.3,1.3,30,required,closed_all,1.8,2.0
BUY,4181.41,4178.79438,4184.02562,4184.02562,2.61562,1.0,4.06,2.17,TARGET,2026-07-02 23:38:00,2026-07-02 23:33:00,2026-07-02 23:34:00,3,27,62,1.3,1.3,30,required,closed_all,1.8,2.0
BUY,4183.93,4181.15769,4186.70231,4181.15769,-2.77231,-1.0,0.2,4.01,STOP,2026-07-02 23:46:00,2026-07-02 23:44:00,2026-07-02 23:45:00,3,27,62,1.3,1.3,30,required,closed_all,1.8,2.0
BUY,4183.58,4180.91919,4186.24081,4186.24081,2.66081,1.0,3.02,1.32,TARGET,2026-07-02 23:57:00,2026-07-02 23:52:00,2026-07-02 23:53:00,3,27,62,1.3,1.3,30,required,closed_all,1.8,2.0
BUY,4183.17,4180.85399,4185.48601,4180.85399,-2.31601,-1.0,0.61,3.12,STOP,2026-07-03 00:21:00,2026-07-03 00:13:00,2026-07-03 00:14:00,3,27,62,1.3,1.3,30,required,closed_all,1.8,2.0
BUY,4183.04,4181.02669,4185.05331,4181.02669,-2.01331,-1.0,0.02,2.42,STOP,2026-07-03 00:35:00,2026-07-03 00:33:00,2026-07-03 00:34:00,3,27,62,1.3,1.3,30,required,closed_all,1.8,2.0
BUY,4173.66,4171.19287,4176.12713,4171.19287,-2.46713,-1.0,0.72,2.87,STOP,2026-07-03 03:56:00,2026-07-03 03:49:00,2026-07-03 03:50:00,3,27,62,1.3,1.3,30,required,closed_all,1.8,2.0
BUY,4173.47,4171.09479,4175.84521,4171.09479,-2.37521,-1.0,0.91,2.68,STOP,2026-07-03 03:56:00,2026-07-03 03:52:00,2026-07-03 03:53:00,3,27,62,1.3,1.3,30,required,closed_all,1.8,2.0
BUY,4174.16,4171.85013,4176.46987,4171.85013,-2.30987,-1.0,0.02,2.71,STOP,2026-07-03 04:00:00,2026-07-03 03:58:00,2026-07-03 03:59:00,3,27,62,1.3,1.3,30,required,closed_all,1.8,2.0
BUY,4173.66,4171.16097,4176.15903,4176.15903,2.49903,1.0,3.09,0.53,TARGET,2026-07-03 04:05:00,2026-07-03 04:03:00,2026-07-03 04:04:00,3,27,62,1.3,1.3,30,required,closed_all,1.8,2.0
BUY,4174.9,4172.41512,4177.38488,4177.38488,2.48488,1.0,3.26,0.44,TARGET,2026-07-03 04:06:00,2026-07-03 04:04:00,2026-07-03 04:05:00,3,27,62,1.3,1.3,30,required,closed_all,1.8,2.0
BUY,4174.42,4172.07312,4176.76688,4176.76688,2.34688,1.0,2.59,1.85,TARGET,2026-07-03 04:30:00,2026-07-03 04:25:00,2026-07-03 04:26:00,3,27,62,1.3,1.3,30,required,closed_all,1.8,2.0
BUY,4175.29,4173.04139,4177.53861,4177.53861,2.24861,1.0,2.93,1.62,TARGET,2026-07-03 04:34:00,2026-07-03 04:29:00,2026-07-03 04:30:00,3,27,62,1.3,1.3,30,required,closed_all,1.8,2.0
BUY,4175.84,4173.47057,4178.20943,4178.20943,2.36943,1.0,2.38,0.95,TARGET,2026-07-03 04:34:00,2026-07-03 04:32:00,2026-07-03 04:33:00,3,27,62,1.3,1.3,30,required,closed_all,1.8,2.0
BUY,4175.91,4173.6151,4178.2049,4178.2049,2.2949,1.0,2.31,0.27,TARGET,2026-07-03 04:34:00,2026-07-03 04:33:00,2026-07-03 04:34:00,3,27,62,1.3,1.3,30,required,closed_all,1.8,2.0
BUY,4183.96,4181.74462,4186.17538,4186.17538,2.21538,1.0,2.57,1.24,TARGET,2026-07-03 05:34:00,2026-07-03 05:32:00,2026-07-03 05:33:00,3,27,62,1.3,1.3,30,required,closed_all,1.8,2.0
BUY,4184.16,4181.92447,4186.39553,4181.92447,-2.23553,-1.0,1.11,3.83,STOP,2026-07-03 05:46:00,2026-07-03 05:44:00,2026-07-03 05:45:00,3,27,62,1.3,1.3,30,required,closed_all,1.8,2.0
BUY,4178.03,4176.57002,4179.48998,4179.48998,1.45998,1.0,1.51,1.36,TARGET,2026-07-03 08:06:00,2026-07-03 08:03:00,2026-07-03 08:04:00,3,27,62,1.3,1.3,30,required,closed_all,1.8,2.0
BUY,4179.44,4177.91046,4180.96954,4177.91046,-1.52954,-1.0,0.1,2.02,STOP,2026-07-03 08:07:00,2026-07-03 08:05:00,2026-07-03 08:06:00,3,27,62,1.3,1.3,30,required,closed_all,1.8,2.0
BUY,4179.31,4175.99248,4182.62752,4182.62752,3.31752,1.0,3.73,0.32,TARGET,2026-07-05 19:25:00,2026-07-05 19:20:00,2026-07-05 19:21:00,3,27,62,1.3,1.3,30,required,closed_all,1.8,2.0
BUY,4189.53,4187.34463,4191.71537,4191.71537,2.18537,1.0,12.37,0.37,TARGET,2026-07-05 20:28:00,2026-07-05 20:20:00,2026-07-05 20:21:00,3,27,62,1.3,1.3,30,required,closed_all,1.8,2.0
BUY,4185.71,4180.6443,4190.7757,4190.7757,5.0657,1.0,5.35,1.46,TARGET,2026-07-05 22:03:00,2026-07-05 22:02:00,2026-07-05 22:03:00,3,27,62,1.3,1.3,30,required,closed_all,1.8,2.0
BUY,4191.06,4185.72378,4196.39622,4185.72378,-5.33622,-1.0,1.75,8.47,STOP,2026-07-05 22:05:00,2026-07-05 22:03:00,2026-07-05 22:04:00,3,27,62,1.3,1.3,30,required,closed_all,1.8,2.0
BUY,4187.79,4182.50396,4193.07604,4182.50396,-5.28604,-1.0,4.99,6.3,STOP,2026-07-05 22:22:00,2026-07-05 22:13:00,2026-07-05 22:14:00,3,27,62,1.3,1.3,30,required,closed_all,1.8,2.0
BUY,4189.3,4184.17239,4194.42761,4184.17239,-5.12761,-1.0,3.48,6.09,STOP,2026-07-05 22:21:00,2026-07-05 22:14:00,2026-07-05 22:15:00,3,27,62,1.3,1.3,30,required,closed_all,1.8,2.0
BUY,4191.31,4186.27193,4196.34807,4186.27193,-5.03807,-1.0,1.47,5.52,STOP,2026-07-05 22:17:00,2026-07-05 22:15:00,2026-07-05 22:16:00,3,27,62,1.3,1.3,30,required,closed_all,1.8,2.0
BUY,4188.85,4183.88722,4193.81278,4183.88722,-4.96278,-1.0,1.62,5.64,STOP,2026-07-05 22:21:00,2026-07-05 22:19:00,2026-07-05 22:20:00,3,27,62,1.3,1.3,30,required,closed_all,1.8,2.0
BUY,4187.16,4182.52004,4191.79996,4191.79996,4.63996,1.0,7.22,2.59,TARGET,2026-07-05 22:32:00,2026-07-05 22:26:00,2026-07-05 22:27:00,3,27,62,1.3,1.3,30,required,closed_all,1.8,2.0
BUY,4188.14,4183.49996,4192.78004,4192.78004,4.64004,1.0,6.24,2.27,TARGET,2026-07-05 22:32:00,2026-07-05 22:27:00,2026-07-05 22:28:00,3,27,62,1.3,1.3,30,required,closed_all,1.8,2.0
BUY,4189.71,4185.14465,4194.27535,4194.27535,4.56535,1.0,4.67,2.34,TARGET,2026-07-05 22:32:00,2026-07-05 22:29:00,2026-07-05 22:30:00,3,27,62,1.3,1.3,30,required,closed_all,1.8,2.0
BUY,4190.51,4185.96533,4195.05467,4195.05467,4.54467,1.0,7.26,1.33,TARGET,2026-07-05 22:34:00,2026-07-05 22:31:00,2026-07-05 22:32:00,3,27,62,1.3,1.3,30,required,closed_all,1.8,2.0
BUY,4162.39,4161.14208,4163.63792,4161.14208,-1.24792,-1.0,0.85,2.28,STOP,2026-07-06 16:35:00,2026-07-06 16:26:00,2026-07-06 16:27:00,3,27,62,1.3,1.3,30,required,closed_all,1.8,2.0
BUY,4162.71,4161.45411,4163.96589,4161.45411,-1.25589,-1.0,0.53,1.37,STOP,2026-07-06 16:31:00,2026-07-06 16:28:00,2026-07-06 16:29:00,3,27,62,1.3,1.3,30,required,closed_all,1.8,2.0
BUY,4163.8,4162.23497,4165.36503,4162.23497,-1.56503,-1.0,0.7,1.76,STOP,2026-07-06 17:05:00,2026-07-06 16:59:00,2026-07-06 17:00:00,3,27,62,1.3,1.3,30,required,closed_all,1.8,2.0
BUY,4162.96,4162.08751,4163.83249,4163.83249,0.87249,1.0,1.44,0.59,TARGET,2026-07-06 17:33:00,2026-07-06 17:28:00,2026-07-06 17:29:00,3,27,62,1.3,1.3,30,required,closed_all,1.8,2.0
BUY,4163.33,4162.55829,4164.10171,4164.10171,0.77171,1.0,0.82,0.2,TARGET,2026-07-06 17:51:00,2026-07-06 17:47:00,2026-07-06 17:48:00,3,27,62,1.3,1.3,30,required,closed_all,1.8,2.0
BUY,4163.87,4163.11455,4164.62545,4164.62545,0.75545,1.0,0.8,0.38,TARGET,2026-07-06 17:53:00,2026-07-06 17:50:00,2026-07-06 17:51:00,3,27,62,1.3,1.3,30,required,closed_all,1.8,2.0
BUY,4166.32,4165.04409,4167.59591,4165.04409,-1.27591,-1.0,0.81,1.45,STOP,2026-07-06 19:25:00,2026-07-06 19:14:00,2026-07-06 19:15:00,3,27,62,1.3,1.3,30,required,closed_all,1.8,2.0
BUY,4166.33,4165.46171,4167.19829,4167.19829,0.86829,1.0,1.17,0.3,TARGET,2026-07-06 19:32:00,2026-07-06 19:30:00,2026-07-06 19:31:00,3,27,62,1.3,1.3,30,required,closed_all,1.8,2.0
BUY,4136.65,4134.77898,4138.52102,4138.52102,1.87102,1.0,5.41,1.32,TARGET,2026-07-07 08:18:00,2026-07-07 08:16:00,2026-07-07 08:17:00,3,27,62,1.3,1.3,30,required,closed_all,1.8,2.0
BUY,4136.9,4135.01684,4138.78316,4138.78316,1.88316,1.0,5.16,0.04,TARGET,2026-07-07 08:18:00,2026-07-07 08:17:00,2026-07-07 08:18:00,3,27,62,1.3,1.3,30,required,closed_all,1.8,2.0
BUY,4170.2,4166.1539,4174.2461,4166.1539,-4.0461,-1.0,2.2,4.81,STOP,2026-07-07 10:24:00,2026-07-07 10:16:00,2026-07-07 10:17:00,3,27,62,1.3,1.3,30,required,closed_all,1.8,2.0
BUY,4171.65,4167.95686,4175.34314,4175.34314,3.69314,1.0,8.17,0.53,TARGET,2026-07-07 10:36:00,2026-07-07 10:35:00,2026-07-07 10:36:00,3,27,62,1.3,1.3,30,required,closed_all,1.8,2.0
BUY,4126.98,4124.59829,4129.36171,4124.59829,-2.38171,-1.0,0.19,2.61,STOP,2026-07-08 01:30:00,2026-07-08 01:25:00,2026-07-08 01:26:00,3,27,62,1.3,1.3,30,required,closed_all,1.8,2.0
BUY,4127.05,4125.02828,4129.07172,4125.02828,-2.02172,-1.0,0.35,2.05,STOP,2026-07-08 02:03:00,2026-07-08 02:00:00,2026-07-08 02:01:00,3,27,62,1.3,1.3,30,required,closed_all,1.8,2.0
BUY,4127.94,4125.93693,4129.94307,4129.94307,2.00307,1.0,2.66,0.18,TARGET,2026-07-08 02:05:00,2026-07-08 02:04:00,2026-07-08 02:05:00,3,27,62,1.3,1.3,30,required,closed_all,1.8,2.0
BUY,4128.92,4126.04666,4131.79334,4126.04666,-2.87334,-1.0,2.7,3.37,STOP,2026-07-08 02:48:00,2026-07-08 02:40:00,2026-07-08 02:41:00,3,27,62,1.3,1.3,30,required,closed_all,1.8,2.0
BUY,4129.73,4126.92725,4132.53275,4126.92725,-2.80275,-1.0,1.89,4.18,STOP,2026-07-08 02:48:00,2026-07-08 02:41:00,2026-07-08 02:42:00,3,27,62,1.3,1.3,30,required,closed_all,1.8,2.0
BUY,4128.02,4125.56569,4130.47431,4125.56569,-2.45431,-1.0,1.17,3.48,STOP,2026-07-08 03:02:00,2026-07-08 02:56:00,2026-07-08 02:57:00,3,27,62,1.3,1.3,30,required,closed_all,1.8,2.0
BUY,4130.85,4128.19845,4133.50155,4133.50155,2.65155,1.0,2.66,0.99,TARGET,2026-07-08 03:24:00,2026-07-08 03:21:00,2026-07-08 03:22:00,3,27,62,1.3,1.3,30,required,closed_all,1.8,2.0
BUY,4131.4,4128.85172,4133.94828,4128.85172,-2.54828,-1.0,2.11,3.59,STOP,2026-07-08 03:30:00,2026-07-08 03:23:00,2026-07-08 03:24:00,3,27,62,1.3,1.3,30,required,closed_all,1.8,2.0
BUY,4187.16,4183.5908,4190.01536,4190.01536,2.85536,0.8,4.41,2.59,TARGET,2026-07-05 22:30:00,2026-07-05 22:26:00,2026-07-05 22:27:00,4,27,98,1.0,0.8,15,required,closed_all,0.8,1.2
BUY,4128.89,4125.17725,4131.17477,4131.17477,2.28477,0.61538,6.43,2.32,TARGET,2026-07-02 21:13:00,2026-07-02 21:09:00,2026-07-02 21:10:00,7,39,92,1.3,0.8,20,warning_only,closed_all,1.8,0.8
BUY,4185.64,4180.92712,4188.54024,4188.54024,2.90024,0.61538,4.02,1.32,TARGET,2026-07-05 22:28:00,2026-07-05 22:25:00,2026-07-05 22:26:00,7,39,92,1.3,0.8,20,warning_only,closed_all,1.8,0.8
BUY,4187.16,4182.52004,4190.01536,4190.01536,2.85536,0.61538,4.41,2.59,TARGET,2026-07-05 22:30:00,2026-07-05 22:26:00,2026-07-05 22:27:00,7,39,92,1.3,0.8,20,warning_only,closed_all,1.8,0.8
BUY,4108.98,4105.54559,4111.09348,4111.09348,2.11348,0.61538,3.24,0.87,TARGET,2026-07-07 23:06:00,2026-07-07 23:05:00,2026-07-07 23:06:00,7,39,92,1.3,0.8,20,warning_only,closed_all,1.8,0.8
BUY,4127.19,4124.39931,4128.90735,4128.90735,1.71735,0.61538,2.97,0.59,TARGET,2026-07-08 02:38:00,2026-07-08 02:36:00,2026-07-08 02:37:00,7,39,92,1.3,0.8,20,warning_only,closed_all,1.8,0.8
BUY,4128.26,4125.5145,4129.94954,4129.94954,1.68954,0.61538,1.9,1.34,TARGET,2026-07-08 02:38:00,2026-07-08 02:37:00,2026-07-08 02:38:00,7,39,92,1.3,0.8,20,warning_only,closed_all,1.8,0.8
BUY,4128.6,4126.31989,4130.88011,4130.88011,2.28011,1.0,3.12,1.59,TARGET,2026-07-02 20:56:00,2026-07-02 20:54:00,2026-07-02 20:55:00,3,24,62,1.0,1.0,30,warning_only,closed_all,1.8,1.2
BUY,4183.17,4181.38846,4184.95154,4181.38846,-1.78154,-1.0,0.61,1.8,STOP,2026-07-03 00:16:00,2026-07-03 00:13:00,2026-07-03 00:14:00,3,24,62,1.0,1.0,30,warning_only,closed_all,1.8,1.2
BUY,4183.04,4181.4913,4184.5887,4181.4913,-1.5487,-1.0,0.02,1.65,STOP,2026-07-03 00:34:00,2026-07-03 00:33:00,2026-07-03 00:34:00,3,24,62,1.0,1.0,30,warning_only,closed_all,1.8,1.2
BUY,4174.42,4172.61471,4176.22529,4172.61471,-1.80529,-1.0,0.11,1.85,STOP,2026-07-03 04:27:00,2026-07-03 04:25:00,2026-07-03 04:26:00,3,24,62,1.0,1.0,30,warning_only,closed_all,1.8,1.2
BUY,4177.27,4176.10663,4178.43337,4176.10663,-1.16337,-1.0,0.65,1.82,STOP,2026-07-03 08:00:00,2026-07-03 07:56:00,2026-07-03 07:57:00,3,24,62,1.0,1.0,30,warning_only,closed_all,1.8,1.2
BUY,4187.16,4183.5908,4190.7292,4190.7292,3.5692,1.0,4.41,2.59,TARGET,2026-07-05 22:30:00,2026-07-05 22:26:00,2026-07-05 22:27:00,3,24,62,1.0,1.0,30,warning_only,closed_all,1.8,1.2
BUY,4188.14,4184.57074,4191.70926,4191.70926,3.56926,1.0,6.24,2.27,TARGET,2026-07-05 22:32:00,2026-07-05 22:27:00,2026-07-05 22:28:00,3,24,62,1.0,1.0,30,warning_only,closed_all,1.8,1.2
BUY,4155.65,4154.25198,4157.04802,4154.25198,-1.39802,-1.0,0.55,1.93,STOP,2026-07-06 09:00:00,2026-07-06 08:59:00,2026-07-06 09:00:00,3,24,62,1.0,1.0,30,warning_only,closed_all,1.8,1.2
BUY,4162.39,4161.43006,4163.34994,4161.43006,-0.95994,-1.0,0.85,1.05,STOP,2026-07-06 16:31:00,2026-07-06 16:26:00,2026-07-06 16:27:00,3,24,62,1.0,1.0,30,warning_only,closed_all,1.8,1.2
BUY,4162.71,4161.74393,4163.67607,4161.74393,-0.96607,-1.0,0.53,1.14,STOP,2026-07-06 16:30:00,2026-07-06 16:28:00,2026-07-06 16:29:00,3,24,62,1.0,1.0,30,warning_only,closed_all,1.8,1.2
BUY,4130.22,4128.40904,4132.03096,4132.03096,1.81096,1.0,1.88,0.77,TARGET,2026-07-07 06:56:00,2026-07-07 06:54:00,2026-07-07 06:55:00,3,24,62,1.0,1.0,30,warning_only,closed_all,1.8,1.2
BUY,4130.25,4128.51125,4131.98875,4131.98875,1.73875,1.0,1.85,0.58,TARGET,2026-07-07 06:56:00,2026-07-07 06:55:00,2026-07-07 06:56:00,3,24,62,1.0,1.0,30,warning_only,closed_all,1.8,1.2
BUY,4135.55,4134.30123,4136.79877,4134.30123,-1.24877,-1.0,0.36,2.0,STOP,2026-07-07 08:00:00,2026-07-07 07:59:00,2026-07-07 08:00:00,3,24,62,1.0,1.0,30,warning_only,closed_all,1.8,1.2
BUY,4108.98,4106.33815,4111.62185,4111.62185,2.64185,1.0,3.24,0.87,TARGET,2026-07-07 23:06:00,2026-07-07 23:05:00,2026-07-07 23:06:00,3,24,62,1.0,1.0,30,warning_only,closed_all,1.8,1.2
BUY,4112.22,4109.47328,4114.96672,4114.96672,2.74672,1.0,3.13,2.12,TARGET,2026-07-07 23:07:00,2026-07-07 23:06:00,2026-07-07 23:07:00,3,24,62,1.0,1.0,30,warning_only,closed_all,1.8,1.2
BUY,4126.98,4125.14792,4128.81208,4125.14792,-1.83208,-1.0,0.19,2.61,STOP,2026-07-08 01:30:00,2026-07-08 01:25:00,2026-07-08 01:26:00,3,24,62,1.0,1.0,30,warning_only,closed_all,1.8,1.2
BUY,4126.21,4124.65154,4127.76846,4127.76846,1.55846,1.0,1.73,1.52,TARGET,2026-07-08 02:04:00,2026-07-08 01:56:00,2026-07-08 01:57:00,3,24,62,1.0,1.0,30,warning_only,closed_all,1.8,1.2
BUY,4127.05,4125.49483,4128.60517,4125.49483,-1.55517,-1.0,0.35,2.05,STOP,2026-07-08 02:03:00,2026-07-08 02:00:00,2026-07-08 02:01:00,3,24,62,1.0,1.0,30,warning_only,closed_all,1.8,1.2
BUY,4128.76,4126.86169,4130.65831,4126.86169,-1.89831,-1.0,0.21,2.44,STOP,2026-07-08 02:20:00,2026-07-08 02:18:00,2026-07-08 02:19:00,3,24,62,1.0,1.0,30,warning_only,closed_all,1.8,1.2
BUY,4128.92,4126.70974,4131.13026,4131.13026,2.21026,1.0,2.7,0.64,TARGET,2026-07-08 02:43:00,2026-07-08 02:40:00,2026-07-08 02:41:00,3,24,62,1.0,1.0,30,warning_only,closed_all,1.8,1.2
BUY,4129.73,4127.57404,4131.88596,4127.57404,-2.15596,-1.0,1.89,2.62,STOP,2026-07-08 02:47:00,2026-07-08 02:41:00,2026-07-08 02:42:00,3,24,62,1.0,1.0,30,warning_only,closed_all,1.8,1.2
BUY,4128.02,4126.13207,4129.90793,4126.13207,-1.88793,-1.0,1.17,3.48,STOP,2026-07-08 03:02:00,2026-07-08 02:56:00,2026-07-08 02:57:00,3,24,62,1.0,1.0,30,warning_only,closed_all,1.8,1.2
BUY,4078.04,4074.0538,4082.0262,4074.0538,-3.9862,-1.0,2.16,7.75,STOP,2026-07-08 10:42:00,2026-07-08 10:36:00,2026-07-08 10:37:00,3,24,62,1.0,1.0,30,warning_only,closed_all,1.8,1.2
BUY,4128.89,4125.17725,4132.60275,4132.60275,3.71275,1.0,6.43,2.32,TARGET,2026-07-02 21:13:00,2026-07-02 21:09:00,2026-07-02 21:10:00,7,37,87,1.3,1.3,30,required,closed_all,1.2,1.2
BUY,4173.66,4171.16097,4176.15903,4176.15903,2.49903,1.0,3.09,0.53,TARGET,2026-07-03 04:05:00,2026-07-03 04:03:00,2026-07-03 04:04:00,7,37,87,1.3,1.3,30,required,closed_all,1.2,1.2
BUY,4187.79,4182.50396,4193.07604,4182.50396,-5.28604,-1.0,4.99,6.3,STOP,2026-07-05 22:22:00,2026-07-05 22:13:00,2026-07-05 22:14:00,7,37,87,1.3,1.3,30,required,closed_all,1.2,1.2
BUY,4185.64,4180.92712,4190.35288,4190.35288,4.71288,1.0,5.93,1.32,TARGET,2026-07-05 22:30:00,2026-07-05 22:25:00,2026-07-05 22:26:00,7,37,87,1.3,1.3,30,required,closed_all,1.2,1.2
BUY,4187.16,4182.52004,4191.79996,4191.79996,4.63996,1.0,7.22,2.59,TARGET,2026-07-05 22:32:00,2026-07-05 22:26:00,2026-07-05 22:27:00,7,37,87,1.3,1.3,30,required,closed_all,1.2,1.2
BUY,4188.14,4183.49996,4192.78004,4192.78004,4.64004,1.0,6.24,2.27,TARGET,2026-07-05 22:32:00,2026-07-05 22:27:00,2026-07-05 22:28:00,7,37,87,1.3,1.3,30,required,closed_all,1.2,1.2
BUY,4127.19,4124.39931,4129.98069,4129.98069,2.79069,1.0,2.97,0.59,TARGET,2026-07-08 02:38:00,2026-07-08 02:36:00,2026-07-08 02:37:00,7,37,87,1.3,1.3,30,required,closed_all,1.2,1.2
BUY,4128.26,4125.5145,4131.0055,4131.0055,2.7455,1.0,2.82,1.7,TARGET,2026-07-08 02:42:00,2026-07-08 02:37:00,2026-07-08 02:38:00,7,37,87,1.3,1.3,30,required,closed_all,1.2,1.2
BUY,4185.64,4180.92712,4189.26529,4189.26529,3.62529,0.76923,4.02,1.32,TARGET,2026-07-05 22:28:00,2026-07-05 22:25:00,2026-07-05 22:26:00,4,38,94,1.3,1.0,5,warning_only,closed_all,1.8,0.8
BUY,4187.16,4182.52004,4190.7292,4190.7292,3.5692,0.76923,4.41,2.59,TARGET,2026-07-05 22:30:00,2026-07-05 22:26:00,2026-07-05 22:27:00,4,38,94,1.3,1.0,5,warning_only,closed_all,1.8,0.8
BUY,4108.98,4105.54559,4111.62185,4111.62185,2.64185,0.76923,3.24,0.87,TARGET,2026-07-07 23:06:00,2026-07-07 23:05:00,2026-07-07 23:06:00,4,38,94,1.3,1.0,5,warning_only,closed_all,1.8,0.8
BUY,4127.19,4124.39931,4129.33668,4129.33668,2.14668,0.76923,2.97,0.59,TARGET,2026-07-08 02:38:00,2026-07-08 02:36:00,2026-07-08 02:37:00,4,38,94,1.3,1.0,5,warning_only,closed_all,1.8,0.8
BUY,4128.26,4125.5145,4130.37192,4130.37192,2.11192,0.76923,2.82,1.7,TARGET,2026-07-08 02:42:00,2026-07-08 02:37:00,2026-07-08 02:38:00,4,38,94,1.3,1.0,5,warning_only,closed_all,1.8,0.8
BUY,4128.02,4125.56569,4129.90793,4128.18,0.16,0.06519,1.17,1.59,TIME_EXIT,2026-07-08 03:01:00,2026-07-08 02:56:00,2026-07-08 02:57:00,4,38,94,1.3,1.0,5,warning_only,closed_all,1.8,0.8
BUY,4187.16,4183.5908,4191.79996,4191.79996,4.63996,1.3,7.22,2.59,TARGET,2026-07-05 22:32:00,2026-07-05 22:26:00,2026-07-05 22:27:00,5,28,87,1.0,1.3,20,required,closed_all,1.2,0.8
BUY,4127.19,4125.04332,4129.98069,4129.98069,2.79069,1.3,2.97,0.59,TARGET,2026-07-08 02:38:00,2026-07-08 02:36:00,2026-07-08 02:37:00,5,28,87,1.0,1.3,20,required,closed_all,1.2,0.8
BUY,4128.26,4126.14808,4131.0055,4131.0055,2.7455,1.3,2.82,1.7,TARGET,2026-07-08 02:42:00,2026-07-08 02:37:00,2026-07-08 02:38:00,5,28,87,1.0,1.3,20,required,closed_all,1.2,0.8
BUY,4134.23,4130.44953,4136.55645,4136.55645,2.32645,0.61538,2.45,1.31,TARGET,2026-07-02 21:20:00,2026-07-02 21:17:00,2026-07-02 21:18:00,4,32,93,1.3,0.8,20,required,closed_all,0.8,2.0
BUY,4175.29,4173.04139,4176.67376,4176.67376,1.38376,0.61538,1.72,0.34,TARGET,2026-07-03 04:30:00,2026-07-03 04:29:00,2026-07-03 04:30:00,4,32,93,1.3,0.8,20,required,closed_all,0.8,2.0
BUY,4175.91,4173.6151,4177.32224,4177.32224,1.41224,0.61538,2.31,0.27,TARGET,2026-07-03 04:34:00,2026-07-03 04:33:00,2026-07-03 04:34:00,4,32,93,1.3,0.8,20,required,closed_all,0.8,2.0
BUY,4179.44,4177.91046,4180.38126,4177.91046,-1.52954,-1.0,0.1,2.02,STOP,2026-07-03 08:07:00,2026-07-03 08:05:00,2026-07-03 08:06:00,4,32,93,1.3,0.8,20,required,closed_all,0.8,2.0
BUY,4189.3,4184.17239,4192.45545,4192.45545,3.15545,0.61538,3.48,0.97,TARGET,2026-07-05 22:16:00,2026-07-05 22:14:00,2026-07-05 22:15:00,4,32,93,1.3,0.8,20,required,closed_all,0.8,2.0
BUY,4191.31,4186.27193,4194.41035,4186.27193,-5.03807,-1.0,1.47,5.52,STOP,2026-07-05 22:17:00,2026-07-05 22:15:00,2026-07-05 22:16:00,4,32,93,1.3,0.8,20,required,closed_all,0.8,2.0
BUY,4185.64,4180.92712,4188.54024,4188.54024,2.90024,0.61538,4.02,1.32,TARGET,2026-07-05 22:28:00,2026-07-05 22:25:00,2026-07-05 22:26:00,4,32,93,1.3,0.8,20,required,closed_all,0.8,2.0
BUY,4187.16,4182.52004,4190.01536,4190.01536,2.85536,0.61538,4.41,2.59,TARGET,2026-07-05 22:30:00,2026-07-05 22:26:00,2026-07-05 22:27:00,4,32,93,1.3,0.8,20,required,closed_all,0.8,2.0
BUY,4189.71,4185.14465,4192.51945,4192.51945,2.80945,0.61538,4.67,2.34,TARGET,2026-07-05 22:32:00,2026-07-05 22:29:00,2026-07-05 22:30:00,4,32,93,1.3,0.8,20,required,closed_all,0.8,2.0
BUY,4190.51,4185.96533,4193.30672,4193.30672,2.79672,0.61538,3.87,1.33,TARGET,2026-07-05 22:32:00,2026-07-05 22:31:00,2026-07-05 22:32:00,4,32,93,1.3,0.8,20,required,closed_all,0.8,2.0
BUY,4162.57,4161.39869,4163.2908,4163.2908,0.7208,0.61538,1.19,0.62,TARGET,2026-07-06 16:49:00,2026-07-06 16:46:00,2026-07-06 16:47:00,4,32,93,1.3,0.8,20,required,closed_all,0.8,2.0
BUY,4162.96,4162.08751,4163.49692,4163.49692,0.53692,0.61538,1.44,0.59,TARGET,2026-07-06 17:33:00,2026-07-06 17:28:00,2026-07-06 17:29:00,4,32,93,1.3,0.8,20,required,closed_all,0.8,2.0
BUY,4163.33,4162.55829,4163.8049,4163.8049,0.4749,0.61538,0.54,0.2,TARGET,2026-07-06 17:50:00,2026-07-06 17:47:00,2026-07-06 17:48:00,4,32,93,1.3,0.8,20,required,closed_all,0.8,2.0
BUY,4127.19,4124.39931,4128.90735,4128.90735,1.71735,0.61538,2.97,0.59,TARGET,2026-07-08 02:38:00,2026-07-08 02:36:00,2026-07-08 02:37:00,4,32,93,1.3,0.8,20,required,closed_all,0.8,2.0
BUY,4128.26,4125.5145,4129.94954,4129.94954,1.68954,0.61538,1.9,1.34,TARGET,2026-07-08 02:38:00,2026-07-08 02:37:00,2026-07-08 02:38:00,4,32,93,1.3,0.8,20,required,closed_all,0.8,2.0
BUY,4129.73,4126.92725,4131.45477,4131.45477,1.72477,0.61538,1.89,1.18,TARGET,2026-07-08 02:43:00,2026-07-08 02:41:00,2026-07-08 02:42:00,4,32,93,1.3,0.8,20,required,closed_all,0.8,2.0
BUY,4130.85,4128.19845,4132.48172,4132.48172,1.63172,0.61538,2.66,0.99,TARGET,2026-07-08 03:24:00,2026-07-08 03:21:00,2026-07-08 03:22:00,4,32,93,1.3,0.8,20,required,closed_all,0.8,2.0
BUY,4187.16,4181.44928,4190.01536,4190.01536,2.85536,0.5,4.41,2.59,TARGET,2026-07-05 22:30:00,2026-07-05 22:26:00,2026-07-05 22:27:00,3,28,74,1.6,0.8,20,required,closed_all,0.8,1.2
BUY,4128.26,4124.88093,4129.94954,4129.94954,1.68954,0.5,1.9,1.34,TARGET,2026-07-08 02:38:00,2026-07-08 02:37:00,2026-07-08 02:38:00,3,28,74,1.6,0.8,20,required,closed_all,0.8,1.2
BUY,4128.02,4124.99931,4129.53035,4124.99931,-3.02069,-1.0,1.17,3.48,STOP,2026-07-08 03:02:00,2026-07-08 02:56:00,2026-07-08 02:57:00,3,28,74,1.6,0.8,20,required,closed_all,0.8,1.2
BUY,4187.16,4182.52004,4190.7292,4190.7292,3.5692,0.76923,4.41,2.59,TARGET,2026-07-05 22:30:00,2026-07-05 22:26:00,2026-07-05 22:27:00,4,25,86,1.3,1.0,15,warning_only,closed_all,0.8,1.2
BUY,4108.98,4105.54559,4111.62185,4111.62185,2.64185,0.76923,3.24,0.87,TARGET,2026-07-07 23:06:00,2026-07-07 23:05:00,2026-07-07 23:06:00,4,25,86,1.3,1.0,15,warning_only,closed_all,0.8,1.2
BUY,4126.3,4124.06279,4128.02093,4128.02093,1.72093,0.76923,1.85,1.93,TARGET,2026-07-08 01:32:00,2026-07-08 01:27:00,2026-07-08 01:28:00,4,25,86,1.3,1.0,15,warning_only,closed_all,0.8,1.2
BUY,4127.19,4124.39931,4129.33668,4129.33668,2.14668,0.76923,2.97,0.59,TARGET,2026-07-08 02:38:00,2026-07-08 02:36:00,2026-07-08 02:37:00,4,25,86,1.3,1.0,15,warning_only,closed_all,0.8,1.2
BUY,4128.26,4125.5145,4130.37192,4130.37192,2.11192,0.76923,2.82,1.7,TARGET,2026-07-08 02:42:00,2026-07-08 02:37:00,2026-07-08 02:38:00,4,25,86,1.3,1.0,15,warning_only,closed_all,0.8,1.2
BUY,4129.43,4126.51881,4131.2215,4126.51881,-2.91119,-1.0,1.25,3.19,STOP,2026-07-02 20:52:00,2026-07-02 20:47:00,2026-07-02 20:48:00,8,30,73,1.3,0.8,10,required,closed_all,0.8,2.0
BUY,4130.59,4127.73539,4132.34668,4127.73539,-2.85461,-1.0,0.09,3.38,STOP,2026-07-02 20:51:00,2026-07-02 20:48:00,2026-07-02 20:49:00,8,30,73,1.3,0.8,10,required,closed_all,0.8,2.0
BUY,4134.23,4130.44953,4136.55645,4136.55645,2.32645,0.61538,2.45,1.31,TARGET,2026-07-02 21:20:00,2026-07-02 21:17:00,2026-07-02 21:18:00,8,30,73,1.3,0.8,10,required,closed_all,0.8,2.0
BUY,4135.16,4131.44156,4137.44827,4137.44827,2.28827,0.61538,2.61,1.83,TARGET,2026-07-02 21:21:00,2026-07-02 21:18:00,2026-07-02 21:19:00,8,30,73,1.3,0.8,10,required,closed_all,0.8,2.0
BUY,4175.29,4173.04139,4176.67376,4176.67376,1.38376,0.61538,1.72,0.34,TARGET,2026-07-03 04:30:00,2026-07-03 04:29:00,2026-07-03 04:30:00,8,30,73,1.3,0.8,10,required,closed_all,0.8,2.0
BUY,4175.91,4173.6151,4177.32224,4177.32224,1.41224,0.61538,2.31,0.27,TARGET,2026-07-03 04:34:00,2026-07-03 04:33:00,2026-07-03 04:34:00,8,30,73,1.3,0.8,10,required,closed_all,0.8,2.0
BUY,4179.44,4177.91046,4180.38126,4177.91046,-1.52954,-1.0,0.1,2.02,STOP,2026-07-03 08:07:00,2026-07-03 08:05:00,2026-07-03 08:06:00,8,30,73,1.3,0.8,10,required,closed_all,0.8,2.0
BUY,4189.3,4184.17239,4192.45545,4192.45545,3.15545,0.61538,3.48,0.97,TARGET,2026-07-05 22:16:00,2026-07-05 22:14:00,2026-07-05 22:15:00,8,30,73,1.3,0.8,10,required,closed_all,0.8,2.0
BUY,4191.31,4186.27193,4194.41035,4186.27193,-5.03807,-1.0,1.47,5.52,STOP,2026-07-05 22:17:00,2026-07-05 22:15:00,2026-07-05 22:16:00,8,30,73,1.3,0.8,10,required,closed_all,0.8,2.0
BUY,4185.64,4180.92712,4188.54024,4188.54024,2.90024,0.61538,4.02,1.32,TARGET,2026-07-05 22:28:00,2026-07-05 22:25:00,2026-07-05 22:26:00,8,30,73,1.3,0.8,10,required,closed_all,0.8,2.0
BUY,4187.16,4182.52004,4190.01536,4190.01536,2.85536,0.61538,4.41,2.59,TARGET,2026-07-05 22:30:00,2026-07-05 22:26:00,2026-07-05 22:27:00,8,30,73,1.3,0.8,10,required,closed_all,0.8,2.0
BUY,4189.71,4185.14465,4192.51945,4192.51945,2.80945,0.61538,4.67,2.34,TARGET,2026-07-05 22:32:00,2026-07-05 22:29:00,2026-07-05 22:30:00,8,30,73,1.3,0.8,10,required,closed_all,0.8,2.0
BUY,4190.51,4185.96533,4193.30672,4193.30672,2.79672,0.61538,3.87,1.33,TARGET,2026-07-05 22:32:00,2026-07-05 22:31:00,2026-07-05 22:32:00,8,30,73,1.3,0.8,10,required,closed_all,0.8,2.0
BUY,4162.57,4161.39869,4163.2908,4163.2908,0.7208,0.61538,1.19,0.62,TARGET,2026-07-06 16:49:00,2026-07-06 16:46:00,2026-07-06 16:47:00,8,30,73,1.3,0.8,10,required,closed_all,0.8,2.0
BUY,4162.96,4162.08751,4163.49692,4163.49692,0.53692,0.61538,1.44,0.59,TARGET,2026-07-06 17:33:00,2026-07-06 17:28:00,2026-07-06 17:29:00,8,30,73,1.3,0.8,10,required,closed_all,0.8,2.0
BUY,4170.2,4166.1539,4172.68991,4166.1539,-4.0461,-1.0,2.2,4.81,STOP,2026-07-07 10:24:00,2026-07-07 10:16:00,2026-07-07 10:17:00,8,30,73,1.3,0.8,10,required,closed_all,0.8,2.0
BUY,4126.3,4124.06279,4127.67674,4127.67674,1.37674,0.61538,1.85,1.93,TARGET,2026-07-08 01:32:00,2026-07-08 01:27:00,2026-07-08 01:28:00,8,30,73,1.3,0.8,10,required,closed_all,0.8,2.0
BUY,4126.29,4124.1744,4127.59191,4127.59191,1.30191,0.61538,1.86,1.92,TARGET,2026-07-08 01:32:00,2026-07-08 01:29:00,2026-07-08 01:30:00,8,30,73,1.3,0.8,10,required,closed_all,0.8,2.0
BUY,4127.19,4124.39931,4128.90735,4128.90735,1.71735,0.61538,2.97,0.59,TARGET,2026-07-08 02:38:00,2026-07-08 02:36:00,2026-07-08 02:37:00,8,30,73,1.3,0.8,10,required,closed_all,0.8,2.0
BUY,4128.26,4125.5145,4129.94954,4129.94954,1.68954,0.61538,1.9,1.34,TARGET,2026-07-08 02:38:00,2026-07-08 02:37:00,2026-07-08 02:38:00,8,30,73,1.3,0.8,10,required,closed_all,0.8,2.0
BUY,4129.73,4126.92725,4131.45477,4131.45477,1.72477,0.61538,1.89,1.18,TARGET,2026-07-08 02:43:00,2026-07-08 02:41:00,2026-07-08 02:42:00,8,30,73,1.3,0.8,10,required,closed_all,0.8,2.0
BUY,4130.85,4128.19845,4132.48172,4132.48172,1.63172,0.61538,2.66,0.99,TARGET,2026-07-08 03:24:00,2026-07-08 03:21:00,2026-07-08 03:22:00,8,30,73,1.3,0.8,10,required,closed_all,0.8,2.0
BUY,4128.6,4125.63586,4130.88011,4130.88011,2.28011,0.76923,3.12,1.59,TARGET,2026-07-02 20:56:00,2026-07-02 20:54:00,2026-07-02 20:55:00,8,34,63,1.3,1.0,20,warning_only,closed_all,1.8,0.8
BUY,4128.89,4125.17725,4131.74596,4131.74596,2.85596,0.76923,6.43,2.32,TARGET,2026-07-02 21:13:00,2026-07-02 21:09:00,2026-07-02 21:10:00,8,34,63,1.3,1.0,20,warning_only,closed_all,1.8,0.8
BUY,4185.64,4180.92712,4189.26529,4189.26529,3.62529,0.76923,4.02,1.32,TARGET,2026-07-05 22:28:00,2026-07-05 22:25:00,2026-07-05 22:26:00,8,34,63,1.3,1.0,20,warning_only,closed_all,1.8,0.8
BUY,4187.16,4182.52004,4190.7292,4190.7292,3.5692,0.76923,4.41,2.59,TARGET,2026-07-05 22:30:00,2026-07-05 22:26:00,2026-07-05 22:27:00,8,34,63,1.3,1.0,20,warning_only,closed_all,1.8,0.8
BUY,4145.52,4143.5653,4147.02362,4147.02362,1.50362,0.76923,2.1,0.37,TARGET,2026-07-06 13:31:00,2026-07-06 13:29:00,2026-07-06 13:30:00,8,34,63,1.3,1.0,20,warning_only,closed_all,1.8,0.8
BUY,4108.98,4105.54559,4111.62185,4111.62185,2.64185,0.76923,3.24,0.87,TARGET,2026-07-07 23:06:00,2026-07-07 23:05:00,2026-07-07 23:06:00,8,34,63,1.3,1.0,20,warning_only,closed_all,1.8,0.8
BUY,4126.3,4124.06279,4128.02093,4128.02093,1.72093,0.76923,1.85,1.93,TARGET,2026-07-08 01:32:00,2026-07-08 01:27:00,2026-07-08 01:28:00,8,34,63,1.3,1.0,20,warning_only,closed_all,1.8,0.8
BUY,4126.29,4124.1744,4127.91738,4127.91738,1.62738,0.76923,1.86,1.92,TARGET,2026-07-08 01:32:00,2026-07-08 01:29:00,2026-07-08 01:30:00,8,34,63,1.3,1.0,20,warning_only,closed_all,1.8,0.8
BUY,4128.26,4125.5145,4130.37192,4130.37192,2.11192,0.76923,2.82,1.7,TARGET,2026-07-08 02:42:00,2026-07-08 02:37:00,2026-07-08 02:38:00,8,34,63,1.3,1.0,20,warning_only,closed_all,1.8,0.8
BUY,4078.04,4072.85794,4082.0262,4072.85794,-5.18206,-1.0,2.16,7.75,STOP,2026-07-08 10:42:00,2026-07-08 10:36:00,2026-07-08 10:37:00,8,34,63,1.3,1.0,20,warning_only,closed_all,1.8,0.8
BUY,4185.64,4179.83953,4190.35288,4190.35288,4.71288,0.8125,5.93,1.32,TARGET,2026-07-05 22:30:00,2026-07-05 22:25:00,2026-07-05 22:26:00,6,28,85,1.6,1.3,15,warning_only,closed_all,0.8,0.8
BUY,4187.16,4181.44928,4191.79996,4191.79996,4.63996,0.8125,7.22,2.59,TARGET,2026-07-05 22:32:00,2026-07-05 22:26:00,2026-07-05 22:27:00,6,28,85,1.6,1.3,15,warning_only,closed_all,0.8,0.8
BUY,4108.98,4104.75303,4112.41441,4112.41441,3.43441,0.8125,6.37,0.87,TARGET,2026-07-07 23:07:00,2026-07-07 23:05:00,2026-07-07 23:06:00,6,28,85,1.6,1.3,15,warning_only,closed_all,0.8,0.8
BUY,4127.19,4123.75531,4129.98069,4129.98069,2.79069,0.8125,2.97,0.59,TARGET,2026-07-08 02:38:00,2026-07-08 02:36:00,2026-07-08 02:37:00,6,28,85,1.6,1.3,15,warning_only,closed_all,0.8,0.8
BUY,4128.26,4124.88093,4131.0055,4131.0055,2.7455,0.8125,2.82,1.7,TARGET,2026-07-08 02:42:00,2026-07-08 02:37:00,2026-07-08 02:38:00,6,28,85,1.6,1.3,15,warning_only,closed_all,0.8,0.8
BUY,4131.32,4126.82628,4134.97114,4126.82628,-4.49372,-1.0,1.38,6.03,STOP,2026-07-02 21:07:00,2026-07-02 21:03:00,2026-07-02 21:04:00,8,25,87,1.6,1.3,20,required,closed_all,1.8,2.0
BUY,4128.89,4124.32046,4132.60275,4132.60275,3.71275,0.8125,6.43,2.32,TARGET,2026-07-02 21:13:00,2026-07-02 21:09:00,2026-07-02 21:10:00,8,25,87,1.6,1.3,20,required,closed_all,1.8,2.0
BUY,4134.23,4129.57711,4138.01047,4138.01047,3.78047,0.8125,4.27,1.31,TARGET,2026-07-02 21:22:00,2026-07-02 21:17:00,2026-07-02 21:18:00,8,25,87,1.6,1.3,20,required,closed_all,1.8,2.0
BUY,4180.51,4178.41182,4182.21477,4178.41182,-2.09818,-1.0,0.56,2.42,STOP,2026-07-03 02:10:00,2026-07-03 02:06:00,2026-07-03 02:07:00,8,25,87,1.6,1.3,20,required,closed_all,1.8,2.0
BUY,4174.16,4171.31709,4176.46987,4171.31709,-2.84291,-1.0,0.02,3.12,STOP,2026-07-03 04:01:00,2026-07-03 03:58:00,2026-07-03 03:59:00,8,25,87,1.6,1.3,20,required,closed_all,1.8,2.0
BUY,4173.66,4170.58427,4176.15903,4176.15903,2.49903,0.8125,3.09,0.53,TARGET,2026-07-03 04:05:00,2026-07-03 04:03:00,2026-07-03 04:04:00,8,25,87,1.6,1.3,20,required,closed_all,1.8,2.0
BUY,4174.9,4171.84168,4177.38488,4177.38488,2.48488,0.8125,3.26,0.44,TARGET,2026-07-03 04:06:00,2026-07-03 04:04:00,2026-07-03 04:05:00,8,25,87,1.6,1.3,20,required,closed_all,1.8,2.0
BUY,4175.29,4172.52248,4177.53861,4177.53861,2.24861,0.8125,2.93,1.62,TARGET,2026-07-03 04:34:00,2026-07-03 04:29:00,2026-07-03 04:30:00,8,25,87,1.6,1.3,20,required,closed_all,1.8,2.0
BUY,4175.84,4172.92378,4178.20943,4178.20943,2.36943,0.8125,2.38,0.95,TARGET,2026-07-03 04:34:00,2026-07-03 04:32:00,2026-07-03 04:33:00,8,25,87,1.6,1.3,20,required,closed_all,1.8,2.0
BUY,4175.91,4173.08551,4178.2049,4178.2049,2.2949,0.8125,2.31,0.27,TARGET,2026-07-03 04:34:00,2026-07-03 04:33:00,2026-07-03 04:34:00,8,25,87,1.6,1.3,20,required,closed_all,1.8,2.0
BUY,4179.44,4177.55749,4180.96954,4177.55749,-1.88251,-1.0,0.1,2.02,STOP,2026-07-03 08:07:00,2026-07-03 08:05:00,2026-07-03 08:06:00,8,25,87,1.6,1.3,20,required,closed_all,1.8,2.0
BUY,4191.06,4184.49234,4196.39622,4184.49234,-6.56766,-1.0,1.75,8.47,STOP,2026-07-05 22:05:00,2026-07-05 22:03:00,2026-07-05 22:04:00,8,25,87,1.6,1.3,20,required,closed_all,1.8,2.0
BUY,4187.79,4181.2841,4193.07604,4181.2841,-6.5059,-1.0,4.99,7.24,STOP,2026-07-05 22:23:00,2026-07-05 22:13:00,2026-07-05 22:14:00,8,25,87,1.6,1.3,20,required,closed_all,1.8,2.0
BUY,4189.3,4182.98909,4194.42761,4182.98909,-6.31091,-1.0,3.48,7.81,STOP,2026-07-05 22:22:00,2026-07-05 22:14:00,2026-07-05 22:15:00,8,25,87,1.6,1.3,20,required,closed_all,1.8,2.0
BUY,4191.31,4185.1093,4196.34807,4185.1093,-6.2007,-1.0,1.47,7.09,STOP,2026-07-05 22:18:00,2026-07-05 22:15:00,2026-07-05 22:16:00,8,25,87,1.6,1.3,20,required,closed_all,1.8,2.0
BUY,4188.85,4182.74196,4193.81278,4182.74196,-6.10804,-1.0,1.62,7.36,STOP,2026-07-05 22:22:00,2026-07-05 22:19:00,2026-07-05 22:20:00,8,25,87,1.6,1.3,20,required,closed_all,1.8,2.0
BUY,4185.64,4179.83953,4190.35288,4190.35288,4.71288,0.8125,5.93,1.32,TARGET,2026-07-05 22:30:00,2026-07-05 22:25:00,2026-07-05 22:26:00,8,25,87,1.6,1.3,20,required,closed_all,1.8,2.0
BUY,4187.16,4181.44928,4191.79996,4191.79996,4.63996,0.8125,7.22,2.59,TARGET,2026-07-05 22:32:00,2026-07-05 22:26:00,2026-07-05 22:27:00,8,25,87,1.6,1.3,20,required,closed_all,1.8,2.0
BUY,4188.14,4182.42919,4192.78004,4192.78004,4.64004,0.8125,6.24,2.27,TARGET,2026-07-05 22:32:00,2026-07-05 22:27:00,2026-07-05 22:28:00,8,25,87,1.6,1.3,20,required,closed_all,1.8,2.0
BUY,4189.71,4184.0911,4194.27535,4194.27535,4.56535,0.8125,4.67,2.34,TARGET,2026-07-05 22:32:00,2026-07-05 22:29:00,2026-07-05 22:30:00,8,25,87,1.6,1.3,20,required,closed_all,1.8,2.0
BUY,4190.51,4184.91656,4195.05467,4195.05467,4.54467,0.8125,7.26,1.33,TARGET,2026-07-05 22:34:00,2026-07-05 22:31:00,2026-07-05 22:32:00,8,25,87,1.6,1.3,20,required,closed_all,1.8,2.0
BUY,4162.39,4160.8541,4163.63792,4160.8541,-1.5359,-1.0,0.85,2.28,STOP,2026-07-06 16:35:00,2026-07-06 16:26:00,2026-07-06 16:27:00,8,25,87,1.6,1.3,20,required,closed_all,1.8,2.0
BUY,4162.71,4161.16429,4163.96589,4161.16429,-1.54571,-1.0,0.53,2.6,STOP,2026-07-06 16:35:00,2026-07-06 16:28:00,2026-07-06 16:29:00,8,25,87,1.6,1.3,20,required,closed_all,1.8,2.0
BUY,4162.71,4161.09041,4164.02591,4161.09041,-1.61959,-1.0,0.25,2.6,STOP,2026-07-06 16:35:00,2026-07-06 16:31:00,2026-07-06 16:32:00,8,25,87,1.6,1.3,20,required,closed_all,1.8,2.0
BUY,4162.57,4161.12839,4163.74131,4163.74131,1.17131,0.8125,1.19,0.62,TARGET,2026-07-06 16:49:00,2026-07-06 16:46:00,2026-07-06 16:47:00,8,25,87,1.6,1.3,20,required,closed_all,1.8,2.0
BUY,4163.8,4161.87381,4165.36503,4161.87381,-1.92619,-1.0,0.7,2.22,STOP,2026-07-06 17:06:00,2026-07-06 16:59:00,2026-07-06 17:00:00,8,25,87,1.6,1.3,20,required,closed_all,1.8,2.0
BUY,4162.75,4161.60761,4163.67819,4163.67819,0.92819,0.8125,1.65,0.38,TARGET,2026-07-06 17:33:00,2026-07-06 17:26:00,2026-07-06 17:27:00,8,25,87,1.6,1.3,20,required,closed_all,1.8,2.0
BUY,4162.96,4161.88617,4163.83249,4163.83249,0.87249,0.8125,1.44,0.59,TARGET,2026-07-06 17:33:00,2026-07-06 17:28:00,2026-07-06 17:29:00,8,25,87,1.6,1.3,20,required,closed_all,1.8,2.0
BUY,4127.19,4123.75531,4129.98069,4129.98069,2.79069,0.8125,2.97,0.59,TARGET,2026-07-08 02:38:00,2026-07-08 02:36:00,2026-07-08 02:37:00,8,25,87,1.6,1.3,20,required,closed_all,1.8,2.0
BUY,4128.26,4124.88093,4131.0055,4131.0055,2.7455,0.8125,2.82,1.7,TARGET,2026-07-08 02:42:00,2026-07-08 02:37:00,2026-07-08 02:38:00,8,25,87,1.6,1.3,20,required,closed_all,1.8,2.0
BUY,4128.92,4125.38358,4131.79334,4125.38358,-3.53642,-1.0,2.7,3.9,STOP,2026-07-08 02:49:00,2026-07-08 02:40:00,2026-07-08 02:41:00,8,25,87,1.6,1.3,20,required,closed_all,1.8,2.0
BUY,4129.73,4126.28046,4132.53275,4126.28046,-3.44954,-1.0,1.89,4.18,STOP,2026-07-08 02:48:00,2026-07-08 02:41:00,2026-07-08 02:42:00,8,25,87,1.6,1.3,20,required,closed_all,1.8,2.0
BUY,4130.36,4127.004,4133.08675,4133.08675,2.72675,0.8125,3.15,1.73,TARGET,2026-07-08 03:24:00,2026-07-08 03:13:00,2026-07-08 03:14:00,8,25,87,1.6,1.3,20,required,closed_all,1.8,2.0
BUY,4130.85,4127.58655,4133.50155,4133.50155,2.65155,0.8125,2.66,0.99,TARGET,2026-07-08 03:24:00,2026-07-08 03:21:00,2026-07-08 03:22:00,8,25,87,1.6,1.3,20,required,closed_all,1.8,2.0
BUY,4134.23,4130.44953,4137.13806,4137.13806,2.90806,0.76923,3.54,1.31,TARGET,2026-07-02 21:21:00,2026-07-02 21:17:00,2026-07-02 21:18:00,7,26,87,1.3,1.0,10,required,closed_all,0.8,2.0
BUY,4175.29,4173.04139,4177.0197,4177.0197,1.7297,0.76923,2.93,1.62,TARGET,2026-07-03 04:34:00,2026-07-03 04:29:00,2026-07-03 04:30:00,7,26,87,1.3,1.0,10,required,closed_all,0.8,2.0
BUY,4175.91,4173.6151,4177.6753,4177.6753,1.7653,0.76923,2.31,0.27,TARGET,2026-07-03 04:34:00,2026-07-03 04:33:00,2026-07-03 04:34:00,7,26,87,1.3,1.0,10,required,closed_all,0.8,2.0
BUY,4179.44,4177.91046,4180.61657,4177.91046,-1.52954,-1.0,0.1,2.02,STOP,2026-07-03 08:07:00,2026-07-03 08:05:00,2026-07-03 08:06:00,7,26,87,1.3,1.0,10,required,closed_all,0.8,2.0
BUY,4189.3,4184.17239,4193.24432,4184.17239,-5.12761,-1.0,3.48,6.09,STOP,2026-07-05 22:21:00,2026-07-05 22:14:00,2026-07-05 22:15:00,7,26,87,1.3,1.0,10,required,closed_all,0.8,2.0
BUY,4191.31,4186.27193,4195.18544,4186.27193,-5.03807,-1.0,1.47,5.52,STOP,2026-07-05 22:17:00,2026-07-05 22:15:00,2026-07-05 22:16:00,7,26,87,1.3,1.0,10,required,closed_all,0.8,2.0
BUY,4185.64,4180.92712,4189.26529,4189.26529,3.62529,0.76923,4.02,1.32,TARGET,2026-07-05 22:28:00,2026-07-05 22:25:00,2026-07-05 22:26:00,7,26,87,1.3,1.0,10,required,closed_all,0.8,2.0
BUY,4187.16,4182.52004,4190.7292,4190.7292,3.5692,0.76923,4.41,2.59,TARGET,2026-07-05 22:30:00,2026-07-05 22:26:00,2026-07-05 22:27:00,7,26,87,1.3,1.0,10,required,closed_all,0.8,2.0
BUY,4189.71,4185.14465,4193.22181,4193.22181,3.51181,0.76923,4.67,2.34,TARGET,2026-07-05 22:32:00,2026-07-05 22:29:00,2026-07-05 22:30:00,7,26,87,1.3,1.0,10,required,closed_all,0.8,2.0
BUY,4190.51,4185.96533,4194.0059,4194.0059,3.4959,0.76923,3.87,1.33,TARGET,2026-07-05 22:32:00,2026-07-05 22:31:00,2026-07-05 22:32:00,7,26,87,1.3,1.0,10,required,closed_all,0.8,2.0
BUY,4162.57,4161.39869,4163.471,4163.471,0.901,0.76923,1.19,0.62,TARGET,2026-07-06 16:49:00,2026-07-06 16:46:00,2026-07-06 16:47:00,7,26,87,1.3,1.0,10,required,closed_all,0.8,2.0
BUY,4162.96,4162.08751,4163.63115,4163.63115,0.67115,0.76923,1.44,0.59,TARGET,2026-07-06 17:33:00,2026-07-06 17:28:00,2026-07-06 17:29:00,7,26,87,1.3,1.0,10,required,closed_all,0.8,2.0
BUY,4163.33,4162.55829,4163.92363,4163.92363,0.59363,0.76923,0.82,0.2,TARGET,2026-07-06 17:51:00,2026-07-06 17:47:00,2026-07-06 17:48:00,7,26,87,1.3,1.0,10,required,closed_all,0.8,2.0
BUY,4127.19,4124.39931,4129.33668,4129.33668,2.14668,0.76923,2.97,0.59,TARGET,2026-07-08 02:38:00,2026-07-08 02:36:00,2026-07-08 02:37:00,7,26,87,1.3,1.0,10,required,closed_all,0.8,2.0
BUY,4128.26,4125.5145,4130.37192,4130.37192,2.11192,0.76923,2.82,1.7,TARGET,2026-07-08 02:42:00,2026-07-08 02:37:00,2026-07-08 02:38:00,7,26,87,1.3,1.0,10,required,closed_all,0.8,2.0
BUY,4129.73,4126.92725,4131.88596,4126.92725,-2.80275,-1.0,1.89,4.18,STOP,2026-07-08 02:48:00,2026-07-08 02:41:00,2026-07-08 02:42:00,7,26,87,1.3,1.0,10,required,closed_all,0.8,2.0
BUY,4130.85,4128.19845,4132.88966,4132.88966,2.03966,0.76923,2.66,0.99,TARGET,2026-07-08 03:24:00,2026-07-08 03:21:00,2026-07-08 03:22:00,7,26,87,1.3,1.0,10,required,closed_all,0.8,2.0
BUY,4174.42,4172.07312,4176.22529,4176.22529,1.80529,0.76923,2.59,1.85,TARGET,2026-07-03 04:30:00,2026-07-03 04:25:00,2026-07-03 04:26:00,4,38,90,1.3,1.0,5,required,closed_all,1.2,1.2
BUY,4185.64,4180.92712,4189.26529,4189.26529,3.62529,0.76923,4.02,1.32,TARGET,2026-07-05 22:28:00,2026-07-05 22:25:00,2026-07-05 22:26:00,4,38,90,1.3,1.0,5,required,closed_all,1.2,1.2
BUY,4187.16,4182.52004,4190.7292,4190.7292,3.5692,0.76923,4.41,2.59,TARGET,2026-07-05 22:30:00,2026-07-05 22:26:00,2026-07-05 22:27:00,4,38,90,1.3,1.0,5,required,closed_all,1.2,1.2
BUY,4188.14,4183.49996,4191.70926,4191.70926,3.56926,0.76923,6.24,2.27,TARGET,2026-07-05 22:32:00,2026-07-05 22:27:00,2026-07-05 22:28:00,4,38,90,1.3,1.0,5,required,closed_all,1.2,1.2
BUY,4161.96,4160.63471,4162.97946,4162.46,0.5,0.37727,0.75,0.57,TIME_EXIT,2026-07-06 16:28:00,2026-07-06 16:23:00,2026-07-06 16:24:00,4,38,90,1.3,1.0,5,required,closed_all,1.2,1.2
BUY,4127.19,4124.39931,4129.33668,4129.33668,2.14668,0.76923,2.97,0.59,TARGET,2026-07-08 02:38:00,2026-07-08 02:36:00,2026-07-08 02:37:00,4,38,90,1.3,1.0,5,required,closed_all,1.2,1.2
BUY,4128.26,4125.5145,4130.37192,4130.37192,2.11192,0.76923,2.82,1.7,TARGET,2026-07-08 02:42:00,2026-07-08 02:37:00,2026-07-08 02:38:00,4,38,90,1.3,1.0,5,required,closed_all,1.2,1.2
BUY,4187.16,4183.5908,4190.01536,4190.01536,2.85536,0.8,4.41,2.59,TARGET,2026-07-05 22:30:00,2026-07-05 22:26:00,2026-07-05 22:27:00,4,25,95,1.0,0.8,5,warning_only,closed_all,0.8,1.2
BUY,4146.33,4144.97936,4147.41051,4147.41051,1.08051,0.8,1.33,0.35,TARGET,2026-07-07 14:43:00,2026-07-07 14:40:00,2026-07-07 14:41:00,4,25,95,1.0,0.8,5,warning_only,closed_all,0.8,1.2
BUY,4108.98,4106.33815,4111.09348,4111.09348,2.11348,0.8,3.24,0.87,TARGET,2026-07-07 23:06:00,2026-07-07 23:05:00,2026-07-07 23:06:00,4,25,95,1.0,0.8,5,warning_only,closed_all,0.8,1.2
BUY,4127.19,4125.04332,4128.90735,4128.90735,1.71735,0.8,2.97,0.59,TARGET,2026-07-08 02:38:00,2026-07-08 02:36:00,2026-07-08 02:37:00,4,25,95,1.0,0.8,5,warning_only,closed_all,0.8,1.2
BUY,4128.26,4126.14808,4129.94954,4129.94954,1.68954,0.8,1.9,1.34,TARGET,2026-07-08 02:38:00,2026-07-08 02:37:00,2026-07-08 02:38:00,4,25,95,1.0,0.8,5,warning_only,closed_all,0.8,1.2
BUY,4128.89,4124.32046,4132.60275,4132.60275,3.71275,0.8125,6.43,2.32,TARGET,2026-07-02 21:13:00,2026-07-02 21:09:00,2026-07-02 21:10:00,6,39,91,1.6,1.3,20,required,closed_all,1.2,2.0
BUY,4134.23,4129.57711,4138.01047,4138.01047,3.78047,0.8125,4.27,1.31,TARGET,2026-07-02 21:22:00,2026-07-02 21:17:00,2026-07-02 21:18:00,6,39,91,1.6,1.3,20,required,closed_all,1.2,2.0
BUY,4175.29,4172.52248,4177.53861,4177.53861,2.24861,0.8125,2.93,1.62,TARGET,2026-07-03 04:34:00,2026-07-03 04:29:00,2026-07-03 04:30:00,6,39,91,1.6,1.3,20,required,closed_all,1.2,2.0
BUY,4175.84,4172.92378,4178.20943,4178.20943,2.36943,0.8125,2.38,0.95,TARGET,2026-07-03 04:34:00,2026-07-03 04:32:00,2026-07-03 04:33:00,6,39,91,1.6,1.3,20,required,closed_all,1.2,2.0
BUY,4175.91,4173.08551,4178.2049,4178.2049,2.2949,0.8125,2.31,0.27,TARGET,2026-07-03 04:34:00,2026-07-03 04:33:00,2026-07-03 04:34:00,6,39,91,1.6,1.3,20,required,closed_all,1.2,2.0
BUY,4183.57,4180.7977,4185.82249,4180.7977,-2.7723,-1.0,1.7,3.24,STOP,2026-07-03 05:46:00,2026-07-03 05:43:00,2026-07-03 05:44:00,6,39,91,1.6,1.3,20,required,closed_all,1.2,2.0
BUY,4179.44,4177.55749,4180.96954,4177.55749,-1.88251,-1.0,0.1,2.02,STOP,2026-07-03 08:07:00,2026-07-03 08:05:00,2026-07-03 08:06:00,6,39,91,1.6,1.3,20,required,closed_all,1.2,2.0
BUY,4189.3,4182.98909,4194.42761,4182.98909,-6.31091,-1.0,3.48,7.81,STOP,2026-07-05 22:22:00,2026-07-05 22:14:00,2026-07-05 22:15:00,6,39,91,1.6,1.3,20,required,closed_all,1.2,2.0
BUY,4191.31,4185.1093,4196.34807,4185.1093,-6.2007,-1.0,1.47,7.09,STOP,2026-07-05 22:18:00,2026-07-05 22:15:00,2026-07-05 22:16:00,6,39,91,1.6,1.3,20,required,closed_all,1.2,2.0
BUY,4188.85,4182.74196,4193.81278,4182.74196,-6.10804,-1.0,1.62,7.36,STOP,2026-07-05 22:22:00,2026-07-05 22:19:00,2026-07-05 22:20:00,6,39,91,1.6,1.3,20,required,closed_all,1.2,2.0
BUY,4185.64,4179.83953,4190.35288,4190.35288,4.71288,0.8125,5.93,1.32,TARGET,2026-07-05 22:30:00,2026-07-05 22:25:00,2026-07-05 22:26:00,6,39,91,1.6,1.3,20,required,closed_all,1.2,2.0
BUY,4187.16,4181.44928,4191.79996,4191.79996,4.63996,0.8125,7.22,2.59,TARGET,2026-07-05 22:32:00,2026-07-05 22:26:00,2026-07-05 22:27:00,6,39,91,1.6,1.3,20,required,closed_all,1.2,2.0
BUY,4188.14,4182.42919,4192.78004,4192.78004,4.64004,0.8125,6.24,2.27,TARGET,2026-07-05 22:32:00,2026-07-05 22:27:00,2026-07-05 22:28:00,6,39,91,1.6,1.3,20,required,closed_all,1.2,2.0
BUY,4189.71,4184.0911,4194.27535,4194.27535,4.56535,0.8125,4.67,2.34,TARGET,2026-07-05 22:32:00,2026-07-05 22:29:00,2026-07-05 22:30:00,6,39,91,1.6,1.3,20,required,closed_all,1.2,2.0
BUY,4190.51,4184.91656,4195.05467,4195.05467,4.54467,0.8125,7.26,1.33,TARGET,2026-07-05 22:34:00,2026-07-05 22:31:00,2026-07-05 22:32:00,6,39,91,1.6,1.3,20,required,closed_all,1.2,2.0
BUY,4162.39,4160.8541,4163.63792,4160.8541,-1.5359,-1.0,0.85,2.28,STOP,2026-07-06 16:35:00,2026-07-06 16:26:00,2026-07-06 16:27:00,6,39,91,1.6,1.3,20,required,closed_all,1.2,2.0
BUY,4162.71,4161.16429,4163.96589,4161.16429,-1.54571,-1.0,0.53,2.6,STOP,2026-07-06 16:35:00,2026-07-06 16:28:00,2026-07-06 16:29:00,6,39,91,1.6,1.3,20,required,closed_all,1.2,2.0
BUY,4162.57,4161.12839,4163.74131,4163.74131,1.17131,0.8125,1.19,0.62,TARGET,2026-07-06 16:49:00,2026-07-06 16:46:00,2026-07-06 16:47:00,6,39,91,1.6,1.3,20,required,closed_all,1.2,2.0
BUY,4162.75,4161.60761,4163.67819,4163.67819,0.92819,0.8125,1.65,0.38,TARGET,2026-07-06 17:33:00,2026-07-06 17:26:00,2026-07-06 17:27:00,6,39,91,1.6,1.3,20,required,closed_all,1.2,2.0
BUY,4162.96,4161.88617,4163.83249,4163.83249,0.87249,0.8125,1.44,0.59,TARGET,2026-07-06 17:33:00,2026-07-06 17:28:00,2026-07-06 17:29:00,6,39,91,1.6,1.3,20,required,closed_all,1.2,2.0
BUY,4163.33,4162.3802,4164.10171,4164.10171,0.77171,0.8125,0.82,0.2,TARGET,2026-07-06 17:51:00,2026-07-06 17:47:00,2026-07-06 17:48:00,6,39,91,1.6,1.3,20,required,closed_all,1.2,2.0
BUY,4127.19,4123.75531,4129.98069,4129.98069,2.79069,0.8125,2.97,0.59,TARGET,2026-07-08 02:38:00,2026-07-08 02:36:00,2026-07-08 02:37:00,6,39,91,1.6,1.3,20,required,closed_all,1.2,2.0
BUY,4128.26,4124.88093,4131.0055,4131.0055,2.7455,0.8125,2.82,1.7,TARGET,2026-07-08 02:42:00,2026-07-08 02:37:00,2026-07-08 02:38:00,6,39,91,1.6,1.3,20,required,closed_all,1.2,2.0
BUY,4128.92,4125.38358,4131.79334,4125.38358,-3.53642,-1.0,2.7,3.9,STOP,2026-07-08 02:49:00,2026-07-08 02:40:00,2026-07-08 02:41:00,6,39,91,1.6,1.3,20,required,closed_all,1.2,2.0
BUY,4129.73,4126.28046,4132.53275,4126.28046,-3.44954,-1.0,1.89,4.18,STOP,2026-07-08 02:48:00,2026-07-08 02:41:00,2026-07-08 02:42:00,6,39,91,1.6,1.3,20,required,closed_all,1.2,2.0
BUY,4130.85,4127.58655,4133.50155,4133.50155,2.65155,0.8125,2.66,0.99,TARGET,2026-07-08 03:24:00,2026-07-08 03:21:00,2026-07-08 03:22:00,6,39,91,1.6,1.3,20,required,closed_all,1.2,2.0
BUY,4129.43,4127.19062,4131.2215,4127.19062,-2.23938,-1.0,1.25,3.19,STOP,2026-07-02 20:52:00,2026-07-02 20:47:00,2026-07-02 20:48:00,6,20,62,1.0,0.8,30,required,closed_all,1.2,2.0
BUY,4130.59,4128.39415,4132.34668,4128.39415,-2.19585,-1.0,0.09,3.38,STOP,2026-07-02 20:51:00,2026-07-02 20:48:00,2026-07-02 20:49:00,6,20,62,1.0,0.8,30,required,closed_all,1.2,2.0
BUY,4130.63,4128.44671,4132.37663,4128.44671,-2.18329,-1.0,0.05,3.42,STOP,2026-07-02 20:51:00,2026-07-02 20:49:00,2026-07-02 20:50:00,6,20,62,1.0,0.8,30,required,closed_all,1.2,2.0
BUY,4128.89,4126.03404,4131.17477,4131.17477,2.28477,0.8,6.43,2.32,TARGET,2026-07-02 21:13:00,2026-07-02 21:09:00,2026-07-02 21:10:00,6,20,62,1.0,0.8,30,required,closed_all,1.2,2.0
BUY,4134.23,4131.32194,4136.55645,4136.55645,2.32645,0.8,2.45,1.31,TARGET,2026-07-02 21:20:00,2026-07-02 21:17:00,2026-07-02 21:18:00,6,20,62,1.0,0.8,30,required,closed_all,1.2,2.0
BUY,4135.16,4132.29966,4137.44827,4137.44827,2.28827,0.8,2.61,1.83,TARGET,2026-07-02 21:21:00,2026-07-02 21:18:00,2026-07-02 21:19:00,6,20,62,1.0,0.8,30,required,closed_all,1.2,2.0
BUY,4181.41,4179.39799,4183.01961,4179.39799,-2.01201,-1.0,0.09,2.17,STOP,2026-07-02 23:35:00,2026-07-02 23:33:00,2026-07-02 23:34:00,6,20,62,1.0,0.8,30,required,closed_all,1.2,2.0
BUY,4183.58,4181.53322,4185.21742,4185.21742,1.63742,0.8,2.36,0.62,TARGET,2026-07-02 23:53:00,2026-07-02 23:52:00,2026-07-02 23:53:00,6,20,62,1.0,0.8,30,required,closed_all,1.2,2.0
BUY,4183.17,4181.38846,4184.59523,4181.38846,-1.78154,-1.0,0.61,1.8,STOP,2026-07-03 00:16:00,2026-07-03 00:13:00,2026-07-03 00:14:00,6,20,62,1.0,0.8,30,required,closed_all,1.2,2.0
BUY,4180.51,4179.19864,4181.55909,4179.19864,-1.31136,-1.0,0.56,2.08,STOP,2026-07-03 02:09:00,2026-07-03 02:06:00,2026-07-03 02:07:00,6,20,62,1.0,0.8,30,required,closed_all,1.2,2.0
BUY,4172.87,4170.91161,4174.43672,4170.91161,-1.95839,-1.0,1.51,2.08,STOP,2026-07-03 03:56:00,2026-07-03 03:48:00,2026-07-03 03:49:00,6,20,62,1.0,0.8,30,required,closed_all,1.2,2.0
BUY,4173.66,4171.76221,4175.17824,4171.76221,-1.89779,-1.0,0.14,2.27,STOP,2026-07-03 03:51:00,2026-07-03 03:49:00,2026-07-03 03:50:00,6,20,62,1.0,0.8,30,required,closed_all,1.2,2.0
BUY,4173.47,4171.64292,4174.93167,4171.64292,-1.82708,-1.0,0.91,2.68,STOP,2026-07-03 03:56:00,2026-07-03 03:52:00,2026-07-03 03:53:00,6,20,62,1.0,0.8,30,required,closed_all,1.2,2.0
BUY,4173.66,4171.73767,4175.19786,4175.19786,1.53786,0.8,3.09,0.53,TARGET,2026-07-03 04:05:00,2026-07-03 04:03:00,2026-07-03 04:04:00,6,20,62,1.0,0.8,30,required,closed_all,1.2,2.0
BUY,4174.9,4172.98855,4176.42916,4176.42916,1.52916,0.8,1.85,0.44,TARGET,2026-07-03 04:05:00,2026-07-03 04:04:00,2026-07-03 04:05:00,6,20,62,1.0,0.8,30,required,closed_all,1.2,2.0
BUY,4175.29,4173.5603,4176.67376,4176.67376,1.38376,0.8,1.72,0.34,TARGET,2026-07-03 04:30:00,2026-07-03 04:29:00,2026-07-03 04:30:00,6,20,62,1.0,0.8,30,required,closed_all,1.2,2.0
BUY,4175.84,4174.01736,4177.29811,4177.29811,1.45811,0.8,2.38,0.95,TARGET,2026-07-03 04:34:00,2026-07-03 04:32:00,2026-07-03 04:33:00,6,20,62,1.0,0.8,30,required,closed_all,1.2,2.0
BUY,4175.91,4174.1447,4177.32224,4177.32224,1.41224,0.8,2.31,0.27,TARGET,2026-07-03 04:34:00,2026-07-03 04:33:00,2026-07-03 04:34:00,6,20,62,1.0,0.8,30,required,closed_all,1.2,2.0
BUY,4179.44,4178.26343,4180.38126,4178.26343,-1.17657,-1.0,0.1,1.47,STOP,2026-07-03 08:06:00,2026-07-03 08:05:00,2026-07-03 08:06:00,6,20,62,1.0,0.8,30,required,closed_all,1.2,2.0
BUY,4188.13,4185.65277,4190.11178,4185.65277,-2.47723,-1.0,0.69,3.0,STOP,2026-07-05 21:48:00,2026-07-05 21:45:00,2026-07-05 21:46:00,6,20,62,1.0,0.8,30,required,closed_all,1.2,2.0
BUY,4187.79,4183.72381,4191.04295,4191.04295,3.25295,0.8,3.52,0.85,TARGET,2026-07-05 22:15:00,2026-07-05 22:13:00,2026-07-05 22:14:00,6,20,62,1.0,0.8,30,required,closed_all,1.2,2.0
BUY,4189.3,4185.35568,4192.45545,4192.45545,3.15545,0.8,3.48,0.97,TARGET,2026-07-05 22:16:00,2026-07-05 22:14:00,2026-07-05 22:15:00,6,20,62,1.0,0.8,30,required,closed_all,1.2,2.0
BUY,4191.31,4187.43456,4194.41035,4187.43456,-3.87544,-1.0,1.47,5.52,STOP,2026-07-05 22:17:00,2026-07-05 22:15:00,2026-07-05 22:16:00,6,20,62,1.0,0.8,30,required,closed_all,1.2,2.0
BUY,4188.85,4185.03247,4191.90402,4185.03247,-3.81753,-1.0,1.62,5.64,STOP,2026-07-05 22:21:00,2026-07-05 22:19:00,2026-07-05 22:20:00,6,20,62,1.0,0.8,30,required,closed_all,1.2,2.0
BUY,4188.14,4184.57074,4190.99541,4190.99541,2.85541,0.8,3.43,2.27,TARGET,2026-07-05 22:30:00,2026-07-05 22:27:00,2026-07-05 22:28:00,6,20,62,1.0,0.8,30,required,closed_all,1.2,2.0
BUY,4189.71,4186.19819,4192.51945,4192.51945,2.80945,0.8,4.67,2.34,TARGET,2026-07-05 22:32:00,2026-07-05 22:29:00,2026-07-05 22:30:00,6,20,62,1.0,0.8,30,required,closed_all,1.2,2.0
BUY,4190.51,4187.0141,4193.30672,4193.30672,2.79672,0.8,3.87,1.33,TARGET,2026-07-05 22:32:00,2026-07-05 22:31:00,2026-07-05 22:32:00,6,20,62,1.0,0.8,30,required,closed_all,1.2,2.0
BUY,4162.71,4161.74393,4163.48285,4161.74393,-0.96607,-1.0,0.53,1.14,STOP,2026-07-06 16:30:00,2026-07-06 16:28:00,2026-07-06 16:29:00,6,20,62,1.0,0.8,30,required,closed_all,1.2,2.0
BUY,4162.96,4162.28885,4163.49692,4163.49692,0.53692,0.8,1.44,0.59,TARGET,2026-07-06 17:33:00,2026-07-06 17:28:00,2026-07-06 17:29:00,6,20,62,1.0,0.8,30,required,closed_all,1.2,2.0
BUY,4163.33,4162.73637,4163.8049,4163.8049,0.4749,0.8,0.54,0.2,TARGET,2026-07-06 17:50:00,2026-07-06 17:47:00,2026-07-06 17:48:00,6,20,62,1.0,0.8,30,required,closed_all,1.2,2.0
BUY,4136.9,4135.45142,4138.05887,4138.05887,1.15887,0.8,5.16,0.04,TARGET,2026-07-07 08:18:00,2026-07-07 08:17:00,2026-07-07 08:18:00,6,20,62,1.0,0.8,30,required,closed_all,1.2,2.0
BUY,4170.2,4167.08761,4172.68991,4167.08761,-3.11239,-1.0,2.2,4.81,STOP,2026-07-07 10:24:00,2026-07-07 10:16:00,2026-07-07 10:17:00,6,20,62,1.0,0.8,30,required,closed_all,1.2,2.0
BUY,4126.3,4124.57907,4127.67674,4124.57907,-1.72093,-1.0,0.82,1.93,STOP,2026-07-08 01:30:00,2026-07-08 01:27:00,2026-07-08 01:28:00,6,20,62,1.0,0.8,30,required,closed_all,1.2,2.0
BUY,4127.94,4126.39918,4129.17266,4129.17266,1.23266,0.8,2.66,0.18,TARGET,2026-07-08 02:05:00,2026-07-08 02:04:00,2026-07-08 02:05:00,6,20,62,1.0,0.8,30,required,closed_all,1.2,2.0
BUY,4128.92,4126.70974,4130.68821,4130.68821,1.76821,0.8,2.16,0.64,TARGET,2026-07-08 02:42:00,2026-07-08 02:40:00,2026-07-08 02:41:00,6,20,62,1.0,0.8,30,required,closed_all,1.2,2.0
BUY,4129.73,4127.57404,4131.45477,4131.45477,1.72477,0.8,1.89,1.18,TARGET,2026-07-08 02:43:00,2026-07-08 02:41:00,2026-07-08 02:42:00,6,20,62,1.0,0.8,30,required,closed_all,1.2,2.0
BUY,4130.85,4128.81034,4132.48172,4132.48172,1.63172,0.8,2.66,0.99,TARGET,2026-07-08 03:24:00,2026-07-08 03:21:00,2026-07-08 03:22:00,6,20,62,1.0,0.8,30,required,closed_all,1.2,2.0
BUY,4131.4,4129.43979,4132.96817,4132.96817,1.56817,0.8,2.11,0.44,TARGET,2026-07-08 03:24:00,2026-07-08 03:23:00,2026-07-08 03:24:00,6,20,62,1.0,0.8,30,required,closed_all,1.2,2.0
BUY,4173.66,4171.16097,4176.15903,4176.15903,2.49903,1.0,3.09,0.53,TARGET,2026-07-03 04:05:00,2026-07-03 04:03:00,2026-07-03 04:04:00,5,27,99,1.3,1.3,20,warning_only,closed_all,1.8,1.2
BUY,4187.79,4182.50396,4193.07604,4182.50396,-5.28604,-1.0,4.99,6.3,STOP,2026-07-05 22:22:00,2026-07-05 22:13:00,2026-07-05 22:14:00,5,27,99,1.3,1.3,20,warning_only,closed_all,1.8,1.2
BUY,4187.16,4182.52004,4191.79996,4191.79996,4.63996,1.0,7.22,2.59,TARGET,2026-07-05 22:32:00,2026-07-05 22:26:00,2026-07-05 22:27:00,5,27,99,1.3,1.3,20,warning_only,closed_all,1.8,1.2
BUY,4188.14,4183.49996,4192.78004,4192.78004,4.64004,1.0,6.24,2.27,TARGET,2026-07-05 22:32:00,2026-07-05 22:27:00,2026-07-05 22:28:00,5,27,99,1.3,1.3,20,warning_only,closed_all,1.8,1.2
BUY,4162.82,4161.31358,4164.32642,4164.32642,1.50642,1.0,1.68,0.81,TARGET,2026-07-06 17:00:00,2026-07-06 16:58:00,2026-07-06 16:59:00,5,27,99,1.3,1.3,20,warning_only,closed_all,1.8,1.2
BUY,4146.33,4144.57417,4148.08583,4144.57417,-1.75583,-1.0,1.33,2.93,STOP,2026-07-07 14:50:00,2026-07-07 14:40:00,2026-07-07 14:41:00,5,27,99,1.3,1.3,20,warning_only,closed_all,1.8,1.2
BUY,4108.98,4105.54559,4112.41441,4112.41441,3.43441,1.0,6.37,0.87,TARGET,2026-07-07 23:07:00,2026-07-07 23:05:00,2026-07-07 23:06:00,5,27,99,1.3,1.3,20,warning_only,closed_all,1.8,1.2
BUY,4112.22,4108.64926,4115.79074,4115.79074,3.57074,1.0,5.2,2.12,TARGET,2026-07-07 23:08:00,2026-07-07 23:06:00,2026-07-07 23:07:00,5,27,99,1.3,1.3,20,warning_only,closed_all,1.8,1.2
BUY,4127.19,4124.39931,4129.98069,4129.98069,2.79069,1.0,2.97,0.59,TARGET,2026-07-08 02:38:00,2026-07-08 02:36:00,2026-07-08 02:37:00,5,27,99,1.3,1.3,20,warning_only,closed_all,1.8,1.2
BUY,4128.26,4125.5145,4131.0055,4131.0055,2.7455,1.0,2.82,1.7,TARGET,2026-07-08 02:42:00,2026-07-08 02:37:00,2026-07-08 02:38:00,5,27,99,1.3,1.3,20,warning_only,closed_all,1.8,1.2
BUY,4134.23,4131.32194,4136.55645,4136.55645,2.32645,0.8,2.45,1.31,TARGET,2026-07-02 21:20:00,2026-07-02 21:17:00,2026-07-02 21:18:00,8,26,90,1.0,0.8,10,required,closed_all,0.8,2.0
BUY,4175.29,4173.5603,4176.67376,4176.67376,1.38376,0.8,1.72,0.34,TARGET,2026-07-03 04:30:00,2026-07-03 04:29:00,2026-07-03 04:30:00,8,26,90,1.0,0.8,10,required,closed_all,0.8,2.0
BUY,4175.91,4174.1447,4177.32224,4177.32224,1.41224,0.8,2.31,0.27,TARGET,2026-07-03 04:34:00,2026-07-03 04:33:00,2026-07-03 04:34:00,8,26,90,1.0,0.8,10,required,closed_all,0.8,2.0
BUY,4179.44,4178.26343,4180.38126,4178.26343,-1.17657,-1.0,0.1,1.47,STOP,2026-07-03 08:06:00,2026-07-03 08:05:00,2026-07-03 08:06:00,8,26,90,1.0,0.8,10,required,closed_all,0.8,2.0
BUY,4189.3,4185.35568,4192.45545,4192.45545,3.15545,0.8,3.48,0.97,TARGET,2026-07-05 22:16:00,2026-07-05 22:14:00,2026-07-05 22:15:00,8,26,90,1.0,0.8,10,required,closed_all,0.8,2.0
BUY,4191.31,4187.43456,4194.41035,4187.43456,-3.87544,-1.0,1.47,5.52,STOP,2026-07-05 22:17:00,2026-07-05 22:15:00,2026-07-05 22:16:00,8,26,90,1.0,0.8,10,required,closed_all,0.8,2.0
BUY,4185.64,4182.01471,4188.54024,4188.54024,2.90024,0.8,4.02,1.32,TARGET,2026-07-05 22:28:00,2026-07-05 22:25:00,2026-07-05 22:26:00,8,26,90,1.0,0.8,10,required,closed_all,0.8,2.0
BUY,4187.16,4183.5908,4190.01536,4190.01536,2.85536,0.8,4.41,2.59,TARGET,2026-07-05 22:30:00,2026-07-05 22:26:00,2026-07-05 22:27:00,8,26,90,1.0,0.8,10,required,closed_all,0.8,2.0
BUY,4189.71,4186.19819,4192.51945,4192.51945,2.80945,0.8,4.67,2.34,TARGET,2026-07-05 22:32:00,2026-07-05 22:29:00,2026-07-05 22:30:00,8,26,90,1.0,0.8,10,required,closed_all,0.8,2.0
BUY,4190.51,4187.0141,4193.30672,4193.30672,2.79672,0.8,3.87,1.33,TARGET,2026-07-05 22:32:00,2026-07-05 22:31:00,2026-07-05 22:32:00,8,26,90,1.0,0.8,10,required,closed_all,0.8,2.0
BUY,4162.57,4161.669,4163.2908,4163.2908,0.7208,0.8,1.19,0.62,TARGET,2026-07-06 16:49:00,2026-07-06 16:46:00,2026-07-06 16:47:00,8,26,90,1.0,0.8,10,required,closed_all,0.8,2.0
BUY,4162.96,4162.28885,4163.49692,4163.49692,0.53692,0.8,1.44,0.59,TARGET,2026-07-06 17:33:00,2026-07-06 17:28:00,2026-07-06 17:29:00,8,26,90,1.0,0.8,10,required,closed_all,0.8,2.0
BUY,4127.19,4125.04332,4128.90735,4128.90735,1.71735,0.8,2.97,0.59,TARGET,2026-07-08 02:38:00,2026-07-08 02:36:00,2026-07-08 02:37:00,8,26,90,1.0,0.8,10,required,closed_all,0.8,2.0
BUY,4128.26,4126.14808,4129.94954,4129.94954,1.68954,0.8,1.9,1.34,TARGET,2026-07-08 02:38:00,2026-07-08 02:37:00,2026-07-08 02:38:00,8,26,90,1.0,0.8,10,required,closed_all,0.8,2.0
BUY,4129.73,4127.57404,4131.45477,4131.45477,1.72477,0.8,1.89,1.18,TARGET,2026-07-08 02:43:00,2026-07-08 02:41:00,2026-07-08 02:42:00,8,26,90,1.0,0.8,10,required,closed_all,0.8,2.0
BUY,4130.85,4128.81034,4132.48172,4132.48172,1.63172,0.8,2.66,0.99,TARGET,2026-07-08 03:24:00,2026-07-08 03:21:00,2026-07-08 03:22:00,8,26,90,1.0,0.8,10,required,closed_all,0.8,2.0
BUY,4185.64,4179.83953,4188.54024,4188.54024,2.90024,0.5,4.02,1.32,TARGET,2026-07-05 22:28:00,2026-07-05 22:25:00,2026-07-05 22:26:00,8,30,80,1.6,0.8,5,required,closed_all,0.8,0.8
BUY,4187.16,4181.44928,4190.01536,4190.01536,2.85536,0.5,4.41,2.59,TARGET,2026-07-05 22:30:00,2026-07-05 22:26:00,2026-07-05 22:27:00,8,30,80,1.6,0.8,5,required,closed_all,0.8,0.8
BUY,4127.19,4123.75531,4128.90735,4128.90735,1.71735,0.5,2.97,0.59,TARGET,2026-07-08 02:38:00,2026-07-08 02:36:00,2026-07-08 02:37:00,8,30,80,1.6,0.8,5,required,closed_all,0.8,0.8
BUY,4128.26,4124.88093,4129.94954,4129.94954,1.68954,0.5,1.9,1.34,TARGET,2026-07-08 02:38:00,2026-07-08 02:37:00,2026-07-08 02:38:00,8,30,80,1.6,0.8,5,required,closed_all,0.8,0.8
BUY,4128.6,4124.95183,4130.88011,4130.88011,2.28011,0.625,3.12,1.59,TARGET,2026-07-02 20:56:00,2026-07-02 20:54:00,2026-07-02 20:55:00,6,38,67,1.6,1.0,5,required,closed_all,1.8,0.8
BUY,4128.89,4124.32046,4131.74596,4131.74596,2.85596,0.625,6.43,2.32,TARGET,2026-07-02 21:13:00,2026-07-02 21:09:00,2026-07-02 21:10:00,6,38,67,1.6,1.0,5,required,closed_all,1.8,0.8
BUY,4185.64,4179.83953,4189.26529,4189.26529,3.62529,0.625,4.02,1.32,TARGET,2026-07-05 22:28:00,2026-07-05 22:25:00,2026-07-05 22:26:00,6,38,67,1.6,1.0,5,required,closed_all,1.8,0.8
BUY,4187.16,4181.44928,4190.7292,4190.7292,3.5692,0.625,4.41,2.59,TARGET,2026-07-05 22:30:00,2026-07-05 22:26:00,2026-07-05 22:27:00,6,38,67,1.6,1.0,5,required,closed_all,1.8,0.8
BUY,4127.19,4123.75531,4129.33668,4129.33668,2.14668,0.625,2.97,0.59,TARGET,2026-07-08 02:38:00,2026-07-08 02:36:00,2026-07-08 02:37:00,6,38,67,1.6,1.0,5,required,closed_all,1.8,0.8
BUY,4128.26,4124.88093,4130.37192,4130.37192,2.11192,0.625,2.82,1.7,TARGET,2026-07-08 02:42:00,2026-07-08 02:37:00,2026-07-08 02:38:00,6,38,67,1.6,1.0,5,required,closed_all,1.8,0.8
BUY,4187.79,4183.72381,4191.04295,4191.04295,3.25295,0.8,3.52,0.85,TARGET,2026-07-05 22:15:00,2026-07-05 22:13:00,2026-07-05 22:14:00,5,35,99,1.0,0.8,5,required,closed_all,1.2,1.2
BUY,4185.64,4182.01471,4188.54024,4188.54024,2.90024,0.8,4.02,1.32,TARGET,2026-07-05 22:28:00,2026-07-05 22:25:00,2026-07-05 22:26:00,5,35,99,1.0,0.8,5,required,closed_all,1.2,1.2
BUY,4187.16,4183.5908,4190.01536,4190.01536,2.85536,0.8,4.41,2.59,TARGET,2026-07-05 22:30:00,2026-07-05 22:26:00,2026-07-05 22:27:00,5,35,99,1.0,0.8,5,required,closed_all,1.2,1.2
BUY,4188.14,4184.57074,4190.99541,4190.99541,2.85541,0.8,3.43,2.27,TARGET,2026-07-05 22:30:00,2026-07-05 22:27:00,2026-07-05 22:28:00,5,35,99,1.0,0.8,5,required,closed_all,1.2,1.2
BUY,4129.43,4125.84699,4131.66938,4125.84699,-3.58301,-1.0,1.25,5.03,STOP,2026-07-02 20:53:00,2026-07-02 20:47:00,2026-07-02 20:48:00,3,38,61,1.6,1.0,10,required,closed_all,1.8,2.0
BUY,4130.59,4127.07664,4132.78585,4127.07664,-3.51336,-1.0,0.09,4.35,STOP,2026-07-02 20:52:00,2026-07-02 20:48:00,2026-07-02 20:49:00,3,38,61,1.6,1.0,10,required,closed_all,1.8,2.0
BUY,4130.63,4127.13673,4132.81329,4127.13673,-3.49327,-1.0,0.05,4.39,STOP,2026-07-02 20:52:00,2026-07-02 20:49:00,2026-07-02 20:50:00,3,38,61,1.6,1.0,10,required,closed_all,1.8,2.0
BUY,4128.6,4124.95183,4130.88011,4130.88011,2.28011,0.625,3.12,1.59,TARGET,2026-07-02 20:56:00,2026-07-02 20:54:00,2026-07-02 20:55:00,3,38,61,1.6,1.0,10,required,closed_all,1.8,2.0
BUY,4131.32,4126.82628,4134.12857,4126.82628,-4.49372,-1.0,1.38,6.03,STOP,2026-07-02 21:07:00,2026-07-02 21:03:00,2026-07-02 21:04:00,3,38,61,1.6,1.0,10,required,closed_all,1.8,2.0
BUY,4134.23,4129.57711,4137.13806,4137.13806,2.90806,0.625,3.54,1.31,TARGET,2026-07-02 21:21:00,2026-07-02 21:17:00,2026-07-02 21:18:00,3,38,61,1.6,1.0,10,required,closed_all,1.8,2.0
BUY,4135.16,4130.58346,4138.02034,4138.02034,2.86034,0.625,3.34,1.83,TARGET,2026-07-02 21:22:00,2026-07-02 21:18:00,2026-07-02 21:19:00,3,38,61,1.6,1.0,10,required,closed_all,1.8,2.0
BUY,4181.49,4178.29005,4183.48997,4183.48997,1.99997,0.625,3.98,2.25,TARGET,2026-07-02 23:38:00,2026-07-02 23:31:00,2026-07-02 23:32:00,3,38,61,1.6,1.0,10,required,closed_all,1.8,2.0
BUY,4181.41,4178.19078,4183.42201,4183.42201,2.01201,0.625,4.06,2.17,TARGET,2026-07-02 23:38:00,2026-07-02 23:33:00,2026-07-02 23:34:00,3,38,61,1.6,1.0,10,required,closed_all,1.8,2.0
BUY,4183.93,4180.51792,4186.06255,4180.51792,-3.41208,-1.0,0.2,4.01,STOP,2026-07-02 23:46:00,2026-07-02 23:44:00,2026-07-02 23:45:00,3,38,61,1.6,1.0,10,required,closed_all,1.8,2.0
BUY,4181.98,4178.71909,4184.01807,4184.01807,2.03807,0.625,3.96,0.56,TARGET,2026-07-02 23:53:00,2026-07-02 23:51:00,2026-07-02 23:52:00,3,38,61,1.6,1.0,10,required,closed_all,1.8,2.0
BUY,4183.58,4180.30516,4185.62678,4185.62678,2.04678,0.625,2.36,0.62,TARGET,2026-07-02 23:53:00,2026-07-02 23:52:00,2026-07-02 23:53:00,3,38,61,1.6,1.0,10,required,closed_all,1.8,2.0
BUY,4183.17,4180.31953,4184.95154,4180.31953,-2.85047,-1.0,0.61,3.12,STOP,2026-07-03 00:21:00,2026-07-03 00:13:00,2026-07-03 00:14:00,3,38,61,1.6,1.0,10,required,closed_all,1.8,2.0
BUY,4183.04,4180.56208,4184.5887,4180.56208,-2.47792,-1.0,0.02,2.67,STOP,2026-07-03 00:36:00,2026-07-03 00:33:00,2026-07-03 00:34:00,3,38,61,1.6,1.0,10,required,closed_all,1.8,2.0
BUY,4174.16,4171.31709,4175.93682,4171.31709,-2.84291,-1.0,0.02,3.12,STOP,2026-07-03 04:01:00,2026-07-03 03:58:00,2026-07-03 03:59:00,3,38,61,1.6,1.0,10,required,closed_all,1.8,2.0
BUY,4173.66,4170.58427,4175.58233,4175.58233,1.92233,0.625,3.09,0.53,TARGET,2026-07-03 04:05:00,2026-07-03 04:03:00,2026-07-03 04:04:00,3,38,61,1.6,1.0,10,required,closed_all,1.8,2.0
BUY,4174.9,4171.84168,4176.81145,4176.81145,1.91145,0.625,3.26,0.44,TARGET,2026-07-03 04:06:00,2026-07-03 04:04:00,2026-07-03 04:05:00,3,38,61,1.6,1.0,10,required,closed_all,1.8,2.0
BUY,4174.42,4171.53153,4176.22529,4176.22529,1.80529,0.625,2.59,1.85,TARGET,2026-07-03 04:30:00,2026-07-03 04:25:00,2026-07-03 04:26:00,3,38,61,1.6,1.0,10,required,closed_all,1.8,2.0
BUY,4175.29,4172.52248,4177.0197,4177.0197,1.7297,0.625,2.93,1.62,TARGET,2026-07-03 04:34:00,2026-07-03 04:29:00,2026-07-03 04:30:00,3,38,61,1.6,1.0,10,required,closed_all,1.8,2.0
BUY,4175.84,4172.92378,4177.66264,4177.66264,1.82264,0.625,2.38,0.95,TARGET,2026-07-03 04:34:00,2026-07-03 04:32:00,2026-07-03 04:33:00,3,38,61,1.6,1.0,10,required,closed_all,1.8,2.0
BUY,4175.91,4173.08551,4177.6753,4177.6753,1.7653,0.625,2.31,0.27,TARGET,2026-07-03 04:34:00,2026-07-03 04:33:00,2026-07-03 04:34:00,3,38,61,1.6,1.0,10,required,closed_all,1.8,2.0
BUY,4183.96,4181.23338,4185.66414,4185.66414,1.70414,0.625,1.97,1.24,TARGET,2026-07-03 05:33:00,2026-07-03 05:32:00,2026-07-03 05:33:00,3,38,61,1.6,1.0,10,required,closed_all,1.8,2.0
BUY,4184.16,4181.40858,4185.87964,4181.40858,-2.75142,-1.0,1.11,3.83,STOP,2026-07-03 05:46:00,2026-07-03 05:44:00,2026-07-03 05:45:00,3,38,61,1.6,1.0,10,required,closed_all,1.8,2.0
BUY,4178.03,4176.2331,4179.15306,4179.15306,1.12306,0.625,1.41,1.36,TARGET,2026-07-03 08:05:00,2026-07-03 08:03:00,2026-07-03 08:04:00,3,38,61,1.6,1.0,10,required,closed_all,1.8,2.0
BUY,4179.44,4177.55749,4180.61657,4177.55749,-1.88251,-1.0,0.1,2.02,STOP,2026-07-03 08:07:00,2026-07-03 08:05:00,2026-07-03 08:06:00,3,38,61,1.6,1.0,10,required,closed_all,1.8,2.0
BUY,4179.31,4175.2269,4181.86194,4181.86194,2.55194,0.625,3.12,0.32,TARGET,2026-07-05 19:23:00,2026-07-05 19:20:00,2026-07-05 19:21:00,3,38,61,1.6,1.0,10,required,closed_all,1.8,2.0
BUY,4189.53,4186.84032,4191.21105,4191.21105,1.68105,0.625,12.37,0.37,TARGET,2026-07-05 20:28:00,2026-07-05 20:20:00,2026-07-05 20:21:00,3,38,61,1.6,1.0,10,required,closed_all,1.8,2.0
BUY,4191.06,4184.49234,4195.16478,4184.49234,-6.56766,-1.0,1.75,8.47,STOP,2026-07-05 22:05:00,2026-07-05 22:03:00,2026-07-05 22:04:00,3,38,61,1.6,1.0,10,required,closed_all,1.8,2.0
BUY,4187.79,4181.2841,4191.85619,4191.85619,4.06619,0.625,4.99,0.85,TARGET,2026-07-05 22:16:00,2026-07-05 22:13:00,2026-07-05 22:14:00,3,38,61,1.6,1.0,10,required,closed_all,1.8,2.0
BUY,4189.3,4182.98909,4193.24432,4182.98909,-6.31091,-1.0,3.48,7.81,STOP,2026-07-05 22:22:00,2026-07-05 22:14:00,2026-07-05 22:15:00,3,38,61,1.6,1.0,10,required,closed_all,1.8,2.0
BUY,4191.31,4185.1093,4195.18544,4185.1093,-6.2007,-1.0,1.47,7.09,STOP,2026-07-05 22:18:00,2026-07-05 22:15:00,2026-07-05 22:16:00,3,38,61,1.6,1.0,10,required,closed_all,1.8,2.0
BUY,4188.85,4182.74196,4192.66753,4182.74196,-6.10804,-1.0,1.62,7.36,STOP,2026-07-05 22:22:00,2026-07-05 22:19:00,2026-07-05 22:20:00,3,38,61,1.6,1.0,10,required,closed_all,1.8,2.0
BUY,4185.64,4179.83953,4189.26529,4189.26529,3.62529,0.625,4.02,1.32,TARGET,2026-07-05 22:28:00,2026-07-05 22:25:00,2026-07-05 22:26:00,3,38,61,1.6,1.0,10,required,closed_all,1.8,2.0
BUY,4187.16,4181.44928,4190.7292,4190.7292,3.5692,0.625,4.41,2.59,TARGET,2026-07-05 22:30:00,2026-07-05 22:26:00,2026-07-05 22:27:00,3,38,61,1.6,1.0,10,required,closed_all,1.8,2.0
BUY,4188.14,4182.42919,4191.70926,4191.70926,3.56926,0.625,6.24,2.27,TARGET,2026-07-05 22:32:00,2026-07-05 22:27:00,2026-07-05 22:28:00,3,38,61,1.6,1.0,10,required,closed_all,1.8,2.0
BUY,4189.71,4184.0911,4193.22181,4193.22181,3.51181,0.625,4.67,2.34,TARGET,2026-07-05 22:32:00,2026-07-05 22:29:00,2026-07-05 22:30:00,3,38,61,1.6,1.0,10,required,closed_all,1.8,2.0
BUY,4190.51,4184.91656,4194.0059,4194.0059,3.4959,0.625,3.87,1.33,TARGET,2026-07-05 22:32:00,2026-07-05 22:31:00,2026-07-05 22:32:00,3,38,61,1.6,1.0,10,required,closed_all,1.8,2.0
BUY,4163.07,4161.38658,4164.12214,4164.12214,1.05214,0.625,2.19,0.13,TARGET,2026-07-06 16:00:00,2026-07-06 15:55:00,2026-07-06 15:56:00,3,38,61,1.6,1.0,10,required,closed_all,1.8,2.0
BUY,4163.65,4162.00568,4164.6777,4164.6777,1.0277,0.625,1.61,0.68,TARGET,2026-07-06 16:00:00,2026-07-06 15:56:00,2026-07-06 15:57:00,3,38,61,1.6,1.0,10,required,closed_all,1.8,2.0
BUY,4163.81,4162.26542,4164.77536,4164.77536,0.96536,0.625,1.45,0.19,TARGET,2026-07-06 16:00:00,2026-07-06 15:59:00,2026-07-06 16:00:00,3,38,61,1.6,1.0,10,required,closed_all,1.8,2.0
BUY,4161.96,4160.32887,4162.97946,4162.97946,1.01946,0.625,1.28,0.57,TARGET,2026-07-06 16:29:00,2026-07-06 16:23:00,2026-07-06 16:24:00,3,38,61,1.6,1.0,10,required,closed_all,1.8,2.0
BUY,4162.39,4160.8541,4163.34994,4160.8541,-1.5359,-1.0,0.85,2.28,STOP,2026-07-06 16:35:00,2026-07-06 16:26:00,2026-07-06 16:27:00,3,38,61,1.6,1.0,10,required,closed_all,1.8,2.0
BUY,4162.71,4161.16429,4163.67607,4161.16429,-1.54571,-1.0,0.53,2.6,STOP,2026-07-06 16:35:00,2026-07-06 16:28:00,2026-07-06 16:29:00,3,38,61,1.6,1.0,10,required,closed_all,1.8,2.0
BUY,4162.57,4161.12839,4163.471,4163.471,0.901,0.625,1.19,0.62,TARGET,2026-07-06 16:49:00,2026-07-06 16:46:00,2026-07-06 16:47:00,3,38,61,1.6,1.0,10,required,closed_all,1.8,2.0
BUY,4162.82,4160.96595,4163.97878,4163.97878,1.15878,0.625,1.68,0.81,TARGET,2026-07-06 17:00:00,2026-07-06 16:58:00,2026-07-06 16:59:00,3,38,61,1.6,1.0,10,required,closed_all,1.8,2.0
BUY,4163.8,4161.87381,4165.00387,4161.87381,-1.92619,-1.0,0.7,2.22,STOP,2026-07-06 17:06:00,2026-07-06 16:59:00,2026-07-06 17:00:00,3,38,61,1.6,1.0,10,required,closed_all,1.8,2.0
BUY,4162.75,4161.60761,4163.46399,4163.46399,0.71399,0.625,1.65,0.38,TARGET,2026-07-06 17:33:00,2026-07-06 17:26:00,2026-07-06 17:27:00,3,38,61,1.6,1.0,10,required,closed_all,1.8,2.0
BUY,4162.96,4161.88617,4163.63115,4163.63115,0.67115,0.625,1.44,0.59,TARGET,2026-07-06 17:33:00,2026-07-06 17:28:00,2026-07-06 17:29:00,3,38,61,1.6,1.0,10,required,closed_all,1.8,2.0
BUY,4163.33,4162.3802,4163.92363,4163.92363,0.59363,0.625,0.82,0.2,TARGET,2026-07-06 17:51:00,2026-07-06 17:47:00,2026-07-06 17:48:00,3,38,61,1.6,1.0,10,required,closed_all,1.8,2.0
BUY,4163.87,4162.94022,4164.45111,4164.45111,0.58111,0.625,0.8,0.38,TARGET,2026-07-06 17:53:00,2026-07-06 17:50:00,2026-07-06 17:51:00,3,38,61,1.6,1.0,10,required,closed_all,1.8,2.0
BUY,4166.32,4164.74965,4167.30147,4165.59,-0.73,-0.46487,0.81,0.79,TIME_EXIT,2026-07-06 19:24:00,2026-07-06 19:14:00,2026-07-06 19:15:00,3,38,61,1.6,1.0,10,required,closed_all,1.8,2.0
BUY,4166.09,4164.99821,4166.77237,4166.77237,0.68237,0.625,0.83,0.24,TARGET,2026-07-06 19:31:00,2026-07-06 19:29:00,2026-07-06 19:30:00,3,38,61,1.6,1.0,10,required,closed_all,1.8,2.0
BUY,4166.33,4165.26134,4166.99791,4166.99791,0.66791,0.625,1.17,0.3,TARGET,2026-07-06 19:32:00,2026-07-06 19:30:00,2026-07-06 19:31:00,3,38,61,1.6,1.0,10,required,closed_all,1.8,2.0
BUY,4136.65,4134.34721,4138.08924,4138.08924,1.43924,0.625,5.41,1.32,TARGET,2026-07-07 08:18:00,2026-07-07 08:16:00,2026-07-07 08:17:00,3,38,61,1.6,1.0,10,required,closed_all,1.8,2.0
BUY,4136.9,4134.58227,4138.34858,4138.34858,1.44858,0.625,5.16,0.04,TARGET,2026-07-07 08:18:00,2026-07-07 08:17:00,2026-07-07 08:18:00,3,38,61,1.6,1.0,10,required,closed_all,1.8,2.0
BUY,4164.3,4160.02152,4166.97405,4166.97405,2.67405,0.625,3.05,1.58,TARGET,2026-07-07 09:39:00,2026-07-07 09:37:00,2026-07-07 09:38:00,3,38,61,1.6,1.0,10,required,closed_all,1.8,2.0
BUY,4170.2,4165.22018,4173.31239,4165.22018,-4.97982,-1.0,2.2,5.84,STOP,2026-07-07 10:25:00,2026-07-07 10:16:00,2026-07-07 10:17:00,3,38,61,1.6,1.0,10,required,closed_all,1.8,2.0
BUY,4171.65,4167.1046,4174.49088,4174.49088,2.84088,0.625,8.17,0.53,TARGET,2026-07-07 10:36:00,2026-07-07 10:35:00,2026-07-07 10:36:00,3,38,61,1.6,1.0,10,required,closed_all,1.8,2.0
BUY,4127.37,4124.25099,4129.31938,4126.8,-0.57,-0.18275,0.78,3.0,TIME_EXIT,2026-07-08 01:32:00,2026-07-08 01:22:00,2026-07-08 01:23:00,3,38,61,1.6,1.0,10,required,closed_all,1.8,2.0
BUY,4126.98,4124.04867,4128.81208,4126.99,0.01,0.00341,1.17,2.61,TIME_EXIT,2026-07-08 01:35:00,2026-07-08 01:25:00,2026-07-08 01:26:00,3,38,61,1.6,1.0,10,required,closed_all,1.8,2.0
BUY,4127.05,4124.56173,4128.60517,4128.60517,1.55517,0.625,3.55,2.05,TARGET,2026-07-08 02:05:00,2026-07-08 02:00:00,2026-07-08 02:01:00,3,38,61,1.6,1.0,10,required,closed_all,1.8,2.0
BUY,4127.94,4125.47468,4129.48082,4129.48082,1.54082,0.625,2.66,0.18,TARGET,2026-07-08 02:05:00,2026-07-08 02:04:00,2026-07-08 02:05:00,3,38,61,1.6,1.0,10,required,closed_all,1.8,2.0
BUY,4128.26,4124.88093,4130.37192,4130.37192,2.11192,0.625,2.82,1.7,TARGET,2026-07-08 02:42:00,2026-07-08 02:37:00,2026-07-08 02:38:00,3,38,61,1.6,1.0,10,required,closed_all,1.8,2.0
BUY,4128.92,4125.38358,4131.13026,4131.13026,2.21026,0.625,2.7,0.64,TARGET,2026-07-08 02:43:00,2026-07-08 02:40:00,2026-07-08 02:41:00,3,38,61,1.6,1.0,10,required,closed_all,1.8,2.0
BUY,4129.73,4126.28046,4131.88596,4126.28046,-3.44954,-1.0,1.89,4.18,STOP,2026-07-08 02:48:00,2026-07-08 02:41:00,2026-07-08 02:42:00,3,38,61,1.6,1.0,10,required,closed_all,1.8,2.0
BUY,4128.02,4124.99931,4129.90793,4124.99931,-3.02069,-1.0,1.17,3.48,STOP,2026-07-08 03:02:00,2026-07-08 02:56:00,2026-07-08 02:57:00,3,38,61,1.6,1.0,10,required,closed_all,1.8,2.0
BUY,4130.85,4127.58655,4132.88966,4132.88966,2.03966,0.625,2.66,0.99,TARGET,2026-07-08 03:24:00,2026-07-08 03:21:00,2026-07-08 03:22:00,3,38,61,1.6,1.0,10,required,closed_all,1.8,2.0
BUY,4131.4,4128.26366,4133.36021,4133.36021,1.96021,0.625,2.11,0.44,TARGET,2026-07-08 03:24:00,2026-07-08 03:23:00,2026-07-08 03:24:00,3,38,61,1.6,1.0,10,required,closed_all,1.8,2.0
BUY,4185.64,4180.92712,4190.35288,4190.35288,4.71288,1.0,5.93,1.32,TARGET,2026-07-05 22:30:00,2026-07-05 22:25:00,2026-07-05 22:26:00,4,32,78,1.3,1.3,10,warning_only,closed_all,0.8,0.8
BUY,4187.16,4182.52004,4191.79996,4191.79996,4.63996,1.0,7.22,2.59,TARGET,2026-07-05 22:32:00,2026-07-05 22:26:00,2026-07-05 22:27:00,4,32,78,1.3,1.3,10,warning_only,closed_all,0.8,0.8
BUY,4108.98,4105.54559,4112.41441,4112.41441,3.43441,1.0,6.37,0.87,TARGET,2026-07-07 23:07:00,2026-07-07 23:05:00,2026-07-07 23:06:00,4,32,78,1.3,1.3,10,warning_only,closed_all,0.8,0.8
BUY,4127.19,4124.39931,4129.98069,4129.98069,2.79069,1.0,2.97,0.59,TARGET,2026-07-08 02:38:00,2026-07-08 02:36:00,2026-07-08 02:37:00,4,32,78,1.3,1.3,10,warning_only,closed_all,0.8,0.8
BUY,4128.26,4125.5145,4131.0055,4131.0055,2.7455,1.0,2.82,1.7,TARGET,2026-07-08 02:42:00,2026-07-08 02:37:00,2026-07-08 02:38:00,4,32,78,1.3,1.3,10,warning_only,closed_all,0.8,0.8
BUY,4128.02,4125.56569,4130.47431,4125.56569,-2.45431,-1.0,1.17,3.48,STOP,2026-07-08 03:02:00,2026-07-08 02:56:00,2026-07-08 02:57:00,4,32,78,1.3,1.3,10,warning_only,closed_all,0.8,0.8
BUY,4173.66,4171.73767,4175.19786,4175.19786,1.53786,0.8,3.09,0.53,TARGET,2026-07-03 04:05:00,2026-07-03 04:03:00,2026-07-03 04:04:00,3,37,86,1.0,0.8,10,required,closed_all,1.2,1.2
BUY,4174.42,4172.61471,4175.86424,4172.61471,-1.80529,-1.0,0.11,1.85,STOP,2026-07-03 04:27:00,2026-07-03 04:25:00,2026-07-03 04:26:00,3,37,86,1.0,0.8,10,required,closed_all,1.2,1.2
BUY,4187.79,4183.72381,4191.04295,4191.04295,3.25295,0.8,3.52,0.85,TARGET,2026-07-05 22:15:00,2026-07-05 22:13:00,2026-07-05 22:14:00,3,37,86,1.0,0.8,10,required,closed_all,1.2,1.2
BUY,4185.64,4182.01471,4188.54024,4188.54024,2.90024,0.8,4.02,1.32,TARGET,2026-07-05 22:28:00,2026-07-05 22:25:00,2026-07-05 22:26:00,3,37,86,1.0,0.8,10,required,closed_all,1.2,1.2
BUY,4187.16,4183.5908,4190.01536,4190.01536,2.85536,0.8,4.41,2.59,TARGET,2026-07-05 22:30:00,2026-07-05 22:26:00,2026-07-05 22:27:00,3,37,86,1.0,0.8,10,required,closed_all,1.2,1.2
BUY,4188.14,4184.57074,4190.99541,4190.99541,2.85541,0.8,3.43,2.27,TARGET,2026-07-05 22:30:00,2026-07-05 22:27:00,2026-07-05 22:28:00,3,37,86,1.0,0.8,10,required,closed_all,1.2,1.2
BUY,4161.96,4160.94054,4162.77557,4162.77557,0.81557,0.8,1.28,0.57,TARGET,2026-07-06 16:29:00,2026-07-06 16:23:00,2026-07-06 16:24:00,3,37,86,1.0,0.8,10,required,closed_all,1.2,1.2
BUY,4127.19,4125.04332,4128.90735,4128.90735,1.71735,0.8,2.97,0.59,TARGET,2026-07-08 02:38:00,2026-07-08 02:36:00,2026-07-08 02:37:00,3,37,86,1.0,0.8,10,required,closed_all,1.2,1.2
BUY,4128.26,4126.14808,4129.94954,4129.94954,1.68954,0.8,1.9,1.34,TARGET,2026-07-08 02:38:00,2026-07-08 02:37:00,2026-07-08 02:38:00,3,37,86,1.0,0.8,10,required,closed_all,1.2,1.2
BUY,4128.02,4126.13207,4129.53035,4126.13207,-1.88793,-1.0,1.17,3.48,STOP,2026-07-08 03:02:00,2026-07-08 02:56:00,2026-07-08 02:57:00,3,37,86,1.0,0.8,10,required,closed_all,1.2,1.2
BUY,4128.6,4126.31989,4130.42409,4130.42409,1.82409,0.8,2.11,0.49,TARGET,2026-07-02 20:55:00,2026-07-02 20:54:00,2026-07-02 20:55:00,4,30,66,1.0,0.8,20,required,closed_all,1.8,0.8
BUY,4187.16,4183.5908,4190.01536,4190.01536,2.85536,0.8,4.41,2.59,TARGET,2026-07-05 22:30:00,2026-07-05 22:26:00,2026-07-05 22:27:00,4,30,66,1.0,0.8,20,required,closed_all,1.8,0.8
BUY,4161.96,4160.94054,4162.77557,4162.77557,0.81557,0.8,1.28,0.57,TARGET,2026-07-06 16:29:00,2026-07-06 16:23:00,2026-07-06 16:24:00,4,30,66,1.0,0.8,20,required,closed_all,1.8,0.8
BUY,4162.82,4161.66122,4163.74703,4163.74703,0.92703,0.8,0.98,0.81,TARGET,2026-07-06 16:59:00,2026-07-06 16:58:00,2026-07-06 16:59:00,4,30,66,1.0,0.8,20,required,closed_all,1.8,0.8
BUY,4128.26,4126.14808,4129.94954,4129.94954,1.68954,0.8,1.9,1.34,TARGET,2026-07-08 02:38:00,2026-07-08 02:37:00,2026-07-08 02:38:00,4,30,66,1.0,0.8,20,required,closed_all,1.8,0.8
BUY,4128.02,4126.13207,4129.53035,4126.13207,-1.88793,-1.0,1.17,3.48,STOP,2026-07-08 03:02:00,2026-07-08 02:56:00,2026-07-08 02:57:00,4,30,66,1.0,0.8,20,required,closed_all,1.8,0.8
BUY,4185.64,4179.83953,4188.54024,4188.54024,2.90024,0.5,4.02,1.32,TARGET,2026-07-05 22:28:00,2026-07-05 22:25:00,2026-07-05 22:26:00,7,30,63,1.6,0.8,5,required,closed_all,0.8,0.8
BUY,4187.16,4181.44928,4190.01536,4190.01536,2.85536,0.5,4.41,2.59,TARGET,2026-07-05 22:30:00,2026-07-05 22:26:00,2026-07-05 22:27:00,7,30,63,1.6,0.8,5,required,closed_all,0.8,0.8
BUY,4126.3,4123.54652,4127.67674,4127.67674,1.37674,0.5,1.85,1.93,TARGET,2026-07-08 01:32:00,2026-07-08 01:27:00,2026-07-08 01:28:00,7,30,63,1.6,0.8,5,required,closed_all,0.8,0.8
BUY,4128.89,4124.32046,4131.74596,4131.74596,2.85596,0.625,6.43,2.32,TARGET,2026-07-02 21:13:00,2026-07-02 21:09:00,2026-07-02 21:10:00,6,27,96,1.6,1.0,20,required,closed_all,1.2,1.2
BUY,4173.66,4170.58427,4175.58233,4175.58233,1.92233,0.625,3.09,0.53,TARGET,2026-07-03 04:05:00,2026-07-03 04:03:00,2026-07-03 04:04:00,6,27,96,1.6,1.0,20,required,closed_all,1.2,1.2
BUY,4187.79,4181.2841,4191.85619,4191.85619,4.06619,0.625,4.99,0.85,TARGET,2026-07-05 22:16:00,2026-07-05 22:13:00,2026-07-05 22:14:00,6,27,96,1.6,1.0,20,required,closed_all,1.2,1.2
BUY,4185.64,4179.83953,4189.26529,4189.26529,3.62529,0.625,4.02,1.32,TARGET,2026-07-05 22:28:00,2026-07-05 22:25:00,2026-07-05 22:26:00,6,27,96,1.6,1.0,20,required,closed_all,1.2,1.2
BUY,4187.16,4181.44928,4190.7292,4190.7292,3.5692,0.625,4.41,2.59,TARGET,2026-07-05 22:30:00,2026-07-05 22:26:00,2026-07-05 22:27:00,6,27,96,1.6,1.0,20,required,closed_all,1.2,1.2
BUY,4188.14,4182.42919,4191.70926,4191.70926,3.56926,0.625,6.24,2.27,TARGET,2026-07-05 22:32:00,2026-07-05 22:27:00,2026-07-05 22:28:00,6,27,96,1.6,1.0,20,required,closed_all,1.2,1.2
BUY,4129.43,4125.84699,4132.34119,4126.28,-3.15,-0.87915,1.25,3.19,TIME_EXIT,2026-07-02 20:52:00,2026-07-02 20:47:00,2026-07-02 20:48:00,6,25,62,1.6,1.3,5,warning_only,closed_all,1.2,2.0
BUY,4130.59,4127.07664,4133.44461,4127.07664,-3.51336,-1.0,0.09,4.35,STOP,2026-07-02 20:52:00,2026-07-02 20:48:00,2026-07-02 20:49:00,6,25,62,1.6,1.3,5,warning_only,closed_all,1.2,2.0
BUY,4130.63,4127.13673,4133.46828,4127.13673,-3.49327,-1.0,0.05,4.39,STOP,2026-07-02 20:52:00,2026-07-02 20:49:00,2026-07-02 20:50:00,6,25,62,1.6,1.3,5,warning_only,closed_all,1.2,2.0
BUY,4128.89,4124.32046,4132.60275,4132.60275,3.71275,0.8125,6.43,2.32,TARGET,2026-07-02 21:13:00,2026-07-02 21:09:00,2026-07-02 21:10:00,6,25,62,1.6,1.3,5,warning_only,closed_all,1.2,2.0
BUY,4134.23,4129.57711,4138.01047,4138.01047,3.78047,0.8125,4.27,1.31,TARGET,2026-07-02 21:22:00,2026-07-02 21:17:00,2026-07-02 21:18:00,6,25,62,1.6,1.3,5,warning_only,closed_all,1.2,2.0
BUY,4135.16,4130.58346,4138.87844,4138.87844,3.71844,0.8125,5.73,1.83,TARGET,2026-07-02 21:23:00,2026-07-02 21:18:00,2026-07-02 21:19:00,6,25,62,1.6,1.3,5,warning_only,closed_all,1.2,2.0
BUY,4181.41,4178.19078,4184.02562,4184.02562,2.61562,0.8125,4.06,2.17,TARGET,2026-07-02 23:38:00,2026-07-02 23:33:00,2026-07-02 23:34:00,6,25,62,1.6,1.3,5,warning_only,closed_all,1.2,2.0
BUY,4183.58,4180.30516,4186.24081,4186.24081,2.66081,0.8125,3.02,1.32,TARGET,2026-07-02 23:57:00,2026-07-02 23:52:00,2026-07-02 23:53:00,6,25,62,1.6,1.3,5,warning_only,closed_all,1.2,2.0
BUY,4183.17,4180.31953,4185.48601,4182.18,-0.99,-0.34731,0.61,1.8,TIME_EXIT,2026-07-03 00:18:00,2026-07-03 00:13:00,2026-07-03 00:14:00,6,25,62,1.6,1.3,5,warning_only,closed_all,1.2,2.0
BUY,4180.51,4178.41182,4182.21477,4178.41182,-2.09818,-1.0,0.56,2.42,STOP,2026-07-03 02:10:00,2026-07-03 02:06:00,2026-07-03 02:07:00,6,25,62,1.6,1.3,5,warning_only,closed_all,1.2,2.0
BUY,4172.87,4169.73657,4175.41591,4173.89,1.02,0.32552,1.51,1.48,TIME_EXIT,2026-07-03 03:53:00,2026-07-03 03:48:00,2026-07-03 03:49:00,6,25,62,1.6,1.3,5,warning_only,closed_all,1.2,2.0
BUY,4173.66,4170.62353,4176.12713,4173.01,-0.65,-0.21406,0.72,2.27,TIME_EXIT,2026-07-03 03:54:00,2026-07-03 03:49:00,2026-07-03 03:50:00,6,25,62,1.6,1.3,5,warning_only,closed_all,1.2,2.0
BUY,4173.47,4170.54667,4175.84521,4171.55,-1.92,-0.65678,0.91,2.68,TIME_EXIT,2026-07-03 03:57:00,2026-07-03 03:52:00,2026-07-03 03:53:00,6,25,62,1.6,1.3,5,warning_only,closed_all,1.2,2.0
BUY,4173.66,4170.58427,4176.15903,4176.15903,2.49903,0.8125,3.09,0.53,TARGET,2026-07-03 04:05:00,2026-07-03 04:03:00,2026-07-03 04:04:00,6,25,62,1.6,1.3,5,warning_only,closed_all,1.2,2.0
BUY,4174.9,4171.84168,4177.38488,4177.38488,2.48488,0.8125,3.26,0.44,TARGET,2026-07-03 04:06:00,2026-07-03 04:04:00,2026-07-03 04:05:00,6,25,62,1.6,1.3,5,warning_only,closed_all,1.2,2.0
BUY,4175.29,4172.52248,4177.53861,4177.53861,2.24861,0.8125,2.93,1.62,TARGET,2026-07-03 04:34:00,2026-07-03 04:29:00,2026-07-03 04:30:00,6,25,62,1.6,1.3,5,warning_only,closed_all,1.2,2.0
BUY,4175.84,4172.92378,4178.20943,4178.20943,2.36943,0.8125,2.38,0.95,TARGET,2026-07-03 04:34:00,2026-07-03 04:32:00,2026-07-03 04:33:00,6,25,62,1.6,1.3,5,warning_only,closed_all,1.2,2.0
BUY,4175.91,4173.08551,4178.2049,4178.2049,2.2949,0.8125,2.31,0.27,TARGET,2026-07-03 04:34:00,2026-07-03 04:33:00,2026-07-03 04:34:00,6,25,62,1.6,1.3,5,warning_only,closed_all,1.2,2.0
BUY,4179.44,4177.55749,4180.96954,4177.55749,-1.88251,-1.0,0.1,2.02,STOP,2026-07-03 08:07:00,2026-07-03 08:05:00,2026-07-03 08:06:00,6,25,62,1.6,1.3,5,warning_only,closed_all,1.2,2.0
BUY,4189.53,4186.84032,4191.71537,4189.57,0.04,0.01487,1.61,0.37,TIME_EXIT,2026-07-05 20:25:00,2026-07-05 20:20:00,2026-07-05 20:21:00,6,25,62,1.6,1.3,5,warning_only,closed_all,1.2,2.0
BUY,4188.13,4184.16643,4191.3504,4184.16643,-3.96357,-1.0,0.69,4.93,STOP,2026-07-05 21:49:00,2026-07-05 21:45:00,2026-07-05 21:46:00,6,25,62,1.6,1.3,5,warning_only,closed_all,1.2,2.0
BUY,4187.79,4181.2841,4193.07604,4185.81,-1.98,-0.30434,4.99,3.57,TIME_EXIT,2026-07-05 22:18:00,2026-07-05 22:13:00,2026-07-05 22:14:00,6,25,62,1.6,1.3,5,warning_only,closed_all,1.2,2.0
BUY,4189.3,4182.98909,4194.42761,4188.63,-0.67,-0.10617,3.48,5.08,TIME_EXIT,2026-07-05 22:19:00,2026-07-05 22:14:00,2026-07-05 22:15:00,6,25,62,1.6,1.3,5,warning_only,closed_all,1.2,2.0
BUY,4191.31,4185.1093,4196.34807,4185.1093,-6.2007,-1.0,1.47,7.09,STOP,2026-07-05 22:18:00,2026-07-05 22:15:00,2026-07-05 22:16:00,6,25,62,1.6,1.3,5,warning_only,closed_all,1.2,2.0
BUY,4188.85,4182.74196,4193.81278,4182.74196,-6.10804,-1.0,1.62,7.36,STOP,2026-07-05 22:22:00,2026-07-05 22:19:00,2026-07-05 22:20:00,6,25,62,1.6,1.3,5,warning_only,closed_all,1.2,2.0
BUY,4187.16,4181.44928,4191.79996,4190.48,3.32,0.58136,4.41,2.59,TIME_EXIT,2026-07-05 22:31:00,2026-07-05 22:26:00,2026-07-05 22:27:00,6,25,62,1.6,1.3,5,warning_only,closed_all,1.2,2.0
BUY,4188.14,4182.42919,4192.78004,4192.78004,4.64004,0.8125,6.24,2.27,TARGET,2026-07-05 22:32:00,2026-07-05 22:27:00,2026-07-05 22:28:00,6,25,62,1.6,1.3,5,warning_only,closed_all,1.2,2.0
BUY,4189.71,4184.0911,4194.27535,4194.27535,4.56535,0.8125,4.67,2.34,TARGET,2026-07-05 22:32:00,2026-07-05 22:29:00,2026-07-05 22:30:00,6,25,62,1.6,1.3,5,warning_only,closed_all,1.2,2.0
BUY,4190.51,4184.91656,4195.05467,4195.05467,4.54467,0.8125,7.26,1.33,TARGET,2026-07-05 22:34:00,2026-07-05 22:31:00,2026-07-05 22:32:00,6,25,62,1.6,1.3,5,warning_only,closed_all,1.2,2.0
BUY,4155.65,4153.41317,4157.46743,4157.46743,1.81743,0.8125,2.6,1.93,TARGET,2026-07-06 09:03:00,2026-07-06 08:59:00,2026-07-06 09:00:00,6,25,62,1.6,1.3,5,warning_only,closed_all,1.2,2.0
BUY,4156.96,4154.56698,4158.90433,4157.99,1.03,0.43042,1.29,1.48,TIME_EXIT,2026-07-06 09:06:00,2026-07-06 09:01:00,2026-07-06 09:02:00,6,25,62,1.6,1.3,5,warning_only,closed_all,1.2,2.0
BUY,4156.92,4154.51301,4158.87568,4154.7,-2.22,-0.92231,1.31,2.28,TIME_EXIT,2026-07-06 09:10:00,2026-07-06 09:05:00,2026-07-06 09:06:00,6,25,62,1.6,1.3,5,warning_only,closed_all,1.2,2.0
BUY,4148.59,4145.97852,4150.71182,4145.97852,-2.61148,-1.0,0.0,2.96,STOP,2026-07-06 13:00:00,2026-07-06 12:58:00,2026-07-06 12:59:00,6,25,62,1.6,1.3,5,warning_only,closed_all,1.2,2.0
BUY,4147.62,4145.21705,4149.5724,4148.36,0.74,0.30796,0.94,0.97,TIME_EXIT,2026-07-06 13:36:00,2026-07-06 13:31:00,2026-07-06 13:32:00,6,25,62,1.6,1.3,5,warning_only,closed_all,1.2,2.0
BUY,4147.29,4145.00586,4149.14586,4149.14586,1.85586,0.8125,2.22,0.29,TARGET,2026-07-06 13:37:00,2026-07-06 13:35:00,2026-07-06 13:36:00,6,25,62,1.6,1.3,5,warning_only,closed_all,1.2,2.0
BUY,4162.39,4160.8541,4163.63792,4162.71,0.32,0.20835,0.85,1.05,TIME_EXIT,2026-07-06 16:31:00,2026-07-06 16:26:00,2026-07-06 16:27:00,6,25,62,1.6,1.3,5,warning_only,closed_all,1.2,2.0
BUY,4162.71,4161.16429,4163.96589,4161.74,-0.97,-0.62754,0.53,1.37,TIME_EXIT,2026-07-06 16:33:00,2026-07-06 16:28:00,2026-07-06 16:29:00,6,25,62,1.6,1.3,5,warning_only,closed_all,1.2,2.0
BUY,4162.96,4161.88617,4163.83249,4163.83249,0.87249,0.8125,1.44,0.59,TARGET,2026-07-06 17:33:00,2026-07-06 17:28:00,2026-07-06 17:29:00,6,25,62,1.6,1.3,5,warning_only,closed_all,1.2,2.0
BUY,4163.33,4162.3802,4164.10171,4164.10171,0.77171,0.8125,0.82,0.2,TARGET,2026-07-06 17:51:00,2026-07-06 17:47:00,2026-07-06 17:48:00,6,25,62,1.6,1.3,5,warning_only,closed_all,1.2,2.0
BUY,4166.33,4165.26134,4167.19829,4167.19829,0.86829,0.8125,1.17,0.3,TARGET,2026-07-06 19:32:00,2026-07-06 19:30:00,2026-07-06 19:31:00,6,25,62,1.6,1.3,5,warning_only,closed_all,1.2,2.0
BUY,4131.76,4128.90519,4134.07953,4128.90519,-2.85481,-1.0,1.89,3.65,STOP,2026-07-07 06:47:00,2026-07-07 06:43:00,2026-07-07 06:44:00,6,25,62,1.6,1.3,5,warning_only,closed_all,1.2,2.0
BUY,4130.22,4127.32246,4132.57425,4131.13,0.91,0.31406,2.06,0.77,TIME_EXIT,2026-07-07 06:59:00,2026-07-07 06:54:00,2026-07-07 06:55:00,6,25,62,1.6,1.3,5,warning_only,closed_all,1.2,2.0
BUY,4130.25,4127.468,4132.51037,4132.51037,2.26037,0.8125,3.52,0.58,TARGET,2026-07-07 07:00:00,2026-07-07 06:55:00,2026-07-07 06:56:00,6,25,62,1.6,1.3,5,warning_only,closed_all,1.2,2.0
BUY,4131.98,4129.20618,4134.23373,4132.65,0.67,0.24154,1.79,1.04,TIME_EXIT,2026-07-07 07:03:00,2026-07-07 06:58:00,2026-07-07 06:59:00,6,25,62,1.6,1.3,5,warning_only,closed_all,1.2,2.0
BUY,4132.27,4129.5119,4134.51096,4133.18,0.91,0.32994,1.58,0.43,TIME_EXIT,2026-07-07 07:07:00,2026-07-07 07:02:00,2026-07-07 07:03:00,6,25,62,1.6,1.3,5,warning_only,closed_all,1.2,2.0
BUY,4133.13,4130.62677,4135.16387,4132.98,-0.15,-0.05992,0.81,0.93,TIME_EXIT,2026-07-07 07:11:00,2026-07-07 07:06:00,2026-07-07 07:07:00,6,25,62,1.6,1.3,5,warning_only,closed_all,1.2,2.0
BUY,4133.2,4130.77183,4135.17289,4135.17289,1.97289,0.8125,3.45,0.66,TARGET,2026-07-07 07:18:00,2026-07-07 07:15:00,2026-07-07 07:16:00,6,25,62,1.6,1.3,5,warning_only,closed_all,1.2,2.0
BUY,4133.6,4131.22413,4135.5304,4135.5304,1.9304,0.8125,3.05,0.39,TARGET,2026-07-07 07:18:00,2026-07-07 07:16:00,2026-07-07 07:17:00,6,25,62,1.6,1.3,5,warning_only,closed_all,1.2,2.0
BUY,4136.9,4134.58227,4138.78316,4138.78316,1.88316,0.8125,5.16,0.04,TARGET,2026-07-07 08:18:00,2026-07-07 08:17:00,2026-07-07 08:18:00,6,25,62,1.6,1.3,5,warning_only,closed_all,1.2,2.0
BUY,4170.2,4165.22018,4174.2461,4171.55,1.35,0.27109,2.2,2.2,TIME_EXIT,2026-07-07 10:21:00,2026-07-07 10:16:00,2026-07-07 10:17:00,6,25,62,1.6,1.3,5,warning_only,closed_all,1.2,2.0
BUY,4111.35,4106.49944,4115.29108,4107.24,-4.11,-0.84733,0.45,4.65,TIME_EXIT,2026-07-07 23:02:00,2026-07-07 22:57:00,2026-07-07 22:58:00,6,25,62,1.6,1.3,5,warning_only,closed_all,1.2,2.0
BUY,4108.98,4104.75303,4112.41441,4112.41441,3.43441,0.8125,6.37,0.87,TARGET,2026-07-07 23:07:00,2026-07-07 23:05:00,2026-07-07 23:06:00,6,25,62,1.6,1.3,5,warning_only,closed_all,1.2,2.0
BUY,4126.3,4123.54652,4128.53721,4126.8,0.5,0.18159,1.85,1.93,TIME_EXIT,2026-07-08 01:32:00,2026-07-08 01:27:00,2026-07-08 01:28:00,6,25,62,1.6,1.3,5,warning_only,closed_all,1.2,2.0
BUY,4127.94,4125.47468,4129.94307,4129.94307,2.00307,0.8125,2.66,0.18,TARGET,2026-07-08 02:05:00,2026-07-08 02:04:00,2026-07-08 02:05:00,6,25,62,1.6,1.3,5,warning_only,closed_all,1.2,2.0
BUY,4128.76,4125.7227,4131.2278,4125.7227,-3.0373,-1.0,0.21,5.07,STOP,2026-07-08 02:21:00,2026-07-08 02:18:00,2026-07-08 02:19:00,6,25,62,1.6,1.3,5,warning_only,closed_all,1.2,2.0
BUY,4128.92,4125.38358,4131.79334,4128.85,-0.07,-0.01979,2.7,1.26,TIME_EXIT,2026-07-08 02:45:00,2026-07-08 02:40:00,2026-07-08 02:41:00,6,25,62,1.6,1.3,5,warning_only,closed_all,1.2,2.0
BUY,4129.73,4126.28046,4132.53275,4129.19,-0.54,-0.15654,1.89,2.07,TIME_EXIT,2026-07-08 02:46:00,2026-07-08 02:41:00,2026-07-08 02:42:00,6,25,62,1.6,1.3,5,warning_only,closed_all,1.2,2.0
BUY,4130.85,4127.58655,4133.50155,4133.50155,2.65155,0.8125,2.66,0.99,TARGET,2026-07-08 03:24:00,2026-07-08 03:21:00,2026-07-08 03:22:00,6,25,62,1.6,1.3,5,warning_only,closed_all,1.2,2.0
BUY,4131.4,4128.26366,4133.94828,4130.37,-1.03,-0.32841,2.11,2.1,TIME_EXIT,2026-07-08 03:28:00,2026-07-08 03:23:00,2026-07-08 03:24:00,6,25,62,1.6,1.3,5,warning_only,closed_all,1.2,2.0
BUY,4070.34,4065.38118,4074.36904,4074.36904,4.02904,0.8125,4.44,0.84,TARGET,2026-07-08 09:40:00,2026-07-08 09:38:00,2026-07-08 09:39:00,6,25,62,1.6,1.3,5,warning_only,closed_all,1.2,2.0
BUY,4078.04,4071.66208,4083.22206,4077.91,-0.13,-0.02038,2.16,3.58,TIME_EXIT,2026-07-08 10:41:00,2026-07-08 10:36:00,2026-07-08 10:37:00,6,25,62,1.6,1.3,5,warning_only,closed_all,1.2,2.0
BUY,4185.64,4180.92712,4189.26529,4189.26529,3.62529,0.76923,4.02,1.32,TARGET,2026-07-05 22:28:00,2026-07-05 22:25:00,2026-07-05 22:26:00,4,32,67,1.3,1.0,20,required,closed_all,1.2,1.2
BUY,4187.16,4182.52004,4190.7292,4190.7292,3.5692,0.76923,4.41,2.59,TARGET,2026-07-05 22:30:00,2026-07-05 22:26:00,2026-07-05 22:27:00,4,32,67,1.3,1.0,20,required,closed_all,1.2,1.2
BUY,4188.14,4183.49996,4191.70926,4191.70926,3.56926,0.76923,6.24,2.27,TARGET,2026-07-05 22:32:00,2026-07-05 22:27:00,2026-07-05 22:28:00,4,32,67,1.3,1.0,20,required,closed_all,1.2,1.2
BUY,4161.96,4160.63471,4162.97946,4162.97946,1.01946,0.76923,1.28,0.57,TARGET,2026-07-06 16:29:00,2026-07-06 16:23:00,2026-07-06 16:24:00,4,32,67,1.3,1.0,20,required,closed_all,1.2,1.2
BUY,4162.39,4161.14208,4163.34994,4161.14208,-1.24792,-1.0,0.85,2.28,STOP,2026-07-06 16:35:00,2026-07-06 16:26:00,2026-07-06 16:27:00,4,32,67,1.3,1.0,20,required,closed_all,1.2,1.2
BUY,4126.3,4124.06279,4128.02093,4128.02093,1.72093,0.76923,1.85,1.93,TARGET,2026-07-08 01:32:00,2026-07-08 01:27:00,2026-07-08 01:28:00,4,32,67,1.3,1.0,20,required,closed_all,1.2,1.2
BUY,4128.26,4125.5145,4130.37192,4130.37192,2.11192,0.76923,2.82,1.7,TARGET,2026-07-08 02:42:00,2026-07-08 02:37:00,2026-07-08 02:38:00,4,32,67,1.3,1.0,20,required,closed_all,1.2,1.2
BUY,4128.92,4126.04666,4131.13026,4131.13026,2.21026,0.76923,2.7,0.64,TARGET,2026-07-08 02:43:00,2026-07-08 02:40:00,2026-07-08 02:41:00,4,32,67,1.3,1.0,20,required,closed_all,1.2,1.2
BUY,4128.02,4125.56569,4129.90793,4125.56569,-2.45431,-1.0,1.17,3.48,STOP,2026-07-08 03:02:00,2026-07-08 02:56:00,2026-07-08 02:57:00,4,32,67,1.3,1.0,20,required,closed_all,1.2,1.2
BUY,4128.89,4126.03404,4131.74596,4131.74596,2.85596,1.0,6.43,2.32,TARGET,2026-07-02 21:13:00,2026-07-02 21:09:00,2026-07-02 21:10:00,7,30,74,1.0,1.0,10,warning_only,closed_all,1.8,0.8
BUY,4185.64,4182.01471,4189.26529,4189.26529,3.62529,1.0,4.02,1.32,TARGET,2026-07-05 22:28:00,2026-07-05 22:25:00,2026-07-05 22:26:00,7,30,74,1.0,1.0,10,warning_only,closed_all,1.8,0.8
BUY,4187.16,4183.5908,4190.7292,4190.7292,3.5692,1.0,4.41,2.59,TARGET,2026-07-05 22:30:00,2026-07-05 22:26:00,2026-07-05 22:27:00,7,30,74,1.0,1.0,10,warning_only,closed_all,1.8,0.8
BUY,4108.98,4106.33815,4111.62185,4111.62185,2.64185,1.0,3.24,0.87,TARGET,2026-07-07 23:06:00,2026-07-07 23:05:00,2026-07-07 23:06:00,7,30,74,1.0,1.0,10,warning_only,closed_all,1.8,0.8
BUY,4127.19,4125.04332,4129.33668,4129.33668,2.14668,1.0,2.97,0.59,TARGET,2026-07-08 02:38:00,2026-07-08 02:36:00,2026-07-08 02:37:00,7,30,74,1.0,1.0,10,warning_only,closed_all,1.8,0.8
BUY,4128.26,4126.14808,4130.37192,4130.37192,2.11192,1.0,2.82,1.7,TARGET,2026-07-08 02:42:00,2026-07-08 02:37:00,2026-07-08 02:38:00,7,30,74,1.0,1.0,10,warning_only,closed_all,1.8,0.8
BUY,4078.04,4074.0538,4082.0262,4074.0538,-3.9862,-1.0,2.16,7.75,STOP,2026-07-08 10:42:00,2026-07-08 10:36:00,2026-07-08 10:37:00,7,30,74,1.0,1.0,10,warning_only,closed_all,1.8,0.8
BUY,4128.89,4126.03404,4131.17477,4131.17477,2.28477,0.8,6.43,2.32,TARGET,2026-07-02 21:13:00,2026-07-02 21:09:00,2026-07-02 21:10:00,6,30,94,1.0,0.8,20,required,closed_all,1.8,1.2
BUY,4173.66,4171.73767,4175.19786,4175.19786,1.53786,0.8,3.09,0.53,TARGET,2026-07-03 04:05:00,2026-07-03 04:03:00,2026-07-03 04:04:00,6,30,94,1.0,0.8,20,required,closed_all,1.8,1.2
BUY,4187.79,4183.72381,4191.04295,4191.04295,3.25295,0.8,3.52,0.85,TARGET,2026-07-05 22:15:00,2026-07-05 22:13:00,2026-07-05 22:14:00,6,30,94,1.0,0.8,20,required,closed_all,1.8,1.2
BUY,4185.64,4182.01471,4188.54024,4188.54024,2.90024,0.8,4.02,1.32,TARGET,2026-07-05 22:28:00,2026-07-05 22:25:00,2026-07-05 22:26:00,6,30,94,1.0,0.8,20,required,closed_all,1.8,1.2
BUY,4187.16,4183.5908,4190.01536,4190.01536,2.85536,0.8,4.41,2.59,TARGET,2026-07-05 22:30:00,2026-07-05 22:26:00,2026-07-05 22:27:00,6,30,94,1.0,0.8,20,required,closed_all,1.8,1.2
BUY,4188.14,4184.57074,4190.99541,4190.99541,2.85541,0.8,3.43,2.27,TARGET,2026-07-05 22:30:00,2026-07-05 22:27:00,2026-07-05 22:28:00,6,30,94,1.0,0.8,20,required,closed_all,1.8,1.2
BUY,4127.19,4125.04332,4128.90735,4128.90735,1.71735,0.8,2.97,0.59,TARGET,2026-07-08 02:38:00,2026-07-08 02:36:00,2026-07-08 02:37:00,6,30,94,1.0,0.8,20,required,closed_all,1.8,1.2
BUY,4128.26,4126.14808,4129.94954,4129.94954,1.68954,0.8,1.9,1.34,TARGET,2026-07-08 02:38:00,2026-07-08 02:37:00,2026-07-08 02:38:00,6,30,94,1.0,0.8,20,required,closed_all,1.8,1.2
BUY,4129.43,4126.51881,4131.66938,4126.51881,-2.91119,-1.0,1.25,3.19,STOP,2026-07-02 20:52:00,2026-07-02 20:47:00,2026-07-02 20:48:00,5,32,64,1.3,1.0,15,required,closed_all,1.2,2.0
BUY,4130.59,4127.73539,4132.78585,4127.73539,-2.85461,-1.0,0.09,3.38,STOP,2026-07-02 20:51:00,2026-07-02 20:48:00,2026-07-02 20:49:00,5,32,64,1.3,1.0,15,required,closed_all,1.2,2.0
BUY,4130.63,4127.79172,4132.81329,4127.79172,-2.83828,-1.0,0.05,3.42,STOP,2026-07-02 20:51:00,2026-07-02 20:49:00,2026-07-02 20:50:00,5,32,64,1.3,1.0,15,required,closed_all,1.2,2.0
BUY,4134.23,4130.44953,4137.13806,4137.13806,2.90806,0.76923,3.54,1.31,TARGET,2026-07-02 21:21:00,2026-07-02 21:17:00,2026-07-02 21:18:00,5,32,64,1.3,1.0,15,required,closed_all,1.2,2.0
BUY,4135.16,4131.44156,4138.02034,4138.02034,2.86034,0.76923,3.34,1.83,TARGET,2026-07-02 21:22:00,2026-07-02 21:18:00,2026-07-02 21:19:00,5,32,64,1.3,1.0,15,required,closed_all,1.2,2.0
BUY,4181.41,4178.79438,4183.42201,4183.42201,2.01201,0.76923,4.06,2.17,TARGET,2026-07-02 23:38:00,2026-07-02 23:33:00,2026-07-02 23:34:00,5,32,64,1.3,1.0,15,required,closed_all,1.2,2.0
BUY,4183.58,4180.91919,4185.62678,4185.62678,2.04678,0.76923,2.36,0.62,TARGET,2026-07-02 23:53:00,2026-07-02 23:52:00,2026-07-02 23:53:00,5,32,64,1.3,1.0,15,required,closed_all,1.2,2.0
BUY,4183.17,4180.85399,4184.95154,4180.85399,-2.31601,-1.0,0.61,3.12,STOP,2026-07-03 00:21:00,2026-07-03 00:13:00,2026-07-03 00:14:00,5,32,64,1.3,1.0,15,required,closed_all,1.2,2.0
BUY,4180.51,4178.80523,4181.82136,4178.80523,-1.70477,-1.0,0.56,2.08,STOP,2026-07-03 02:09:00,2026-07-03 02:06:00,2026-07-03 02:07:00,5,32,64,1.3,1.0,15,required,closed_all,1.2,2.0
BUY,4173.47,4171.09479,4175.29708,4171.09479,-2.37521,-1.0,0.91,2.68,STOP,2026-07-03 03:56:00,2026-07-03 03:52:00,2026-07-03 03:53:00,5,32,64,1.3,1.0,15,required,closed_all,1.2,2.0
BUY,4173.66,4171.16097,4175.58233,4175.58233,1.92233,0.76923,3.09,0.53,TARGET,2026-07-03 04:05:00,2026-07-03 04:03:00,2026-07-03 04:04:00,5,32,64,1.3,1.0,15,required,closed_all,1.2,2.0
BUY,4174.9,4172.41512,4176.81145,4176.81145,1.91145,0.76923,3.26,0.44,TARGET,2026-07-03 04:06:00,2026-07-03 04:04:00,2026-07-03 04:05:00,5,32,64,1.3,1.0,15,required,closed_all,1.2,2.0
BUY,4175.29,4173.04139,4177.0197,4177.0197,1.7297,0.76923,2.93,1.62,TARGET,2026-07-03 04:34:00,2026-07-03 04:29:00,2026-07-03 04:30:00,5,32,64,1.3,1.0,15,required,closed_all,1.2,2.0
BUY,4175.84,4173.47057,4177.66264,4177.66264,1.82264,0.76923,2.38,0.95,TARGET,2026-07-03 04:34:00,2026-07-03 04:32:00,2026-07-03 04:33:00,5,32,64,1.3,1.0,15,required,closed_all,1.2,2.0
BUY,4175.91,4173.6151,4177.6753,4177.6753,1.7653,0.76923,2.31,0.27,TARGET,2026-07-03 04:34:00,2026-07-03 04:33:00,2026-07-03 04:34:00,5,32,64,1.3,1.0,15,required,closed_all,1.2,2.0
BUY,4183.11,4181.06579,4184.68247,4181.06579,-2.04421,-1.0,1.42,2.28,STOP,2026-07-03 05:31:00,2026-07-03 05:29:00,2026-07-03 05:30:00,5,32,64,1.3,1.0,15,required,closed_all,1.2,2.0
BUY,4184.16,4181.92447,4185.87964,4181.92447,-2.23553,-1.0,1.11,3.83,STOP,2026-07-03 05:46:00,2026-07-03 05:44:00,2026-07-03 05:45:00,5,32,64,1.3,1.0,15,required,closed_all,1.2,2.0
BUY,4179.44,4177.91046,4180.61657,4177.91046,-1.52954,-1.0,0.1,2.02,STOP,2026-07-03 08:07:00,2026-07-03 08:05:00,2026-07-03 08:06:00,5,32,64,1.3,1.0,15,required,closed_all,1.2,2.0
BUY,4179.31,4175.99248,4181.86194,4181.86194,2.55194,0.76923,3.12,0.32,TARGET,2026-07-05 19:23:00,2026-07-05 19:20:00,2026-07-05 19:21:00,5,32,64,1.3,1.0,15,required,closed_all,1.2,2.0
BUY,4187.79,4182.50396,4191.85619,4191.85619,4.06619,0.76923,4.99,0.85,TARGET,2026-07-05 22:16:00,2026-07-05 22:13:00,2026-07-05 22:14:00,5,32,64,1.3,1.0,15,required,closed_all,1.2,2.0
BUY,4189.3,4184.17239,4193.24432,4184.17239,-5.12761,-1.0,3.48,6.09,STOP,2026-07-05 22:21:00,2026-07-05 22:14:00,2026-07-05 22:15:00,5,32,64,1.3,1.0,15,required,closed_all,1.2,2.0
BUY,4191.31,4186.27193,4195.18544,4186.27193,-5.03807,-1.0,1.47,5.52,STOP,2026-07-05 22:17:00,2026-07-05 22:15:00,2026-07-05 22:16:00,5,32,64,1.3,1.0,15,required,closed_all,1.2,2.0
BUY,4188.85,4183.88722,4192.66753,4183.88722,-4.96278,-1.0,1.62,5.64,STOP,2026-07-05 22:21:00,2026-07-05 22:19:00,2026-07-05 22:20:00,5,32,64,1.3,1.0,15,required,closed_all,1.2,2.0
BUY,4185.64,4180.92712,4189.26529,4189.26529,3.62529,0.76923,4.02,1.32,TARGET,2026-07-05 22:28:00,2026-07-05 22:25:00,2026-07-05 22:26:00,5,32,64,1.3,1.0,15,required,closed_all,1.2,2.0
BUY,4187.16,4182.52004,4190.7292,4190.7292,3.5692,0.76923,4.41,2.59,TARGET,2026-07-05 22:30:00,2026-07-05 22:26:00,2026-07-05 22:27:00,5,32,64,1.3,1.0,15,required,closed_all,1.2,2.0
BUY,4188.14,4183.49996,4191.70926,4191.70926,3.56926,0.76923,6.24,2.27,TARGET,2026-07-05 22:32:00,2026-07-05 22:27:00,2026-07-05 22:28:00,5,32,64,1.3,1.0,15,required,closed_all,1.2,2.0
BUY,4189.71,4185.14465,4193.22181,4193.22181,3.51181,0.76923,4.67,2.34,TARGET,2026-07-05 22:32:00,2026-07-05 22:29:00,2026-07-05 22:30:00,5,32,64,1.3,1.0,15,required,closed_all,1.2,2.0
BUY,4190.51,4185.96533,4194.0059,4194.0059,3.4959,0.76923,3.87,1.33,TARGET,2026-07-05 22:32:00,2026-07-05 22:31:00,2026-07-05 22:32:00,5,32,64,1.3,1.0,15,required,closed_all,1.2,2.0
BUY,4163.07,4161.70222,4164.12214,4164.12214,1.05214,0.76923,2.19,0.13,TARGET,2026-07-06 16:00:00,2026-07-06 15:55:00,2026-07-06 15:56:00,5,32,64,1.3,1.0,15,required,closed_all,1.2,2.0
BUY,4163.65,4162.31399,4164.6777,4164.6777,1.0277,0.76923,1.61,0.68,TARGET,2026-07-06 16:00:00,2026-07-06 15:56:00,2026-07-06 15:57:00,5,32,64,1.3,1.0,15,required,closed_all,1.2,2.0
BUY,4161.96,4160.63471,4162.97946,4162.97946,1.01946,0.76923,1.28,0.57,TARGET,2026-07-06 16:29:00,2026-07-06 16:23:00,2026-07-06 16:24:00,5,32,64,1.3,1.0,15,required,closed_all,1.2,2.0
BUY,4162.39,4161.14208,4163.34994,4161.14208,-1.24792,-1.0,0.85,2.28,STOP,2026-07-06 16:35:00,2026-07-06 16:26:00,2026-07-06 16:27:00,5,32,64,1.3,1.0,15,required,closed_all,1.2,2.0
BUY,4162.71,4161.45411,4163.67607,4161.45411,-1.25589,-1.0,0.53,1.37,STOP,2026-07-06 16:31:00,2026-07-06 16:28:00,2026-07-06 16:29:00,5,32,64,1.3,1.0,15,required,closed_all,1.2,2.0
BUY,4162.96,4162.08751,4163.63115,4163.63115,0.67115,0.76923,1.44,0.59,TARGET,2026-07-06 17:33:00,2026-07-06 17:28:00,2026-07-06 17:29:00,5,32,64,1.3,1.0,15,required,closed_all,1.2,2.0
BUY,4163.33,4162.55829,4163.92363,4163.92363,0.59363,0.76923,0.82,0.2,TARGET,2026-07-06 17:51:00,2026-07-06 17:47:00,2026-07-06 17:48:00,5,32,64,1.3,1.0,15,required,closed_all,1.2,2.0
BUY,4166.33,4165.46171,4166.99791,4166.99791,0.66791,0.76923,1.17,0.3,TARGET,2026-07-06 19:32:00,2026-07-06 19:30:00,2026-07-06 19:31:00,5,32,64,1.3,1.0,15,required,closed_all,1.2,2.0
BUY,4136.9,4135.01684,4138.34858,4138.34858,1.44858,0.76923,5.16,0.04,TARGET,2026-07-07 08:18:00,2026-07-07 08:17:00,2026-07-07 08:18:00,5,32,64,1.3,1.0,15,required,closed_all,1.2,2.0
BUY,4170.2,4166.1539,4173.31239,4166.1539,-4.0461,-1.0,2.2,4.81,STOP,2026-07-07 10:24:00,2026-07-07 10:16:00,2026-07-07 10:17:00,5,32,64,1.3,1.0,15,required,closed_all,1.2,2.0
BUY,4127.37,4124.8358,4129.31938,4124.8358,-2.5342,-1.0,0.01,2.66,STOP,2026-07-08 01:25:00,2026-07-08 01:22:00,2026-07-08 01:23:00,5,32,64,1.3,1.0,15,required,closed_all,1.2,2.0
BUY,4126.3,4124.06279,4128.02093,4128.02093,1.72093,0.76923,1.85,1.93,TARGET,2026-07-08 01:32:00,2026-07-08 01:27:00,2026-07-08 01:28:00,5,32,64,1.3,1.0,15,required,closed_all,1.2,2.0
BUY,4127.94,4125.93693,4129.48082,4129.48082,1.54082,0.76923,2.66,0.18,TARGET,2026-07-08 02:05:00,2026-07-08 02:04:00,2026-07-08 02:05:00,5,32,64,1.3,1.0,15,required,closed_all,1.2,2.0
BUY,4128.26,4125.5145,4130.37192,4130.37192,2.11192,0.76923,2.82,1.7,TARGET,2026-07-08 02:42:00,2026-07-08 02:37:00,2026-07-08 02:38:00,5,32,64,1.3,1.0,15,required,closed_all,1.2,2.0
BUY,4128.92,4126.04666,4131.13026,4131.13026,2.21026,0.76923,2.7,0.64,TARGET,2026-07-08 02:43:00,2026-07-08 02:40:00,2026-07-08 02:41:00,5,32,64,1.3,1.0,15,required,closed_all,1.2,2.0
BUY,4129.73,4126.92725,4131.88596,4126.92725,-2.80275,-1.0,1.89,4.18,STOP,2026-07-08 02:48:00,2026-07-08 02:41:00,2026-07-08 02:42:00,5,32,64,1.3,1.0,15,required,closed_all,1.2,2.0
BUY,4130.85,4128.19845,4132.88966,4132.88966,2.03966,0.76923,2.66,0.99,TARGET,2026-07-08 03:24:00,2026-07-08 03:21:00,2026-07-08 03:22:00,5,32,64,1.3,1.0,15,required,closed_all,1.2,2.0
BUY,4131.4,4128.85172,4133.36021,4133.36021,1.96021,0.76923,2.11,0.44,TARGET,2026-07-08 03:24:00,2026-07-08 03:23:00,2026-07-08 03:24:00,5,32,64,1.3,1.0,15,required,closed_all,1.2,2.0
BUY,4128.6,4126.31989,4130.42409,4130.42409,1.82409,0.8,2.11,0.49,TARGET,2026-07-02 20:55:00,2026-07-02 20:54:00,2026-07-02 20:55:00,8,28,76,1.0,0.8,15,warning_only,closed_all,1.8,1.2
BUY,4128.89,4126.03404,4131.17477,4131.17477,2.28477,0.8,6.43,2.32,TARGET,2026-07-02 21:13:00,2026-07-02 21:09:00,2026-07-02 21:10:00,8,28,76,1.0,0.8,15,warning_only,closed_all,1.8,1.2
BUY,4187.79,4183.72381,4191.04295,4191.04295,3.25295,0.8,3.52,0.85,TARGET,2026-07-05 22:15:00,2026-07-05 22:13:00,2026-07-05 22:14:00,8,28,76,1.0,0.8,15,warning_only,closed_all,1.8,1.2
BUY,4185.64,4182.01471,4188.54024,4188.54024,2.90024,0.8,4.02,1.32,TARGET,2026-07-05 22:28:00,2026-07-05 22:25:00,2026-07-05 22:26:00,8,28,76,1.0,0.8,15,warning_only,closed_all,1.8,1.2
BUY,4187.16,4183.5908,4190.01536,4190.01536,2.85536,0.8,4.41,2.59,TARGET,2026-07-05 22:30:00,2026-07-05 22:26:00,2026-07-05 22:27:00,8,28,76,1.0,0.8,15,warning_only,closed_all,1.8,1.2
BUY,4188.14,4184.57074,4190.99541,4190.99541,2.85541,0.8,3.43,2.27,TARGET,2026-07-05 22:30:00,2026-07-05 22:27:00,2026-07-05 22:28:00,8,28,76,1.0,0.8,15,warning_only,closed_all,1.8,1.2
BUY,4130.25,4128.51125,4131.641,4131.641,1.391,0.8,1.85,0.58,TARGET,2026-07-07 06:56:00,2026-07-07 06:55:00,2026-07-07 06:56:00,8,28,76,1.0,0.8,15,warning_only,closed_all,1.8,1.2
BUY,4108.98,4106.33815,4111.09348,4111.09348,2.11348,0.8,3.24,0.87,TARGET,2026-07-07 23:06:00,2026-07-07 23:05:00,2026-07-07 23:06:00,8,28,76,1.0,0.8,15,warning_only,closed_all,1.8,1.2
BUY,4112.22,4109.47328,4114.41738,4114.41738,2.19738,0.8,3.13,2.12,TARGET,2026-07-07 23:07:00,2026-07-07 23:06:00,2026-07-07 23:07:00,8,28,76,1.0,0.8,15,warning_only,closed_all,1.8,1.2
BUY,4126.98,4125.14792,4128.44567,4125.14792,-1.83208,-1.0,0.19,2.61,STOP,2026-07-08 01:30:00,2026-07-08 01:25:00,2026-07-08 01:26:00,8,28,76,1.0,0.8,15,warning_only,closed_all,1.8,1.2
BUY,4126.3,4124.57907,4127.67674,4124.57907,-1.72093,-1.0,0.82,1.93,STOP,2026-07-08 01:30:00,2026-07-08 01:27:00,2026-07-08 01:28:00,8,28,76,1.0,0.8,15,warning_only,closed_all,1.8,1.2
BUY,4126.29,4124.66262,4127.59191,4124.66262,-1.62738,-1.0,0.83,1.92,STOP,2026-07-08 01:30:00,2026-07-08 01:29:00,2026-07-08 01:30:00,8,28,76,1.0,0.8,15,warning_only,closed_all,1.8,1.2
BUY,4127.05,4125.49483,4128.29413,4125.49483,-1.55517,-1.0,0.35,2.05,STOP,2026-07-08 02:03:00,2026-07-08 02:00:00,2026-07-08 02:01:00,8,28,76,1.0,0.8,15,warning_only,closed_all,1.8,1.2
BUY,4128.76,4126.86169,4130.27865,4126.86169,-1.89831,-1.0,0.21,2.44,STOP,2026-07-08 02:20:00,2026-07-08 02:18:00,2026-07-08 02:19:00,8,28,76,1.0,0.8,15,warning_only,closed_all,1.8,1.2
BUY,4127.19,4125.04332,4128.90735,4128.90735,1.71735,0.8,2.97,0.59,TARGET,2026-07-08 02:38:00,2026-07-08 02:36:00,2026-07-08 02:37:00,8,28,76,1.0,0.8,15,warning_only,closed_all,1.8,1.2
BUY,4128.26,4126.14808,4129.94954,4129.94954,1.68954,0.8,1.9,1.34,TARGET,2026-07-08 02:38:00,2026-07-08 02:37:00,2026-07-08 02:38:00,8,28,76,1.0,0.8,15,warning_only,closed_all,1.8,1.2
BUY,4128.92,4126.70974,4130.68821,4130.68821,1.76821,0.8,2.16,0.64,TARGET,2026-07-08 02:42:00,2026-07-08 02:40:00,2026-07-08 02:41:00,8,28,76,1.0,0.8,15,warning_only,closed_all,1.8,1.2
BUY,4078.04,4074.0538,4081.22896,4074.0538,-3.9862,-1.0,2.16,7.75,STOP,2026-07-08 10:42:00,2026-07-08 10:36:00,2026-07-08 10:37:00,8,28,76,1.0,0.8,15,warning_only,closed_all,1.8,1.2
BUY,4185.64,4180.92712,4190.35288,4190.35288,4.71288,1.0,5.93,1.32,TARGET,2026-07-05 22:30:00,2026-07-05 22:25:00,2026-07-05 22:26:00,6,30,88,1.3,1.3,20,required,closed_all,0.8,0.8
BUY,4187.16,4182.52004,4191.79996,4191.79996,4.63996,1.0,7.22,2.59,TARGET,2026-07-05 22:32:00,2026-07-05 22:26:00,2026-07-05 22:27:00,6,30,88,1.3,1.3,20,required,closed_all,0.8,0.8
BUY,4127.19,4124.39931,4129.98069,4129.98069,2.79069,1.0,2.97,0.59,TARGET,2026-07-08 02:38:00,2026-07-08 02:36:00,2026-07-08 02:37:00,6,30,88,1.3,1.3,20,required,closed_all,0.8,0.8
BUY,4128.26,4125.5145,4131.0055,4131.0055,2.7455,1.0,2.82,1.7,TARGET,2026-07-08 02:42:00,2026-07-08 02:37:00,2026-07-08 02:38:00,6,30,88,1.3,1.3,20,required,closed_all,0.8,0.8
BUY,4187.16,4183.5908,4190.7292,4190.7292,3.5692,1.0,4.41,2.59,TARGET,2026-07-05 22:30:00,2026-07-05 22:26:00,2026-07-05 22:27:00,5,28,78,1.0,1.0,15,required,closed_all,0.8,1.2
BUY,4127.19,4125.04332,4129.33668,4129.33668,2.14668,1.0,2.97,0.59,TARGET,2026-07-08 02:38:00,2026-07-08 02:36:00,2026-07-08 02:37:00,5,28,78,1.0,1.0,15,required,closed_all,0.8,1.2
BUY,4128.26,4126.14808,4130.37192,4130.37192,2.11192,1.0,2.82,1.7,TARGET,2026-07-08 02:42:00,2026-07-08 02:37:00,2026-07-08 02:38:00,5,28,78,1.0,1.0,15,required,closed_all,0.8,1.2
BUY,4134.23,4130.44953,4137.13806,4137.13806,2.90806,0.76923,3.54,1.31,TARGET,2026-07-02 21:21:00,2026-07-02 21:17:00,2026-07-02 21:18:00,5,23,89,1.3,1.0,10,required,closed_all,1.2,2.0
BUY,4180.51,4178.80523,4181.82136,4178.80523,-1.70477,-1.0,0.56,2.08,STOP,2026-07-03 02:09:00,2026-07-03 02:06:00,2026-07-03 02:07:00,5,23,89,1.3,1.0,10,required,closed_all,1.2,2.0
BUY,4173.47,4171.09479,4175.29708,4171.09479,-2.37521,-1.0,0.91,2.68,STOP,2026-07-03 03:56:00,2026-07-03 03:52:00,2026-07-03 03:53:00,5,23,89,1.3,1.0,10,required,closed_all,1.2,2.0
BUY,4173.66,4171.16097,4175.58233,4175.58233,1.92233,0.76923,3.09,0.53,TARGET,2026-07-03 04:05:00,2026-07-03 04:03:00,2026-07-03 04:04:00,5,23,89,1.3,1.0,10,required,closed_all,1.2,2.0
BUY,4174.9,4172.41512,4176.81145,4176.81145,1.91145,0.76923,3.26,0.44,TARGET,2026-07-03 04:06:00,2026-07-03 04:04:00,2026-07-03 04:05:00,5,23,89,1.3,1.0,10,required,closed_all,1.2,2.0
BUY,4175.29,4173.04139,4177.0197,4177.0197,1.7297,0.76923,2.93,1.62,TARGET,2026-07-03 04:34:00,2026-07-03 04:29:00,2026-07-03 04:30:00,5,23,89,1.3,1.0,10,required,closed_all,1.2,2.0
BUY,4175.84,4173.47057,4177.66264,4177.66264,1.82264,0.76923,2.38,0.95,TARGET,2026-07-03 04:34:00,2026-07-03 04:32:00,2026-07-03 04:33:00,5,23,89,1.3,1.0,10,required,closed_all,1.2,2.0
BUY,4175.91,4173.6151,4177.6753,4177.6753,1.7653,0.76923,2.31,0.27,TARGET,2026-07-03 04:34:00,2026-07-03 04:33:00,2026-07-03 04:34:00,5,23,89,1.3,1.0,10,required,closed_all,1.2,2.0
BUY,4179.44,4177.91046,4180.61657,4177.91046,-1.52954,-1.0,0.1,2.02,STOP,2026-07-03 08:07:00,2026-07-03 08:05:00,2026-07-03 08:06:00,5,23,89,1.3,1.0,10,required,closed_all,1.2,2.0
BUY,4187.79,4182.50396,4191.85619,4191.85619,4.06619,0.76923,4.99,0.85,TARGET,2026-07-05 22:16:00,2026-07-05 22:13:00,2026-07-05 22:14:00,5,23,89,1.3,1.0,10,required,closed_all,1.2,2.0
BUY,4189.3,4184.17239,4193.24432,4184.17239,-5.12761,-1.0,3.48,6.09,STOP,2026-07-05 22:21:00,2026-07-05 22:14:00,2026-07-05 22:15:00,5,23,89,1.3,1.0,10,required,closed_all,1.2,2.0
BUY,4191.31,4186.27193,4195.18544,4186.27193,-5.03807,-1.0,1.47,5.52,STOP,2026-07-05 22:17:00,2026-07-05 22:15:00,2026-07-05 22:16:00,5,23,89,1.3,1.0,10,required,closed_all,1.2,2.0
BUY,4188.85,4183.88722,4192.66753,4183.88722,-4.96278,-1.0,1.62,5.64,STOP,2026-07-05 22:21:00,2026-07-05 22:19:00,2026-07-05 22:20:00,5,23,89,1.3,1.0,10,required,closed_all,1.2,2.0
BUY,4188.14,4183.49996,4191.70926,4191.70926,3.56926,0.76923,6.24,2.27,TARGET,2026-07-05 22:32:00,2026-07-05 22:27:00,2026-07-05 22:28:00,5,23,89,1.3,1.0,10,required,closed_all,1.2,2.0
BUY,4189.71,4185.14465,4193.22181,4193.22181,3.51181,0.76923,4.67,2.34,TARGET,2026-07-05 22:32:00,2026-07-05 22:29:00,2026-07-05 22:30:00,5,23,89,1.3,1.0,10,required,closed_all,1.2,2.0
BUY,4190.51,4185.96533,4194.0059,4194.0059,3.4959,0.76923,3.87,1.33,TARGET,2026-07-05 22:32:00,2026-07-05 22:31:00,2026-07-05 22:32:00,5,23,89,1.3,1.0,10,required,closed_all,1.2,2.0
BUY,4161.96,4160.63471,4162.97946,4162.97946,1.01946,0.76923,1.28,0.57,TARGET,2026-07-06 16:29:00,2026-07-06 16:23:00,2026-07-06 16:24:00,5,23,89,1.3,1.0,10,required,closed_all,1.2,2.0
BUY,4162.39,4161.14208,4163.34994,4161.14208,-1.24792,-1.0,0.85,2.28,STOP,2026-07-06 16:35:00,2026-07-06 16:26:00,2026-07-06 16:27:00,5,23,89,1.3,1.0,10,required,closed_all,1.2,2.0
BUY,4162.71,4161.45411,4163.67607,4161.45411,-1.25589,-1.0,0.53,1.37,STOP,2026-07-06 16:31:00,2026-07-06 16:28:00,2026-07-06 16:29:00,5,23,89,1.3,1.0,10,required,closed_all,1.2,2.0
BUY,4162.57,4161.39869,4163.471,4163.471,0.901,0.76923,1.19,0.62,TARGET,2026-07-06 16:49:00,2026-07-06 16:46:00,2026-07-06 16:47:00,5,23,89,1.3,1.0,10,required,closed_all,1.2,2.0
BUY,4162.75,4161.82181,4163.46399,4163.46399,0.71399,0.76923,1.65,0.38,TARGET,2026-07-06 17:33:00,2026-07-06 17:26:00,2026-07-06 17:27:00,5,23,89,1.3,1.0,10,required,closed_all,1.2,2.0
BUY,4162.96,4162.08751,4163.63115,4163.63115,0.67115,0.76923,1.44,0.59,TARGET,2026-07-06 17:33:00,2026-07-06 17:28:00,2026-07-06 17:29:00,5,23,89,1.3,1.0,10,required,closed_all,1.2,2.0
BUY,4163.33,4162.55829,4163.92363,4163.92363,0.59363,0.76923,0.82,0.2,TARGET,2026-07-06 17:51:00,2026-07-06 17:47:00,2026-07-06 17:48:00,5,23,89,1.3,1.0,10,required,closed_all,1.2,2.0
BUY,4127.19,4124.39931,4129.33668,4129.33668,2.14668,0.76923,2.97,0.59,TARGET,2026-07-08 02:38:00,2026-07-08 02:36:00,2026-07-08 02:37:00,5,23,89,1.3,1.0,10,required,closed_all,1.2,2.0
BUY,4128.26,4125.5145,4130.37192,4130.37192,2.11192,0.76923,2.82,1.7,TARGET,2026-07-08 02:42:00,2026-07-08 02:37:00,2026-07-08 02:38:00,5,23,89,1.3,1.0,10,required,closed_all,1.2,2.0
BUY,4128.92,4126.04666,4131.13026,4131.13026,2.21026,0.76923,2.7,0.64,TARGET,2026-07-08 02:43:00,2026-07-08 02:40:00,2026-07-08 02:41:00,5,23,89,1.3,1.0,10,required,closed_all,1.2,2.0
BUY,4129.73,4126.92725,4131.88596,4126.92725,-2.80275,-1.0,1.89,4.18,STOP,2026-07-08 02:48:00,2026-07-08 02:41:00,2026-07-08 02:42:00,5,23,89,1.3,1.0,10,required,closed_all,1.2,2.0
BUY,4130.85,4128.19845,4132.88966,4132.88966,2.03966,0.76923,2.66,0.99,TARGET,2026-07-08 03:24:00,2026-07-08 03:21:00,2026-07-08 03:22:00,5,23,89,1.3,1.0,10,required,closed_all,1.2,2.0
BUY,4173.66,4170.58427,4175.19786,4175.19786,1.53786,0.5,3.09,0.53,TARGET,2026-07-03 04:05:00,2026-07-03 04:03:00,2026-07-03 04:04:00,4,26,88,1.6,0.8,5,required,closed_all,1.8,1.2
BUY,4178.03,4176.2331,4178.92845,4178.92845,0.89845,0.5,0.95,1.36,TARGET,2026-07-03 08:04:00,2026-07-03 08:03:00,2026-07-03 08:04:00,4,26,88,1.6,0.8,5,required,closed_all,1.8,1.2
BUY,4187.79,4181.2841,4191.04295,4191.04295,3.25295,0.5,3.52,0.85,TARGET,2026-07-05 22:15:00,2026-07-05 22:13:00,2026-07-05 22:14:00,4,26,88,1.6,0.8,5,required,closed_all,1.8,1.2
BUY,4187.16,4181.44928,4190.01536,4190.01536,2.85536,0.5,4.41,2.59,TARGET,2026-07-05 22:30:00,2026-07-05 22:26:00,2026-07-05 22:27:00,4,26,88,1.6,0.8,5,required,closed_all,1.8,1.2
BUY,4188.14,4182.42919,4190.99541,4190.99541,2.85541,0.5,3.43,2.27,TARGET,2026-07-05 22:30:00,2026-07-05 22:27:00,2026-07-05 22:28:00,4,26,88,1.6,0.8,5,required,closed_all,1.8,1.2
BUY,4161.96,4160.32887,4162.77557,4162.46,0.5,0.30654,0.75,0.57,TIME_EXIT,2026-07-06 16:28:00,2026-07-06 16:23:00,2026-07-06 16:24:00,4,26,88,1.6,0.8,5,required,closed_all,1.8,1.2
BUY,4162.82,4160.96595,4163.74703,4163.74703,0.92703,0.5,0.98,0.81,TARGET,2026-07-06 16:59:00,2026-07-06 16:58:00,2026-07-06 16:59:00,4,26,88,1.6,0.8,5,required,closed_all,1.8,1.2
BUY,4162.7,4161.54112,4163.27944,4162.69,-0.01,-0.00863,0.52,0.53,TIME_EXIT,2026-07-06 17:30:00,2026-07-06 17:25:00,2026-07-06 17:26:00,4,26,88,1.6,0.8,5,required,closed_all,1.8,1.2
BUY,4127.19,4123.75531,4128.90735,4128.90735,1.71735,0.5,2.97,0.59,TARGET,2026-07-08 02:38:00,2026-07-08 02:36:00,2026-07-08 02:37:00,4,26,88,1.6,0.8,5,required,closed_all,1.8,1.2
BUY,4128.26,4124.88093,4129.94954,4129.94954,1.68954,0.5,1.9,1.34,TARGET,2026-07-08 02:38:00,2026-07-08 02:37:00,2026-07-08 02:38:00,4,26,88,1.6,0.8,5,required,closed_all,1.8,1.2
BUY,4185.64,4182.01471,4190.35288,4190.35288,4.71288,1.3,5.93,1.32,TARGET,2026-07-05 22:30:00,2026-07-05 22:25:00,2026-07-05 22:26:00,8,40,99,1.0,1.3,20,warning_only,closed_all,1.2,1.2
BUY,4187.16,4183.5908,4191.79996,4191.79996,4.63996,1.3,7.22,2.59,TARGET,2026-07-05 22:32:00,2026-07-05 22:26:00,2026-07-05 22:27:00,8,40,99,1.0,1.3,20,warning_only,closed_all,1.2,1.2
BUY,4188.14,4184.57074,4192.78004,4192.78004,4.64004,1.3,6.24,2.27,TARGET,2026-07-05 22:32:00,2026-07-05 22:27:00,2026-07-05 22:28:00,8,40,99,1.0,1.3,20,warning_only,closed_all,1.2,1.2
BUY,4146.33,4144.97936,4148.08583,4144.97936,-1.35064,-1.0,1.33,2.93,STOP,2026-07-07 14:50:00,2026-07-07 14:40:00,2026-07-07 14:41:00,8,40,99,1.0,1.3,20,warning_only,closed_all,1.2,1.2
BUY,4108.98,4106.33815,4112.41441,4112.41441,3.43441,1.3,6.37,0.87,TARGET,2026-07-07 23:07:00,2026-07-07 23:05:00,2026-07-07 23:06:00,8,40,99,1.0,1.3,20,warning_only,closed_all,1.2,1.2
BUY,4127.19,4125.04332,4129.98069,4129.98069,2.79069,1.3,2.97,0.59,TARGET,2026-07-08 02:38:00,2026-07-08 02:36:00,2026-07-08 02:37:00,8,40,99,1.0,1.3,20,warning_only,closed_all,1.2,1.2
BUY,4128.26,4126.14808,4131.0055,4131.0055,2.7455,1.3,2.82,1.7,TARGET,2026-07-08 02:42:00,2026-07-08 02:37:00,2026-07-08 02:38:00,8,40,99,1.0,1.3,20,warning_only,closed_all,1.2,1.2
BUY,4185.64,4180.92712,4188.54024,4188.54024,2.90024,0.61538,4.02,1.32,TARGET,2026-07-05 22:28:00,2026-07-05 22:25:00,2026-07-05 22:26:00,8,40,100,1.3,0.8,20,required,closed_all,0.8,1.2
BUY,4187.16,4182.52004,4190.01536,4190.01536,2.85536,0.61538,4.41,2.59,TARGET,2026-07-05 22:30:00,2026-07-05 22:26:00,2026-07-05 22:27:00,8,40,100,1.3,0.8,20,required,closed_all,0.8,1.2
BUY,4146.33,4144.57417,4147.41051,4147.41051,1.08051,0.61538,1.33,0.35,TARGET,2026-07-07 14:43:00,2026-07-07 14:40:00,2026-07-07 14:41:00,8,40,100,1.3,0.8,20,required,closed_all,0.8,1.2
BUY,4134.23,4131.32194,4138.01047,4138.01047,3.78047,1.3,4.27,1.31,TARGET,2026-07-02 21:22:00,2026-07-02 21:17:00,2026-07-02 21:18:00,3,37,79,1.0,1.3,20,warning_only,closed_all,0.8,2.0
BUY,4135.16,4132.29966,4138.87844,4138.87844,3.71844,1.3,5.73,1.83,TARGET,2026-07-02 21:23:00,2026-07-02 21:18:00,2026-07-02 21:19:00,3,37,79,1.0,1.3,20,warning_only,closed_all,0.8,2.0
BUY,4175.29,4173.5603,4177.53861,4177.53861,2.24861,1.3,2.93,1.62,TARGET,2026-07-03 04:34:00,2026-07-03 04:29:00,2026-07-03 04:30:00,3,37,79,1.0,1.3,20,warning_only,closed_all,0.8,2.0
BUY,4175.91,4174.1447,4178.2049,4178.2049,2.2949,1.3,2.31,0.27,TARGET,2026-07-03 04:34:00,2026-07-03 04:33:00,2026-07-03 04:34:00,3,37,79,1.0,1.3,20,warning_only,closed_all,0.8,2.0
BUY,4179.44,4178.26343,4180.96954,4178.26343,-1.17657,-1.0,0.1,1.47,STOP,2026-07-03 08:06:00,2026-07-03 08:05:00,2026-07-03 08:06:00,3,37,79,1.0,1.3,20,warning_only,closed_all,0.8,2.0
BUY,4189.3,4185.35568,4194.42761,4185.35568,-3.94432,-1.0,3.48,5.08,STOP,2026-07-05 22:18:00,2026-07-05 22:14:00,2026-07-05 22:15:00,3,37,79,1.0,1.3,20,warning_only,closed_all,0.8,2.0
BUY,4191.31,4187.43456,4196.34807,4187.43456,-3.87544,-1.0,1.47,5.52,STOP,2026-07-05 22:17:00,2026-07-05 22:15:00,2026-07-05 22:16:00,3,37,79,1.0,1.3,20,warning_only,closed_all,0.8,2.0
BUY,4185.64,4182.01471,4190.35288,4190.35288,4.71288,1.3,5.93,1.32,TARGET,2026-07-05 22:30:00,2026-07-05 22:25:00,2026-07-05 22:26:00,3,37,79,1.0,1.3,20,warning_only,closed_all,0.8,2.0
BUY,4187.16,4183.5908,4191.79996,4191.79996,4.63996,1.3,7.22,2.59,TARGET,2026-07-05 22:32:00,2026-07-05 22:26:00,2026-07-05 22:27:00,3,37,79,1.0,1.3,20,warning_only,closed_all,0.8,2.0
BUY,4189.71,4186.19819,4194.27535,4194.27535,4.56535,1.3,4.67,2.34,TARGET,2026-07-05 22:32:00,2026-07-05 22:29:00,2026-07-05 22:30:00,3,37,79,1.0,1.3,20,warning_only,closed_all,0.8,2.0
BUY,4190.51,4187.0141,4195.05467,4195.05467,4.54467,1.3,7.26,1.33,TARGET,2026-07-05 22:34:00,2026-07-05 22:31:00,2026-07-05 22:32:00,3,37,79,1.0,1.3,20,warning_only,closed_all,0.8,2.0
BUY,4162.57,4161.669,4163.74131,4163.74131,1.17131,1.3,1.19,0.62,TARGET,2026-07-06 16:49:00,2026-07-06 16:46:00,2026-07-06 16:47:00,3,37,79,1.0,1.3,20,warning_only,closed_all,0.8,2.0
BUY,4162.96,4162.28885,4163.83249,4163.83249,0.87249,1.3,1.44,0.59,TARGET,2026-07-06 17:33:00,2026-07-06 17:28:00,2026-07-06 17:29:00,3,37,79,1.0,1.3,20,warning_only,closed_all,0.8,2.0
BUY,4163.33,4162.73637,4164.10171,4164.10171,0.77171,1.3,0.82,0.2,TARGET,2026-07-06 17:51:00,2026-07-06 17:47:00,2026-07-06 17:48:00,3,37,79,1.0,1.3,20,warning_only,closed_all,0.8,2.0
BUY,4132.27,4130.54619,4134.51096,4134.51096,2.24096,1.3,2.37,0.43,TARGET,2026-07-07 07:13:00,2026-07-07 07:02:00,2026-07-07 07:03:00,3,37,79,1.0,1.3,20,warning_only,closed_all,0.8,2.0
BUY,4170.2,4167.08761,4174.2461,4167.08761,-3.11239,-1.0,2.2,4.81,STOP,2026-07-07 10:24:00,2026-07-07 10:16:00,2026-07-07 10:17:00,3,37,79,1.0,1.3,20,warning_only,closed_all,0.8,2.0
BUY,4108.98,4106.33815,4112.41441,4112.41441,3.43441,1.3,6.37,0.87,TARGET,2026-07-07 23:07:00,2026-07-07 23:05:00,2026-07-07 23:06:00,3,37,79,1.0,1.3,20,warning_only,closed_all,0.8,2.0
BUY,4127.19,4125.04332,4129.98069,4129.98069,2.79069,1.3,2.97,0.59,TARGET,2026-07-08 02:38:00,2026-07-08 02:36:00,2026-07-08 02:37:00,3,37,79,1.0,1.3,20,warning_only,closed_all,0.8,2.0
BUY,4128.26,4126.14808,4131.0055,4131.0055,2.7455,1.3,2.82,1.7,TARGET,2026-07-08 02:42:00,2026-07-08 02:37:00,2026-07-08 02:38:00,3,37,79,1.0,1.3,20,warning_only,closed_all,0.8,2.0
BUY,4129.73,4127.57404,4132.53275,4127.57404,-2.15596,-1.0,1.89,2.62,STOP,2026-07-08 02:47:00,2026-07-08 02:41:00,2026-07-08 02:42:00,3,37,79,1.0,1.3,20,warning_only,closed_all,0.8,2.0
BUY,4128.02,4126.13207,4130.47431,4126.13207,-1.88793,-1.0,1.17,3.48,STOP,2026-07-08 03:02:00,2026-07-08 02:56:00,2026-07-08 02:57:00,3,37,79,1.0,1.3,20,warning_only,closed_all,0.8,2.0
BUY,4130.85,4128.81034,4133.50155,4133.50155,2.65155,1.3,2.66,0.99,TARGET,2026-07-08 03:24:00,2026-07-08 03:21:00,2026-07-08 03:22:00,3,37,79,1.0,1.3,20,warning_only,closed_all,0.8,2.0
BUY,4128.89,4125.17725,4131.17477,4131.17477,2.28477,0.61538,6.43,2.32,TARGET,2026-07-02 21:13:00,2026-07-02 21:09:00,2026-07-02 21:10:00,6,21,74,1.3,0.8,20,required,closed_all,1.2,1.2
BUY,4187.79,4182.50396,4191.04295,4191.04295,3.25295,0.61538,3.52,0.85,TARGET,2026-07-05 22:15:00,2026-07-05 22:13:00,2026-07-05 22:14:00,6,21,74,1.3,0.8,20,required,closed_all,1.2,1.2
BUY,4188.14,4183.49996,4190.99541,4190.99541,2.85541,0.61538,3.43,2.27,TARGET,2026-07-05 22:30:00,2026-07-05 22:27:00,2026-07-05 22:28:00,6,21,74,1.3,0.8,20,required,closed_all,1.2,1.2
BUY,4161.96,4160.63471,4162.77557,4162.77557,0.81557,0.61538,1.28,0.57,TARGET,2026-07-06 16:29:00,2026-07-06 16:23:00,2026-07-06 16:24:00,6,21,74,1.3,0.8,20,required,closed_all,1.2,1.2
BUY,4162.39,4161.14208,4163.15795,4163.15795,0.76795,0.61538,0.85,0.84,TARGET,2026-07-06 16:29:00,2026-07-06 16:26:00,2026-07-06 16:27:00,6,21,74,1.3,0.8,20,required,closed_all,1.2,1.2
BUY,4126.3,4124.06279,4127.67674,4127.67674,1.37674,0.61538,1.85,1.93,TARGET,2026-07-08 01:32:00,2026-07-08 01:27:00,2026-07-08 01:28:00,6,21,74,1.3,0.8,20,required,closed_all,1.2,1.2
BUY,4128.26,4125.5145,4129.94954,4129.94954,1.68954,0.61538,1.9,1.34,TARGET,2026-07-08 02:38:00,2026-07-08 02:37:00,2026-07-08 02:38:00,6,21,74,1.3,0.8,20,required,closed_all,1.2,1.2
BUY,4128.92,4126.04666,4130.68821,4130.68821,1.76821,0.61538,2.16,0.64,TARGET,2026-07-08 02:42:00,2026-07-08 02:40:00,2026-07-08 02:41:00,6,21,74,1.3,0.8,20,required,closed_all,1.2,1.2
BUY,4185.64,4180.92712,4189.26529,4189.26529,3.62529,0.76923,4.02,1.32,TARGET,2026-07-05 22:28:00,2026-07-05 22:25:00,2026-07-05 22:26:00,5,40,73,1.3,1.0,15,warning_only,closed_all,0.8,0.8
BUY,4187.16,4182.52004,4190.7292,4190.7292,3.5692,0.76923,4.41,2.59,TARGET,2026-07-05 22:30:00,2026-07-05 22:26:00,2026-07-05 22:27:00,5,40,73,1.3,1.0,15,warning_only,closed_all,0.8,0.8
BUY,4108.98,4105.54559,4111.62185,4111.62185,2.64185,0.76923,3.24,0.87,TARGET,2026-07-07 23:06:00,2026-07-07 23:05:00,2026-07-07 23:06:00,5,40,73,1.3,1.0,15,warning_only,closed_all,0.8,0.8
BUY,4127.19,4124.39931,4129.33668,4129.33668,2.14668,0.76923,2.97,0.59,TARGET,2026-07-08 02:38:00,2026-07-08 02:36:00,2026-07-08 02:37:00,5,40,73,1.3,1.0,15,warning_only,closed_all,0.8,0.8
BUY,4128.26,4125.5145,4130.37192,4130.37192,2.11192,0.76923,2.82,1.7,TARGET,2026-07-08 02:42:00,2026-07-08 02:37:00,2026-07-08 02:38:00,5,40,73,1.3,1.0,15,warning_only,closed_all,0.8,0.8
BUY,4128.6,4124.95183,4130.42409,4130.42409,1.82409,0.5,2.11,0.49,TARGET,2026-07-02 20:55:00,2026-07-02 20:54:00,2026-07-02 20:55:00,3,31,79,1.6,0.8,20,required,closed_all,1.8,1.2
BUY,4174.42,4171.53153,4175.86424,4175.86424,1.44424,0.5,2.59,1.85,TARGET,2026-07-03 04:30:00,2026-07-03 04:25:00,2026-07-03 04:26:00,3,31,79,1.6,0.8,20,required,closed_all,1.8,1.2
BUY,4178.03,4176.2331,4178.92845,4178.92845,0.89845,0.5,0.95,1.36,TARGET,2026-07-03 08:04:00,2026-07-03 08:03:00,2026-07-03 08:04:00,3,31,79,1.6,0.8,20,required,closed_all,1.8,1.2
BUY,4187.79,4181.2841,4191.04295,4191.04295,3.25295,0.5,3.52,0.85,TARGET,2026-07-05 22:15:00,2026-07-05 22:13:00,2026-07-05 22:14:00,3,31,79,1.6,0.8,20,required,closed_all,1.8,1.2
BUY,4185.64,4179.83953,4188.54024,4188.54024,2.90024,0.5,4.02,1.32,TARGET,2026-07-05 22:28:00,2026-07-05 22:25:00,2026-07-05 22:26:00,3,31,79,1.6,0.8,20,required,closed_all,1.8,1.2
BUY,4187.16,4181.44928,4190.01536,4190.01536,2.85536,0.5,4.41,2.59,TARGET,2026-07-05 22:30:00,2026-07-05 22:26:00,2026-07-05 22:27:00,3,31,79,1.6,0.8,20,required,closed_all,1.8,1.2
BUY,4188.14,4182.42919,4190.99541,4190.99541,2.85541,0.5,3.43,2.27,TARGET,2026-07-05 22:30:00,2026-07-05 22:27:00,2026-07-05 22:28:00,3,31,79,1.6,0.8,20,required,closed_all,1.8,1.2
BUY,4162.01,4160.37804,4162.82598,4162.82598,0.81598,0.5,1.23,1.08,TARGET,2026-07-06 16:29:00,2026-07-06 16:20:00,2026-07-06 16:21:00,3,31,79,1.6,0.8,20,required,closed_all,1.8,1.2
BUY,4161.96,4160.32887,4162.77557,4162.77557,0.81557,0.5,1.28,0.57,TARGET,2026-07-06 16:29:00,2026-07-06 16:23:00,2026-07-06 16:24:00,3,31,79,1.6,0.8,20,required,closed_all,1.8,1.2
BUY,4162.82,4160.96595,4163.74703,4163.74703,0.92703,0.5,0.98,0.81,TARGET,2026-07-06 16:59:00,2026-07-06 16:58:00,2026-07-06 16:59:00,3,31,79,1.6,0.8,20,required,closed_all,1.8,1.2
BUY,4162.7,4161.54112,4163.27944,4163.27944,0.57944,0.5,0.7,0.53,TARGET,2026-07-06 17:31:00,2026-07-06 17:25:00,2026-07-06 17:26:00,3,31,79,1.6,0.8,20,required,closed_all,1.8,1.2
BUY,4127.19,4123.75531,4128.90735,4128.90735,1.71735,0.5,2.97,0.59,TARGET,2026-07-08 02:38:00,2026-07-08 02:36:00,2026-07-08 02:37:00,3,31,79,1.6,0.8,20,required,closed_all,1.8,1.2
BUY,4128.26,4124.88093,4129.94954,4129.94954,1.68954,0.5,1.9,1.34,TARGET,2026-07-08 02:38:00,2026-07-08 02:37:00,2026-07-08 02:38:00,3,31,79,1.6,0.8,20,required,closed_all,1.8,1.2
BUY,4128.92,4125.38358,4130.68821,4130.68821,1.76821,0.5,2.16,0.64,TARGET,2026-07-08 02:42:00,2026-07-08 02:40:00,2026-07-08 02:41:00,3,31,79,1.6,0.8,20,required,closed_all,1.8,1.2
BUY,4128.02,4124.99931,4129.53035,4124.99931,-3.02069,-1.0,1.17,3.48,STOP,2026-07-08 03:02:00,2026-07-08 02:56:00,2026-07-08 02:57:00,3,31,79,1.6,0.8,20,required,closed_all,1.8,1.2
BUY,4185.64,4180.92712,4190.35288,4190.35288,4.71288,1.0,5.93,1.32,TARGET,2026-07-05 22:30:00,2026-07-05 22:25:00,2026-07-05 22:26:00,7,31,78,1.3,1.3,5,required,closed_all,0.8,0.8
BUY,4187.16,4182.52004,4191.79996,4190.48,3.32,0.71552,4.41,2.59,TIME_EXIT,2026-07-05 22:31:00,2026-07-05 22:26:00,2026-07-05 22:27:00,7,31,78,1.3,1.3,5,required,closed_all,0.8,0.8
BUY,4127.19,4124.39931,4129.98069,4129.98069,2.79069,1.0,2.97,0.59,TARGET,2026-07-08 02:38:00,2026-07-08 02:36:00,2026-07-08 02:37:00,7,31,78,1.3,1.3,5,required,closed_all,0.8,0.8
BUY,4128.26,4125.5145,4131.0055,4131.0055,2.7455,1.0,2.82,1.7,TARGET,2026-07-08 02:42:00,2026-07-08 02:37:00,2026-07-08 02:38:00,7,31,78,1.3,1.3,5,required,closed_all,0.8,0.8
BUY,4173.66,4170.58427,4176.15903,4176.15903,2.49903,0.8125,3.09,0.53,TARGET,2026-07-03 04:05:00,2026-07-03 04:03:00,2026-07-03 04:04:00,3,25,98,1.6,1.3,20,warning_only,closed_all,1.8,1.2
BUY,4174.42,4171.53153,4176.76688,4176.76688,2.34688,0.8125,2.59,1.85,TARGET,2026-07-03 04:30:00,2026-07-03 04:25:00,2026-07-03 04:26:00,3,25,98,1.6,1.3,20,warning_only,closed_all,1.8,1.2
BUY,4177.27,4175.40861,4178.78238,4178.78238,1.51238,0.8125,1.71,1.82,TARGET,2026-07-03 08:04:00,2026-07-03 07:56:00,2026-07-03 07:57:00,3,25,98,1.6,1.3,20,warning_only,closed_all,1.8,1.2
BUY,4178.03,4176.2331,4179.48998,4179.48998,1.45998,0.8125,1.51,1.36,TARGET,2026-07-03 08:06:00,2026-07-03 08:03:00,2026-07-03 08:04:00,3,25,98,1.6,1.3,20,warning_only,closed_all,1.8,1.2
BUY,4187.79,4181.2841,4193.07604,4181.2841,-6.5059,-1.0,4.99,7.24,STOP,2026-07-05 22:23:00,2026-07-05 22:13:00,2026-07-05 22:14:00,3,25,98,1.6,1.3,20,warning_only,closed_all,1.8,1.2
BUY,4187.16,4181.44928,4191.79996,4191.79996,4.63996,0.8125,7.22,2.59,TARGET,2026-07-05 22:32:00,2026-07-05 22:26:00,2026-07-05 22:27:00,3,25,98,1.6,1.3,20,warning_only,closed_all,1.8,1.2
BUY,4188.14,4182.42919,4192.78004,4192.78004,4.64004,0.8125,6.24,2.27,TARGET,2026-07-05 22:32:00,2026-07-05 22:27:00,2026-07-05 22:28:00,3,25,98,1.6,1.3,20,warning_only,closed_all,1.8,1.2
BUY,4146.33,4144.16898,4148.08583,4144.16898,-2.16102,-1.0,1.33,2.93,STOP,2026-07-07 14:50:00,2026-07-07 14:40:00,2026-07-07 14:41:00,3,25,98,1.6,1.3,20,warning_only,closed_all,1.8,1.2
BUY,4108.98,4104.75303,4112.41441,4112.41441,3.43441,0.8125,6.37,0.87,TARGET,2026-07-07 23:07:00,2026-07-07 23:05:00,2026-07-07 23:06:00,3,25,98,1.6,1.3,20,warning_only,closed_all,1.8,1.2
BUY,4112.22,4107.82525,4115.79074,4115.79074,3.57074,0.8125,5.2,2.12,TARGET,2026-07-07 23:08:00,2026-07-07 23:06:00,2026-07-07 23:07:00,3,25,98,1.6,1.3,20,warning_only,closed_all,1.8,1.2
BUY,4126.21,4123.71647,4128.23599,4128.23599,2.02599,0.8125,4.39,1.52,TARGET,2026-07-08 02:05:00,2026-07-08 01:56:00,2026-07-08 01:57:00,3,25,98,1.6,1.3,20,warning_only,closed_all,1.8,1.2
BUY,4127.19,4123.75531,4129.98069,4129.98069,2.79069,0.8125,2.97,0.59,TARGET,2026-07-08 02:38:00,2026-07-08 02:36:00,2026-07-08 02:37:00,3,25,98,1.6,1.3,20,warning_only,closed_all,1.8,1.2
BUY,4128.26,4124.88093,4131.0055,4131.0055,2.7455,0.8125,2.82,1.7,TARGET,2026-07-08 02:42:00,2026-07-08 02:37:00,2026-07-08 02:38:00,3,25,98,1.6,1.3,20,warning_only,closed_all,1.8,1.2
BUY,4128.02,4124.99931,4130.47431,4124.99931,-3.02069,-1.0,1.17,3.48,STOP,2026-07-08 03:02:00,2026-07-08 02:56:00,2026-07-08 02:57:00,3,25,98,1.6,1.3,20,warning_only,closed_all,1.8,1.2
BUY,4185.64,4179.83953,4190.35288,4190.35288,4.71288,0.8125,5.93,1.32,TARGET,2026-07-05 22:30:00,2026-07-05 22:25:00,2026-07-05 22:26:00,8,23,90,1.6,1.3,10,warning_only,closed_all,0.8,0.8
BUY,4187.16,4181.44928,4191.79996,4191.79996,4.63996,0.8125,7.22,2.59,TARGET,2026-07-05 22:32:00,2026-07-05 22:26:00,2026-07-05 22:27:00,8,23,90,1.6,1.3,10,warning_only,closed_all,0.8,0.8
BUY,4108.98,4104.75303,4112.41441,4112.41441,3.43441,0.8125,6.37,0.87,TARGET,2026-07-07 23:07:00,2026-07-07 23:05:00,2026-07-07 23:06:00,8,23,90,1.6,1.3,10,warning_only,closed_all,0.8,0.8
BUY,4127.19,4123.75531,4129.98069,4129.98069,2.79069,0.8125,2.97,0.59,TARGET,2026-07-08 02:38:00,2026-07-08 02:36:00,2026-07-08 02:37:00,8,23,90,1.6,1.3,10,warning_only,closed_all,0.8,0.8
BUY,4128.26,4124.88093,4131.0055,4131.0055,2.7455,0.8125,2.82,1.7,TARGET,2026-07-08 02:42:00,2026-07-08 02:37:00,2026-07-08 02:38:00,8,23,90,1.6,1.3,10,warning_only,closed_all,0.8,0.8
BUY,4185.64,4179.83953,4189.26529,4189.26529,3.62529,0.625,4.02,1.32,TARGET,2026-07-05 22:28:00,2026-07-05 22:25:00,2026-07-05 22:26:00,3,33,94,1.6,1.0,5,required,closed_all,0.8,1.2
BUY,4187.16,4181.44928,4190.7292,4190.7292,3.5692,0.625,4.41,2.59,TARGET,2026-07-05 22:30:00,2026-07-05 22:26:00,2026-07-05 22:27:00,3,33,94,1.6,1.0,5,required,closed_all,0.8,1.2
BUY,4127.19,4123.75531,4129.33668,4129.33668,2.14668,0.625,2.97,0.59,TARGET,2026-07-08 02:38:00,2026-07-08 02:36:00,2026-07-08 02:37:00,3,33,94,1.6,1.0,5,required,closed_all,0.8,1.2
BUY,4128.26,4124.88093,4130.37192,4130.37192,2.11192,0.625,2.82,1.7,TARGET,2026-07-08 02:42:00,2026-07-08 02:37:00,2026-07-08 02:38:00,3,33,94,1.6,1.0,5,required,closed_all,0.8,1.2
BUY,4185.64,4180.92712,4188.54024,4188.54024,2.90024,0.61538,4.02,1.32,TARGET,2026-07-05 22:28:00,2026-07-05 22:25:00,2026-07-05 22:26:00,3,39,72,1.3,0.8,30,warning_only,closed_all,0.8,1.2
BUY,4187.16,4182.52004,4190.01536,4190.01536,2.85536,0.61538,4.41,2.59,TARGET,2026-07-05 22:30:00,2026-07-05 22:26:00,2026-07-05 22:27:00,3,39,72,1.3,0.8,30,warning_only,closed_all,0.8,1.2
BUY,4130.25,4127.98963,4131.641,4131.641,1.391,0.61538,1.85,0.58,TARGET,2026-07-07 06:56:00,2026-07-07 06:55:00,2026-07-07 06:56:00,3,39,72,1.3,0.8,30,warning_only,closed_all,0.8,1.2
BUY,4108.98,4105.54559,4111.09348,4111.09348,2.11348,0.61538,3.24,0.87,TARGET,2026-07-07 23:06:00,2026-07-07 23:05:00,2026-07-07 23:06:00,3,39,72,1.3,0.8,30,warning_only,closed_all,0.8,1.2
BUY,4127.19,4124.39931,4128.90735,4128.90735,1.71735,0.61538,2.97,0.59,TARGET,2026-07-08 02:38:00,2026-07-08 02:36:00,2026-07-08 02:37:00,3,39,72,1.3,0.8,30,warning_only,closed_all,0.8,1.2
BUY,4128.26,4125.5145,4129.94954,4129.94954,1.68954,0.61538,1.9,1.34,TARGET,2026-07-08 02:38:00,2026-07-08 02:37:00,2026-07-08 02:38:00,3,39,72,1.3,0.8,30,warning_only,closed_all,0.8,1.2
BUY,4128.02,4125.56569,4129.53035,4125.56569,-2.45431,-1.0,1.17,3.48,STOP,2026-07-08 03:02:00,2026-07-08 02:56:00,2026-07-08 02:57:00,3,39,72,1.3,0.8,30,warning_only,closed_all,0.8,1.2
BUY,4185.64,4182.01471,4188.54024,4188.54024,2.90024,0.8,4.02,1.32,TARGET,2026-07-05 22:28:00,2026-07-05 22:25:00,2026-07-05 22:26:00,6,36,70,1.0,0.8,5,warning_only,closed_all,0.8,0.8
BUY,4187.16,4183.5908,4190.01536,4190.01536,2.85536,0.8,4.41,2.59,TARGET,2026-07-05 22:30:00,2026-07-05 22:26:00,2026-07-05 22:27:00,6,36,70,1.0,0.8,5,warning_only,closed_all,0.8,0.8
BUY,4108.98,4106.33815,4111.09348,4111.09348,2.11348,0.8,3.24,0.87,TARGET,2026-07-07 23:06:00,2026-07-07 23:05:00,2026-07-07 23:06:00,6,36,70,1.0,0.8,5,warning_only,closed_all,0.8,0.8
BUY,4127.19,4125.04332,4128.90735,4128.90735,1.71735,0.8,2.97,0.59,TARGET,2026-07-08 02:38:00,2026-07-08 02:36:00,2026-07-08 02:37:00,6,36,70,1.0,0.8,5,warning_only,closed_all,0.8,0.8
BUY,4128.26,4126.14808,4129.94954,4129.94954,1.68954,0.8,1.9,1.34,TARGET,2026-07-08 02:38:00,2026-07-08 02:37:00,2026-07-08 02:38:00,6,36,70,1.0,0.8,5,warning_only,closed_all,0.8,0.8
BUY,4185.64,4180.92712,4188.54024,4188.54024,2.90024,0.61538,4.02,1.32,TARGET,2026-07-05 22:28:00,2026-07-05 22:25:00,2026-07-05 22:26:00,3,40,68,1.3,0.8,20,warning_only,closed_all,0.8,0.8
BUY,4187.16,4182.52004,4190.01536,4190.01536,2.85536,0.61538,4.41,2.59,TARGET,2026-07-05 22:30:00,2026-07-05 22:26:00,2026-07-05 22:27:00,3,40,68,1.3,0.8,20,warning_only,closed_all,0.8,0.8
BUY,4108.98,4105.54559,4111.09348,4111.09348,2.11348,0.61538,3.24,0.87,TARGET,2026-07-07 23:06:00,2026-07-07 23:05:00,2026-07-07 23:06:00,3,40,68,1.3,0.8,20,warning_only,closed_all,0.8,0.8
BUY,4127.19,4124.39931,4128.90735,4128.90735,1.71735,0.61538,2.97,0.59,TARGET,2026-07-08 02:38:00,2026-07-08 02:36:00,2026-07-08 02:37:00,3,40,68,1.3,0.8,20,warning_only,closed_all,0.8,0.8
BUY,4128.26,4125.5145,4129.94954,4129.94954,1.68954,0.61538,1.9,1.34,TARGET,2026-07-08 02:38:00,2026-07-08 02:37:00,2026-07-08 02:38:00,3,40,68,1.3,0.8,20,warning_only,closed_all,0.8,0.8
BUY,4128.02,4125.56569,4129.53035,4125.56569,-2.45431,-1.0,1.17,3.48,STOP,2026-07-08 03:02:00,2026-07-08 02:56:00,2026-07-08 02:57:00,3,40,68,1.3,0.8,20,warning_only,closed_all,0.8,0.8
BUY,4128.6,4125.63586,4130.88011,4130.88011,2.28011,0.76923,3.12,1.59,TARGET,2026-07-02 20:56:00,2026-07-02 20:54:00,2026-07-02 20:55:00,7,36,61,1.3,1.0,15,warning_only,closed_all,1.8,0.8
BUY,4128.89,4125.17725,4131.74596,4131.74596,2.85596,0.76923,6.43,2.32,TARGET,2026-07-02 21:13:00,2026-07-02 21:09:00,2026-07-02 21:10:00,7,36,61,1.3,1.0,15,warning_only,closed_all,1.8,0.8
BUY,4183.57,4181.31751,4185.30269,4181.31751,-2.25249,-1.0,1.7,3.24,STOP,2026-07-03 05:46:00,2026-07-03 05:43:00,2026-07-03 05:44:00,7,36,61,1.3,1.0,15,warning_only,closed_all,1.8,0.8
BUY,4185.64,4180.92712,4189.26529,4189.26529,3.62529,0.76923,4.02,1.32,TARGET,2026-07-05 22:28:00,2026-07-05 22:25:00,2026-07-05 22:26:00,7,36,61,1.3,1.0,15,warning_only,closed_all,1.8,0.8
BUY,4187.16,4182.52004,4190.7292,4190.7292,3.5692,0.76923,4.41,2.59,TARGET,2026-07-05 22:30:00,2026-07-05 22:26:00,2026-07-05 22:27:00,7,36,61,1.3,1.0,15,warning_only,closed_all,1.8,0.8
BUY,4155.65,4153.83257,4157.04802,4153.83257,-1.81743,-1.0,0.55,1.93,STOP,2026-07-06 09:00:00,2026-07-06 08:59:00,2026-07-06 09:00:00,7,36,61,1.3,1.0,15,warning_only,closed_all,1.8,0.8
BUY,4145.52,4143.5653,4147.02362,4147.02362,1.50362,0.76923,2.1,0.37,TARGET,2026-07-06 13:31:00,2026-07-06 13:29:00,2026-07-06 13:30:00,7,36,61,1.3,1.0,15,warning_only,closed_all,1.8,0.8
BUY,4129.38,4126.96665,4131.23642,4131.23642,1.85642,0.76923,2.72,0.38,TARGET,2026-07-07 06:56:00,2026-07-07 06:53:00,2026-07-07 06:54:00,7,36,61,1.3,1.0,15,warning_only,closed_all,1.8,0.8
BUY,4108.98,4105.54559,4111.62185,4111.62185,2.64185,0.76923,3.24,0.87,TARGET,2026-07-07 23:06:00,2026-07-07 23:05:00,2026-07-07 23:06:00,7,36,61,1.3,1.0,15,warning_only,closed_all,1.8,0.8
BUY,4126.3,4124.06279,4128.02093,4128.02093,1.72093,0.76923,1.85,1.93,TARGET,2026-07-08 01:32:00,2026-07-08 01:27:00,2026-07-08 01:28:00,7,36,61,1.3,1.0,15,warning_only,closed_all,1.8,0.8
BUY,4128.26,4125.5145,4130.37192,4130.37192,2.11192,0.76923,2.82,1.7,TARGET,2026-07-08 02:42:00,2026-07-08 02:37:00,2026-07-08 02:38:00,7,36,61,1.3,1.0,15,warning_only,closed_all,1.8,0.8
BUY,4078.04,4072.85794,4082.0262,4072.85794,-5.18206,-1.0,2.16,7.75,STOP,2026-07-08 10:42:00,2026-07-08 10:36:00,2026-07-08 10:37:00,7,36,61,1.3,1.0,15,warning_only,closed_all,1.8,0.8
BUY,4134.23,4130.44953,4138.01047,4138.01047,3.78047,1.0,4.27,1.31,TARGET,2026-07-02 21:22:00,2026-07-02 21:17:00,2026-07-02 21:18:00,7,21,98,1.3,1.3,20,warning_only,closed_all,0.8,2.0
BUY,4175.29,4173.04139,4177.53861,4177.53861,2.24861,1.0,2.93,1.62,TARGET,2026-07-03 04:34:00,2026-07-03 04:29:00,2026-07-03 04:30:00,7,21,98,1.3,1.3,20,warning_only,closed_all,0.8,2.0
BUY,4175.91,4173.6151,4178.2049,4178.2049,2.2949,1.0,2.31,0.27,TARGET,2026-07-03 04:34:00,2026-07-03 04:33:00,2026-07-03 04:34:00,7,21,98,1.3,1.3,20,warning_only,closed_all,0.8,2.0
BUY,4179.44,4177.91046,4180.96954,4177.91046,-1.52954,-1.0,0.1,2.02,STOP,2026-07-03 08:07:00,2026-07-03 08:05:00,2026-07-03 08:06:00,7,21,98,1.3,1.3,20,warning_only,closed_all,0.8,2.0
BUY,4189.3,4184.17239,4194.42761,4184.17239,-5.12761,-1.0,3.48,6.09,STOP,2026-07-05 22:21:00,2026-07-05 22:14:00,2026-07-05 22:15:00,7,21,98,1.3,1.3,20,warning_only,closed_all,0.8,2.0
BUY,4191.31,4186.27193,4196.34807,4186.27193,-5.03807,-1.0,1.47,5.52,STOP,2026-07-05 22:17:00,2026-07-05 22:15:00,2026-07-05 22:16:00,7,21,98,1.3,1.3,20,warning_only,closed_all,0.8,2.0
BUY,4187.16,4182.52004,4191.79996,4191.79996,4.63996,1.0,7.22,2.59,TARGET,2026-07-05 22:32:00,2026-07-05 22:26:00,2026-07-05 22:27:00,7,21,98,1.3,1.3,20,warning_only,closed_all,0.8,2.0
BUY,4189.71,4185.14465,4194.27535,4194.27535,4.56535,1.0,4.67,2.34,TARGET,2026-07-05 22:32:00,2026-07-05 22:29:00,2026-07-05 22:30:00,7,21,98,1.3,1.3,20,warning_only,closed_all,0.8,2.0
BUY,4190.51,4185.96533,4195.05467,4195.05467,4.54467,1.0,7.26,1.33,TARGET,2026-07-05 22:34:00,2026-07-05 22:31:00,2026-07-05 22:32:00,7,21,98,1.3,1.3,20,warning_only,closed_all,0.8,2.0
BUY,4156.92,4154.96432,4158.87568,4154.96432,-1.95568,-1.0,1.31,2.28,STOP,2026-07-06 09:10:00,2026-07-06 09:05:00,2026-07-06 09:06:00,7,21,98,1.3,1.3,20,warning_only,closed_all,0.8,2.0
BUY,4162.96,4162.08751,4163.83249,4163.83249,0.87249,1.0,1.44,0.59,TARGET,2026-07-06 17:33:00,2026-07-06 17:28:00,2026-07-06 17:29:00,7,21,98,1.3,1.3,20,warning_only,closed_all,0.8,2.0
BUY,4133.13,4131.09613,4135.16387,4135.16387,2.03387,1.0,3.52,1.2,TARGET,2026-07-07 07:18:00,2026-07-07 07:06:00,2026-07-07 07:07:00,7,21,98,1.3,1.3,20,warning_only,closed_all,0.8,2.0
BUY,4146.33,4144.57417,4148.08583,4144.57417,-1.75583,-1.0,1.33,2.93,STOP,2026-07-07 14:50:00,2026-07-07 14:40:00,2026-07-07 14:41:00,7,21,98,1.3,1.3,20,warning_only,closed_all,0.8,2.0
BUY,4108.98,4105.54559,4112.41441,4112.41441,3.43441,1.0,6.37,0.87,TARGET,2026-07-07 23:07:00,2026-07-07 23:05:00,2026-07-07 23:06:00,7,21,98,1.3,1.3,20,warning_only,closed_all,0.8,2.0
BUY,4126.3,4124.06279,4128.53721,4124.06279,-2.23721,-1.0,1.85,2.24,STOP,2026-07-08 01:41:00,2026-07-08 01:27:00,2026-07-08 01:28:00,7,21,98,1.3,1.3,20,warning_only,closed_all,0.8,2.0
BUY,4127.19,4124.39931,4129.98069,4129.98069,2.79069,1.0,2.97,0.59,TARGET,2026-07-08 02:38:00,2026-07-08 02:36:00,2026-07-08 02:37:00,7,21,98,1.3,1.3,20,warning_only,closed_all,0.8,2.0
BUY,4128.26,4125.5145,4131.0055,4131.0055,2.7455,1.0,2.82,1.7,TARGET,2026-07-08 02:42:00,2026-07-08 02:37:00,2026-07-08 02:38:00,7,21,98,1.3,1.3,20,warning_only,closed_all,0.8,2.0
BUY,4129.73,4126.92725,4132.53275,4126.92725,-2.80275,-1.0,1.89,4.18,STOP,2026-07-08 02:48:00,2026-07-08 02:41:00,2026-07-08 02:42:00,7,21,98,1.3,1.3,20,warning_only,closed_all,0.8,2.0
BUY,4130.85,4128.19845,4133.50155,4133.50155,2.65155,1.0,2.66,0.99,TARGET,2026-07-08 03:24:00,2026-07-08 03:21:00,2026-07-08 03:22:00,7,21,98,1.3,1.3,20,warning_only,closed_all,0.8,2.0
BUY,4128.6,4126.31989,4130.42409,4130.42409,1.82409,0.8,2.11,0.49,TARGET,2026-07-02 20:55:00,2026-07-02 20:54:00,2026-07-02 20:55:00,5,31,73,1.0,0.8,5,required,closed_all,1.8,1.2
BUY,4187.79,4183.72381,4191.04295,4191.04295,3.25295,0.8,3.52,0.85,TARGET,2026-07-05 22:15:00,2026-07-05 22:13:00,2026-07-05 22:14:00,5,31,73,1.0,0.8,5,required,closed_all,1.8,1.2
BUY,4185.64,4182.01471,4188.54024,4188.54024,2.90024,0.8,4.02,1.32,TARGET,2026-07-05 22:28:00,2026-07-05 22:25:00,2026-07-05 22:26:00,5,31,73,1.0,0.8,5,required,closed_all,1.8,1.2
BUY,4187.16,4183.5908,4190.01536,4190.01536,2.85536,0.8,4.41,2.59,TARGET,2026-07-05 22:30:00,2026-07-05 22:26:00,2026-07-05 22:27:00,5,31,73,1.0,0.8,5,required,closed_all,1.8,1.2
BUY,4188.14,4184.57074,4190.99541,4190.99541,2.85541,0.8,3.43,2.27,TARGET,2026-07-05 22:30:00,2026-07-05 22:27:00,2026-07-05 22:28:00,5,31,73,1.0,0.8,5,required,closed_all,1.8,1.2
BUY,4161.96,4160.94054,4162.77557,4162.46,0.5,0.49046,0.75,0.57,TIME_EXIT,2026-07-06 16:28:00,2026-07-06 16:23:00,2026-07-06 16:24:00,5,31,73,1.0,0.8,5,required,closed_all,1.8,1.2
BUY,4162.39,4161.43006,4163.15795,4163.15795,0.76795,0.8,0.85,0.84,TARGET,2026-07-06 16:29:00,2026-07-06 16:26:00,2026-07-06 16:27:00,5,31,73,1.0,0.8,5,required,closed_all,1.8,1.2
BUY,4162.82,4161.66122,4163.74703,4163.74703,0.92703,0.8,0.98,0.81,TARGET,2026-07-06 16:59:00,2026-07-06 16:58:00,2026-07-06 16:59:00,5,31,73,1.0,0.8,5,required,closed_all,1.8,1.2
BUY,4126.98,4125.14792,4128.44567,4125.14792,-1.83208,-1.0,0.19,2.61,STOP,2026-07-08 01:30:00,2026-07-08 01:25:00,2026-07-08 01:26:00,5,31,73,1.0,0.8,5,required,closed_all,1.8,1.2
BUY,4126.3,4124.57907,4127.67674,4124.57907,-1.72093,-1.0,0.82,1.93,STOP,2026-07-08 01:30:00,2026-07-08 01:27:00,2026-07-08 01:28:00,5,31,73,1.0,0.8,5,required,closed_all,1.8,1.2
BUY,4127.05,4125.49483,4128.29413,4125.49483,-1.55517,-1.0,0.35,2.05,STOP,2026-07-08 02:03:00,2026-07-08 02:00:00,2026-07-08 02:01:00,5,31,73,1.0,0.8,5,required,closed_all,1.8,1.2
BUY,4127.19,4125.04332,4128.90735,4128.90735,1.71735,0.8,2.97,0.59,TARGET,2026-07-08 02:38:00,2026-07-08 02:36:00,2026-07-08 02:37:00,5,31,73,1.0,0.8,5,required,closed_all,1.8,1.2
BUY,4128.26,4126.14808,4129.94954,4129.94954,1.68954,0.8,1.9,1.34,TARGET,2026-07-08 02:38:00,2026-07-08 02:37:00,2026-07-08 02:38:00,5,31,73,1.0,0.8,5,required,closed_all,1.8,1.2
BUY,4128.92,4126.70974,4130.68821,4130.68821,1.76821,0.8,2.16,0.64,TARGET,2026-07-08 02:42:00,2026-07-08 02:40:00,2026-07-08 02:41:00,5,31,73,1.0,0.8,5,required,closed_all,1.8,1.2
BUY,4128.89,4126.03404,4132.60275,4132.60275,3.71275,1.3,6.43,2.32,TARGET,2026-07-02 21:13:00,2026-07-02 21:09:00,2026-07-02 21:10:00,6,32,73,1.0,1.3,20,required,closed_all,1.8,0.8
BUY,4185.64,4182.01471,4190.35288,4190.35288,4.71288,1.3,5.93,1.32,TARGET,2026-07-05 22:30:00,2026-07-05 22:25:00,2026-07-05 22:26:00,6,32,73,1.0,1.3,20,required,closed_all,1.8,0.8
BUY,4187.16,4183.5908,4191.79996,4191.79996,4.63996,1.3,7.22,2.59,TARGET,2026-07-05 22:32:00,2026-07-05 22:26:00,2026-07-05 22:27:00,6,32,73,1.0,1.3,20,required,closed_all,1.8,0.8
BUY,4127.19,4125.04332,4129.98069,4129.98069,2.79069,1.3,2.97,0.59,TARGET,2026-07-08 02:38:00,2026-07-08 02:36:00,2026-07-08 02:37:00,6,32,73,1.0,1.3,20,required,closed_all,1.8,0.8
BUY,4128.26,4126.14808,4131.0055,4131.0055,2.7455,1.3,2.82,1.7,TARGET,2026-07-08 02:42:00,2026-07-08 02:37:00,2026-07-08 02:38:00,6,32,73,1.0,1.3,20,required,closed_all,1.8,0.8
BUY,4187.16,4181.44928,4191.79996,4191.79996,4.63996,0.8125,7.22,2.59,TARGET,2026-07-05 22:32:00,2026-07-05 22:26:00,2026-07-05 22:27:00,3,28,60,1.6,1.3,20,required,closed_all,0.8,0.8
BUY,4128.02,4124.99931,4130.47431,4124.99931,-3.02069,-1.0,1.17,3.48,STOP,2026-07-08 03:02:00,2026-07-08 02:56:00,2026-07-08 02:57:00,3,28,60,1.6,1.3,20,required,closed_all,0.8,0.8
BUY,4134.23,4130.44953,4136.55645,4136.55645,2.32645,0.61538,2.45,1.31,TARGET,2026-07-02 21:20:00,2026-07-02 21:17:00,2026-07-02 21:18:00,5,26,84,1.3,0.8,15,required,closed_all,1.2,2.0
BUY,4135.16,4131.44156,4137.44827,4137.44827,2.28827,0.61538,2.61,1.83,TARGET,2026-07-02 21:21:00,2026-07-02 21:18:00,2026-07-02 21:19:00,5,26,84,1.3,0.8,15,required,closed_all,1.2,2.0
BUY,4180.51,4178.80523,4181.55909,4178.80523,-1.70477,-1.0,0.56,2.08,STOP,2026-07-03 02:09:00,2026-07-03 02:06:00,2026-07-03 02:07:00,5,26,84,1.3,0.8,15,required,closed_all,1.2,2.0
BUY,4173.66,4171.16097,4175.19786,4175.19786,1.53786,0.61538,3.09,0.53,TARGET,2026-07-03 04:05:00,2026-07-03 04:03:00,2026-07-03 04:04:00,5,26,84,1.3,0.8,15,required,closed_all,1.2,2.0
BUY,4174.9,4172.41512,4176.42916,4176.42916,1.52916,0.61538,1.85,0.44,TARGET,2026-07-03 04:05:00,2026-07-03 04:04:00,2026-07-03 04:05:00,5,26,84,1.3,0.8,15,required,closed_all,1.2,2.0
BUY,4175.29,4173.04139,4176.67376,4176.67376,1.38376,0.61538,1.72,0.34,TARGET,2026-07-03 04:30:00,2026-07-03 04:29:00,2026-07-03 04:30:00,5,26,84,1.3,0.8,15,required,closed_all,1.2,2.0
BUY,4175.84,4173.47057,4177.29811,4177.29811,1.45811,0.61538,2.38,0.95,TARGET,2026-07-03 04:34:00,2026-07-03 04:32:00,2026-07-03 04:33:00,5,26,84,1.3,0.8,15,required,closed_all,1.2,2.0
BUY,4175.91,4173.6151,4177.32224,4177.32224,1.41224,0.61538,2.31,0.27,TARGET,2026-07-03 04:34:00,2026-07-03 04:33:00,2026-07-03 04:34:00,5,26,84,1.3,0.8,15,required,closed_all,1.2,2.0
BUY,4179.44,4177.91046,4180.38126,4177.91046,-1.52954,-1.0,0.1,2.02,STOP,2026-07-03 08:07:00,2026-07-03 08:05:00,2026-07-03 08:06:00,5,26,84,1.3,0.8,15,required,closed_all,1.2,2.0
BUY,4187.79,4182.50396,4191.04295,4191.04295,3.25295,0.61538,3.52,0.85,TARGET,2026-07-05 22:15:00,2026-07-05 22:13:00,2026-07-05 22:14:00,5,26,84,1.3,0.8,15,required,closed_all,1.2,2.0
BUY,4189.3,4184.17239,4192.45545,4192.45545,3.15545,0.61538,3.48,0.97,TARGET,2026-07-05 22:16:00,2026-07-05 22:14:00,2026-07-05 22:15:00,5,26,84,1.3,0.8,15,required,closed_all,1.2,2.0
BUY,4191.31,4186.27193,4194.41035,4186.27193,-5.03807,-1.0,1.47,5.52,STOP,2026-07-05 22:17:00,2026-07-05 22:15:00,2026-07-05 22:16:00,5,26,84,1.3,0.8,15,required,closed_all,1.2,2.0
BUY,4188.85,4183.88722,4191.90402,4183.88722,-4.96278,-1.0,1.62,5.64,STOP,2026-07-05 22:21:00,2026-07-05 22:19:00,2026-07-05 22:20:00,5,26,84,1.3,0.8,15,required,closed_all,1.2,2.0
BUY,4187.16,4182.52004,4190.01536,4190.01536,2.85536,0.61538,4.41,2.59,TARGET,2026-07-05 22:30:00,2026-07-05 22:26:00,2026-07-05 22:27:00,5,26,84,1.3,0.8,15,required,closed_all,1.2,2.0
BUY,4188.14,4183.49996,4190.99541,4190.99541,2.85541,0.61538,3.43,2.27,TARGET,2026-07-05 22:30:00,2026-07-05 22:27:00,2026-07-05 22:28:00,5,26,84,1.3,0.8,15,required,closed_all,1.2,2.0
BUY,4189.71,4185.14465,4192.51945,4192.51945,2.80945,0.61538,4.67,2.34,TARGET,2026-07-05 22:32:00,2026-07-05 22:29:00,2026-07-05 22:30:00,5,26,84,1.3,0.8,15,required,closed_all,1.2,2.0
BUY,4190.51,4185.96533,4193.30672,4193.30672,2.79672,0.61538,3.87,1.33,TARGET,2026-07-05 22:32:00,2026-07-05 22:31:00,2026-07-05 22:32:00,5,26,84,1.3,0.8,15,required,closed_all,1.2,2.0
BUY,4161.96,4160.63471,4162.77557,4162.77557,0.81557,0.61538,1.28,0.57,TARGET,2026-07-06 16:29:00,2026-07-06 16:23:00,2026-07-06 16:24:00,5,26,84,1.3,0.8,15,required,closed_all,1.2,2.0
BUY,4162.39,4161.14208,4163.15795,4163.15795,0.76795,0.61538,0.85,0.84,TARGET,2026-07-06 16:29:00,2026-07-06 16:26:00,2026-07-06 16:27:00,5,26,84,1.3,0.8,15,required,closed_all,1.2,2.0
BUY,4162.71,4161.45411,4163.48285,4161.45411,-1.25589,-1.0,0.53,1.37,STOP,2026-07-06 16:31:00,2026-07-06 16:28:00,2026-07-06 16:29:00,5,26,84,1.3,0.8,15,required,closed_all,1.2,2.0
BUY,4162.57,4161.39869,4163.2908,4163.2908,0.7208,0.61538,1.19,0.62,TARGET,2026-07-06 16:49:00,2026-07-06 16:46:00,2026-07-06 16:47:00,5,26,84,1.3,0.8,15,required,closed_all,1.2,2.0
BUY,4162.75,4161.82181,4163.32119,4163.32119,0.57119,0.61538,0.65,0.38,TARGET,2026-07-06 17:31:00,2026-07-06 17:26:00,2026-07-06 17:27:00,5,26,84,1.3,0.8,15,required,closed_all,1.2,2.0
BUY,4162.96,4162.08751,4163.49692,4163.49692,0.53692,0.61538,1.44,0.59,TARGET,2026-07-06 17:33:00,2026-07-06 17:28:00,2026-07-06 17:29:00,5,26,84,1.3,0.8,15,required,closed_all,1.2,2.0
BUY,4163.33,4162.55829,4163.8049,4163.8049,0.4749,0.61538,0.54,0.2,TARGET,2026-07-06 17:50:00,2026-07-06 17:47:00,2026-07-06 17:48:00,5,26,84,1.3,0.8,15,required,closed_all,1.2,2.0
BUY,4127.19,4124.39931,4128.90735,4128.90735,1.71735,0.61538,2.97,0.59,TARGET,2026-07-08 02:38:00,2026-07-08 02:36:00,2026-07-08 02:37:00,5,26,84,1.3,0.8,15,required,closed_all,1.2,2.0
BUY,4128.26,4125.5145,4129.94954,4129.94954,1.68954,0.61538,1.9,1.34,TARGET,2026-07-08 02:38:00,2026-07-08 02:37:00,2026-07-08 02:38:00,5,26,84,1.3,0.8,15,required,closed_all,1.2,2.0
BUY,4128.92,4126.04666,4130.68821,4130.68821,1.76821,0.61538,2.16,0.64,TARGET,2026-07-08 02:42:00,2026-07-08 02:40:00,2026-07-08 02:41:00,5,26,84,1.3,0.8,15,required,closed_all,1.2,2.0
BUY,4129.73,4126.92725,4131.45477,4131.45477,1.72477,0.61538,1.89,1.18,TARGET,2026-07-08 02:43:00,2026-07-08 02:41:00,2026-07-08 02:42:00,5,26,84,1.3,0.8,15,required,closed_all,1.2,2.0
BUY,4130.85,4128.19845,4132.48172,4132.48172,1.63172,0.61538,2.66,0.99,TARGET,2026-07-08 03:24:00,2026-07-08 03:21:00,2026-07-08 03:22:00,5,26,84,1.3,0.8,15,required,closed_all,1.2,2.0
BUY,4187.16,4183.5908,4190.01536,4190.01536,2.85536,0.8,4.41,2.59,TARGET,2026-07-05 22:30:00,2026-07-05 22:26:00,2026-07-05 22:27:00,5,26,68,1.0,0.8,20,warning_only,closed_all,1.2,1.2
BUY,4188.14,4184.57074,4190.99541,4190.99541,2.85541,0.8,3.43,2.27,TARGET,2026-07-05 22:30:00,2026-07-05 22:27:00,2026-07-05 22:28:00,5,26,68,1.0,0.8,20,warning_only,closed_all,1.2,1.2
BUY,4155.65,4154.25198,4156.76842,4154.25198,-1.39802,-1.0,0.55,1.93,STOP,2026-07-06 09:00:00,2026-07-06 08:59:00,2026-07-06 09:00:00,5,26,68,1.0,0.8,20,warning_only,closed_all,1.2,1.2
BUY,4161.96,4160.94054,4162.77557,4162.77557,0.81557,0.8,1.28,0.57,TARGET,2026-07-06 16:29:00,2026-07-06 16:23:00,2026-07-06 16:24:00,5,26,68,1.0,0.8,20,warning_only,closed_all,1.2,1.2
BUY,4162.39,4161.43006,4163.15795,4163.15795,0.76795,0.8,0.85,0.84,TARGET,2026-07-06 16:29:00,2026-07-06 16:26:00,2026-07-06 16:27:00,5,26,68,1.0,0.8,20,warning_only,closed_all,1.2,1.2
BUY,4130.25,4128.51125,4131.641,4131.641,1.391,0.8,1.85,0.58,TARGET,2026-07-07 06:56:00,2026-07-07 06:55:00,2026-07-07 06:56:00,5,26,68,1.0,0.8,20,warning_only,closed_all,1.2,1.2
BUY,4108.98,4106.33815,4111.09348,4111.09348,2.11348,0.8,3.24,0.87,TARGET,2026-07-07 23:06:00,2026-07-07 23:05:00,2026-07-07 23:06:00,5,26,68,1.0,0.8,20,warning_only,closed_all,1.2,1.2
BUY,4126.3,4124.57907,4127.67674,4124.57907,-1.72093,-1.0,0.82,1.93,STOP,2026-07-08 01:30:00,2026-07-08 01:27:00,2026-07-08 01:28:00,5,26,68,1.0,0.8,20,warning_only,closed_all,1.2,1.2
BUY,4128.76,4126.86169,4130.27865,4126.86169,-1.89831,-1.0,0.21,2.44,STOP,2026-07-08 02:20:00,2026-07-08 02:18:00,2026-07-08 02:19:00,5,26,68,1.0,0.8,20,warning_only,closed_all,1.2,1.2
BUY,4128.92,4126.70974,4130.68821,4130.68821,1.76821,0.8,2.16,0.64,TARGET,2026-07-08 02:42:00,2026-07-08 02:40:00,2026-07-08 02:41:00,5,26,68,1.0,0.8,20,warning_only,closed_all,1.2,1.2
BUY,4078.04,4074.0538,4081.22896,4074.0538,-3.9862,-1.0,2.16,7.75,STOP,2026-07-08 10:42:00,2026-07-08 10:36:00,2026-07-08 10:37:00,5,26,68,1.0,0.8,20,warning_only,closed_all,1.2,1.2
BUY,4185.64,4180.92712,4190.35288,4190.35288,4.71288,1.0,5.93,1.32,TARGET,2026-07-05 22:30:00,2026-07-05 22:25:00,2026-07-05 22:26:00,6,32,70,1.3,1.3,15,required,closed_all,0.8,1.2
BUY,4187.16,4182.52004,4191.79996,4191.79996,4.63996,1.0,7.22,2.59,TARGET,2026-07-05 22:32:00,2026-07-05 22:26:00,2026-07-05 22:27:00,6,32,70,1.3,1.3,15,required,closed_all,0.8,1.2
BUY,4126.3,4124.06279,4128.53721,4124.06279,-2.23721,-1.0,1.85,2.24,STOP,2026-07-08 01:41:00,2026-07-08 01:27:00,2026-07-08 01:28:00,6,32,70,1.3,1.3,15,required,closed_all,0.8,1.2
BUY,4127.19,4124.39931,4129.98069,4129.98069,2.79069,1.0,2.97,0.59,TARGET,2026-07-08 02:38:00,2026-07-08 02:36:00,2026-07-08 02:37:00,6,32,70,1.3,1.3,15,required,closed_all,0.8,1.2
BUY,4128.26,4125.5145,4131.0055,4131.0055,2.7455,1.0,2.82,1.7,TARGET,2026-07-08 02:42:00,2026-07-08 02:37:00,2026-07-08 02:38:00,6,32,70,1.3,1.3,15,required,closed_all,0.8,1.2
BUY,4185.64,4182.01471,4188.54024,4188.54024,2.90024,0.8,4.02,1.32,TARGET,2026-07-05 22:28:00,2026-07-05 22:25:00,2026-07-05 22:26:00,8,40,93,1.0,0.8,20,required,closed_all,0.8,1.2
BUY,4187.16,4183.5908,4190.01536,4190.01536,2.85536,0.8,4.41,2.59,TARGET,2026-07-05 22:30:00,2026-07-05 22:26:00,2026-07-05 22:27:00,8,40,93,1.0,0.8,20,required,closed_all,0.8,1.2
BUY,4127.19,4125.04332,4128.90735,4128.90735,1.71735,0.8,2.97,0.59,TARGET,2026-07-08 02:38:00,2026-07-08 02:36:00,2026-07-08 02:37:00,8,40,93,1.0,0.8,20,required,closed_all,0.8,1.2
BUY,4128.26,4126.14808,4129.94954,4129.94954,1.68954,0.8,1.9,1.34,TARGET,2026-07-08 02:38:00,2026-07-08 02:37:00,2026-07-08 02:38:00,8,40,93,1.0,0.8,20,required,closed_all,0.8,1.2
BUY,4185.64,4180.92712,4190.35288,4190.35288,4.71288,1.0,5.93,1.32,TARGET,2026-07-05 22:30:00,2026-07-05 22:25:00,2026-07-05 22:26:00,5,37,64,1.3,1.3,20,warning_only,closed_all,0.8,0.8
BUY,4187.16,4182.52004,4191.79996,4191.79996,4.63996,1.0,7.22,2.59,TARGET,2026-07-05 22:32:00,2026-07-05 22:26:00,2026-07-05 22:27:00,5,37,64,1.3,1.3,20,warning_only,closed_all,0.8,0.8
BUY,4108.98,4105.54559,4112.41441,4112.41441,3.43441,1.0,6.37,0.87,TARGET,2026-07-07 23:07:00,2026-07-07 23:05:00,2026-07-07 23:06:00,5,37,64,1.3,1.3,20,warning_only,closed_all,0.8,0.8
BUY,4126.3,4124.06279,4128.53721,4124.06279,-2.23721,-1.0,1.85,2.24,STOP,2026-07-08 01:41:00,2026-07-08 01:27:00,2026-07-08 01:28:00,5,37,64,1.3,1.3,20,warning_only,closed_all,0.8,0.8
BUY,4128.26,4125.5145,4131.0055,4131.0055,2.7455,1.0,2.82,1.7,TARGET,2026-07-08 02:42:00,2026-07-08 02:37:00,2026-07-08 02:38:00,5,37,64,1.3,1.3,20,warning_only,closed_all,0.8,0.8
BUY,4187.16,4181.44928,4190.7292,4190.7292,3.5692,0.625,4.41,2.59,TARGET,2026-07-05 22:30:00,2026-07-05 22:26:00,2026-07-05 22:27:00,6,23,93,1.6,1.0,15,warning_only,closed_all,0.8,1.2
BUY,4108.98,4104.75303,4111.62185,4111.62185,2.64185,0.625,3.24,0.87,TARGET,2026-07-07 23:06:00,2026-07-07 23:05:00,2026-07-07 23:06:00,6,23,93,1.6,1.0,15,warning_only,closed_all,0.8,1.2
BUY,4127.19,4123.75531,4129.33668,4129.33668,2.14668,0.625,2.97,0.59,TARGET,2026-07-08 02:38:00,2026-07-08 02:36:00,2026-07-08 02:37:00,6,23,93,1.6,1.0,15,warning_only,closed_all,0.8,1.2
BUY,4128.26,4124.88093,4130.37192,4130.37192,2.11192,0.625,2.82,1.7,TARGET,2026-07-08 02:42:00,2026-07-08 02:37:00,2026-07-08 02:38:00,6,23,93,1.6,1.0,15,warning_only,closed_all,0.8,1.2
BUY,4173.66,4170.58427,4175.58233,4175.58233,1.92233,0.625,3.09,0.53,TARGET,2026-07-03 04:05:00,2026-07-03 04:03:00,2026-07-03 04:04:00,4,30,90,1.6,1.0,20,warning_only,closed_all,1.2,1.2
BUY,4187.79,4181.2841,4191.85619,4191.85619,4.06619,0.625,4.99,0.85,TARGET,2026-07-05 22:16:00,2026-07-05 22:13:00,2026-07-05 22:14:00,4,30,90,1.6,1.0,20,warning_only,closed_all,1.2,1.2
BUY,4187.16,4181.44928,4190.7292,4190.7292,3.5692,0.625,4.41,2.59,TARGET,2026-07-05 22:30:00,2026-07-05 22:26:00,2026-07-05 22:27:00,4,30,90,1.6,1.0,20,warning_only,closed_all,1.2,1.2
BUY,4188.14,4182.42919,4191.70926,4191.70926,3.56926,0.625,6.24,2.27,TARGET,2026-07-05 22:32:00,2026-07-05 22:27:00,2026-07-05 22:28:00,4,30,90,1.6,1.0,20,warning_only,closed_all,1.2,1.2
BUY,4161.96,4160.32887,4162.97946,4162.97946,1.01946,0.625,1.28,0.57,TARGET,2026-07-06 16:29:00,2026-07-06 16:23:00,2026-07-06 16:24:00,4,30,90,1.6,1.0,20,warning_only,closed_all,1.2,1.2
BUY,4108.98,4104.75303,4111.62185,4111.62185,2.64185,0.625,3.24,0.87,TARGET,2026-07-07 23:06:00,2026-07-07 23:05:00,2026-07-07 23:06:00,4,30,90,1.6,1.0,20,warning_only,closed_all,1.2,1.2
BUY,4127.19,4123.75531,4129.33668,4129.33668,2.14668,0.625,2.97,0.59,TARGET,2026-07-08 02:38:00,2026-07-08 02:36:00,2026-07-08 02:37:00,4,30,90,1.6,1.0,20,warning_only,closed_all,1.2,1.2
BUY,4128.26,4124.88093,4130.37192,4130.37192,2.11192,0.625,2.82,1.7,TARGET,2026-07-08 02:42:00,2026-07-08 02:37:00,2026-07-08 02:38:00,4,30,90,1.6,1.0,20,warning_only,closed_all,1.2,1.2
BUY,4128.02,4124.99931,4129.90793,4124.99931,-3.02069,-1.0,1.17,3.48,STOP,2026-07-08 03:02:00,2026-07-08 02:56:00,2026-07-08 02:57:00,4,30,90,1.6,1.0,20,warning_only,closed_all,1.2,1.2
BUY,4078.04,4071.66208,4082.0262,4071.66208,-6.37792,-1.0,2.16,7.75,STOP,2026-07-08 10:42:00,2026-07-08 10:36:00,2026-07-08 10:37:00,4,30,90,1.6,1.0,20,warning_only,closed_all,1.2,1.2
BUY,4134.23,4130.44953,4136.55645,4136.55645,2.32645,0.61538,2.45,1.31,TARGET,2026-07-02 21:20:00,2026-07-02 21:17:00,2026-07-02 21:18:00,8,37,86,1.3,0.8,15,warning_only,closed_all,0.8,2.0
BUY,4175.29,4173.04139,4176.67376,4176.67376,1.38376,0.61538,1.72,0.34,TARGET,2026-07-03 04:30:00,2026-07-03 04:29:00,2026-07-03 04:30:00,8,37,86,1.3,0.8,15,warning_only,closed_all,0.8,2.0
BUY,4175.91,4173.6151,4177.32224,4177.32224,1.41224,0.61538,2.31,0.27,TARGET,2026-07-03 04:34:00,2026-07-03 04:33:00,2026-07-03 04:34:00,8,37,86,1.3,0.8,15,warning_only,closed_all,0.8,2.0
BUY,4179.44,4177.91046,4180.38126,4177.91046,-1.52954,-1.0,0.1,2.02,STOP,2026-07-03 08:07:00,2026-07-03 08:05:00,2026-07-03 08:06:00,8,37,86,1.3,0.8,15,warning_only,closed_all,0.8,2.0
BUY,4189.3,4184.17239,4192.45545,4192.45545,3.15545,0.61538,3.48,0.97,TARGET,2026-07-05 22:16:00,2026-07-05 22:14:00,2026-07-05 22:15:00,8,37,86,1.3,0.8,15,warning_only,closed_all,0.8,2.0
BUY,4191.31,4186.27193,4194.41035,4186.27193,-5.03807,-1.0,1.47,5.52,STOP,2026-07-05 22:17:00,2026-07-05 22:15:00,2026-07-05 22:16:00,8,37,86,1.3,0.8,15,warning_only,closed_all,0.8,2.0
BUY,4185.64,4180.92712,4188.54024,4188.54024,2.90024,0.61538,4.02,1.32,TARGET,2026-07-05 22:28:00,2026-07-05 22:25:00,2026-07-05 22:26:00,8,37,86,1.3,0.8,15,warning_only,closed_all,0.8,2.0
BUY,4187.16,4182.52004,4190.01536,4190.01536,2.85536,0.61538,4.41,2.59,TARGET,2026-07-05 22:30:00,2026-07-05 22:26:00,2026-07-05 22:27:00,8,37,86,1.3,0.8,15,warning_only,closed_all,0.8,2.0
BUY,4189.71,4185.14465,4192.51945,4192.51945,2.80945,0.61538,4.67,2.34,TARGET,2026-07-05 22:32:00,2026-07-05 22:29:00,2026-07-05 22:30:00,8,37,86,1.3,0.8,15,warning_only,closed_all,0.8,2.0
BUY,4190.51,4185.96533,4193.30672,4193.30672,2.79672,0.61538,3.87,1.33,TARGET,2026-07-05 22:32:00,2026-07-05 22:31:00,2026-07-05 22:32:00,8,37,86,1.3,0.8,15,warning_only,closed_all,0.8,2.0
BUY,4156.92,4154.96432,4158.12349,4158.12349,1.20349,0.61538,1.31,0.59,TARGET,2026-07-06 09:06:00,2026-07-06 09:05:00,2026-07-06 09:06:00,8,37,86,1.3,0.8,15,warning_only,closed_all,0.8,2.0
BUY,4147.29,4145.43414,4148.43207,4148.43207,1.14207,0.61538,1.27,0.29,TARGET,2026-07-06 13:36:00,2026-07-06 13:35:00,2026-07-06 13:36:00,8,37,86,1.3,0.8,15,warning_only,closed_all,0.8,2.0
BUY,4162.57,4161.39869,4163.2908,4163.2908,0.7208,0.61538,1.19,0.62,TARGET,2026-07-06 16:49:00,2026-07-06 16:46:00,2026-07-06 16:47:00,8,37,86,1.3,0.8,15,warning_only,closed_all,0.8,2.0
BUY,4162.96,4162.08751,4163.49692,4163.49692,0.53692,0.61538,1.44,0.59,TARGET,2026-07-06 17:33:00,2026-07-06 17:28:00,2026-07-06 17:29:00,8,37,86,1.3,0.8,15,warning_only,closed_all,0.8,2.0
BUY,4132.27,4130.02904,4133.64905,4133.64905,1.37905,0.61538,1.58,0.43,TARGET,2026-07-07 07:07:00,2026-07-07 07:02:00,2026-07-07 07:03:00,8,37,86,1.3,0.8,15,warning_only,closed_all,0.8,2.0
BUY,4133.13,4131.09613,4134.38161,4134.38161,1.25161,0.61538,1.51,1.12,TARGET,2026-07-07 07:13:00,2026-07-07 07:06:00,2026-07-07 07:07:00,8,37,86,1.3,0.8,15,warning_only,closed_all,0.8,2.0
BUY,4108.98,4105.54559,4111.09348,4111.09348,2.11348,0.61538,3.24,0.87,TARGET,2026-07-07 23:06:00,2026-07-07 23:05:00,2026-07-07 23:06:00,8,37,86,1.3,0.8,15,warning_only,closed_all,0.8,2.0
BUY,4126.3,4124.06279,4127.67674,4127.67674,1.37674,0.61538,1.85,1.93,TARGET,2026-07-08 01:32:00,2026-07-08 01:27:00,2026-07-08 01:28:00,8,37,86,1.3,0.8,15,warning_only,closed_all,0.8,2.0
BUY,4126.29,4124.1744,4127.59191,4127.59191,1.30191,0.61538,1.86,1.92,TARGET,2026-07-08 01:32:00,2026-07-08 01:29:00,2026-07-08 01:30:00,8,37,86,1.3,0.8,15,warning_only,closed_all,0.8,2.0
BUY,4127.19,4124.39931,4128.90735,4128.90735,1.71735,0.61538,2.97,0.59,TARGET,2026-07-08 02:38:00,2026-07-08 02:36:00,2026-07-08 02:37:00,8,37,86,1.3,0.8,15,warning_only,closed_all,0.8,2.0
BUY,4128.26,4125.5145,4129.94954,4129.94954,1.68954,0.61538,1.9,1.34,TARGET,2026-07-08 02:38:00,2026-07-08 02:37:00,2026-07-08 02:38:00,8,37,86,1.3,0.8,15,warning_only,closed_all,0.8,2.0
BUY,4129.73,4126.92725,4131.45477,4131.45477,1.72477,0.61538,1.89,1.18,TARGET,2026-07-08 02:43:00,2026-07-08 02:41:00,2026-07-08 02:42:00,8,37,86,1.3,0.8,15,warning_only,closed_all,0.8,2.0
BUY,4130.85,4128.19845,4132.48172,4132.48172,1.63172,0.61538,2.66,0.99,TARGET,2026-07-08 03:24:00,2026-07-08 03:21:00,2026-07-08 03:22:00,8,37,86,1.3,0.8,15,warning_only,closed_all,0.8,2.0
BUY,4128.89,4124.32046,4131.17477,4131.17477,2.28477,0.5,6.43,2.32,TARGET,2026-07-02 21:13:00,2026-07-02 21:09:00,2026-07-02 21:10:00,6,26,95,1.6,0.8,5,warning_only,closed_all,1.8,2.0
BUY,4134.23,4129.57711,4136.55645,4136.55645,2.32645,0.5,2.45,1.31,TARGET,2026-07-02 21:20:00,2026-07-02 21:17:00,2026-07-02 21:18:00,6,26,95,1.6,0.8,5,warning_only,closed_all,1.8,2.0
BUY,4180.51,4178.41182,4181.55909,4178.41182,-2.09818,-1.0,0.56,2.42,STOP,2026-07-03 02:10:00,2026-07-03 02:06:00,2026-07-03 02:07:00,6,26,95,1.6,0.8,5,warning_only,closed_all,1.8,2.0
BUY,4174.16,4171.31709,4175.58146,4171.31709,-2.84291,-1.0,0.02,3.12,STOP,2026-07-03 04:01:00,2026-07-03 03:58:00,2026-07-03 03:59:00,6,26,95,1.6,0.8,5,warning_only,closed_all,1.8,2.0
BUY,4173.66,4170.58427,4175.19786,4175.19786,1.53786,0.5,3.09,0.53,TARGET,2026-07-03 04:05:00,2026-07-03 04:03:00,2026-07-03 04:04:00,6,26,95,1.6,0.8,5,warning_only,closed_all,1.8,2.0
BUY,4174.9,4171.84168,4176.42916,4176.42916,1.52916,0.5,1.85,0.44,TARGET,2026-07-03 04:05:00,2026-07-03 04:04:00,2026-07-03 04:05:00,6,26,95,1.6,0.8,5,warning_only,closed_all,1.8,2.0
BUY,4175.29,4172.52248,4176.67376,4176.67376,1.38376,0.5,1.72,0.34,TARGET,2026-07-03 04:30:00,2026-07-03 04:29:00,2026-07-03 04:30:00,6,26,95,1.6,0.8,5,warning_only,closed_all,1.8,2.0
BUY,4175.84,4172.92378,4177.29811,4177.29811,1.45811,0.5,2.38,0.95,TARGET,2026-07-03 04:34:00,2026-07-03 04:32:00,2026-07-03 04:33:00,6,26,95,1.6,0.8,5,warning_only,closed_all,1.8,2.0
BUY,4175.91,4173.08551,4177.32224,4177.32224,1.41224,0.5,2.31,0.27,TARGET,2026-07-03 04:34:00,2026-07-03 04:33:00,2026-07-03 04:34:00,6,26,95,1.6,0.8,5,warning_only,closed_all,1.8,2.0
BUY,4179.44,4177.55749,4180.38126,4177.55749,-1.88251,-1.0,0.1,2.02,STOP,2026-07-03 08:07:00,2026-07-03 08:05:00,2026-07-03 08:06:00,6,26,95,1.6,0.8,5,warning_only,closed_all,1.8,2.0
BUY,4191.06,4184.49234,4194.34383,4184.49234,-6.56766,-1.0,1.75,8.47,STOP,2026-07-05 22:05:00,2026-07-05 22:03:00,2026-07-05 22:04:00,6,26,95,1.6,0.8,5,warning_only,closed_all,1.8,2.0
BUY,4187.79,4181.2841,4191.04295,4191.04295,3.25295,0.5,3.52,0.85,TARGET,2026-07-05 22:15:00,2026-07-05 22:13:00,2026-07-05 22:14:00,6,26,95,1.6,0.8,5,warning_only,closed_all,1.8,2.0
BUY,4189.3,4182.98909,4192.45545,4192.45545,3.15545,0.5,3.48,0.97,TARGET,2026-07-05 22:16:00,2026-07-05 22:14:00,2026-07-05 22:15:00,6,26,95,1.6,0.8,5,warning_only,closed_all,1.8,2.0
BUY,4191.31,4185.1093,4194.41035,4185.1093,-6.2007,-1.0,1.47,7.09,STOP,2026-07-05 22:18:00,2026-07-05 22:15:00,2026-07-05 22:16:00,6,26,95,1.6,0.8,5,warning_only,closed_all,1.8,2.0
BUY,4188.85,4182.74196,4191.90402,4182.74196,-6.10804,-1.0,1.62,7.36,STOP,2026-07-05 22:22:00,2026-07-05 22:19:00,2026-07-05 22:20:00,6,26,95,1.6,0.8,5,warning_only,closed_all,1.8,2.0
BUY,4187.16,4181.44928,4190.01536,4190.01536,2.85536,0.5,4.41,2.59,TARGET,2026-07-05 22:30:00,2026-07-05 22:26:00,2026-07-05 22:27:00,6,26,95,1.6,0.8,5,warning_only,closed_all,1.8,2.0
BUY,4188.14,4182.42919,4190.99541,4190.99541,2.85541,0.5,3.43,2.27,TARGET,2026-07-05 22:30:00,2026-07-05 22:27:00,2026-07-05 22:28:00,6,26,95,1.6,0.8,5,warning_only,closed_all,1.8,2.0
BUY,4189.71,4184.0911,4192.51945,4192.51945,2.80945,0.5,4.67,2.34,TARGET,2026-07-05 22:32:00,2026-07-05 22:29:00,2026-07-05 22:30:00,6,26,95,1.6,0.8,5,warning_only,closed_all,1.8,2.0
BUY,4190.51,4184.91656,4193.30672,4193.30672,2.79672,0.5,3.87,1.33,TARGET,2026-07-05 22:32:00,2026-07-05 22:31:00,2026-07-05 22:32:00,6,26,95,1.6,0.8,5,warning_only,closed_all,1.8,2.0
BUY,4156.2,4153.83951,4157.38024,4157.38024,1.18024,0.5,2.05,1.0,TARGET,2026-07-06 09:03:00,2026-07-06 09:00:00,2026-07-06 09:01:00,6,26,95,1.6,0.8,5,warning_only,closed_all,1.8,2.0
BUY,4156.92,4154.51301,4158.12349,4158.12349,1.20349,0.5,1.31,0.59,TARGET,2026-07-06 09:06:00,2026-07-06 09:05:00,2026-07-06 09:06:00,6,26,95,1.6,0.8,5,warning_only,closed_all,1.8,2.0
BUY,4147.29,4145.00586,4148.43207,4148.43207,1.14207,0.5,1.27,0.29,TARGET,2026-07-06 13:36:00,2026-07-06 13:35:00,2026-07-06 13:36:00,6,26,95,1.6,0.8,5,warning_only,closed_all,1.8,2.0
BUY,4161.96,4160.32887,4162.77557,4162.46,0.5,0.30654,0.75,0.57,TIME_EXIT,2026-07-06 16:28:00,2026-07-06 16:23:00,2026-07-06 16:24:00,6,26,95,1.6,0.8,5,warning_only,closed_all,1.8,2.0
BUY,4162.39,4160.8541,4163.15795,4163.15795,0.76795,0.5,0.85,0.84,TARGET,2026-07-06 16:29:00,2026-07-06 16:26:00,2026-07-06 16:27:00,6,26,95,1.6,0.8,5,warning_only,closed_all,1.8,2.0
BUY,4162.57,4161.12839,4163.2908,4163.2908,0.7208,0.5,1.19,0.62,TARGET,2026-07-06 16:49:00,2026-07-06 16:46:00,2026-07-06 16:47:00,6,26,95,1.6,0.8,5,warning_only,closed_all,1.8,2.0
BUY,4162.75,4161.60761,4163.32119,4163.32119,0.57119,0.5,0.65,0.38,TARGET,2026-07-06 17:31:00,2026-07-06 17:26:00,2026-07-06 17:27:00,6,26,95,1.6,0.8,5,warning_only,closed_all,1.8,2.0
BUY,4162.96,4161.88617,4163.49692,4163.49692,0.53692,0.5,1.44,0.59,TARGET,2026-07-06 17:33:00,2026-07-06 17:28:00,2026-07-06 17:29:00,6,26,95,1.6,0.8,5,warning_only,closed_all,1.8,2.0
BUY,4163.33,4162.3802,4163.8049,4163.8049,0.4749,0.5,0.54,0.2,TARGET,2026-07-06 17:50:00,2026-07-06 17:47:00,2026-07-06 17:48:00,6,26,95,1.6,0.8,5,warning_only,closed_all,1.8,2.0
BUY,4133.13,4130.62677,4134.38161,4132.98,-0.15,-0.05992,0.81,0.93,TIME_EXIT,2026-07-07 07:11:00,2026-07-07 07:06:00,2026-07-07 07:07:00,6,26,95,1.6,0.8,5,warning_only,closed_all,1.8,2.0
BUY,4135.55,4133.55197,4136.54901,4133.55197,-1.99803,-1.0,0.36,2.0,STOP,2026-07-07 08:00:00,2026-07-07 07:59:00,2026-07-07 08:00:00,6,26,95,1.6,0.8,5,warning_only,closed_all,1.8,2.0
BUY,4136.65,4134.34721,4137.8014,4137.8014,1.1514,0.5,5.41,1.32,TARGET,2026-07-07 08:18:00,2026-07-07 08:16:00,2026-07-07 08:17:00,6,26,95,1.6,0.8,5,warning_only,closed_all,1.8,2.0
BUY,4146.33,4144.16898,4147.41051,4147.41051,1.08051,0.5,1.33,0.35,TARGET,2026-07-07 14:43:00,2026-07-07 14:40:00,2026-07-07 14:41:00,6,26,95,1.6,0.8,5,warning_only,closed_all,1.8,2.0
BUY,4108.98,4104.75303,4111.09348,4111.09348,2.11348,0.5,3.24,0.87,TARGET,2026-07-07 23:06:00,2026-07-07 23:05:00,2026-07-07 23:06:00,6,26,95,1.6,0.8,5,warning_only,closed_all,1.8,2.0
BUY,4112.22,4107.82525,4114.41738,4114.41738,2.19738,0.5,3.13,2.12,TARGET,2026-07-07 23:07:00,2026-07-07 23:06:00,2026-07-07 23:07:00,6,26,95,1.6,0.8,5,warning_only,closed_all,1.8,2.0
BUY,4127.37,4124.25099,4128.92951,4126.3,-1.07,-0.34306,0.01,2.66,TIME_EXIT,2026-07-08 01:27:00,2026-07-08 01:22:00,2026-07-08 01:23:00,6,26,95,1.6,0.8,5,warning_only,closed_all,1.8,2.0
BUY,4126.98,4124.04867,4128.44567,4125.03,-1.95,-0.66523,0.19,2.61,TIME_EXIT,2026-07-08 01:30:00,2026-07-08 01:25:00,2026-07-08 01:26:00,6,26,95,1.6,0.8,5,warning_only,closed_all,1.8,2.0
BUY,4126.3,4123.54652,4127.67674,4127.67674,1.37674,0.5,1.85,1.93,TARGET,2026-07-08 01:32:00,2026-07-08 01:27:00,2026-07-08 01:28:00,6,26,95,1.6,0.8,5,warning_only,closed_all,1.8,2.0
BUY,4127.36,4124.51561,4128.78219,4127.44,0.08,0.02813,0.79,2.13,TIME_EXIT,2026-07-08 01:36:00,2026-07-08 01:31:00,2026-07-08 01:32:00,6,26,95,1.6,0.8,5,warning_only,closed_all,1.8,2.0
BUY,4127.05,4124.56173,4128.29413,4128.29413,1.24413,0.5,3.55,2.05,TARGET,2026-07-08 02:05:00,2026-07-08 02:00:00,2026-07-08 02:01:00,6,26,95,1.6,0.8,5,warning_only,closed_all,1.8,2.0
BUY,4127.94,4125.47468,4129.17266,4129.17266,1.23266,0.5,2.66,0.18,TARGET,2026-07-08 02:05:00,2026-07-08 02:04:00,2026-07-08 02:05:00,6,26,95,1.6,0.8,5,warning_only,closed_all,1.8,2.0
BUY,4128.79,4125.7768,4130.2966,4125.7768,-3.0132,-1.0,0.48,5.1,STOP,2026-07-08 02:21:00,2026-07-08 02:16:00,2026-07-08 02:17:00,6,26,95,1.6,0.8,5,warning_only,closed_all,1.8,2.0
BUY,4128.76,4125.7227,4130.27865,4125.7227,-3.0373,-1.0,0.21,5.07,STOP,2026-07-08 02:21:00,2026-07-08 02:18:00,2026-07-08 02:19:00,6,26,95,1.6,0.8,5,warning_only,closed_all,1.8,2.0
BUY,4127.19,4123.75531,4128.90735,4128.90735,1.71735,0.5,2.97,0.59,TARGET,2026-07-08 02:38:00,2026-07-08 02:36:00,2026-07-08 02:37:00,6,26,95,1.6,0.8,5,warning_only,closed_all,1.8,2.0
BUY,4128.26,4124.88093,4129.94954,4129.94954,1.68954,0.5,1.9,1.34,TARGET,2026-07-08 02:38:00,2026-07-08 02:37:00,2026-07-08 02:38:00,6,26,95,1.6,0.8,5,warning_only,closed_all,1.8,2.0
BUY,4128.92,4125.38358,4130.68821,4130.68821,1.76821,0.5,2.16,0.64,TARGET,2026-07-08 02:42:00,2026-07-08 02:40:00,2026-07-08 02:41:00,6,26,95,1.6,0.8,5,warning_only,closed_all,1.8,2.0
BUY,4129.73,4126.28046,4131.45477,4131.45477,1.72477,0.5,1.89,1.18,TARGET,2026-07-08 02:43:00,2026-07-08 02:41:00,2026-07-08 02:42:00,6,26,95,1.6,0.8,5,warning_only,closed_all,1.8,2.0
BUY,4130.36,4127.004,4132.038,4132.038,1.678,0.5,2.45,1.06,TARGET,2026-07-08 03:16:00,2026-07-08 03:13:00,2026-07-08 03:14:00,6,26,95,1.6,0.8,5,warning_only,closed_all,1.8,2.0
BUY,4130.85,4127.58655,4132.48172,4132.48172,1.63172,0.5,2.66,0.99,TARGET,2026-07-08 03:24:00,2026-07-08 03:21:00,2026-07-08 03:22:00,6,26,95,1.6,0.8,5,warning_only,closed_all,1.8,2.0
BUY,4078.04,4071.66208,4081.22896,4077.91,-0.13,-0.02038,2.16,3.58,TIME_EXIT,2026-07-08 10:41:00,2026-07-08 10:36:00,2026-07-08 10:37:00,6,26,95,1.6,0.8,5,warning_only,closed_all,1.8,2.0
BUY,4128.89,4126.03404,4132.60275,4132.60275,3.71275,1.3,6.43,2.32,TARGET,2026-07-02 21:13:00,2026-07-02 21:09:00,2026-07-02 21:10:00,8,23,89,1.0,1.3,10,required,closed_all,1.2,0.8
BUY,4185.64,4182.01471,4190.35288,4190.35288,4.71288,1.3,5.93,1.32,TARGET,2026-07-05 22:30:00,2026-07-05 22:25:00,2026-07-05 22:26:00,8,23,89,1.0,1.3,10,required,closed_all,1.2,0.8
BUY,4187.16,4183.5908,4191.79996,4191.79996,4.63996,1.3,7.22,2.59,TARGET,2026-07-05 22:32:00,2026-07-05 22:26:00,2026-07-05 22:27:00,8,23,89,1.0,1.3,10,required,closed_all,1.2,0.8
BUY,4127.19,4125.04332,4129.98069,4129.98069,2.79069,1.3,2.97,0.59,TARGET,2026-07-08 02:38:00,2026-07-08 02:36:00,2026-07-08 02:37:00,8,23,89,1.0,1.3,10,required,closed_all,1.2,0.8
BUY,4128.26,4126.14808,4131.0055,4131.0055,2.7455,1.3,2.82,1.7,TARGET,2026-07-08 02:42:00,2026-07-08 02:37:00,2026-07-08 02:38:00,8,23,89,1.0,1.3,10,required,closed_all,1.2,0.8
BUY,4129.43,4127.19062,4131.2215,4127.19062,-2.23938,-1.0,1.25,3.19,STOP,2026-07-02 20:52:00,2026-07-02 20:47:00,2026-07-02 20:48:00,8,34,61,1.0,0.8,15,required,closed_all,1.2,2.0
BUY,4130.59,4128.39415,4132.34668,4128.39415,-2.19585,-1.0,0.09,3.38,STOP,2026-07-02 20:51:00,2026-07-02 20:48:00,2026-07-02 20:49:00,8,34,61,1.0,0.8,15,required,closed_all,1.2,2.0
BUY,4130.63,4128.44671,4132.37663,4128.44671,-2.18329,-1.0,0.05,3.42,STOP,2026-07-02 20:51:00,2026-07-02 20:49:00,2026-07-02 20:50:00,8,34,61,1.0,0.8,15,required,closed_all,1.2,2.0
BUY,4128.89,4126.03404,4131.17477,4131.17477,2.28477,0.8,6.43,2.32,TARGET,2026-07-02 21:13:00,2026-07-02 21:09:00,2026-07-02 21:10:00,8,34,61,1.0,0.8,15,required,closed_all,1.2,2.0
BUY,4134.23,4131.32194,4136.55645,4136.55645,2.32645,0.8,2.45,1.31,TARGET,2026-07-02 21:20:00,2026-07-02 21:17:00,2026-07-02 21:18:00,8,34,61,1.0,0.8,15,required,closed_all,1.2,2.0
BUY,4135.16,4132.29966,4137.44827,4137.44827,2.28827,0.8,2.61,1.83,TARGET,2026-07-02 21:21:00,2026-07-02 21:18:00,2026-07-02 21:19:00,8,34,61,1.0,0.8,15,required,closed_all,1.2,2.0
BUY,4181.41,4179.39799,4183.01961,4179.39799,-2.01201,-1.0,0.09,2.17,STOP,2026-07-02 23:35:00,2026-07-02 23:33:00,2026-07-02 23:34:00,8,34,61,1.0,0.8,15,required,closed_all,1.2,2.0
BUY,4183.58,4181.53322,4185.21742,4185.21742,1.63742,0.8,2.36,0.62,TARGET,2026-07-02 23:53:00,2026-07-02 23:52:00,2026-07-02 23:53:00,8,34,61,1.0,0.8,15,required,closed_all,1.2,2.0
BUY,4183.17,4181.38846,4184.59523,4181.38846,-1.78154,-1.0,0.61,1.8,STOP,2026-07-03 00:16:00,2026-07-03 00:13:00,2026-07-03 00:14:00,8,34,61,1.0,0.8,15,required,closed_all,1.2,2.0
BUY,4180.51,4179.19864,4181.55909,4179.19864,-1.31136,-1.0,0.56,2.08,STOP,2026-07-03 02:09:00,2026-07-03 02:06:00,2026-07-03 02:07:00,8,34,61,1.0,0.8,15,required,closed_all,1.2,2.0
BUY,4173.47,4171.64292,4174.93167,4171.64292,-1.82708,-1.0,0.91,2.68,STOP,2026-07-03 03:56:00,2026-07-03 03:52:00,2026-07-03 03:53:00,8,34,61,1.0,0.8,15,required,closed_all,1.2,2.0
BUY,4173.66,4171.73767,4175.19786,4175.19786,1.53786,0.8,3.09,0.53,TARGET,2026-07-03 04:05:00,2026-07-03 04:03:00,2026-07-03 04:04:00,8,34,61,1.0,0.8,15,required,closed_all,1.2,2.0
BUY,4174.9,4172.98855,4176.42916,4176.42916,1.52916,0.8,1.85,0.44,TARGET,2026-07-03 04:05:00,2026-07-03 04:04:00,2026-07-03 04:05:00,8,34,61,1.0,0.8,15,required,closed_all,1.2,2.0
BUY,4175.29,4173.5603,4176.67376,4176.67376,1.38376,0.8,1.72,0.34,TARGET,2026-07-03 04:30:00,2026-07-03 04:29:00,2026-07-03 04:30:00,8,34,61,1.0,0.8,15,required,closed_all,1.2,2.0
BUY,4175.84,4174.01736,4177.29811,4177.29811,1.45811,0.8,2.38,0.95,TARGET,2026-07-03 04:34:00,2026-07-03 04:32:00,2026-07-03 04:33:00,8,34,61,1.0,0.8,15,required,closed_all,1.2,2.0
BUY,4175.91,4174.1447,4177.32224,4177.32224,1.41224,0.8,2.31,0.27,TARGET,2026-07-03 04:34:00,2026-07-03 04:33:00,2026-07-03 04:34:00,8,34,61,1.0,0.8,15,required,closed_all,1.2,2.0
BUY,4183.11,4181.53753,4184.36798,4181.53753,-1.57247,-1.0,1.42,1.73,AMBIGUOUS_STOP_FIRST,2026-07-03 05:30:00,2026-07-03 05:29:00,2026-07-03 05:30:00,8,34,61,1.0,0.8,15,required,closed_all,1.2,2.0
BUY,4183.57,4181.83731,4184.95615,4184.95615,1.38615,0.8,1.7,0.96,TARGET,2026-07-03 05:45:00,2026-07-03 05:43:00,2026-07-03 05:44:00,8,34,61,1.0,0.8,15,required,closed_all,1.2,2.0
BUY,4184.16,4182.44036,4185.53571,4182.44036,-1.71964,-1.0,1.11,3.83,STOP,2026-07-03 05:46:00,2026-07-03 05:44:00,2026-07-03 05:45:00,8,34,61,1.0,0.8,15,required,closed_all,1.2,2.0
BUY,4179.44,4178.26343,4180.38126,4178.26343,-1.17657,-1.0,0.1,1.47,STOP,2026-07-03 08:06:00,2026-07-03 08:05:00,2026-07-03 08:06:00,8,34,61,1.0,0.8,15,required,closed_all,1.2,2.0
BUY,4189.53,4187.84895,4190.87484,4190.87484,1.34484,0.8,1.61,0.33,TARGET,2026-07-05 20:23:00,2026-07-05 20:20:00,2026-07-05 20:21:00,8,34,61,1.0,0.8,15,required,closed_all,1.2,2.0
BUY,4189.71,4188.18375,4190.931,4190.931,1.221,0.8,1.39,0.16,TARGET,2026-07-05 20:27:00,2026-07-05 20:25:00,2026-07-05 20:26:00,8,34,61,1.0,0.8,15,required,closed_all,1.2,2.0
BUY,4187.79,4183.72381,4191.04295,4191.04295,3.25295,0.8,3.52,0.85,TARGET,2026-07-05 22:15:00,2026-07-05 22:13:00,2026-07-05 22:14:00,8,34,61,1.0,0.8,15,required,closed_all,1.2,2.0
BUY,4189.3,4185.35568,4192.45545,4192.45545,3.15545,0.8,3.48,0.97,TARGET,2026-07-05 22:16:00,2026-07-05 22:14:00,2026-07-05 22:15:00,8,34,61,1.0,0.8,15,required,closed_all,1.2,2.0
BUY,4191.31,4187.43456,4194.41035,4187.43456,-3.87544,-1.0,1.47,5.52,STOP,2026-07-05 22:17:00,2026-07-05 22:15:00,2026-07-05 22:16:00,8,34,61,1.0,0.8,15,required,closed_all,1.2,2.0
BUY,4188.85,4185.03247,4191.90402,4185.03247,-3.81753,-1.0,1.62,5.64,STOP,2026-07-05 22:21:00,2026-07-05 22:19:00,2026-07-05 22:20:00,8,34,61,1.0,0.8,15,required,closed_all,1.2,2.0
BUY,4185.64,4182.01471,4188.54024,4188.54024,2.90024,0.8,4.02,1.32,TARGET,2026-07-05 22:28:00,2026-07-05 22:25:00,2026-07-05 22:26:00,8,34,61,1.0,0.8,15,required,closed_all,1.2,2.0
BUY,4187.16,4183.5908,4190.01536,4190.01536,2.85536,0.8,4.41,2.59,TARGET,2026-07-05 22:30:00,2026-07-05 22:26:00,2026-07-05 22:27:00,8,34,61,1.0,0.8,15,required,closed_all,1.2,2.0
BUY,4188.14,4184.57074,4190.99541,4190.99541,2.85541,0.8,3.43,2.27,TARGET,2026-07-05 22:30:00,2026-07-05 22:27:00,2026-07-05 22:28:00,8,34,61,1.0,0.8,15,required,closed_all,1.2,2.0
BUY,4189.71,4186.19819,4192.51945,4192.51945,2.80945,0.8,4.67,2.34,TARGET,2026-07-05 22:32:00,2026-07-05 22:29:00,2026-07-05 22:30:00,8,34,61,1.0,0.8,15,required,closed_all,1.2,2.0
BUY,4190.51,4187.0141,4193.30672,4193.30672,2.79672,0.8,3.87,1.33,TARGET,2026-07-05 22:32:00,2026-07-05 22:31:00,2026-07-05 22:32:00,8,34,61,1.0,0.8,15,required,closed_all,1.2,2.0
BUY,4163.65,4162.6223,4164.47216,4164.47216,0.82216,0.8,1.61,0.68,TARGET,2026-07-06 16:00:00,2026-07-06 15:56:00,2026-07-06 15:57:00,8,34,61,1.0,0.8,15,required,closed_all,1.2,2.0
BUY,4163.81,4162.84464,4164.58229,4164.58229,0.77229,0.8,1.45,0.19,TARGET,2026-07-06 16:00:00,2026-07-06 15:59:00,2026-07-06 16:00:00,8,34,61,1.0,0.8,15,required,closed_all,1.2,2.0
BUY,4162.39,4161.43006,4163.15795,4163.15795,0.76795,0.8,0.85,0.84,TARGET,2026-07-06 16:29:00,2026-07-06 16:26:00,2026-07-06 16:27:00,8,34,61,1.0,0.8,15,required,closed_all,1.2,2.0
BUY,4162.71,4161.74393,4163.48285,4161.74393,-0.96607,-1.0,0.53,1.14,STOP,2026-07-06 16:30:00,2026-07-06 16:28:00,2026-07-06 16:29:00,8,34,61,1.0,0.8,15,required,closed_all,1.2,2.0
BUY,4162.96,4162.28885,4163.49692,4163.49692,0.53692,0.8,1.44,0.59,TARGET,2026-07-06 17:33:00,2026-07-06 17:28:00,2026-07-06 17:29:00,8,34,61,1.0,0.8,15,required,closed_all,1.2,2.0
BUY,4166.33,4165.66209,4166.86433,4166.86433,0.53433,0.8,0.59,0.3,TARGET,2026-07-06 19:31:00,2026-07-06 19:30:00,2026-07-06 19:31:00,8,34,61,1.0,0.8,15,required,closed_all,1.2,2.0
BUY,4136.9,4135.45142,4138.05887,4138.05887,1.15887,0.8,5.16,0.04,TARGET,2026-07-07 08:18:00,2026-07-07 08:17:00,2026-07-07 08:18:00,8,34,61,1.0,0.8,15,required,closed_all,1.2,2.0
BUY,4167.36,4164.81093,4169.39926,4169.39926,2.03926,0.8,2.54,0.79,TARGET,2026-07-07 09:55:00,2026-07-07 09:54:00,2026-07-07 09:55:00,8,34,61,1.0,0.8,15,required,closed_all,1.2,2.0
BUY,4170.2,4167.08761,4172.68991,4167.08761,-3.11239,-1.0,2.2,4.81,STOP,2026-07-07 10:24:00,2026-07-07 10:16:00,2026-07-07 10:17:00,8,34,61,1.0,0.8,15,required,closed_all,1.2,2.0
BUY,4126.3,4124.57907,4127.67674,4124.57907,-1.72093,-1.0,0.82,1.93,STOP,2026-07-08 01:30:00,2026-07-08 01:27:00,2026-07-08 01:28:00,8,34,61,1.0,0.8,15,required,closed_all,1.2,2.0
BUY,4126.29,4124.66262,4127.59191,4124.66262,-1.62738,-1.0,0.83,1.92,STOP,2026-07-08 01:30:00,2026-07-08 01:29:00,2026-07-08 01:30:00,8,34,61,1.0,0.8,15,required,closed_all,1.2,2.0
BUY,4127.94,4126.39918,4129.17266,4129.17266,1.23266,0.8,2.66,0.18,TARGET,2026-07-08 02:05:00,2026-07-08 02:04:00,2026-07-08 02:05:00,8,34,61,1.0,0.8,15,required,closed_all,1.2,2.0
BUY,4128.92,4126.70974,4130.68821,4130.68821,1.76821,0.8,2.16,0.64,TARGET,2026-07-08 02:42:00,2026-07-08 02:40:00,2026-07-08 02:41:00,8,34,61,1.0,0.8,15,required,closed_all,1.2,2.0
BUY,4129.73,4127.57404,4131.45477,4131.45477,1.72477,0.8,1.89,1.18,TARGET,2026-07-08 02:43:00,2026-07-08 02:41:00,2026-07-08 02:42:00,8,34,61,1.0,0.8,15,required,closed_all,1.2,2.0
BUY,4130.85,4128.81034,4132.48172,4132.48172,1.63172,0.8,2.66,0.99,TARGET,2026-07-08 03:24:00,2026-07-08 03:21:00,2026-07-08 03:22:00,8,34,61,1.0,0.8,15,required,closed_all,1.2,2.0
BUY,4131.4,4129.43979,4132.96817,4132.96817,1.56817,0.8,2.11,0.44,TARGET,2026-07-08 03:24:00,2026-07-08 03:23:00,2026-07-08 03:24:00,8,34,61,1.0,0.8,15,required,closed_all,1.2,2.0
BUY,4182.25,4180.39026,4183.68057,4180.39026,-1.85974,-1.0,0.03,2.64,STOP,2026-07-03 00:30:00,2026-07-03 00:28:00,2026-07-03 00:29:00,3,21,78,1.3,1.0,5,required,closed_all,1.2,1.2
BUY,4174.42,4172.07312,4176.22529,4176.22529,1.80529,0.76923,2.59,1.85,TARGET,2026-07-03 04:30:00,2026-07-03 04:25:00,2026-07-03 04:26:00,3,21,78,1.3,1.0,5,required,closed_all,1.2,1.2
BUY,4177.27,4175.75762,4178.43337,4175.75762,-1.51238,-1.0,0.65,1.82,STOP,2026-07-03 08:00:00,2026-07-03 07:56:00,2026-07-03 07:57:00,3,21,78,1.3,1.0,5,required,closed_all,1.2,1.2
BUY,4187.79,4182.50396,4191.85619,4191.85619,4.06619,0.76923,4.99,0.85,TARGET,2026-07-05 22:16:00,2026-07-05 22:13:00,2026-07-05 22:14:00,3,21,78,1.3,1.0,5,required,closed_all,1.2,1.2
BUY,4187.16,4182.52004,4190.7292,4190.7292,3.5692,0.76923,4.41,2.59,TARGET,2026-07-05 22:30:00,2026-07-05 22:26:00,2026-07-05 22:27:00,3,21,78,1.3,1.0,5,required,closed_all,1.2,1.2
BUY,4188.14,4183.49996,4191.70926,4191.70926,3.56926,0.76923,6.24,2.27,TARGET,2026-07-05 22:32:00,2026-07-05 22:27:00,2026-07-05 22:28:00,3,21,78,1.3,1.0,5,required,closed_all,1.2,1.2
BUY,4161.96,4160.63471,4162.97946,4162.46,0.5,0.37727,0.75,0.57,TIME_EXIT,2026-07-06 16:28:00,2026-07-06 16:23:00,2026-07-06 16:24:00,3,21,78,1.3,1.0,5,required,closed_all,1.2,1.2
BUY,4128.26,4125.5145,4130.37192,4130.37192,2.11192,0.76923,2.82,1.7,TARGET,2026-07-08 02:42:00,2026-07-08 02:37:00,2026-07-08 02:38:00,3,21,78,1.3,1.0,5,required,closed_all,1.2,1.2
BUY,4128.92,4126.04666,4131.13026,4131.13026,2.21026,0.76923,2.7,0.64,TARGET,2026-07-08 02:43:00,2026-07-08 02:40:00,2026-07-08 02:41:00,3,21,78,1.3,1.0,5,required,closed_all,1.2,1.2
BUY,4128.02,4125.56569,4129.90793,4128.18,0.16,0.06519,1.17,1.59,TIME_EXIT,2026-07-08 03:01:00,2026-07-08 02:56:00,2026-07-08 02:57:00,3,21,78,1.3,1.0,5,required,closed_all,1.2,1.2
BUY,4187.16,4182.52004,4191.79996,4191.79996,4.63996,1.0,7.22,2.59,TARGET,2026-07-05 22:32:00,2026-07-05 22:26:00,2026-07-05 22:27:00,7,21,97,1.3,1.3,15,warning_only,closed_all,0.8,0.8
BUY,4108.98,4105.54559,4112.41441,4112.41441,3.43441,1.0,6.37,0.87,TARGET,2026-07-07 23:07:00,2026-07-07 23:05:00,2026-07-07 23:06:00,7,21,97,1.3,1.3,15,warning_only,closed_all,0.8,0.8
BUY,4127.19,4124.39931,4129.98069,4129.98069,2.79069,1.0,2.97,0.59,TARGET,2026-07-08 02:38:00,2026-07-08 02:36:00,2026-07-08 02:37:00,7,21,97,1.3,1.3,15,warning_only,closed_all,0.8,0.8
BUY,4128.26,4125.5145,4131.0055,4131.0055,2.7455,1.0,2.82,1.7,TARGET,2026-07-08 02:42:00,2026-07-08 02:37:00,2026-07-08 02:38:00,7,21,97,1.3,1.3,15,warning_only,closed_all,0.8,0.8
BUY,4128.6,4126.31989,4130.42409,4130.42409,1.82409,0.8,2.11,0.49,TARGET,2026-07-02 20:55:00,2026-07-02 20:54:00,2026-07-02 20:55:00,7,27,61,1.0,0.8,5,required,closed_all,1.8,0.8
BUY,4128.89,4126.03404,4131.17477,4131.17477,2.28477,0.8,6.43,2.32,TARGET,2026-07-02 21:13:00,2026-07-02 21:09:00,2026-07-02 21:10:00,7,27,61,1.0,0.8,5,required,closed_all,1.8,0.8
BUY,4185.64,4182.01471,4188.54024,4188.54024,2.90024,0.8,4.02,1.32,TARGET,2026-07-05 22:28:00,2026-07-05 22:25:00,2026-07-05 22:26:00,7,27,61,1.0,0.8,5,required,closed_all,1.8,0.8
BUY,4187.16,4183.5908,4190.01536,4190.01536,2.85536,0.8,4.41,2.59,TARGET,2026-07-05 22:30:00,2026-07-05 22:26:00,2026-07-05 22:27:00,7,27,61,1.0,0.8,5,required,closed_all,1.8,0.8
BUY,4126.3,4124.57907,4127.67674,4124.57907,-1.72093,-1.0,0.82,1.93,STOP,2026-07-08 01:30:00,2026-07-08 01:27:00,2026-07-08 01:28:00,7,27,61,1.0,0.8,5,required,closed_all,1.8,0.8
BUY,4128.6,4126.31989,4130.88011,4130.88011,2.28011,1.0,3.12,1.59,TARGET,2026-07-02 20:56:00,2026-07-02 20:54:00,2026-07-02 20:55:00,3,34,79,1.0,1.0,15,required,closed_all,1.8,2.0
BUY,4131.32,4128.51143,4134.12857,4128.51143,-2.80857,-1.0,1.38,2.84,STOP,2026-07-02 21:05:00,2026-07-02 21:03:00,2026-07-02 21:04:00,3,34,79,1.0,1.0,15,required,closed_all,1.8,2.0
BUY,4134.23,4131.32194,4137.13806,4137.13806,2.90806,1.0,3.54,1.31,TARGET,2026-07-02 21:21:00,2026-07-02 21:17:00,2026-07-02 21:18:00,3,34,79,1.0,1.0,15,required,closed_all,1.8,2.0
BUY,4135.16,4132.29966,4138.02034,4138.02034,2.86034,1.0,3.34,1.83,TARGET,2026-07-02 21:22:00,2026-07-02 21:18:00,2026-07-02 21:19:00,3,34,79,1.0,1.0,15,required,closed_all,1.8,2.0
BUY,4183.17,4181.38846,4184.95154,4181.38846,-1.78154,-1.0,0.61,1.8,STOP,2026-07-03 00:16:00,2026-07-03 00:13:00,2026-07-03 00:14:00,3,34,79,1.0,1.0,15,required,closed_all,1.8,2.0
BUY,4183.04,4181.4913,4184.5887,4181.4913,-1.5487,-1.0,0.02,1.65,STOP,2026-07-03 00:34:00,2026-07-03 00:33:00,2026-07-03 00:34:00,3,34,79,1.0,1.0,15,required,closed_all,1.8,2.0
BUY,4174.16,4172.38318,4175.93682,4172.38318,-1.77682,-1.0,0.02,2.71,STOP,2026-07-03 04:00:00,2026-07-03 03:58:00,2026-07-03 03:59:00,3,34,79,1.0,1.0,15,required,closed_all,1.8,2.0
BUY,4173.66,4171.73767,4175.58233,4175.58233,1.92233,1.0,3.09,0.53,TARGET,2026-07-03 04:05:00,2026-07-03 04:03:00,2026-07-03 04:04:00,3,34,79,1.0,1.0,15,required,closed_all,1.8,2.0
BUY,4174.9,4172.98855,4176.81145,4176.81145,1.91145,1.0,3.26,0.44,TARGET,2026-07-03 04:06:00,2026-07-03 04:04:00,2026-07-03 04:05:00,3,34,79,1.0,1.0,15,required,closed_all,1.8,2.0
BUY,4174.42,4172.61471,4176.22529,4172.61471,-1.80529,-1.0,0.11,1.85,STOP,2026-07-03 04:27:00,2026-07-03 04:25:00,2026-07-03 04:26:00,3,34,79,1.0,1.0,15,required,closed_all,1.8,2.0
BUY,4175.29,4173.5603,4177.0197,4177.0197,1.7297,1.0,2.93,1.62,TARGET,2026-07-03 04:34:00,2026-07-03 04:29:00,2026-07-03 04:30:00,3,34,79,1.0,1.0,15,required,closed_all,1.8,2.0
BUY,4175.84,4174.01736,4177.66264,4177.66264,1.82264,1.0,2.38,0.95,TARGET,2026-07-03 04:34:00,2026-07-03 04:32:00,2026-07-03 04:33:00,3,34,79,1.0,1.0,15,required,closed_all,1.8,2.0
BUY,4175.91,4174.1447,4177.6753,4177.6753,1.7653,1.0,2.31,0.27,TARGET,2026-07-03 04:34:00,2026-07-03 04:33:00,2026-07-03 04:34:00,3,34,79,1.0,1.0,15,required,closed_all,1.8,2.0
BUY,4184.16,4182.44036,4185.87964,4182.44036,-1.71964,-1.0,1.11,3.83,STOP,2026-07-03 05:46:00,2026-07-03 05:44:00,2026-07-03 05:45:00,3,34,79,1.0,1.0,15,required,closed_all,1.8,2.0
BUY,4178.03,4176.90694,4179.15306,4176.90694,-1.12306,-1.0,0.95,1.36,STOP,2026-07-03 08:04:00,2026-07-03 08:03:00,2026-07-03 08:04:00,3,34,79,1.0,1.0,15,required,closed_all,1.8,2.0
BUY,4179.44,4178.26343,4180.61657,4178.26343,-1.17657,-1.0,0.1,1.47,STOP,2026-07-03 08:06:00,2026-07-03 08:05:00,2026-07-03 08:06:00,3,34,79,1.0,1.0,15,required,closed_all,1.8,2.0
BUY,4191.06,4186.95522,4195.16478,4186.95522,-4.10478,-1.0,1.75,4.17,STOP,2026-07-05 22:04:00,2026-07-05 22:03:00,2026-07-05 22:04:00,3,34,79,1.0,1.0,15,required,closed_all,1.8,2.0
BUY,4187.79,4183.72381,4191.85619,4191.85619,4.06619,1.0,4.99,0.85,TARGET,2026-07-05 22:16:00,2026-07-05 22:13:00,2026-07-05 22:14:00,3,34,79,1.0,1.0,15,required,closed_all,1.8,2.0
BUY,4189.3,4185.35568,4193.24432,4185.35568,-3.94432,-1.0,3.48,5.08,STOP,2026-07-05 22:18:00,2026-07-05 22:14:00,2026-07-05 22:15:00,3,34,79,1.0,1.0,15,required,closed_all,1.8,2.0
BUY,4191.31,4187.43456,4195.18544,4187.43456,-3.87544,-1.0,1.47,5.52,STOP,2026-07-05 22:17:00,2026-07-05 22:15:00,2026-07-05 22:16:00,3,34,79,1.0,1.0,15,required,closed_all,1.8,2.0
BUY,4188.85,4185.03247,4192.66753,4185.03247,-3.81753,-1.0,1.62,5.64,STOP,2026-07-05 22:21:00,2026-07-05 22:19:00,2026-07-05 22:20:00,3,34,79,1.0,1.0,15,required,closed_all,1.8,2.0
BUY,4185.64,4182.01471,4189.26529,4189.26529,3.62529,1.0,4.02,1.32,TARGET,2026-07-05 22:28:00,2026-07-05 22:25:00,2026-07-05 22:26:00,3,34,79,1.0,1.0,15,required,closed_all,1.8,2.0
BUY,4187.16,4183.5908,4190.7292,4190.7292,3.5692,1.0,4.41,2.59,TARGET,2026-07-05 22:30:00,2026-07-05 22:26:00,2026-07-05 22:27:00,3,34,79,1.0,1.0,15,required,closed_all,1.8,2.0
BUY,4188.14,4184.57074,4191.70926,4191.70926,3.56926,1.0,6.24,2.27,TARGET,2026-07-05 22:32:00,2026-07-05 22:27:00,2026-07-05 22:28:00,3,34,79,1.0,1.0,15,required,closed_all,1.8,2.0
BUY,4189.71,4186.19819,4193.22181,4193.22181,3.51181,1.0,4.67,2.34,TARGET,2026-07-05 22:32:00,2026-07-05 22:29:00,2026-07-05 22:30:00,3,34,79,1.0,1.0,15,required,closed_all,1.8,2.0
BUY,4190.51,4187.0141,4194.0059,4194.0059,3.4959,1.0,3.87,1.33,TARGET,2026-07-05 22:32:00,2026-07-05 22:31:00,2026-07-05 22:32:00,3,34,79,1.0,1.0,15,required,closed_all,1.8,2.0
BUY,4161.96,4160.94054,4162.97946,4162.97946,1.01946,1.0,1.28,0.57,TARGET,2026-07-06 16:29:00,2026-07-06 16:23:00,2026-07-06 16:24:00,3,34,79,1.0,1.0,15,required,closed_all,1.8,2.0
BUY,4162.39,4161.43006,4163.34994,4161.43006,-0.95994,-1.0,0.85,1.05,STOP,2026-07-06 16:31:00,2026-07-06 16:26:00,2026-07-06 16:27:00,3,34,79,1.0,1.0,15,required,closed_all,1.8,2.0
BUY,4162.71,4161.74393,4163.67607,4161.74393,-0.96607,-1.0,0.53,1.14,STOP,2026-07-06 16:30:00,2026-07-06 16:28:00,2026-07-06 16:29:00,3,34,79,1.0,1.0,15,required,closed_all,1.8,2.0
BUY,4162.43,4161.5043,4163.3557,4163.3557,0.9257,1.0,1.33,0.48,TARGET,2026-07-06 16:49:00,2026-07-06 16:45:00,2026-07-06 16:46:00,3,34,79,1.0,1.0,15,required,closed_all,1.8,2.0
BUY,4162.57,4161.669,4163.471,4163.471,0.901,1.0,1.19,0.62,TARGET,2026-07-06 16:49:00,2026-07-06 16:46:00,2026-07-06 16:47:00,3,34,79,1.0,1.0,15,required,closed_all,1.8,2.0
BUY,4162.82,4161.66122,4163.97878,4163.97878,1.15878,1.0,1.68,0.81,TARGET,2026-07-06 17:00:00,2026-07-06 16:58:00,2026-07-06 16:59:00,3,34,79,1.0,1.0,15,required,closed_all,1.8,2.0
BUY,4163.8,4162.59613,4165.00387,4162.59613,-1.20387,-1.0,0.7,1.45,STOP,2026-07-06 17:03:00,2026-07-06 16:59:00,2026-07-06 17:00:00,3,34,79,1.0,1.0,15,required,closed_all,1.8,2.0
BUY,4162.7,4161.9757,4163.4243,4163.4243,0.7243,1.0,1.7,0.53,TARGET,2026-07-06 17:33:00,2026-07-06 17:25:00,2026-07-06 17:26:00,3,34,79,1.0,1.0,15,required,closed_all,1.8,2.0
BUY,4162.75,4162.03601,4163.46399,4163.46399,0.71399,1.0,1.65,0.38,TARGET,2026-07-06 17:33:00,2026-07-06 17:26:00,2026-07-06 17:27:00,3,34,79,1.0,1.0,15,required,closed_all,1.8,2.0
BUY,4162.96,4162.28885,4163.63115,4163.63115,0.67115,1.0,1.44,0.59,TARGET,2026-07-06 17:33:00,2026-07-06 17:28:00,2026-07-06 17:29:00,3,34,79,1.0,1.0,15,required,closed_all,1.8,2.0
BUY,4163.33,4162.73637,4163.92363,4163.92363,0.59363,1.0,0.82,0.2,TARGET,2026-07-06 17:51:00,2026-07-06 17:47:00,2026-07-06 17:48:00,3,34,79,1.0,1.0,15,required,closed_all,1.8,2.0
BUY,4136.65,4135.21076,4138.08924,4138.08924,1.43924,1.0,5.41,1.32,TARGET,2026-07-07 08:18:00,2026-07-07 08:16:00,2026-07-07 08:17:00,3,34,79,1.0,1.0,15,required,closed_all,1.8,2.0
BUY,4170.2,4167.08761,4173.31239,4167.08761,-3.11239,-1.0,2.2,4.81,STOP,2026-07-07 10:24:00,2026-07-07 10:16:00,2026-07-07 10:17:00,3,34,79,1.0,1.0,15,required,closed_all,1.8,2.0
BUY,4127.19,4125.04332,4129.33668,4129.33668,2.14668,1.0,2.97,0.59,TARGET,2026-07-08 02:38:00,2026-07-08 02:36:00,2026-07-08 02:37:00,3,34,79,1.0,1.0,15,required,closed_all,1.8,2.0
BUY,4128.26,4126.14808,4130.37192,4130.37192,2.11192,1.0,2.82,1.7,TARGET,2026-07-08 02:42:00,2026-07-08 02:37:00,2026-07-08 02:38:00,3,34,79,1.0,1.0,15,required,closed_all,1.8,2.0
BUY,4128.92,4126.70974,4131.13026,4131.13026,2.21026,1.0,2.7,0.64,TARGET,2026-07-08 02:43:00,2026-07-08 02:40:00,2026-07-08 02:41:00,3,34,79,1.0,1.0,15,required,closed_all,1.8,2.0
BUY,4129.73,4127.57404,4131.88596,4127.57404,-2.15596,-1.0,1.89,2.62,STOP,2026-07-08 02:47:00,2026-07-08 02:41:00,2026-07-08 02:42:00,3,34,79,1.0,1.0,15,required,closed_all,1.8,2.0
BUY,4128.02,4126.13207,4129.90793,4126.13207,-1.88793,-1.0,1.17,3.48,STOP,2026-07-08 03:02:00,2026-07-08 02:56:00,2026-07-08 02:57:00,3,34,79,1.0,1.0,15,required,closed_all,1.8,2.0
BUY,4130.36,4128.2625,4132.4575,4132.4575,2.0975,1.0,2.45,1.06,TARGET,2026-07-08 03:16:00,2026-07-08 03:13:00,2026-07-08 03:14:00,3,34,79,1.0,1.0,15,required,closed_all,1.8,2.0
BUY,4130.85,4128.81034,4132.88966,4132.88966,2.03966,1.0,2.66,0.99,TARGET,2026-07-08 03:24:00,2026-07-08 03:21:00,2026-07-08 03:22:00,3,34,79,1.0,1.0,15,required,closed_all,1.8,2.0
BUY,4187.16,4183.5908,4190.01536,4190.01536,2.85536,0.8,4.41,2.59,TARGET,2026-07-05 22:30:00,2026-07-05 22:26:00,2026-07-05 22:27:00,7,22,64,1.0,0.8,5,required,closed_all,0.8,0.8
BUY,4126.3,4124.57907,4127.67674,4124.57907,-1.72093,-1.0,0.82,1.93,STOP,2026-07-08 01:30:00,2026-07-08 01:27:00,2026-07-08 01:28:00,7,22,64,1.0,0.8,5,required,closed_all,0.8,0.8
BUY,4134.23,4130.44953,4138.01047,4138.01047,3.78047,1.0,4.27,1.31,TARGET,2026-07-02 21:22:00,2026-07-02 21:17:00,2026-07-02 21:18:00,8,26,90,1.3,1.3,5,warning_only,closed_all,0.8,2.0
BUY,4175.29,4173.04139,4177.53861,4177.53861,2.24861,1.0,2.93,1.62,TARGET,2026-07-03 04:34:00,2026-07-03 04:29:00,2026-07-03 04:30:00,8,26,90,1.3,1.3,5,warning_only,closed_all,0.8,2.0
BUY,4175.91,4173.6151,4178.2049,4178.2049,2.2949,1.0,2.31,0.27,TARGET,2026-07-03 04:34:00,2026-07-03 04:33:00,2026-07-03 04:34:00,8,26,90,1.3,1.3,5,warning_only,closed_all,0.8,2.0
BUY,4179.44,4177.91046,4180.96954,4177.91046,-1.52954,-1.0,0.1,2.02,STOP,2026-07-03 08:07:00,2026-07-03 08:05:00,2026-07-03 08:06:00,8,26,90,1.3,1.3,5,warning_only,closed_all,0.8,2.0
BUY,4189.3,4184.17239,4194.42761,4188.63,-0.67,-0.13067,3.48,5.08,TIME_EXIT,2026-07-05 22:19:00,2026-07-05 22:14:00,2026-07-05 22:15:00,8,26,90,1.3,1.3,5,warning_only,closed_all,0.8,2.0
BUY,4191.31,4186.27193,4196.34807,4186.27193,-5.03807,-1.0,1.47,5.52,STOP,2026-07-05 22:17:00,2026-07-05 22:15:00,2026-07-05 22:16:00,8,26,90,1.3,1.3,5,warning_only,closed_all,0.8,2.0
BUY,4185.64,4180.92712,4190.35288,4190.35288,4.71288,1.0,5.93,1.32,TARGET,2026-07-05 22:30:00,2026-07-05 22:25:00,2026-07-05 22:26:00,8,26,90,1.3,1.3,5,warning_only,closed_all,0.8,2.0
BUY,4187.16,4182.52004,4191.79996,4190.48,3.32,0.71552,4.41,2.59,TIME_EXIT,2026-07-05 22:31:00,2026-07-05 22:26:00,2026-07-05 22:27:00,8,26,90,1.3,1.3,5,warning_only,closed_all,0.8,2.0
BUY,4189.71,4185.14465,4194.27535,4194.27535,4.56535,1.0,4.67,2.34,TARGET,2026-07-05 22:32:00,2026-07-05 22:29:00,2026-07-05 22:30:00,8,26,90,1.3,1.3,5,warning_only,closed_all,0.8,2.0
BUY,4190.51,4185.96533,4195.05467,4195.05467,4.54467,1.0,7.26,1.33,TARGET,2026-07-05 22:34:00,2026-07-05 22:31:00,2026-07-05 22:32:00,8,26,90,1.3,1.3,5,warning_only,closed_all,0.8,2.0
BUY,4156.92,4154.96432,4158.87568,4154.96432,-1.95568,-1.0,1.31,2.28,STOP,2026-07-06 09:10:00,2026-07-06 09:05:00,2026-07-06 09:06:00,8,26,90,1.3,1.3,5,warning_only,closed_all,0.8,2.0
BUY,4147.29,4145.43414,4149.14586,4149.14586,1.85586,1.0,2.22,0.29,TARGET,2026-07-06 13:37:00,2026-07-06 13:35:00,2026-07-06 13:36:00,8,26,90,1.3,1.3,5,warning_only,closed_all,0.8,2.0
BUY,4162.57,4161.39869,4163.74131,4163.74131,1.17131,1.0,1.19,0.62,TARGET,2026-07-06 16:49:00,2026-07-06 16:46:00,2026-07-06 16:47:00,8,26,90,1.3,1.3,5,warning_only,closed_all,0.8,2.0
BUY,4162.96,4162.08751,4163.83249,4163.83249,0.87249,1.0,1.44,0.59,TARGET,2026-07-06 17:33:00,2026-07-06 17:28:00,2026-07-06 17:29:00,8,26,90,1.3,1.3,5,warning_only,closed_all,0.8,2.0
BUY,4132.27,4130.02904,4134.51096,4133.18,0.91,0.40608,1.58,0.43,TIME_EXIT,2026-07-07 07:07:00,2026-07-07 07:02:00,2026-07-07 07:03:00,8,26,90,1.3,1.3,5,warning_only,closed_all,0.8,2.0
BUY,4133.13,4131.09613,4135.16387,4132.98,-0.15,-0.07375,0.81,0.93,TIME_EXIT,2026-07-07 07:11:00,2026-07-07 07:06:00,2026-07-07 07:07:00,8,26,90,1.3,1.3,5,warning_only,closed_all,0.8,2.0
BUY,4108.98,4105.54559,4112.41441,4112.41441,3.43441,1.0,6.37,0.87,TARGET,2026-07-07 23:07:00,2026-07-07 23:05:00,2026-07-07 23:06:00,8,26,90,1.3,1.3,5,warning_only,closed_all,0.8,2.0
BUY,4126.3,4124.06279,4128.53721,4126.8,0.5,0.22349,1.85,1.93,TIME_EXIT,2026-07-08 01:32:00,2026-07-08 01:27:00,2026-07-08 01:28:00,8,26,90,1.3,1.3,5,warning_only,closed_all,0.8,2.0
BUY,4126.29,4124.1744,4128.4056,4125.93,-0.36,-0.17016,1.86,1.92,TIME_EXIT,2026-07-08 01:34:00,2026-07-08 01:29:00,2026-07-08 01:30:00,8,26,90,1.3,1.3,5,warning_only,closed_all,0.8,2.0
BUY,4127.19,4124.39931,4129.98069,4129.98069,2.79069,1.0,2.97,0.59,TARGET,2026-07-08 02:38:00,2026-07-08 02:36:00,2026-07-08 02:37:00,8,26,90,1.3,1.3,5,warning_only,closed_all,0.8,2.0
BUY,4128.26,4125.5145,4131.0055,4131.0055,2.7455,1.0,2.82,1.7,TARGET,2026-07-08 02:42:00,2026-07-08 02:37:00,2026-07-08 02:38:00,8,26,90,1.3,1.3,5,warning_only,closed_all,0.8,2.0
BUY,4129.73,4126.92725,4132.53275,4129.19,-0.54,-0.19267,1.89,2.07,TIME_EXIT,2026-07-08 02:46:00,2026-07-08 02:41:00,2026-07-08 02:42:00,8,26,90,1.3,1.3,5,warning_only,closed_all,0.8,2.0
BUY,4130.85,4128.19845,4133.50155,4133.50155,2.65155,1.0,2.66,0.99,TARGET,2026-07-08 03:24:00,2026-07-08 03:21:00,2026-07-08 03:22:00,8,26,90,1.3,1.3,5,warning_only,closed_all,0.8,2.0
BUY,4134.23,4130.44953,4137.13806,4137.13806,2.90806,0.76923,3.54,1.31,TARGET,2026-07-02 21:21:00,2026-07-02 21:17:00,2026-07-02 21:18:00,6,24,93,1.3,1.0,20,required,closed_all,0.8,2.0
BUY,4175.29,4173.04139,4177.0197,4177.0197,1.7297,0.76923,2.93,1.62,TARGET,2026-07-03 04:34:00,2026-07-03 04:29:00,2026-07-03 04:30:00,6,24,93,1.3,1.0,20,required,closed_all,0.8,2.0
BUY,4175.91,4173.6151,4177.6753,4177.6753,1.7653,0.76923,2.31,0.27,TARGET,2026-07-03 04:34:00,2026-07-03 04:33:00,2026-07-03 04:34:00,6,24,93,1.3,1.0,20,required,closed_all,0.8,2.0
BUY,4179.44,4177.91046,4180.61657,4177.91046,-1.52954,-1.0,0.1,2.02,STOP,2026-07-03 08:07:00,2026-07-03 08:05:00,2026-07-03 08:06:00,6,24,93,1.3,1.0,20,required,closed_all,0.8,2.0
BUY,4189.3,4184.17239,4193.24432,4184.17239,-5.12761,-1.0,3.48,6.09,STOP,2026-07-05 22:21:00,2026-07-05 22:14:00,2026-07-05 22:15:00,6,24,93,1.3,1.0,20,required,closed_all,0.8,2.0
BUY,4191.31,4186.27193,4195.18544,4186.27193,-5.03807,-1.0,1.47,5.52,STOP,2026-07-05 22:17:00,2026-07-05 22:15:00,2026-07-05 22:16:00,6,24,93,1.3,1.0,20,required,closed_all,0.8,2.0
BUY,4187.16,4182.52004,4190.7292,4190.7292,3.5692,0.76923,4.41,2.59,TARGET,2026-07-05 22:30:00,2026-07-05 22:26:00,2026-07-05 22:27:00,6,24,93,1.3,1.0,20,required,closed_all,0.8,2.0
BUY,4189.71,4185.14465,4193.22181,4193.22181,3.51181,0.76923,4.67,2.34,TARGET,2026-07-05 22:32:00,2026-07-05 22:29:00,2026-07-05 22:30:00,6,24,93,1.3,1.0,20,required,closed_all,0.8,2.0
BUY,4190.51,4185.96533,4194.0059,4194.0059,3.4959,0.76923,3.87,1.33,TARGET,2026-07-05 22:32:00,2026-07-05 22:31:00,2026-07-05 22:32:00,6,24,93,1.3,1.0,20,required,closed_all,0.8,2.0
BUY,4162.57,4161.39869,4163.471,4163.471,0.901,0.76923,1.19,0.62,TARGET,2026-07-06 16:49:00,2026-07-06 16:46:00,2026-07-06 16:47:00,6,24,93,1.3,1.0,20,required,closed_all,0.8,2.0
BUY,4162.96,4162.08751,4163.63115,4163.63115,0.67115,0.76923,1.44,0.59,TARGET,2026-07-06 17:33:00,2026-07-06 17:28:00,2026-07-06 17:29:00,6,24,93,1.3,1.0,20,required,closed_all,0.8,2.0
BUY,4163.33,4162.55829,4163.92363,4163.92363,0.59363,0.76923,0.82,0.2,TARGET,2026-07-06 17:51:00,2026-07-06 17:47:00,2026-07-06 17:48:00,6,24,93,1.3,1.0,20,required,closed_all,0.8,2.0
BUY,4127.19,4124.39931,4129.33668,4129.33668,2.14668,0.76923,2.97,0.59,TARGET,2026-07-08 02:38:00,2026-07-08 02:36:00,2026-07-08 02:37:00,6,24,93,1.3,1.0,20,required,closed_all,0.8,2.0
BUY,4128.26,4125.5145,4130.37192,4130.37192,2.11192,0.76923,2.82,1.7,TARGET,2026-07-08 02:42:00,2026-07-08 02:37:00,2026-07-08 02:38:00,6,24,93,1.3,1.0,20,required,closed_all,0.8,2.0
BUY,4129.73,4126.92725,4131.88596,4126.92725,-2.80275,-1.0,1.89,4.18,STOP,2026-07-08 02:48:00,2026-07-08 02:41:00,2026-07-08 02:42:00,6,24,93,1.3,1.0,20,required,closed_all,0.8,2.0
BUY,4130.85,4128.19845,4132.88966,4132.88966,2.03966,0.76923,2.66,0.99,TARGET,2026-07-08 03:24:00,2026-07-08 03:21:00,2026-07-08 03:22:00,6,24,93,1.3,1.0,20,required,closed_all,0.8,2.0
BUY,4128.89,4126.03404,4131.74596,4131.74596,2.85596,1.0,6.43,2.32,TARGET,2026-07-02 21:13:00,2026-07-02 21:09:00,2026-07-02 21:10:00,7,30,94,1.0,1.0,15,required,closed_all,1.2,0.8
BUY,4185.64,4182.01471,4189.26529,4189.26529,3.62529,1.0,4.02,1.32,TARGET,2026-07-05 22:28:00,2026-07-05 22:25:00,2026-07-05 22:26:00,7,30,94,1.0,1.0,15,required,closed_all,1.2,0.8
BUY,4187.16,4183.5908,4190.7292,4190.7292,3.5692,1.0,4.41,2.59,TARGET,2026-07-05 22:30:00,2026-07-05 22:26:00,2026-07-05 22:27:00,7,30,94,1.0,1.0,15,required,closed_all,1.2,0.8
BUY,4127.19,4125.04332,4129.33668,4129.33668,2.14668,1.0,2.97,0.59,TARGET,2026-07-08 02:38:00,2026-07-08 02:36:00,2026-07-08 02:37:00,7,30,94,1.0,1.0,15,required,closed_all,1.2,0.8
BUY,4128.26,4126.14808,4130.37192,4130.37192,2.11192,1.0,2.82,1.7,TARGET,2026-07-08 02:42:00,2026-07-08 02:37:00,2026-07-08 02:38:00,7,30,94,1.0,1.0,15,required,closed_all,1.2,0.8
BUY,4173.66,4171.16097,4176.15903,4176.15903,2.49903,1.0,3.09,0.53,TARGET,2026-07-03 04:05:00,2026-07-03 04:03:00,2026-07-03 04:04:00,4,32,88,1.3,1.3,30,warning_only,closed_all,1.2,1.2
BUY,4187.79,4182.50396,4193.07604,4182.50396,-5.28604,-1.0,4.99,6.3,STOP,2026-07-05 22:22:00,2026-07-05 22:13:00,2026-07-05 22:14:00,4,32,88,1.3,1.3,30,warning_only,closed_all,1.2,1.2
BUY,4185.64,4180.92712,4190.35288,4190.35288,4.71288,1.0,5.93,1.32,TARGET,2026-07-05 22:30:00,2026-07-05 22:25:00,2026-07-05 22:26:00,4,32,88,1.3,1.3,30,warning_only,closed_all,1.2,1.2
BUY,4187.16,4182.52004,4191.79996,4191.79996,4.63996,1.0,7.22,2.59,TARGET,2026-07-05 22:32:00,2026-07-05 22:26:00,2026-07-05 22:27:00,4,32,88,1.3,1.3,30,warning_only,closed_all,1.2,1.2
BUY,4188.14,4183.49996,4192.78004,4192.78004,4.64004,1.0,6.24,2.27,TARGET,2026-07-05 22:32:00,2026-07-05 22:27:00,2026-07-05 22:28:00,4,32,88,1.3,1.3,30,warning_only,closed_all,1.2,1.2
BUY,4161.96,4160.63471,4163.28529,4160.63471,-1.32529,-1.0,1.28,1.85,STOP,2026-07-06 16:35:00,2026-07-06 16:23:00,2026-07-06 16:24:00,4,32,88,1.3,1.3,30,warning_only,closed_all,1.2,1.2
BUY,4108.98,4105.54559,4112.41441,4112.41441,3.43441,1.0,6.37,0.87,TARGET,2026-07-07 23:07:00,2026-07-07 23:05:00,2026-07-07 23:06:00,4,32,88,1.3,1.3,30,warning_only,closed_all,1.2,1.2
BUY,4127.19,4124.39931,4129.98069,4129.98069,2.79069,1.0,2.97,0.59,TARGET,2026-07-08 02:38:00,2026-07-08 02:36:00,2026-07-08 02:37:00,4,32,88,1.3,1.3,30,warning_only,closed_all,1.2,1.2
BUY,4128.26,4125.5145,4131.0055,4131.0055,2.7455,1.0,2.82,1.7,TARGET,2026-07-08 02:42:00,2026-07-08 02:37:00,2026-07-08 02:38:00,4,32,88,1.3,1.3,30,warning_only,closed_all,1.2,1.2
BUY,4128.02,4125.56569,4130.47431,4125.56569,-2.45431,-1.0,1.17,3.48,STOP,2026-07-08 03:02:00,2026-07-08 02:56:00,2026-07-08 02:57:00,4,32,88,1.3,1.3,30,warning_only,closed_all,1.2,1.2
BUY,4078.04,4072.85794,4083.22206,4072.85794,-5.18206,-1.0,2.16,7.75,STOP,2026-07-08 10:42:00,2026-07-08 10:36:00,2026-07-08 10:37:00,4,32,88,1.3,1.3,30,warning_only,closed_all,1.2,1.2
BUY,4129.43,4125.84699,4132.34119,4125.84699,-3.58301,-1.0,1.25,5.03,STOP,2026-07-02 20:53:00,2026-07-02 20:47:00,2026-07-02 20:48:00,7,33,62,1.6,1.3,10,required,closed_all,1.8,2.0
BUY,4130.59,4127.07664,4133.44461,4127.07664,-3.51336,-1.0,0.09,4.35,STOP,2026-07-02 20:52:00,2026-07-02 20:48:00,2026-07-02 20:49:00,7,33,62,1.6,1.3,10,required,closed_all,1.8,2.0
BUY,4130.63,4127.13673,4133.46828,4127.13673,-3.49327,-1.0,0.05,4.39,STOP,2026-07-02 20:52:00,2026-07-02 20:49:00,2026-07-02 20:50:00,7,33,62,1.6,1.3,10,required,closed_all,1.8,2.0
BUY,4128.6,4124.95183,4131.56414,4131.56414,2.96414,0.8125,3.12,1.59,TARGET,2026-07-02 20:56:00,2026-07-02 20:54:00,2026-07-02 20:55:00,7,33,62,1.6,1.3,10,required,closed_all,1.8,2.0
BUY,4131.32,4126.82628,4134.97114,4126.82628,-4.49372,-1.0,1.38,6.03,STOP,2026-07-02 21:07:00,2026-07-02 21:03:00,2026-07-02 21:04:00,7,33,62,1.6,1.3,10,required,closed_all,1.8,2.0
BUY,4128.89,4124.32046,4132.60275,4132.60275,3.71275,0.8125,6.43,2.32,TARGET,2026-07-02 21:13:00,2026-07-02 21:09:00,2026-07-02 21:10:00,7,33,62,1.6,1.3,10,required,closed_all,1.8,2.0
BUY,4134.23,4129.57711,4138.01047,4138.01047,3.78047,0.8125,4.27,1.31,TARGET,2026-07-02 21:22:00,2026-07-02 21:17:00,2026-07-02 21:18:00,7,33,62,1.6,1.3,10,required,closed_all,1.8,2.0
BUY,4135.16,4130.58346,4138.87844,4138.87844,3.71844,0.8125,5.73,1.83,TARGET,2026-07-02 21:23:00,2026-07-02 21:18:00,2026-07-02 21:19:00,7,33,62,1.6,1.3,10,required,closed_all,1.8,2.0
BUY,4181.41,4178.19078,4184.02562,4184.02562,2.61562,0.8125,4.06,2.17,TARGET,2026-07-02 23:38:00,2026-07-02 23:33:00,2026-07-02 23:34:00,7,33,62,1.6,1.3,10,required,closed_all,1.8,2.0
BUY,4181.98,4178.71909,4184.62949,4184.62949,2.64949,0.8125,3.96,0.56,TARGET,2026-07-02 23:53:00,2026-07-02 23:51:00,2026-07-02 23:52:00,7,33,62,1.6,1.3,10,required,closed_all,1.8,2.0
BUY,4183.58,4180.30516,4186.24081,4186.24081,2.66081,0.8125,3.02,1.32,TARGET,2026-07-02 23:57:00,2026-07-02 23:52:00,2026-07-02 23:53:00,7,33,62,1.6,1.3,10,required,closed_all,1.8,2.0
BUY,4183.17,4180.31953,4185.48601,4180.31953,-2.85047,-1.0,0.61,3.12,STOP,2026-07-03 00:21:00,2026-07-03 00:13:00,2026-07-03 00:14:00,7,33,62,1.6,1.3,10,required,closed_all,1.8,2.0
BUY,4180.51,4178.41182,4182.21477,4178.41182,-2.09818,-1.0,0.56,2.42,STOP,2026-07-03 02:10:00,2026-07-03 02:06:00,2026-07-03 02:07:00,7,33,62,1.6,1.3,10,required,closed_all,1.8,2.0
BUY,4173.47,4170.54667,4175.84521,4171.44,-2.03,-0.69441,0.91,2.68,TIME_EXIT,2026-07-03 04:02:00,2026-07-03 03:52:00,2026-07-03 03:53:00,7,33,62,1.6,1.3,10,required,closed_all,1.8,2.0
BUY,4174.16,4171.31709,4176.46987,4171.31709,-2.84291,-1.0,0.02,3.12,STOP,2026-07-03 04:01:00,2026-07-03 03:58:00,2026-07-03 03:59:00,7,33,62,1.6,1.3,10,required,closed_all,1.8,2.0
BUY,4173.66,4170.58427,4176.15903,4176.15903,2.49903,0.8125,3.09,0.53,TARGET,2026-07-03 04:05:00,2026-07-03 04:03:00,2026-07-03 04:04:00,7,33,62,1.6,1.3,10,required,closed_all,1.8,2.0
BUY,4174.9,4171.84168,4177.38488,4177.38488,2.48488,0.8125,3.26,0.44,TARGET,2026-07-03 04:06:00,2026-07-03 04:04:00,2026-07-03 04:05:00,7,33,62,1.6,1.3,10,required,closed_all,1.8,2.0
BUY,4175.29,4172.52248,4177.53861,4177.53861,2.24861,0.8125,2.93,1.62,TARGET,2026-07-03 04:34:00,2026-07-03 04:29:00,2026-07-03 04:30:00,7,33,62,1.6,1.3,10,required,closed_all,1.8,2.0
BUY,4175.84,4172.92378,4178.20943,4178.20943,2.36943,0.8125,2.38,0.95,TARGET,2026-07-03 04:34:00,2026-07-03 04:32:00,2026-07-03 04:33:00,7,33,62,1.6,1.3,10,required,closed_all,1.8,2.0
BUY,4175.91,4173.08551,4178.2049,4178.2049,2.2949,0.8125,2.31,0.27,TARGET,2026-07-03 04:34:00,2026-07-03 04:33:00,2026-07-03 04:34:00,7,33,62,1.6,1.3,10,required,closed_all,1.8,2.0
BUY,4183.11,4180.59404,4185.15421,4185.15421,2.04421,0.8125,2.82,2.28,TARGET,2026-07-03 05:33:00,2026-07-03 05:29:00,2026-07-03 05:30:00,7,33,62,1.6,1.3,10,required,closed_all,1.8,2.0
BUY,4183.96,4181.23338,4186.17538,4186.17538,2.21538,0.8125,2.57,1.24,TARGET,2026-07-03 05:34:00,2026-07-03 05:32:00,2026-07-03 05:33:00,7,33,62,1.6,1.3,10,required,closed_all,1.8,2.0
BUY,4184.16,4181.40858,4186.39553,4181.40858,-2.75142,-1.0,1.11,3.83,STOP,2026-07-03 05:46:00,2026-07-03 05:44:00,2026-07-03 05:45:00,7,33,62,1.6,1.3,10,required,closed_all,1.8,2.0
BUY,4179.44,4177.55749,4180.96954,4177.55749,-1.88251,-1.0,0.1,2.02,STOP,2026-07-03 08:07:00,2026-07-03 08:05:00,2026-07-03 08:06:00,7,33,62,1.6,1.3,10,required,closed_all,1.8,2.0
BUY,4189.53,4186.84032,4191.71537,4191.71537,2.18537,0.8125,12.37,0.37,TARGET,2026-07-05 20:28:00,2026-07-05 20:20:00,2026-07-05 20:21:00,7,33,62,1.6,1.3,10,required,closed_all,1.8,2.0
BUY,4189.71,4187.268,4191.69413,4191.69413,1.98413,0.8125,12.19,0.16,TARGET,2026-07-05 20:28:00,2026-07-05 20:25:00,2026-07-05 20:26:00,7,33,62,1.6,1.3,10,required,closed_all,1.8,2.0
BUY,4191.06,4184.49234,4196.39622,4184.49234,-6.56766,-1.0,1.75,8.47,STOP,2026-07-05 22:05:00,2026-07-05 22:03:00,2026-07-05 22:04:00,7,33,62,1.6,1.3,10,required,closed_all,1.8,2.0
BUY,4187.79,4181.2841,4193.07604,4181.2841,-6.5059,-1.0,4.99,7.24,STOP,2026-07-05 22:23:00,2026-07-05 22:13:00,2026-07-05 22:14:00,7,33,62,1.6,1.3,10,required,closed_all,1.8,2.0
BUY,4189.3,4182.98909,4194.42761,4182.98909,-6.31091,-1.0,3.48,7.81,STOP,2026-07-05 22:22:00,2026-07-05 22:14:00,2026-07-05 22:15:00,7,33,62,1.6,1.3,10,required,closed_all,1.8,2.0
BUY,4191.31,4185.1093,4196.34807,4185.1093,-6.2007,-1.0,1.47,7.09,STOP,2026-07-05 22:18:00,2026-07-05 22:15:00,2026-07-05 22:16:00,7,33,62,1.6,1.3,10,required,closed_all,1.8,2.0
BUY,4188.85,4182.74196,4193.81278,4182.74196,-6.10804,-1.0,1.62,7.36,STOP,2026-07-05 22:22:00,2026-07-05 22:19:00,2026-07-05 22:20:00,7,33,62,1.6,1.3,10,required,closed_all,1.8,2.0
BUY,4185.64,4179.83953,4190.35288,4190.35288,4.71288,0.8125,5.93,1.32,TARGET,2026-07-05 22:30:00,2026-07-05 22:25:00,2026-07-05 22:26:00,7,33,62,1.6,1.3,10,required,closed_all,1.8,2.0
BUY,4187.16,4181.44928,4191.79996,4191.79996,4.63996,0.8125,7.22,2.59,TARGET,2026-07-05 22:32:00,2026-07-05 22:26:00,2026-07-05 22:27:00,7,33,62,1.6,1.3,10,required,closed_all,1.8,2.0
BUY,4188.14,4182.42919,4192.78004,4192.78004,4.64004,0.8125,6.24,2.27,TARGET,2026-07-05 22:32:00,2026-07-05 22:27:00,2026-07-05 22:28:00,7,33,62,1.6,1.3,10,required,closed_all,1.8,2.0
BUY,4189.71,4184.0911,4194.27535,4194.27535,4.56535,0.8125,4.67,2.34,TARGET,2026-07-05 22:32:00,2026-07-05 22:29:00,2026-07-05 22:30:00,7,33,62,1.6,1.3,10,required,closed_all,1.8,2.0
BUY,4190.51,4184.91656,4195.05467,4195.05467,4.54467,0.8125,7.26,1.33,TARGET,2026-07-05 22:34:00,2026-07-05 22:31:00,2026-07-05 22:32:00,7,33,62,1.6,1.3,10,required,closed_all,1.8,2.0
BUY,4163.65,4162.00568,4164.98601,4164.98601,1.33601,0.8125,1.61,0.68,TARGET,2026-07-06 16:00:00,2026-07-06 15:56:00,2026-07-06 15:57:00,7,33,62,1.6,1.3,10,required,closed_all,1.8,2.0
BUY,4162.39,4160.8541,4163.63792,4160.8541,-1.5359,-1.0,0.85,2.28,STOP,2026-07-06 16:35:00,2026-07-06 16:26:00,2026-07-06 16:27:00,7,33,62,1.6,1.3,10,required,closed_all,1.8,2.0
BUY,4162.71,4161.16429,4163.96589,4161.16429,-1.54571,-1.0,0.53,2.6,STOP,2026-07-06 16:35:00,2026-07-06 16:28:00,2026-07-06 16:29:00,7,33,62,1.6,1.3,10,required,closed_all,1.8,2.0
BUY,4162.71,4161.09041,4164.02591,4161.09041,-1.61959,-1.0,0.25,2.6,STOP,2026-07-06 16:35:00,2026-07-06 16:31:00,2026-07-06 16:32:00,7,33,62,1.6,1.3,10,required,closed_all,1.8,2.0
BUY,4163.8,4161.87381,4165.36503,4161.87381,-1.92619,-1.0,0.7,2.22,STOP,2026-07-06 17:06:00,2026-07-06 16:59:00,2026-07-06 17:00:00,7,33,62,1.6,1.3,10,required,closed_all,1.8,2.0
BUY,4162.96,4161.88617,4163.83249,4163.83249,0.87249,0.8125,1.44,0.59,TARGET,2026-07-06 17:33:00,2026-07-06 17:28:00,2026-07-06 17:29:00,7,33,62,1.6,1.3,10,required,closed_all,1.8,2.0
BUY,4163.33,4162.3802,4164.10171,4164.10171,0.77171,0.8125,0.82,0.2,TARGET,2026-07-06 17:51:00,2026-07-06 17:47:00,2026-07-06 17:48:00,7,33,62,1.6,1.3,10,required,closed_all,1.8,2.0
BUY,4163.87,4162.94022,4164.62545,4164.62545,0.75545,0.8125,0.8,0.38,TARGET,2026-07-06 17:53:00,2026-07-06 17:50:00,2026-07-06 17:51:00,7,33,62,1.6,1.3,10,required,closed_all,1.8,2.0
BUY,4166.32,4164.74965,4167.59591,4165.59,-0.73,-0.46487,0.81,0.79,TIME_EXIT,2026-07-06 19:24:00,2026-07-06 19:14:00,2026-07-06 19:15:00,7,33,62,1.6,1.3,10,required,closed_all,1.8,2.0
BUY,4166.09,4164.99821,4166.97708,4166.97708,0.88708,0.8125,1.41,0.24,TARGET,2026-07-06 19:32:00,2026-07-06 19:29:00,2026-07-06 19:30:00,7,33,62,1.6,1.3,10,required,closed_all,1.8,2.0
BUY,4166.33,4165.26134,4167.19829,4167.19829,0.86829,0.8125,1.17,0.3,TARGET,2026-07-06 19:32:00,2026-07-06 19:30:00,2026-07-06 19:31:00,7,33,62,1.6,1.3,10,required,closed_all,1.8,2.0
BUY,4136.9,4134.58227,4138.78316,4138.78316,1.88316,0.8125,5.16,0.04,TARGET,2026-07-07 08:18:00,2026-07-07 08:17:00,2026-07-07 08:18:00,7,33,62,1.6,1.3,10,required,closed_all,1.8,2.0
BUY,4170.2,4165.22018,4174.2461,4165.22018,-4.97982,-1.0,2.2,5.84,STOP,2026-07-07 10:25:00,2026-07-07 10:16:00,2026-07-07 10:17:00,7,33,62,1.6,1.3,10,required,closed_all,1.8,2.0
BUY,4171.65,4167.1046,4175.34314,4175.34314,3.69314,0.8125,8.17,0.53,TARGET,2026-07-07 10:36:00,2026-07-07 10:35:00,2026-07-07 10:36:00,7,33,62,1.6,1.3,10,required,closed_all,1.8,2.0
BUY,4126.98,4124.04867,4129.36171,4126.99,0.01,0.00341,1.17,2.61,TIME_EXIT,2026-07-08 01:35:00,2026-07-08 01:25:00,2026-07-08 01:26:00,7,33,62,1.6,1.3,10,required,closed_all,1.8,2.0
BUY,4126.3,4123.54652,4128.53721,4127.2,0.9,0.32686,1.85,1.93,TIME_EXIT,2026-07-08 01:37:00,2026-07-08 01:27:00,2026-07-08 01:28:00,7,33,62,1.6,1.3,10,required,closed_all,1.8,2.0
BUY,4127.36,4124.51561,4129.67106,4124.51561,-2.84439,-1.0,0.79,3.3,STOP,2026-07-08 01:41:00,2026-07-08 01:31:00,2026-07-08 01:32:00,7,33,62,1.6,1.3,10,required,closed_all,1.8,2.0
BUY,4127.05,4124.56173,4129.07172,4129.07172,2.02172,0.8125,3.55,2.05,TARGET,2026-07-08 02:05:00,2026-07-08 02:00:00,2026-07-08 02:01:00,7,33,62,1.6,1.3,10,required,closed_all,1.8,2.0
BUY,4127.94,4125.47468,4129.94307,4129.94307,2.00307,0.8125,2.66,0.18,TARGET,2026-07-08 02:05:00,2026-07-08 02:04:00,2026-07-08 02:05:00,7,33,62,1.6,1.3,10,required,closed_all,1.8,2.0
BUY,4128.92,4125.38358,4131.79334,4125.38358,-3.53642,-1.0,2.7,3.9,STOP,2026-07-08 02:49:00,2026-07-08 02:40:00,2026-07-08 02:41:00,7,33,62,1.6,1.3,10,required,closed_all,1.8,2.0
BUY,4129.73,4126.28046,4132.53275,4126.28046,-3.44954,-1.0,1.89,4.18,STOP,2026-07-08 02:48:00,2026-07-08 02:41:00,2026-07-08 02:42:00,7,33,62,1.6,1.3,10,required,closed_all,1.8,2.0
BUY,4130.85,4127.58655,4133.50155,4133.50155,2.65155,0.8125,2.66,0.99,TARGET,2026-07-08 03:24:00,2026-07-08 03:21:00,2026-07-08 03:22:00,7,33,62,1.6,1.3,10,required,closed_all,1.8,2.0
BUY,4131.4,4128.26366,4133.94828,4128.26366,-3.13634,-1.0,2.11,3.59,STOP,2026-07-08 03:30:00,2026-07-08 03:23:00,2026-07-08 03:24:00,7,33,62,1.6,1.3,10,required,closed_all,1.8,2.0
BUY,4185.64,4179.83953,4190.35288,4190.35288,4.71288,0.8125,5.93,1.32,TARGET,2026-07-05 22:30:00,2026-07-05 22:25:00,2026-07-05 22:26:00,6,37,98,1.6,1.3,30,warning_only,closed_all,1.8,1.2
BUY,4187.16,4181.44928,4191.79996,4191.79996,4.63996,0.8125,7.22,2.59,TARGET,2026-07-05 22:32:00,2026-07-05 22:26:00,2026-07-05 22:27:00,6,37,98,1.6,1.3,30,warning_only,closed_all,1.8,1.2
BUY,4188.14,4182.42919,4192.78004,4192.78004,4.64004,0.8125,6.24,2.27,TARGET,2026-07-05 22:32:00,2026-07-05 22:27:00,2026-07-05 22:28:00,6,37,98,1.6,1.3,30,warning_only,closed_all,1.8,1.2
BUY,4146.33,4144.16898,4148.08583,4144.16898,-2.16102,-1.0,1.33,2.93,STOP,2026-07-07 14:50:00,2026-07-07 14:40:00,2026-07-07 14:41:00,6,37,98,1.6,1.3,30,warning_only,closed_all,1.8,1.2
BUY,4108.98,4104.75303,4112.41441,4112.41441,3.43441,0.8125,6.37,0.87,TARGET,2026-07-07 23:07:00,2026-07-07 23:05:00,2026-07-07 23:06:00,6,37,98,1.6,1.3,30,warning_only,closed_all,1.8,1.2
BUY,4112.22,4107.82525,4115.79074,4115.79074,3.57074,0.8125,5.2,2.12,TARGET,2026-07-07 23:08:00,2026-07-07 23:06:00,2026-07-07 23:07:00,6,37,98,1.6,1.3,30,warning_only,closed_all,1.8,1.2
BUY,4127.19,4123.75531,4129.98069,4129.98069,2.79069,0.8125,2.97,0.59,TARGET,2026-07-08 02:38:00,2026-07-08 02:36:00,2026-07-08 02:37:00,6,37,98,1.6,1.3,30,warning_only,closed_all,1.8,1.2
BUY,4128.26,4124.88093,4131.0055,4131.0055,2.7455,0.8125,2.82,1.7,TARGET,2026-07-08 02:42:00,2026-07-08 02:37:00,2026-07-08 02:38:00,6,37,98,1.6,1.3,30,warning_only,closed_all,1.8,1.2
BUY,4173.47,4171.09479,4175.29708,4171.09479,-2.37521,-1.0,0.91,2.68,STOP,2026-07-03 03:56:00,2026-07-03 03:52:00,2026-07-03 03:53:00,5,20,99,1.3,1.0,10,warning_only,closed_all,0.8,2.0
BUY,4175.29,4173.04139,4177.0197,4177.0197,1.7297,0.76923,2.93,1.62,TARGET,2026-07-03 04:34:00,2026-07-03 04:29:00,2026-07-03 04:30:00,5,20,99,1.3,1.0,10,warning_only,closed_all,0.8,2.0
BUY,4175.91,4173.6151,4177.6753,4177.6753,1.7653,0.76923,2.31,0.27,TARGET,2026-07-03 04:34:00,2026-07-03 04:33:00,2026-07-03 04:34:00,5,20,99,1.3,1.0,10,warning_only,closed_all,0.8,2.0
BUY,4179.44,4177.91046,4180.61657,4177.91046,-1.52954,-1.0,0.1,2.02,STOP,2026-07-03 08:07:00,2026-07-03 08:05:00,2026-07-03 08:06:00,5,20,99,1.3,1.0,10,warning_only,closed_all,0.8,2.0
BUY,4189.3,4184.17239,4193.24432,4184.17239,-5.12761,-1.0,3.48,6.09,STOP,2026-07-05 22:21:00,2026-07-05 22:14:00,2026-07-05 22:15:00,5,20,99,1.3,1.0,10,warning_only,closed_all,0.8,2.0
BUY,4191.31,4186.27193,4195.18544,4186.27193,-5.03807,-1.0,1.47,5.52,STOP,2026-07-05 22:17:00,2026-07-05 22:15:00,2026-07-05 22:16:00,5,20,99,1.3,1.0,10,warning_only,closed_all,0.8,2.0
BUY,4189.71,4185.14465,4193.22181,4193.22181,3.51181,0.76923,4.67,2.34,TARGET,2026-07-05 22:32:00,2026-07-05 22:29:00,2026-07-05 22:30:00,5,20,99,1.3,1.0,10,warning_only,closed_all,0.8,2.0
BUY,4190.51,4185.96533,4194.0059,4194.0059,3.4959,0.76923,3.87,1.33,TARGET,2026-07-05 22:32:00,2026-07-05 22:31:00,2026-07-05 22:32:00,5,20,99,1.3,1.0,10,warning_only,closed_all,0.8,2.0
BUY,4156.92,4154.96432,4158.42437,4154.96432,-1.95568,-1.0,1.31,2.28,STOP,2026-07-06 09:10:00,2026-07-06 09:05:00,2026-07-06 09:06:00,5,20,99,1.3,1.0,10,warning_only,closed_all,0.8,2.0
BUY,4162.96,4162.08751,4163.63115,4163.63115,0.67115,0.76923,1.44,0.59,TARGET,2026-07-06 17:33:00,2026-07-06 17:28:00,2026-07-06 17:29:00,5,20,99,1.3,1.0,10,warning_only,closed_all,0.8,2.0
BUY,4133.13,4131.09613,4134.69452,4134.69452,1.56452,0.76923,1.84,1.12,TARGET,2026-07-07 07:14:00,2026-07-07 07:06:00,2026-07-07 07:07:00,5,20,99,1.3,1.0,10,warning_only,closed_all,0.8,2.0
BUY,4146.33,4144.57417,4147.68064,4144.57417,-1.75583,-1.0,1.33,2.93,STOP,2026-07-07 14:50:00,2026-07-07 14:40:00,2026-07-07 14:41:00,5,20,99,1.3,1.0,10,warning_only,closed_all,0.8,2.0
BUY,4108.98,4105.54559,4111.62185,4111.62185,2.64185,0.76923,3.24,0.87,TARGET,2026-07-07 23:06:00,2026-07-07 23:05:00,2026-07-07 23:06:00,5,20,99,1.3,1.0,10,warning_only,closed_all,0.8,2.0
BUY,4126.3,4124.06279,4128.02093,4128.02093,1.72093,0.76923,1.85,1.93,TARGET,2026-07-08 01:32:00,2026-07-08 01:27:00,2026-07-08 01:28:00,5,20,99,1.3,1.0,10,warning_only,closed_all,0.8,2.0
BUY,4127.19,4124.39931,4129.33668,4129.33668,2.14668,0.76923,2.97,0.59,TARGET,2026-07-08 02:38:00,2026-07-08 02:36:00,2026-07-08 02:37:00,5,20,99,1.3,1.0,10,warning_only,closed_all,0.8,2.0
BUY,4128.26,4125.5145,4130.37192,4130.37192,2.11192,0.76923,2.82,1.7,TARGET,2026-07-08 02:42:00,2026-07-08 02:37:00,2026-07-08 02:38:00,5,20,99,1.3,1.0,10,warning_only,closed_all,0.8,2.0
BUY,4129.73,4126.92725,4131.88596,4126.92725,-2.80275,-1.0,1.89,4.18,STOP,2026-07-08 02:48:00,2026-07-08 02:41:00,2026-07-08 02:42:00,5,20,99,1.3,1.0,10,warning_only,closed_all,0.8,2.0
BUY,4130.85,4128.19845,4132.88966,4132.88966,2.03966,0.76923,2.66,0.99,TARGET,2026-07-08 03:24:00,2026-07-08 03:21:00,2026-07-08 03:22:00,5,20,99,1.3,1.0,10,warning_only,closed_all,0.8,2.0
BUY,4185.64,4180.92712,4190.35288,4190.35288,4.71288,1.0,5.93,1.32,TARGET,2026-07-05 22:30:00,2026-07-05 22:25:00,2026-07-05 22:26:00,3,34,63,1.3,1.3,20,warning_only,closed_all,0.8,0.8
BUY,4187.16,4182.52004,4191.79996,4191.79996,4.63996,1.0,7.22,2.59,TARGET,2026-07-05 22:32:00,2026-07-05 22:26:00,2026-07-05 22:27:00,3,34,63,1.3,1.3,20,warning_only,closed_all,0.8,0.8
BUY,4108.98,4105.54559,4112.41441,4112.41441,3.43441,1.0,6.37,0.87,TARGET,2026-07-07 23:07:00,2026-07-07 23:05:00,2026-07-07 23:06:00,3,34,63,1.3,1.3,20,warning_only,closed_all,0.8,0.8
BUY,4128.26,4125.5145,4131.0055,4131.0055,2.7455,1.0,2.82,1.7,TARGET,2026-07-08 02:42:00,2026-07-08 02:37:00,2026-07-08 02:38:00,3,34,63,1.3,1.3,20,warning_only,closed_all,0.8,0.8
BUY,4128.02,4125.56569,4130.47431,4125.56569,-2.45431,-1.0,1.17,3.48,STOP,2026-07-08 03:02:00,2026-07-08 02:56:00,2026-07-08 02:57:00,3,34,63,1.3,1.3,20,warning_only,closed_all,0.8,0.8
BUY,4129.43,4125.84699,4131.66938,4126.28,-3.15,-0.87915,1.25,3.19,TIME_EXIT,2026-07-02 20:52:00,2026-07-02 20:47:00,2026-07-02 20:48:00,4,36,62,1.6,1.0,5,required,closed_all,1.8,2.0
BUY,4130.59,4127.07664,4132.78585,4127.07664,-3.51336,-1.0,0.09,4.35,STOP,2026-07-02 20:52:00,2026-07-02 20:48:00,2026-07-02 20:49:00,4,36,62,1.6,1.0,5,required,closed_all,1.8,2.0
BUY,4130.63,4127.13673,4132.81329,4127.13673,-3.49327,-1.0,0.05,4.39,STOP,2026-07-02 20:52:00,2026-07-02 20:49:00,2026-07-02 20:50:00,4,36,62,1.6,1.0,5,required,closed_all,1.8,2.0
BUY,4128.6,4124.95183,4130.88011,4130.88011,2.28011,0.625,3.12,1.59,TARGET,2026-07-02 20:56:00,2026-07-02 20:54:00,2026-07-02 20:55:00,4,36,62,1.6,1.0,5,required,closed_all,1.8,2.0
BUY,4131.32,4126.82628,4134.12857,4126.82628,-4.49372,-1.0,1.38,6.03,STOP,2026-07-02 21:07:00,2026-07-02 21:03:00,2026-07-02 21:04:00,4,36,62,1.6,1.0,5,required,closed_all,1.8,2.0
BUY,4134.23,4129.57711,4137.13806,4137.13806,2.90806,0.625,3.54,1.31,TARGET,2026-07-02 21:21:00,2026-07-02 21:17:00,2026-07-02 21:18:00,4,36,62,1.6,1.0,5,required,closed_all,1.8,2.0
BUY,4135.16,4130.58346,4138.02034,4138.02034,2.86034,0.625,3.34,1.83,TARGET,2026-07-02 21:22:00,2026-07-02 21:18:00,2026-07-02 21:19:00,4,36,62,1.6,1.0,5,required,closed_all,1.8,2.0
BUY,4181.49,4178.29005,4183.48997,4181.45,-0.04,-0.0125,1.2,2.25,TIME_EXIT,2026-07-02 23:36:00,2026-07-02 23:31:00,2026-07-02 23:32:00,4,36,62,1.6,1.0,5,required,closed_all,1.8,2.0
BUY,4181.41,4178.19078,4183.42201,4183.42201,2.01201,0.625,4.06,2.17,TARGET,2026-07-02 23:38:00,2026-07-02 23:33:00,2026-07-02 23:34:00,4,36,62,1.6,1.0,5,required,closed_all,1.8,2.0
BUY,4183.58,4180.30516,4185.62678,4185.62678,2.04678,0.625,2.36,0.62,TARGET,2026-07-02 23:53:00,2026-07-02 23:52:00,2026-07-02 23:53:00,4,36,62,1.6,1.0,5,required,closed_all,1.8,2.0
BUY,4183.17,4180.31953,4184.95154,4182.18,-0.99,-0.34731,0.61,1.8,TIME_EXIT,2026-07-03 00:18:00,2026-07-03 00:13:00,2026-07-03 00:14:00,4,36,62,1.6,1.0,5,required,closed_all,1.8,2.0
BUY,4183.04,4180.56208,4184.5887,4180.56208,-2.47792,-1.0,0.02,2.67,STOP,2026-07-03 00:36:00,2026-07-03 00:33:00,2026-07-03 00:34:00,4,36,62,1.6,1.0,5,required,closed_all,1.8,2.0
BUY,4174.16,4171.31709,4175.93682,4171.31709,-2.84291,-1.0,0.02,3.12,STOP,2026-07-03 04:01:00,2026-07-03 03:58:00,2026-07-03 03:59:00,4,36,62,1.6,1.0,5,required,closed_all,1.8,2.0
BUY,4173.66,4170.58427,4175.58233,4175.58233,1.92233,0.625,3.09,0.53,TARGET,2026-07-03 04:05:00,2026-07-03 04:03:00,2026-07-03 04:04:00,4,36,62,1.6,1.0,5,required,closed_all,1.8,2.0
BUY,4174.9,4171.84168,4176.81145,4176.81145,1.91145,0.625,3.26,0.44,TARGET,2026-07-03 04:06:00,2026-07-03 04:04:00,2026-07-03 04:05:00,4,36,62,1.6,1.0,5,required,closed_all,1.8,2.0
BUY,4175.29,4172.52248,4177.0197,4177.0197,1.7297,0.625,2.93,1.62,TARGET,2026-07-03 04:34:00,2026-07-03 04:29:00,2026-07-03 04:30:00,4,36,62,1.6,1.0,5,required,closed_all,1.8,2.0
BUY,4175.84,4172.92378,4177.66264,4177.66264,1.82264,0.625,2.38,0.95,TARGET,2026-07-03 04:34:00,2026-07-03 04:32:00,2026-07-03 04:33:00,4,36,62,1.6,1.0,5,required,closed_all,1.8,2.0
BUY,4175.91,4173.08551,4177.6753,4177.6753,1.7653,0.625,2.31,0.27,TARGET,2026-07-03 04:34:00,2026-07-03 04:33:00,2026-07-03 04:34:00,4,36,62,1.6,1.0,5,required,closed_all,1.8,2.0
BUY,4183.11,4180.59404,4184.68247,4184.68247,1.57247,0.625,2.82,2.28,TARGET,2026-07-03 05:33:00,2026-07-03 05:29:00,2026-07-03 05:30:00,4,36,62,1.6,1.0,5,required,closed_all,1.8,2.0
BUY,4183.96,4181.23338,4185.66414,4185.66414,1.70414,0.625,1.97,1.24,TARGET,2026-07-03 05:33:00,2026-07-03 05:32:00,2026-07-03 05:33:00,4,36,62,1.6,1.0,5,required,closed_all,1.8,2.0
BUY,4184.16,4181.40858,4185.87964,4181.40858,-2.75142,-1.0,1.11,3.83,STOP,2026-07-03 05:46:00,2026-07-03 05:44:00,2026-07-03 05:45:00,4,36,62,1.6,1.0,5,required,closed_all,1.8,2.0
BUY,4179.44,4177.55749,4180.61657,4177.55749,-1.88251,-1.0,0.1,2.02,STOP,2026-07-03 08:07:00,2026-07-03 08:05:00,2026-07-03 08:06:00,4,36,62,1.6,1.0,5,required,closed_all,1.8,2.0
BUY,4179.31,4175.2269,4181.86194,4181.86194,2.55194,0.625,3.12,0.32,TARGET,2026-07-05 19:23:00,2026-07-05 19:20:00,2026-07-05 19:21:00,4,36,62,1.6,1.0,5,required,closed_all,1.8,2.0
BUY,4189.53,4186.84032,4191.21105,4189.57,0.04,0.01487,1.61,0.37,TIME_EXIT,2026-07-05 20:25:00,2026-07-05 20:20:00,2026-07-05 20:21:00,4,36,62,1.6,1.0,5,required,closed_all,1.8,2.0
BUY,4191.06,4184.49234,4195.16478,4184.49234,-6.56766,-1.0,1.75,8.47,STOP,2026-07-05 22:05:00,2026-07-05 22:03:00,2026-07-05 22:04:00,4,36,62,1.6,1.0,5,required,closed_all,1.8,2.0
BUY,4187.79,4181.2841,4191.85619,4191.85619,4.06619,0.625,4.99,0.85,TARGET,2026-07-05 22:16:00,2026-07-05 22:13:00,2026-07-05 22:14:00,4,36,62,1.6,1.0,5,required,closed_all,1.8,2.0
BUY,4189.3,4182.98909,4193.24432,4188.63,-0.67,-0.10617,3.48,5.08,TIME_EXIT,2026-07-05 22:19:00,2026-07-05 22:14:00,2026-07-05 22:15:00,4,36,62,1.6,1.0,5,required,closed_all,1.8,2.0
BUY,4191.31,4185.1093,4195.18544,4185.1093,-6.2007,-1.0,1.47,7.09,STOP,2026-07-05 22:18:00,2026-07-05 22:15:00,2026-07-05 22:16:00,4,36,62,1.6,1.0,5,required,closed_all,1.8,2.0
BUY,4188.85,4182.74196,4192.66753,4182.74196,-6.10804,-1.0,1.62,7.36,STOP,2026-07-05 22:22:00,2026-07-05 22:19:00,2026-07-05 22:20:00,4,36,62,1.6,1.0,5,required,closed_all,1.8,2.0
BUY,4185.64,4179.83953,4189.26529,4189.26529,3.62529,0.625,4.02,1.32,TARGET,2026-07-05 22:28:00,2026-07-05 22:25:00,2026-07-05 22:26:00,4,36,62,1.6,1.0,5,required,closed_all,1.8,2.0
BUY,4187.16,4181.44928,4190.7292,4190.7292,3.5692,0.625,4.41,2.59,TARGET,2026-07-05 22:30:00,2026-07-05 22:26:00,2026-07-05 22:27:00,4,36,62,1.6,1.0,5,required,closed_all,1.8,2.0
BUY,4188.14,4182.42919,4191.70926,4191.70926,3.56926,0.625,6.24,2.27,TARGET,2026-07-05 22:32:00,2026-07-05 22:27:00,2026-07-05 22:28:00,4,36,62,1.6,1.0,5,required,closed_all,1.8,2.0
BUY,4189.71,4184.0911,4193.22181,4193.22181,3.51181,0.625,4.67,2.34,TARGET,2026-07-05 22:32:00,2026-07-05 22:29:00,2026-07-05 22:30:00,4,36,62,1.6,1.0,5,required,closed_all,1.8,2.0
BUY,4190.51,4184.91656,4194.0059,4194.0059,3.4959,0.625,3.87,1.33,TARGET,2026-07-05 22:32:00,2026-07-05 22:31:00,2026-07-05 22:32:00,4,36,62,1.6,1.0,5,required,closed_all,1.8,2.0
BUY,4163.07,4161.38658,4164.12214,4164.12214,1.05214,0.625,2.19,0.13,TARGET,2026-07-06 16:00:00,2026-07-06 15:55:00,2026-07-06 15:56:00,4,36,62,1.6,1.0,5,required,closed_all,1.8,2.0
BUY,4163.65,4162.00568,4164.6777,4164.6777,1.0277,0.625,1.61,0.68,TARGET,2026-07-06 16:00:00,2026-07-06 15:56:00,2026-07-06 15:57:00,4,36,62,1.6,1.0,5,required,closed_all,1.8,2.0
BUY,4161.96,4160.32887,4162.97946,4162.46,0.5,0.30654,0.75,0.57,TIME_EXIT,2026-07-06 16:28:00,2026-07-06 16:23:00,2026-07-06 16:24:00,4,36,62,1.6,1.0,5,required,closed_all,1.8,2.0
BUY,4162.39,4160.8541,4163.34994,4162.71,0.32,0.20835,0.85,1.05,TIME_EXIT,2026-07-06 16:31:00,2026-07-06 16:26:00,2026-07-06 16:27:00,4,36,62,1.6,1.0,5,required,closed_all,1.8,2.0
BUY,4162.71,4161.16429,4163.67607,4161.74,-0.97,-0.62754,0.53,1.37,TIME_EXIT,2026-07-06 16:33:00,2026-07-06 16:28:00,2026-07-06 16:29:00,4,36,62,1.6,1.0,5,required,closed_all,1.8,2.0
BUY,4162.82,4160.96595,4163.97878,4163.97878,1.15878,0.625,1.68,0.81,TARGET,2026-07-06 17:00:00,2026-07-06 16:58:00,2026-07-06 16:59:00,4,36,62,1.6,1.0,5,required,closed_all,1.8,2.0
BUY,4163.8,4161.87381,4165.00387,4162.81,-0.99,-0.51397,0.7,1.47,TIME_EXIT,2026-07-06 17:04:00,2026-07-06 16:59:00,2026-07-06 17:00:00,4,36,62,1.6,1.0,5,required,closed_all,1.8,2.0
BUY,4162.75,4161.60761,4163.46399,4163.18,0.43,0.37641,0.65,0.38,TIME_EXIT,2026-07-06 17:31:00,2026-07-06 17:26:00,2026-07-06 17:27:00,4,36,62,1.6,1.0,5,required,closed_all,1.8,2.0
BUY,4162.96,4161.88617,4163.63115,4163.63115,0.67115,0.625,1.44,0.59,TARGET,2026-07-06 17:33:00,2026-07-06 17:28:00,2026-07-06 17:29:00,4,36,62,1.6,1.0,5,required,closed_all,1.8,2.0
BUY,4163.33,4162.3802,4163.92363,4163.92363,0.59363,0.625,0.82,0.2,TARGET,2026-07-06 17:51:00,2026-07-06 17:47:00,2026-07-06 17:48:00,4,36,62,1.6,1.0,5,required,closed_all,1.8,2.0
BUY,4163.87,4162.94022,4164.45111,4164.45111,0.58111,0.625,0.8,0.38,TARGET,2026-07-06 17:53:00,2026-07-06 17:50:00,2026-07-06 17:51:00,4,36,62,1.6,1.0,5,required,closed_all,1.8,2.0
BUY,4166.32,4164.74965,4167.30147,4166.89,0.57,0.36298,0.79,0.7,TIME_EXIT,2026-07-06 19:19:00,2026-07-06 19:14:00,2026-07-06 19:15:00,4,36,62,1.6,1.0,5,required,closed_all,1.8,2.0
BUY,4166.09,4164.99821,4166.77237,4166.77237,0.68237,0.625,0.83,0.24,TARGET,2026-07-06 19:31:00,2026-07-06 19:29:00,2026-07-06 19:30:00,4,36,62,1.6,1.0,5,required,closed_all,1.8,2.0
BUY,4166.33,4165.26134,4166.99791,4166.99791,0.66791,0.625,1.17,0.3,TARGET,2026-07-06 19:32:00,2026-07-06 19:30:00,2026-07-06 19:31:00,4,36,62,1.6,1.0,5,required,closed_all,1.8,2.0
BUY,4136.65,4134.34721,4138.08924,4138.08924,1.43924,0.625,5.41,1.32,TARGET,2026-07-07 08:18:00,2026-07-07 08:16:00,2026-07-07 08:17:00,4,36,62,1.6,1.0,5,required,closed_all,1.8,2.0
BUY,4136.9,4134.58227,4138.34858,4138.34858,1.44858,0.625,5.16,0.04,TARGET,2026-07-07 08:18:00,2026-07-07 08:17:00,2026-07-07 08:18:00,4,36,62,1.6,1.0,5,required,closed_all,1.8,2.0
BUY,4170.2,4165.22018,4173.31239,4171.55,1.35,0.27109,2.2,2.2,TIME_EXIT,2026-07-07 10:21:00,2026-07-07 10:16:00,2026-07-07 10:17:00,4,36,62,1.6,1.0,5,required,closed_all,1.8,2.0
BUY,4171.65,4167.1046,4174.49088,4174.49088,2.84088,0.625,8.17,0.53,TARGET,2026-07-07 10:36:00,2026-07-07 10:35:00,2026-07-07 10:36:00,4,36,62,1.6,1.0,5,required,closed_all,1.8,2.0
BUY,4127.37,4124.25099,4129.31938,4126.3,-1.07,-0.34306,0.01,2.66,TIME_EXIT,2026-07-08 01:27:00,2026-07-08 01:22:00,2026-07-08 01:23:00,4,36,62,1.6,1.0,5,required,closed_all,1.8,2.0
BUY,4126.98,4124.04867,4128.81208,4125.03,-1.95,-0.66523,0.19,2.61,TIME_EXIT,2026-07-08 01:30:00,2026-07-08 01:25:00,2026-07-08 01:26:00,4,36,62,1.6,1.0,5,required,closed_all,1.8,2.0
BUY,4126.3,4123.54652,4128.02093,4128.02093,1.72093,0.625,1.85,1.93,TARGET,2026-07-08 01:32:00,2026-07-08 01:27:00,2026-07-08 01:28:00,4,36,62,1.6,1.0,5,required,closed_all,1.8,2.0
BUY,4127.36,4124.51561,4129.13774,4127.44,0.08,0.02813,0.79,2.13,TIME_EXIT,2026-07-08 01:36:00,2026-07-08 01:31:00,2026-07-08 01:32:00,4,36,62,1.6,1.0,5,required,closed_all,1.8,2.0
BUY,4127.05,4124.56173,4128.60517,4128.60517,1.55517,0.625,3.55,2.05,TARGET,2026-07-08 02:05:00,2026-07-08 02:00:00,2026-07-08 02:01:00,4,36,62,1.6,1.0,5,required,closed_all,1.8,2.0
BUY,4127.94,4125.47468,4129.48082,4129.48082,1.54082,0.625,2.66,0.18,TARGET,2026-07-08 02:05:00,2026-07-08 02:04:00,2026-07-08 02:05:00,4,36,62,1.6,1.0,5,required,closed_all,1.8,2.0
BUY,4128.26,4124.88093,4130.37192,4130.37192,2.11192,0.625,2.82,1.7,TARGET,2026-07-08 02:42:00,2026-07-08 02:37:00,2026-07-08 02:38:00,4,36,62,1.6,1.0,5,required,closed_all,1.8,2.0
BUY,4128.92,4125.38358,4131.13026,4131.13026,2.21026,0.625,2.7,0.64,TARGET,2026-07-08 02:43:00,2026-07-08 02:40:00,2026-07-08 02:41:00,4,36,62,1.6,1.0,5,required,closed_all,1.8,2.0
BUY,4129.73,4126.28046,4131.88596,4129.19,-0.54,-0.15654,1.89,2.07,TIME_EXIT,2026-07-08 02:46:00,2026-07-08 02:41:00,2026-07-08 02:42:00,4,36,62,1.6,1.0,5,required,closed_all,1.8,2.0
BUY,4128.02,4124.99931,4129.90793,4128.18,0.16,0.05297,1.17,1.59,TIME_EXIT,2026-07-08 03:01:00,2026-07-08 02:56:00,2026-07-08 02:57:00,4,36,62,1.6,1.0,5,required,closed_all,1.8,2.0
BUY,4130.85,4127.58655,4132.88966,4132.88966,2.03966,0.625,2.66,0.99,TARGET,2026-07-08 03:24:00,2026-07-08 03:21:00,2026-07-08 03:22:00,4,36,62,1.6,1.0,5,required,closed_all,1.8,2.0
BUY,4131.4,4128.26366,4133.36021,4133.36021,1.96021,0.625,2.11,0.44,TARGET,2026-07-08 03:24:00,2026-07-08 03:23:00,2026-07-08 03:24:00,4,36,62,1.6,1.0,5,required,closed_all,1.8,2.0
BUY,4134.23,4131.32194,4138.01047,4138.01047,3.78047,1.3,4.27,1.31,TARGET,2026-07-02 21:22:00,2026-07-02 21:17:00,2026-07-02 21:18:00,5,32,97,1.0,1.3,15,warning_only,closed_all,0.8,2.0
BUY,4175.29,4173.5603,4177.53861,4177.53861,2.24861,1.3,2.93,1.62,TARGET,2026-07-03 04:34:00,2026-07-03 04:29:00,2026-07-03 04:30:00,5,32,97,1.0,1.3,15,warning_only,closed_all,0.8,2.0
BUY,4175.91,4174.1447,4178.2049,4178.2049,2.2949,1.3,2.31,0.27,TARGET,2026-07-03 04:34:00,2026-07-03 04:33:00,2026-07-03 04:34:00,5,32,97,1.0,1.3,15,warning_only,closed_all,0.8,2.0
BUY,4179.44,4178.26343,4180.96954,4178.26343,-1.17657,-1.0,0.1,1.47,STOP,2026-07-03 08:06:00,2026-07-03 08:05:00,2026-07-03 08:06:00,5,32,97,1.0,1.3,15,warning_only,closed_all,0.8,2.0
BUY,4189.3,4185.35568,4194.42761,4185.35568,-3.94432,-1.0,3.48,5.08,STOP,2026-07-05 22:18:00,2026-07-05 22:14:00,2026-07-05 22:15:00,5,32,97,1.0,1.3,15,warning_only,closed_all,0.8,2.0
BUY,4191.31,4187.43456,4196.34807,4187.43456,-3.87544,-1.0,1.47,5.52,STOP,2026-07-05 22:17:00,2026-07-05 22:15:00,2026-07-05 22:16:00,5,32,97,1.0,1.3,15,warning_only,closed_all,0.8,2.0
BUY,4185.64,4182.01471,4190.35288,4190.35288,4.71288,1.3,5.93,1.32,TARGET,2026-07-05 22:30:00,2026-07-05 22:25:00,2026-07-05 22:26:00,5,32,97,1.0,1.3,15,warning_only,closed_all,0.8,2.0
BUY,4187.16,4183.5908,4191.79996,4191.79996,4.63996,1.3,7.22,2.59,TARGET,2026-07-05 22:32:00,2026-07-05 22:26:00,2026-07-05 22:27:00,5,32,97,1.0,1.3,15,warning_only,closed_all,0.8,2.0
BUY,4189.71,4186.19819,4194.27535,4194.27535,4.56535,1.3,4.67,2.34,TARGET,2026-07-05 22:32:00,2026-07-05 22:29:00,2026-07-05 22:30:00,5,32,97,1.0,1.3,15,warning_only,closed_all,0.8,2.0
BUY,4190.51,4187.0141,4195.05467,4195.05467,4.54467,1.3,7.26,1.33,TARGET,2026-07-05 22:34:00,2026-07-05 22:31:00,2026-07-05 22:32:00,5,32,97,1.0,1.3,15,warning_only,closed_all,0.8,2.0
BUY,4156.92,4155.41563,4158.87568,4155.41563,-1.50437,-1.0,1.31,2.28,STOP,2026-07-06 09:10:00,2026-07-06 09:05:00,2026-07-06 09:06:00,5,32,97,1.0,1.3,15,warning_only,closed_all,0.8,2.0
BUY,4162.96,4162.28885,4163.83249,4163.83249,0.87249,1.3,1.44,0.59,TARGET,2026-07-06 17:33:00,2026-07-06 17:28:00,2026-07-06 17:29:00,5,32,97,1.0,1.3,15,warning_only,closed_all,0.8,2.0
BUY,4133.13,4131.56548,4135.16387,4135.16387,2.03387,1.3,3.52,1.2,TARGET,2026-07-07 07:18:00,2026-07-07 07:06:00,2026-07-07 07:07:00,5,32,97,1.0,1.3,15,warning_only,closed_all,0.8,2.0
BUY,4146.33,4144.97936,4148.08583,4144.97936,-1.35064,-1.0,1.33,2.93,STOP,2026-07-07 14:50:00,2026-07-07 14:40:00,2026-07-07 14:41:00,5,32,97,1.0,1.3,15,warning_only,closed_all,0.8,2.0
BUY,4108.98,4106.33815,4112.41441,4112.41441,3.43441,1.3,6.37,0.87,TARGET,2026-07-07 23:07:00,2026-07-07 23:05:00,2026-07-07 23:06:00,5,32,97,1.0,1.3,15,warning_only,closed_all,0.8,2.0
BUY,4126.3,4124.57907,4128.53721,4124.57907,-1.72093,-1.0,0.82,1.93,STOP,2026-07-08 01:30:00,2026-07-08 01:27:00,2026-07-08 01:28:00,5,32,97,1.0,1.3,15,warning_only,closed_all,0.8,2.0
BUY,4127.19,4125.04332,4129.98069,4129.98069,2.79069,1.3,2.97,0.59,TARGET,2026-07-08 02:38:00,2026-07-08 02:36:00,2026-07-08 02:37:00,5,32,97,1.0,1.3,15,warning_only,closed_all,0.8,2.0
BUY,4128.26,4126.14808,4131.0055,4131.0055,2.7455,1.3,2.82,1.7,TARGET,2026-07-08 02:42:00,2026-07-08 02:37:00,2026-07-08 02:38:00,5,32,97,1.0,1.3,15,warning_only,closed_all,0.8,2.0
BUY,4129.73,4127.57404,4132.53275,4127.57404,-2.15596,-1.0,1.89,2.62,STOP,2026-07-08 02:47:00,2026-07-08 02:41:00,2026-07-08 02:42:00,5,32,97,1.0,1.3,15,warning_only,closed_all,0.8,2.0
BUY,4130.85,4128.81034,4133.50155,4133.50155,2.65155,1.3,2.66,0.99,TARGET,2026-07-08 03:24:00,2026-07-08 03:21:00,2026-07-08 03:22:00,5,32,97,1.0,1.3,15,warning_only,closed_all,0.8,2.0
BUY,4174.42,4171.53153,4176.76688,4176.76688,2.34688,0.8125,2.59,1.85,TARGET,2026-07-03 04:30:00,2026-07-03 04:25:00,2026-07-03 04:26:00,3,39,99,1.6,1.3,20,required,closed_all,1.8,1.2
BUY,4178.03,4176.2331,4179.48998,4179.48998,1.45998,0.8125,1.51,1.36,TARGET,2026-07-03 08:06:00,2026-07-03 08:03:00,2026-07-03 08:04:00,3,39,99,1.6,1.3,20,required,closed_all,1.8,1.2
BUY,4185.64,4179.83953,4190.35288,4190.35288,4.71288,0.8125,5.93,1.32,TARGET,2026-07-05 22:30:00,2026-07-05 22:25:00,2026-07-05 22:26:00,3,39,99,1.6,1.3,20,required,closed_all,1.8,1.2
BUY,4187.16,4181.44928,4191.79996,4191.79996,4.63996,0.8125,7.22,2.59,TARGET,2026-07-05 22:32:00,2026-07-05 22:26:00,2026-07-05 22:27:00,3,39,99,1.6,1.3,20,required,closed_all,1.8,1.2
BUY,4188.14,4182.42919,4192.78004,4192.78004,4.64004,0.8125,6.24,2.27,TARGET,2026-07-05 22:32:00,2026-07-05 22:27:00,2026-07-05 22:28:00,3,39,99,1.6,1.3,20,required,closed_all,1.8,1.2
BUY,4162.82,4160.96595,4164.32642,4164.32642,1.50642,0.8125,1.68,0.81,TARGET,2026-07-06 17:00:00,2026-07-06 16:58:00,2026-07-06 16:59:00,3,39,99,1.6,1.3,20,required,closed_all,1.8,1.2
BUY,4146.33,4144.16898,4148.08583,4144.16898,-2.16102,-1.0,1.33,2.93,STOP,2026-07-07 14:50:00,2026-07-07 14:40:00,2026-07-07 14:41:00,3,39,99,1.6,1.3,20,required,closed_all,1.8,1.2
BUY,4129.43,4126.51881,4131.66938,4126.51881,-2.91119,-1.0,1.25,3.19,STOP,2026-07-02 20:52:00,2026-07-02 20:47:00,2026-07-02 20:48:00,5,35,72,1.3,1.0,5,required,closed_all,1.2,2.0
BUY,4130.59,4127.73539,4132.78585,4127.73539,-2.85461,-1.0,0.09,3.38,STOP,2026-07-02 20:51:00,2026-07-02 20:48:00,2026-07-02 20:49:00,5,35,72,1.3,1.0,5,required,closed_all,1.2,2.0
BUY,4130.63,4127.79172,4132.81329,4127.79172,-2.83828,-1.0,0.05,3.42,STOP,2026-07-02 20:51:00,2026-07-02 20:49:00,2026-07-02 20:50:00,5,35,72,1.3,1.0,5,required,closed_all,1.2,2.0
BUY,4134.23,4130.44953,4137.13806,4137.13806,2.90806,0.76923,3.54,1.31,TARGET,2026-07-02 21:21:00,2026-07-02 21:17:00,2026-07-02 21:18:00,5,35,72,1.3,1.0,5,required,closed_all,1.2,2.0
BUY,4135.16,4131.44156,4138.02034,4138.02034,2.86034,0.76923,3.34,1.83,TARGET,2026-07-02 21:22:00,2026-07-02 21:18:00,2026-07-02 21:19:00,5,35,72,1.3,1.0,5,required,closed_all,1.2,2.0
BUY,4183.58,4180.91919,4185.62678,4185.62678,2.04678,0.76923,2.36,0.62,TARGET,2026-07-02 23:53:00,2026-07-02 23:52:00,2026-07-02 23:53:00,5,35,72,1.3,1.0,5,required,closed_all,1.2,2.0
BUY,4183.17,4180.85399,4184.95154,4182.18,-0.99,-0.42746,0.61,1.8,TIME_EXIT,2026-07-03 00:18:00,2026-07-03 00:13:00,2026-07-03 00:14:00,5,35,72,1.3,1.0,5,required,closed_all,1.2,2.0
BUY,4173.66,4171.16097,4175.58233,4175.58233,1.92233,0.76923,3.09,0.53,TARGET,2026-07-03 04:05:00,2026-07-03 04:03:00,2026-07-03 04:04:00,5,35,72,1.3,1.0,5,required,closed_all,1.2,2.0
BUY,4174.9,4172.41512,4176.81145,4176.81145,1.91145,0.76923,3.26,0.44,TARGET,2026-07-03 04:06:00,2026-07-03 04:04:00,2026-07-03 04:05:00,5,35,72,1.3,1.0,5,required,closed_all,1.2,2.0
BUY,4175.29,4173.04139,4177.0197,4177.0197,1.7297,0.76923,2.93,1.62,TARGET,2026-07-03 04:34:00,2026-07-03 04:29:00,2026-07-03 04:30:00,5,35,72,1.3,1.0,5,required,closed_all,1.2,2.0
BUY,4175.84,4173.47057,4177.66264,4177.66264,1.82264,0.76923,2.38,0.95,TARGET,2026-07-03 04:34:00,2026-07-03 04:32:00,2026-07-03 04:33:00,5,35,72,1.3,1.0,5,required,closed_all,1.2,2.0
BUY,4175.91,4173.6151,4177.6753,4177.6753,1.7653,0.76923,2.31,0.27,TARGET,2026-07-03 04:34:00,2026-07-03 04:33:00,2026-07-03 04:34:00,5,35,72,1.3,1.0,5,required,closed_all,1.2,2.0
BUY,4184.16,4181.92447,4185.87964,4181.92447,-2.23553,-1.0,1.11,3.83,STOP,2026-07-03 05:46:00,2026-07-03 05:44:00,2026-07-03 05:45:00,5,35,72,1.3,1.0,5,required,closed_all,1.2,2.0
BUY,4179.44,4177.91046,4180.61657,4177.91046,-1.52954,-1.0,0.1,2.02,STOP,2026-07-03 08:07:00,2026-07-03 08:05:00,2026-07-03 08:06:00,5,35,72,1.3,1.0,5,required,closed_all,1.2,2.0
BUY,4187.79,4182.50396,4191.85619,4191.85619,4.06619,0.76923,4.99,0.85,TARGET,2026-07-05 22:16:00,2026-07-05 22:13:00,2026-07-05 22:14:00,5,35,72,1.3,1.0,5,required,closed_all,1.2,2.0
BUY,4189.3,4184.17239,4193.24432,4188.63,-0.67,-0.13067,3.48,5.08,TIME_EXIT,2026-07-05 22:19:00,2026-07-05 22:14:00,2026-07-05 22:15:00,5,35,72,1.3,1.0,5,required,closed_all,1.2,2.0
BUY,4191.31,4186.27193,4195.18544,4186.27193,-5.03807,-1.0,1.47,5.52,STOP,2026-07-05 22:17:00,2026-07-05 22:15:00,2026-07-05 22:16:00,5,35,72,1.3,1.0,5,required,closed_all,1.2,2.0
BUY,4188.85,4183.88722,4192.66753,4183.88722,-4.96278,-1.0,1.62,5.64,STOP,2026-07-05 22:21:00,2026-07-05 22:19:00,2026-07-05 22:20:00,5,35,72,1.3,1.0,5,required,closed_all,1.2,2.0
BUY,4185.64,4180.92712,4189.26529,4189.26529,3.62529,0.76923,4.02,1.32,TARGET,2026-07-05 22:28:00,2026-07-05 22:25:00,2026-07-05 22:26:00,5,35,72,1.3,1.0,5,required,closed_all,1.2,2.0
BUY,4187.16,4182.52004,4190.7292,4190.7292,3.5692,0.76923,4.41,2.59,TARGET,2026-07-05 22:30:00,2026-07-05 22:26:00,2026-07-05 22:27:00,5,35,72,1.3,1.0,5,required,closed_all,1.2,2.0
BUY,4188.14,4183.49996,4191.70926,4191.70926,3.56926,0.76923,6.24,2.27,TARGET,2026-07-05 22:32:00,2026-07-05 22:27:00,2026-07-05 22:28:00,5,35,72,1.3,1.0,5,required,closed_all,1.2,2.0
BUY,4189.71,4185.14465,4193.22181,4193.22181,3.51181,0.76923,4.67,2.34,TARGET,2026-07-05 22:32:00,2026-07-05 22:29:00,2026-07-05 22:30:00,5,35,72,1.3,1.0,5,required,closed_all,1.2,2.0
BUY,4190.51,4185.96533,4194.0059,4194.0059,3.4959,0.76923,3.87,1.33,TARGET,2026-07-05 22:32:00,2026-07-05 22:31:00,2026-07-05 22:32:00,5,35,72,1.3,1.0,5,required,closed_all,1.2,2.0
BUY,4163.07,4161.70222,4164.12214,4164.12214,1.05214,0.76923,2.19,0.13,TARGET,2026-07-06 16:00:00,2026-07-06 15:55:00,2026-07-06 15:56:00,5,35,72,1.3,1.0,5,required,closed_all,1.2,2.0
BUY,4161.96,4160.63471,4162.97946,4162.46,0.5,0.37727,0.75,0.57,TIME_EXIT,2026-07-06 16:28:00,2026-07-06 16:23:00,2026-07-06 16:24:00,5,35,72,1.3,1.0,5,required,closed_all,1.2,2.0
BUY,4162.39,4161.14208,4163.34994,4162.71,0.32,0.25643,0.85,1.05,TIME_EXIT,2026-07-06 16:31:00,2026-07-06 16:26:00,2026-07-06 16:27:00,5,35,72,1.3,1.0,5,required,closed_all,1.2,2.0
BUY,4162.71,4161.45411,4163.67607,4161.45411,-1.25589,-1.0,0.53,1.37,STOP,2026-07-06 16:31:00,2026-07-06 16:28:00,2026-07-06 16:29:00,5,35,72,1.3,1.0,5,required,closed_all,1.2,2.0
BUY,4162.57,4161.39869,4163.471,4163.471,0.901,0.76923,1.19,0.62,TARGET,2026-07-06 16:49:00,2026-07-06 16:46:00,2026-07-06 16:47:00,5,35,72,1.3,1.0,5,required,closed_all,1.2,2.0
BUY,4162.75,4161.82181,4163.46399,4163.18,0.43,0.46327,0.65,0.38,TIME_EXIT,2026-07-06 17:31:00,2026-07-06 17:26:00,2026-07-06 17:27:00,5,35,72,1.3,1.0,5,required,closed_all,1.2,2.0
BUY,4162.96,4162.08751,4163.63115,4163.63115,0.67115,0.76923,1.44,0.59,TARGET,2026-07-06 17:33:00,2026-07-06 17:28:00,2026-07-06 17:29:00,5,35,72,1.3,1.0,5,required,closed_all,1.2,2.0
BUY,4163.33,4162.55829,4163.92363,4163.92363,0.59363,0.76923,0.82,0.2,TARGET,2026-07-06 17:51:00,2026-07-06 17:47:00,2026-07-06 17:48:00,5,35,72,1.3,1.0,5,required,closed_all,1.2,2.0
BUY,4136.9,4135.01684,4138.34858,4138.34858,1.44858,0.76923,5.16,0.04,TARGET,2026-07-07 08:18:00,2026-07-07 08:17:00,2026-07-07 08:18:00,5,35,72,1.3,1.0,5,required,closed_all,1.2,2.0
BUY,4170.2,4166.1539,4173.31239,4171.55,1.35,0.33365,2.2,2.2,TIME_EXIT,2026-07-07 10:21:00,2026-07-07 10:16:00,2026-07-07 10:17:00,5,35,72,1.3,1.0,5,required,closed_all,1.2,2.0
BUY,4127.37,4124.8358,4129.31938,4124.8358,-2.5342,-1.0,0.01,2.66,STOP,2026-07-08 01:25:00,2026-07-08 01:22:00,2026-07-08 01:23:00,5,35,72,1.3,1.0,5,required,closed_all,1.2,2.0
BUY,4126.3,4124.06279,4128.02093,4128.02093,1.72093,0.76923,1.85,1.93,TARGET,2026-07-08 01:32:00,2026-07-08 01:27:00,2026-07-08 01:28:00,5,35,72,1.3,1.0,5,required,closed_all,1.2,2.0
BUY,4127.94,4125.93693,4129.48082,4129.48082,1.54082,0.76923,2.66,0.18,TARGET,2026-07-08 02:05:00,2026-07-08 02:04:00,2026-07-08 02:05:00,5,35,72,1.3,1.0,5,required,closed_all,1.2,2.0
BUY,4127.19,4124.39931,4129.33668,4129.33668,2.14668,0.76923,2.97,0.59,TARGET,2026-07-08 02:38:00,2026-07-08 02:36:00,2026-07-08 02:37:00,5,35,72,1.3,1.0,5,required,closed_all,1.2,2.0
BUY,4128.26,4125.5145,4130.37192,4130.37192,2.11192,0.76923,2.82,1.7,TARGET,2026-07-08 02:42:00,2026-07-08 02:37:00,2026-07-08 02:38:00,5,35,72,1.3,1.0,5,required,closed_all,1.2,2.0
BUY,4128.92,4126.04666,4131.13026,4131.13026,2.21026,0.76923,2.7,0.64,TARGET,2026-07-08 02:43:00,2026-07-08 02:40:00,2026-07-08 02:41:00,5,35,72,1.3,1.0,5,required,closed_all,1.2,2.0
BUY,4129.73,4126.92725,4131.88596,4129.19,-0.54,-0.19267,1.89,2.07,TIME_EXIT,2026-07-08 02:46:00,2026-07-08 02:41:00,2026-07-08 02:42:00,5,35,72,1.3,1.0,5,required,closed_all,1.2,2.0
BUY,4130.85,4128.19845,4132.88966,4132.88966,2.03966,0.76923,2.66,0.99,TARGET,2026-07-08 03:24:00,2026-07-08 03:21:00,2026-07-08 03:22:00,5,35,72,1.3,1.0,5,required,closed_all,1.2,2.0
BUY,4161.96,4160.32887,4162.97946,4162.97946,1.01946,0.625,1.28,0.57,TARGET,2026-07-06 16:29:00,2026-07-06 16:23:00,2026-07-06 16:24:00,3,20,76,1.6,1.0,10,required,closed_all,1.2,0.8
BUY,4134.59,4132.41407,4135.94996,4135.94996,1.35996,0.625,2.06,0.41,TARGET,2026-07-07 08:16:00,2026-07-07 08:15:00,2026-07-07 08:16:00,3,20,76,1.6,1.0,10,required,closed_all,1.2,0.8
BUY,4128.26,4124.88093,4130.37192,4130.37192,2.11192,0.625,2.82,1.7,TARGET,2026-07-08 02:42:00,2026-07-08 02:37:00,2026-07-08 02:38:00,3,20,76,1.6,1.0,10,required,closed_all,1.2,0.8
BUY,4128.02,4124.99931,4129.90793,4124.99931,-3.02069,-1.0,1.17,3.48,STOP,2026-07-08 03:02:00,2026-07-08 02:56:00,2026-07-08 02:57:00,3,20,76,1.6,1.0,10,required,closed_all,1.2,0.8
BUY,4128.89,4126.03404,4131.17477,4131.17477,2.28477,0.8,6.43,2.32,TARGET,2026-07-02 21:13:00,2026-07-02 21:09:00,2026-07-02 21:10:00,8,35,79,1.0,0.8,5,required,closed_all,1.2,0.8
BUY,4185.64,4182.01471,4188.54024,4188.54024,2.90024,0.8,4.02,1.32,TARGET,2026-07-05 22:28:00,2026-07-05 22:25:00,2026-07-05 22:26:00,8,35,79,1.0,0.8,5,required,closed_all,1.2,0.8
BUY,4187.16,4183.5908,4190.01536,4190.01536,2.85536,0.8,4.41,2.59,TARGET,2026-07-05 22:30:00,2026-07-05 22:26:00,2026-07-05 22:27:00,8,35,79,1.0,0.8,5,required,closed_all,1.2,0.8
BUY,4127.19,4125.04332,4128.90735,4128.90735,1.71735,0.8,2.97,0.59,TARGET,2026-07-08 02:38:00,2026-07-08 02:36:00,2026-07-08 02:37:00,8,35,79,1.0,0.8,5,required,closed_all,1.2,0.8
BUY,4128.26,4126.14808,4129.94954,4129.94954,1.68954,0.8,1.9,1.34,TARGET,2026-07-08 02:38:00,2026-07-08 02:37:00,2026-07-08 02:38:00,8,35,79,1.0,0.8,5,required,closed_all,1.2,0.8
BUY,4129.43,4127.19062,4131.2215,4127.19062,-2.23938,-1.0,1.25,3.19,STOP,2026-07-02 20:52:00,2026-07-02 20:47:00,2026-07-02 20:48:00,7,27,68,1.0,0.8,30,warning_only,closed_all,0.8,2.0
BUY,4130.59,4128.39415,4132.34668,4128.39415,-2.19585,-1.0,0.09,3.38,STOP,2026-07-02 20:51:00,2026-07-02 20:48:00,2026-07-02 20:49:00,7,27,68,1.0,0.8,30,warning_only,closed_all,0.8,2.0
BUY,4134.23,4131.32194,4136.55645,4136.55645,2.32645,0.8,2.45,1.31,TARGET,2026-07-02 21:20:00,2026-07-02 21:17:00,2026-07-02 21:18:00,7,27,68,1.0,0.8,30,warning_only,closed_all,0.8,2.0
BUY,4135.16,4132.29966,4137.44827,4137.44827,2.28827,0.8,2.61,1.83,TARGET,2026-07-02 21:21:00,2026-07-02 21:18:00,2026-07-02 21:19:00,7,27,68,1.0,0.8,30,warning_only,closed_all,0.8,2.0
BUY,4181.41,4179.39799,4183.01961,4179.39799,-2.01201,-1.0,0.09,2.17,STOP,2026-07-02 23:35:00,2026-07-02 23:33:00,2026-07-02 23:34:00,7,27,68,1.0,0.8,30,warning_only,closed_all,0.8,2.0
BUY,4173.47,4171.64292,4174.93167,4171.64292,-1.82708,-1.0,0.91,2.68,STOP,2026-07-03 03:56:00,2026-07-03 03:52:00,2026-07-03 03:53:00,7,27,68,1.0,0.8,30,warning_only,closed_all,0.8,2.0
BUY,4175.29,4173.5603,4176.67376,4176.67376,1.38376,0.8,1.72,0.34,TARGET,2026-07-03 04:30:00,2026-07-03 04:29:00,2026-07-03 04:30:00,7,27,68,1.0,0.8,30,warning_only,closed_all,0.8,2.0
BUY,4175.91,4174.1447,4177.32224,4177.32224,1.41224,0.8,2.31,0.27,TARGET,2026-07-03 04:34:00,2026-07-03 04:33:00,2026-07-03 04:34:00,7,27,68,1.0,0.8,30,warning_only,closed_all,0.8,2.0
BUY,4179.44,4178.26343,4180.38126,4178.26343,-1.17657,-1.0,0.1,1.47,STOP,2026-07-03 08:06:00,2026-07-03 08:05:00,2026-07-03 08:06:00,7,27,68,1.0,0.8,30,warning_only,closed_all,0.8,2.0
BUY,4189.3,4185.35568,4192.45545,4192.45545,3.15545,0.8,3.48,0.97,TARGET,2026-07-05 22:16:00,2026-07-05 22:14:00,2026-07-05 22:15:00,7,27,68,1.0,0.8,30,warning_only,closed_all,0.8,2.0
BUY,4191.31,4187.43456,4194.41035,4187.43456,-3.87544,-1.0,1.47,5.52,STOP,2026-07-05 22:17:00,2026-07-05 22:15:00,2026-07-05 22:16:00,7,27,68,1.0,0.8,30,warning_only,closed_all,0.8,2.0
BUY,4185.64,4182.01471,4188.54024,4188.54024,2.90024,0.8,4.02,1.32,TARGET,2026-07-05 22:28:00,2026-07-05 22:25:00,2026-07-05 22:26:00,7,27,68,1.0,0.8,30,warning_only,closed_all,0.8,2.0
BUY,4187.16,4183.5908,4190.01536,4190.01536,2.85536,0.8,4.41,2.59,TARGET,2026-07-05 22:30:00,2026-07-05 22:26:00,2026-07-05 22:27:00,7,27,68,1.0,0.8,30,warning_only,closed_all,0.8,2.0
BUY,4189.71,4186.19819,4192.51945,4192.51945,2.80945,0.8,4.67,2.34,TARGET,2026-07-05 22:32:00,2026-07-05 22:29:00,2026-07-05 22:30:00,7,27,68,1.0,0.8,30,warning_only,closed_all,0.8,2.0
BUY,4190.51,4187.0141,4193.30672,4193.30672,2.79672,0.8,3.87,1.33,TARGET,2026-07-05 22:32:00,2026-07-05 22:31:00,2026-07-05 22:32:00,7,27,68,1.0,0.8,30,warning_only,closed_all,0.8,2.0
BUY,4156.92,4155.41563,4158.12349,4158.12349,1.20349,0.8,1.31,0.59,TARGET,2026-07-06 09:06:00,2026-07-06 09:05:00,2026-07-06 09:06:00,7,27,68,1.0,0.8,30,warning_only,closed_all,0.8,2.0
BUY,4147.29,4145.86241,4148.43207,4148.43207,1.14207,0.8,1.27,0.29,TARGET,2026-07-06 13:36:00,2026-07-06 13:35:00,2026-07-06 13:36:00,7,27,68,1.0,0.8,30,warning_only,closed_all,0.8,2.0
BUY,4162.96,4162.28885,4163.49692,4163.49692,0.53692,0.8,1.44,0.59,TARGET,2026-07-06 17:33:00,2026-07-06 17:28:00,2026-07-06 17:29:00,7,27,68,1.0,0.8,30,warning_only,closed_all,0.8,2.0
BUY,4163.33,4162.73637,4163.8049,4163.8049,0.4749,0.8,0.54,0.2,TARGET,2026-07-06 17:50:00,2026-07-06 17:47:00,2026-07-06 17:48:00,7,27,68,1.0,0.8,30,warning_only,closed_all,0.8,2.0
BUY,4131.76,4129.97574,4133.1874,4133.1874,1.4274,0.8,1.89,0.33,TARGET,2026-07-07 06:44:00,2026-07-07 06:43:00,2026-07-07 06:44:00,7,27,68,1.0,0.8,30,warning_only,closed_all,0.8,2.0
BUY,4130.25,4128.51125,4131.641,4131.641,1.391,0.8,1.85,0.58,TARGET,2026-07-07 06:56:00,2026-07-07 06:55:00,2026-07-07 06:56:00,7,27,68,1.0,0.8,30,warning_only,closed_all,0.8,2.0
BUY,4131.98,4130.24636,4133.36691,4133.36691,1.38691,0.8,1.79,1.04,TARGET,2026-07-07 07:00:00,2026-07-07 06:58:00,2026-07-07 06:59:00,7,27,68,1.0,0.8,30,warning_only,closed_all,0.8,2.0
BUY,4132.27,4130.54619,4133.64905,4133.64905,1.37905,0.8,1.58,0.43,TARGET,2026-07-07 07:07:00,2026-07-07 07:02:00,2026-07-07 07:03:00,7,27,68,1.0,0.8,30,warning_only,closed_all,0.8,2.0
BUY,4133.13,4131.56548,4134.38161,4134.38161,1.25161,0.8,1.51,1.12,TARGET,2026-07-07 07:13:00,2026-07-07 07:06:00,2026-07-07 07:07:00,7,27,68,1.0,0.8,30,warning_only,closed_all,0.8,2.0
BUY,4133.6,4132.11508,4134.78794,4134.78794,1.18794,0.8,1.25,0.39,TARGET,2026-07-07 07:17:00,2026-07-07 07:16:00,2026-07-07 07:17:00,7,27,68,1.0,0.8,30,warning_only,closed_all,0.8,2.0
BUY,4170.2,4167.08761,4172.68991,4167.08761,-3.11239,-1.0,2.2,4.81,STOP,2026-07-07 10:24:00,2026-07-07 10:16:00,2026-07-07 10:17:00,7,27,68,1.0,0.8,30,warning_only,closed_all,0.8,2.0
BUY,4108.98,4106.33815,4111.09348,4111.09348,2.11348,0.8,3.24,0.87,TARGET,2026-07-07 23:06:00,2026-07-07 23:05:00,2026-07-07 23:06:00,7,27,68,1.0,0.8,30,warning_only,closed_all,0.8,2.0
BUY,4126.3,4124.57907,4127.67674,4124.57907,-1.72093,-1.0,0.82,1.93,STOP,2026-07-08 01:30:00,2026-07-08 01:27:00,2026-07-08 01:28:00,7,27,68,1.0,0.8,30,warning_only,closed_all,0.8,2.0
BUY,4129.73,4127.57404,4131.45477,4131.45477,1.72477,0.8,1.89,1.18,TARGET,2026-07-08 02:43:00,2026-07-08 02:41:00,2026-07-08 02:42:00,7,27,68,1.0,0.8,30,warning_only,closed_all,0.8,2.0
BUY,4130.85,4128.81034,4132.48172,4132.48172,1.63172,0.8,2.66,0.99,TARGET,2026-07-08 03:24:00,2026-07-08 03:21:00,2026-07-08 03:22:00,7,27,68,1.0,0.8,30,warning_only,closed_all,0.8,2.0
BUY,4070.34,4067.24074,4072.81941,4072.81941,2.47941,0.8,3.08,0.84,TARGET,2026-07-08 09:39:00,2026-07-08 09:38:00,2026-07-08 09:39:00,7,27,68,1.0,0.8,30,warning_only,closed_all,0.8,2.0
BUY,4185.64,4182.01471,4190.35288,4190.35288,4.71288,1.3,5.93,1.32,TARGET,2026-07-05 22:30:00,2026-07-05 22:25:00,2026-07-05 22:26:00,8,25,85,1.0,1.3,20,warning_only,closed_all,0.8,0.8
BUY,4187.16,4183.5908,4191.79996,4191.79996,4.63996,1.3,7.22,2.59,TARGET,2026-07-05 22:32:00,2026-07-05 22:26:00,2026-07-05 22:27:00,8,25,85,1.0,1.3,20,warning_only,closed_all,0.8,0.8
BUY,4108.98,4106.33815,4112.41441,4112.41441,3.43441,1.3,6.37,0.87,TARGET,2026-07-07 23:07:00,2026-07-07 23:05:00,2026-07-07 23:06:00,8,25,85,1.0,1.3,20,warning_only,closed_all,0.8,0.8
BUY,4127.19,4125.04332,4129.98069,4129.98069,2.79069,1.3,2.97,0.59,TARGET,2026-07-08 02:38:00,2026-07-08 02:36:00,2026-07-08 02:37:00,8,25,85,1.0,1.3,20,warning_only,closed_all,0.8,0.8
BUY,4128.26,4126.14808,4131.0055,4131.0055,2.7455,1.3,2.82,1.7,TARGET,2026-07-08 02:42:00,2026-07-08 02:37:00,2026-07-08 02:38:00,8,25,85,1.0,1.3,20,warning_only,closed_all,0.8,0.8
BUY,4128.89,4125.17725,4132.60275,4132.60275,3.71275,1.0,6.43,2.32,TARGET,2026-07-02 21:13:00,2026-07-02 21:09:00,2026-07-02 21:10:00,7,26,96,1.3,1.3,15,warning_only,closed_all,1.2,1.2
BUY,4173.66,4171.16097,4176.15903,4176.15903,2.49903,1.0,3.09,0.53,TARGET,2026-07-03 04:05:00,2026-07-03 04:03:00,2026-07-03 04:04:00,7,26,96,1.3,1.3,15,warning_only,closed_all,1.2,1.2
BUY,4187.79,4182.50396,4193.07604,4182.50396,-5.28604,-1.0,4.99,6.3,STOP,2026-07-05 22:22:00,2026-07-05 22:13:00,2026-07-05 22:14:00,7,26,96,1.3,1.3,15,warning_only,closed_all,1.2,1.2
BUY,4185.64,4180.92712,4190.35288,4190.35288,4.71288,1.0,5.93,1.32,TARGET,2026-07-05 22:30:00,2026-07-05 22:25:00,2026-07-05 22:26:00,7,26,96,1.3,1.3,15,warning_only,closed_all,1.2,1.2
BUY,4187.16,4182.52004,4191.79996,4191.79996,4.63996,1.0,7.22,2.59,TARGET,2026-07-05 22:32:00,2026-07-05 22:26:00,2026-07-05 22:27:00,7,26,96,1.3,1.3,15,warning_only,closed_all,1.2,1.2
BUY,4188.14,4183.49996,4192.78004,4192.78004,4.64004,1.0,6.24,2.27,TARGET,2026-07-05 22:32:00,2026-07-05 22:27:00,2026-07-05 22:28:00,7,26,96,1.3,1.3,15,warning_only,closed_all,1.2,1.2
BUY,4146.33,4144.57417,4148.08583,4144.57417,-1.75583,-1.0,1.33,2.93,STOP,2026-07-07 14:50:00,2026-07-07 14:40:00,2026-07-07 14:41:00,7,26,96,1.3,1.3,15,warning_only,closed_all,1.2,1.2
BUY,4108.98,4105.54559,4112.41441,4112.41441,3.43441,1.0,6.37,0.87,TARGET,2026-07-07 23:07:00,2026-07-07 23:05:00,2026-07-07 23:06:00,7,26,96,1.3,1.3,15,warning_only,closed_all,1.2,1.2
BUY,4127.19,4124.39931,4129.98069,4129.98069,2.79069,1.0,2.97,0.59,TARGET,2026-07-08 02:38:00,2026-07-08 02:36:00,2026-07-08 02:37:00,7,26,96,1.3,1.3,15,warning_only,closed_all,1.2,1.2
BUY,4128.26,4125.5145,4131.0055,4131.0055,2.7455,1.0,2.82,1.7,TARGET,2026-07-08 02:42:00,2026-07-08 02:37:00,2026-07-08 02:38:00,7,26,96,1.3,1.3,15,warning_only,closed_all,1.2,1.2
BUY,4078.04,4072.85794,4083.22206,4072.85794,-5.18206,-1.0,2.16,7.75,STOP,2026-07-08 10:42:00,2026-07-08 10:36:00,2026-07-08 10:37:00,7,26,96,1.3,1.3,15,warning_only,closed_all,1.2,1.2
BUY,4185.64,4179.83953,4189.26529,4189.26529,3.62529,0.625,4.02,1.32,TARGET,2026-07-05 22:28:00,2026-07-05 22:25:00,2026-07-05 22:26:00,4,32,70,1.6,1.0,30,required,closed_all,0.8,1.2
BUY,4187.16,4181.44928,4190.7292,4190.7292,3.5692,0.625,4.41,2.59,TARGET,2026-07-05 22:30:00,2026-07-05 22:26:00,2026-07-05 22:27:00,4,32,70,1.6,1.0,30,required,closed_all,0.8,1.2
BUY,4126.3,4123.54652,4128.02093,4128.02093,1.72093,0.625,1.85,1.93,TARGET,2026-07-08 01:32:00,2026-07-08 01:27:00,2026-07-08 01:28:00,4,32,70,1.6,1.0,30,required,closed_all,0.8,1.2
BUY,4127.19,4123.75531,4129.33668,4129.33668,2.14668,0.625,2.97,0.59,TARGET,2026-07-08 02:38:00,2026-07-08 02:36:00,2026-07-08 02:37:00,4,32,70,1.6,1.0,30,required,closed_all,0.8,1.2
BUY,4128.26,4124.88093,4130.37192,4130.37192,2.11192,0.625,2.82,1.7,TARGET,2026-07-08 02:42:00,2026-07-08 02:37:00,2026-07-08 02:38:00,4,32,70,1.6,1.0,30,required,closed_all,0.8,1.2
BUY,4128.02,4124.99931,4129.90793,4124.99931,-3.02069,-1.0,1.17,3.48,STOP,2026-07-08 03:02:00,2026-07-08 02:56:00,2026-07-08 02:57:00,4,32,70,1.6,1.0,30,required,closed_all,0.8,1.2
BUY,4128.89,4125.17725,4132.60275,4132.60275,3.71275,1.0,6.43,2.32,TARGET,2026-07-02 21:13:00,2026-07-02 21:09:00,2026-07-02 21:10:00,8,37,90,1.3,1.3,10,required,closed_all,1.8,0.8
BUY,4178.91,4177.18279,4180.63721,4177.18279,-1.72721,-1.0,0.25,1.86,STOP,2026-07-03 02:20:00,2026-07-03 02:18:00,2026-07-03 02:19:00,8,37,90,1.3,1.3,10,required,closed_all,1.8,0.8
BUY,4185.64,4180.92712,4190.35288,4190.35288,4.71288,1.0,5.93,1.32,TARGET,2026-07-05 22:30:00,2026-07-05 22:25:00,2026-07-05 22:26:00,8,37,90,1.3,1.3,10,required,closed_all,1.8,0.8
BUY,4187.16,4182.52004,4191.79996,4191.79996,4.63996,1.0,7.22,2.59,TARGET,2026-07-05 22:32:00,2026-07-05 22:26:00,2026-07-05 22:27:00,8,37,90,1.3,1.3,10,required,closed_all,1.8,0.8
BUY,4127.19,4124.39931,4129.98069,4129.98069,2.79069,1.0,2.97,0.59,TARGET,2026-07-08 02:38:00,2026-07-08 02:36:00,2026-07-08 02:37:00,8,37,90,1.3,1.3,10,required,closed_all,1.8,0.8
BUY,4128.26,4125.5145,4131.0055,4131.0055,2.7455,1.0,2.82,1.7,TARGET,2026-07-08 02:42:00,2026-07-08 02:37:00,2026-07-08 02:38:00,8,37,90,1.3,1.3,10,required,closed_all,1.8,0.8
BUY,4185.64,4180.92712,4190.35288,4190.35288,4.71288,1.0,5.93,1.32,TARGET,2026-07-05 22:30:00,2026-07-05 22:25:00,2026-07-05 22:26:00,7,32,69,1.3,1.3,5,required,closed_all,0.8,1.2
BUY,4187.16,4182.52004,4191.79996,4190.48,3.32,0.71552,4.41,2.59,TIME_EXIT,2026-07-05 22:31:00,2026-07-05 22:26:00,2026-07-05 22:27:00,7,32,69,1.3,1.3,5,required,closed_all,0.8,1.2
BUY,4126.3,4124.06279,4128.53721,4126.8,0.5,0.22349,1.85,1.93,TIME_EXIT,2026-07-08 01:32:00,2026-07-08 01:27:00,2026-07-08 01:28:00,7,32,69,1.3,1.3,5,required,closed_all,0.8,1.2
BUY,4128.26,4125.5145,4131.0055,4131.0055,2.7455,1.0,2.82,1.7,TARGET,2026-07-08 02:42:00,2026-07-08 02:37:00,2026-07-08 02:38:00,7,32,69,1.3,1.3,5,required,closed_all,0.8,1.2
BUY,4177.27,4176.10663,4178.20069,4176.10663,-1.16337,-1.0,0.65,1.82,STOP,2026-07-03 08:00:00,2026-07-03 07:56:00,2026-07-03 07:57:00,4,21,83,1.0,0.8,20,warning_only,closed_all,1.8,1.2
BUY,4178.03,4176.90694,4178.92845,4176.90694,-1.12306,-1.0,0.95,1.36,AMBIGUOUS_STOP_FIRST,2026-07-03 08:04:00,2026-07-03 08:03:00,2026-07-03 08:04:00,4,21,83,1.0,0.8,20,warning_only,closed_all,1.8,1.2
BUY,4187.79,4183.72381,4191.04295,4191.04295,3.25295,0.8,3.52,0.85,TARGET,2026-07-05 22:15:00,2026-07-05 22:13:00,2026-07-05 22:14:00,4,21,83,1.0,0.8,20,warning_only,closed_all,1.8,1.2
BUY,4188.14,4184.57074,4190.99541,4190.99541,2.85541,0.8,3.43,2.27,TARGET,2026-07-05 22:30:00,2026-07-05 22:27:00,2026-07-05 22:28:00,4,21,83,1.0,0.8,20,warning_only,closed_all,1.8,1.2
BUY,4155.65,4154.25198,4156.76842,4154.25198,-1.39802,-1.0,0.55,1.93,STOP,2026-07-06 09:00:00,2026-07-06 08:59:00,2026-07-06 09:00:00,4,21,83,1.0,0.8,20,warning_only,closed_all,1.8,1.2
BUY,4161.96,4160.94054,4162.77557,4162.77557,0.81557,0.8,1.28,0.57,TARGET,2026-07-06 16:29:00,2026-07-06 16:23:00,2026-07-06 16:24:00,4,21,83,1.0,0.8,20,warning_only,closed_all,1.8,1.2
BUY,4162.7,4161.9757,4163.27944,4163.27944,0.57944,0.8,0.7,0.53,TARGET,2026-07-06 17:31:00,2026-07-06 17:25:00,2026-07-06 17:26:00,4,21,83,1.0,0.8,20,warning_only,closed_all,1.8,1.2
BUY,4108.98,4106.33815,4111.09348,4111.09348,2.11348,0.8,3.24,0.87,TARGET,2026-07-07 23:06:00,2026-07-07 23:05:00,2026-07-07 23:06:00,4,21,83,1.0,0.8,20,warning_only,closed_all,1.8,1.2
BUY,4112.22,4109.47328,4114.41738,4114.41738,2.19738,0.8,3.13,2.12,TARGET,2026-07-07 23:07:00,2026-07-07 23:06:00,2026-07-07 23:07:00,4,21,83,1.0,0.8,20,warning_only,closed_all,1.8,1.2
BUY,4126.3,4124.57907,4127.67674,4124.57907,-1.72093,-1.0,0.82,1.93,STOP,2026-07-08 01:30:00,2026-07-08 01:27:00,2026-07-08 01:28:00,4,21,83,1.0,0.8,20,warning_only,closed_all,1.8,1.2
BUY,4126.21,4124.65154,4127.45677,4127.45677,1.24677,0.8,1.73,1.52,TARGET,2026-07-08 02:04:00,2026-07-08 01:56:00,2026-07-08 01:57:00,4,21,83,1.0,0.8,20,warning_only,closed_all,1.8,1.2
BUY,4127.19,4125.04332,4128.90735,4128.90735,1.71735,0.8,2.97,0.59,TARGET,2026-07-08 02:38:00,2026-07-08 02:36:00,2026-07-08 02:37:00,4,21,83,1.0,0.8,20,warning_only,closed_all,1.8,1.2
BUY,4128.26,4126.14808,4129.94954,4129.94954,1.68954,0.8,1.9,1.34,TARGET,2026-07-08 02:38:00,2026-07-08 02:37:00,2026-07-08 02:38:00,4,21,83,1.0,0.8,20,warning_only,closed_all,1.8,1.2
BUY,4128.92,4126.70974,4130.68821,4130.68821,1.76821,0.8,2.16,0.64,TARGET,2026-07-08 02:42:00,2026-07-08 02:40:00,2026-07-08 02:41:00,4,21,83,1.0,0.8,20,warning_only,closed_all,1.8,1.2
BUY,4078.04,4074.0538,4081.22896,4074.0538,-3.9862,-1.0,2.16,7.75,STOP,2026-07-08 10:42:00,2026-07-08 10:36:00,2026-07-08 10:37:00,4,21,83,1.0,0.8,20,warning_only,closed_all,1.8,1.2
BUY,4128.6,4124.95183,4130.88011,4130.88011,2.28011,0.625,3.12,1.59,TARGET,2026-07-02 20:56:00,2026-07-02 20:54:00,2026-07-02 20:55:00,6,21,64,1.6,1.0,20,required,closed_all,1.8,1.2
BUY,4128.89,4124.32046,4131.74596,4131.74596,2.85596,0.625,6.43,2.32,TARGET,2026-07-02 21:13:00,2026-07-02 21:09:00,2026-07-02 21:10:00,6,21,64,1.6,1.0,20,required,closed_all,1.8,1.2
BUY,4183.04,4180.56208,4184.5887,4180.56208,-2.47792,-1.0,0.02,2.67,STOP,2026-07-03 00:36:00,2026-07-03 00:33:00,2026-07-03 00:34:00,6,21,64,1.6,1.0,20,required,closed_all,1.8,1.2
BUY,4188.14,4182.42919,4191.70926,4191.70926,3.56926,0.625,6.24,2.27,TARGET,2026-07-05 22:32:00,2026-07-05 22:27:00,2026-07-05 22:28:00,6,21,64,1.6,1.0,20,required,closed_all,1.8,1.2
BUY,4162.39,4160.8541,4163.34994,4160.8541,-1.5359,-1.0,0.85,2.28,STOP,2026-07-06 16:35:00,2026-07-06 16:26:00,2026-07-06 16:27:00,6,21,64,1.6,1.0,20,required,closed_all,1.8,1.2
BUY,4162.71,4161.16429,4163.67607,4161.16429,-1.54571,-1.0,0.53,2.6,STOP,2026-07-06 16:35:00,2026-07-06 16:28:00,2026-07-06 16:29:00,6,21,64,1.6,1.0,20,required,closed_all,1.8,1.2
BUY,4126.98,4124.04867,4128.81208,4124.04867,-2.93133,-1.0,1.17,3.09,STOP,2026-07-08 01:42:00,2026-07-08 01:25:00,2026-07-08 01:26:00,6,21,64,1.6,1.0,20,required,closed_all,1.8,1.2
BUY,4126.3,4123.54652,4128.02093,4128.02093,1.72093,0.625,1.85,1.93,TARGET,2026-07-08 01:32:00,2026-07-08 01:27:00,2026-07-08 01:28:00,6,21,64,1.6,1.0,20,required,closed_all,1.8,1.2
BUY,4127.05,4124.56173,4128.60517,4128.60517,1.55517,0.625,3.55,2.05,TARGET,2026-07-08 02:05:00,2026-07-08 02:00:00,2026-07-08 02:01:00,6,21,64,1.6,1.0,20,required,closed_all,1.8,1.2
BUY,4128.92,4125.38358,4131.13026,4131.13026,2.21026,0.625,2.7,0.64,TARGET,2026-07-08 02:43:00,2026-07-08 02:40:00,2026-07-08 02:41:00,6,21,64,1.6,1.0,20,required,closed_all,1.8,1.2
BUY,4128.89,4124.32046,4131.17477,4131.17477,2.28477,0.5,6.43,2.32,TARGET,2026-07-02 21:13:00,2026-07-02 21:09:00,2026-07-02 21:10:00,8,30,70,1.6,0.8,15,warning_only,closed_all,1.2,0.8
BUY,4185.64,4179.83953,4188.54024,4188.54024,2.90024,0.5,4.02,1.32,TARGET,2026-07-05 22:28:00,2026-07-05 22:25:00,2026-07-05 22:26:00,8,30,70,1.6,0.8,15,warning_only,closed_all,1.2,0.8
BUY,4187.16,4181.44928,4190.01536,4190.01536,2.85536,0.5,4.41,2.59,TARGET,2026-07-05 22:30:00,2026-07-05 22:26:00,2026-07-05 22:27:00,8,30,70,1.6,0.8,15,warning_only,closed_all,1.2,0.8
BUY,4108.98,4104.75303,4111.09348,4111.09348,2.11348,0.5,3.24,0.87,TARGET,2026-07-07 23:06:00,2026-07-07 23:05:00,2026-07-07 23:06:00,8,30,70,1.6,0.8,15,warning_only,closed_all,1.2,0.8
BUY,4126.29,4123.68619,4127.59191,4127.59191,1.30191,0.5,1.86,1.92,TARGET,2026-07-08 01:32:00,2026-07-08 01:29:00,2026-07-08 01:30:00,8,30,70,1.6,0.8,15,warning_only,closed_all,1.2,0.8
BUY,4128.26,4124.88093,4129.94954,4129.94954,1.68954,0.5,1.9,1.34,TARGET,2026-07-08 02:38:00,2026-07-08 02:37:00,2026-07-08 02:38:00,8,30,70,1.6,0.8,15,warning_only,closed_all,1.2,0.8
BUY,4078.04,4071.66208,4081.22896,4071.66208,-6.37792,-1.0,2.16,7.75,STOP,2026-07-08 10:42:00,2026-07-08 10:36:00,2026-07-08 10:37:00,8,30,70,1.6,0.8,15,warning_only,closed_all,1.2,0.8
BUY,4185.64,4182.01471,4188.54024,4188.54024,2.90024,0.8,4.02,1.32,TARGET,2026-07-05 22:28:00,2026-07-05 22:25:00,2026-07-05 22:26:00,3,33,78,1.0,0.8,5,warning_only,closed_all,0.8,0.8
BUY,4187.16,4183.5908,4190.01536,4190.01536,2.85536,0.8,4.41,2.59,TARGET,2026-07-05 22:30:00,2026-07-05 22:26:00,2026-07-05 22:27:00,3,33,78,1.0,0.8,5,warning_only,closed_all,0.8,0.8
BUY,4108.98,4106.33815,4111.09348,4111.09348,2.11348,0.8,3.24,0.87,TARGET,2026-07-07 23:06:00,2026-07-07 23:05:00,2026-07-07 23:06:00,3,33,78,1.0,0.8,5,warning_only,closed_all,0.8,0.8
BUY,4127.19,4125.04332,4128.90735,4128.90735,1.71735,0.8,2.97,0.59,TARGET,2026-07-08 02:38:00,2026-07-08 02:36:00,2026-07-08 02:37:00,3,33,78,1.0,0.8,5,warning_only,closed_all,0.8,0.8
BUY,4128.26,4126.14808,4129.94954,4129.94954,1.68954,0.8,1.9,1.34,TARGET,2026-07-08 02:38:00,2026-07-08 02:37:00,2026-07-08 02:38:00,3,33,78,1.0,0.8,5,warning_only,closed_all,0.8,0.8
BUY,4128.02,4126.13207,4129.53035,4128.18,0.16,0.08475,1.17,1.59,TIME_EXIT,2026-07-08 03:01:00,2026-07-08 02:56:00,2026-07-08 02:57:00,3,33,78,1.0,0.8,5,warning_only,closed_all,0.8,0.8
BUY,4185.64,4179.83953,4188.54024,4188.54024,2.90024,0.5,4.02,1.32,TARGET,2026-07-05 22:28:00,2026-07-05 22:25:00,2026-07-05 22:26:00,8,24,98,1.6,0.8,5,warning_only,closed_all,0.8,0.8
BUY,4187.16,4181.44928,4190.01536,4190.01536,2.85536,0.5,4.41,2.59,TARGET,2026-07-05 22:30:00,2026-07-05 22:26:00,2026-07-05 22:27:00,8,24,98,1.6,0.8,5,warning_only,closed_all,0.8,0.8
BUY,4108.98,4104.75303,4111.09348,4111.09348,2.11348,0.5,3.24,0.87,TARGET,2026-07-07 23:06:00,2026-07-07 23:05:00,2026-07-07 23:06:00,8,24,98,1.6,0.8,5,warning_only,closed_all,0.8,0.8
BUY,4127.19,4123.75531,4128.90735,4128.90735,1.71735,0.5,2.97,0.59,TARGET,2026-07-08 02:38:00,2026-07-08 02:36:00,2026-07-08 02:37:00,8,24,98,1.6,0.8,5,warning_only,closed_all,0.8,0.8
BUY,4128.26,4124.88093,4129.94954,4129.94954,1.68954,0.5,1.9,1.34,TARGET,2026-07-08 02:38:00,2026-07-08 02:37:00,2026-07-08 02:38:00,8,24,98,1.6,0.8,5,warning_only,closed_all,0.8,0.8
BUY,4185.64,4179.83953,4190.35288,4190.35288,4.71288,0.8125,5.93,1.32,TARGET,2026-07-05 22:30:00,2026-07-05 22:25:00,2026-07-05 22:26:00,6,35,99,1.6,1.3,5,warning_only,closed_all,0.8,0.8
BUY,4187.16,4181.44928,4191.79996,4190.48,3.32,0.58136,4.41,2.59,TIME_EXIT,2026-07-05 22:31:00,2026-07-05 22:26:00,2026-07-05 22:27:00,6,35,99,1.6,1.3,5,warning_only,closed_all,0.8,0.8
BUY,4108.98,4104.75303,4112.41441,4112.41441,3.43441,0.8125,6.37,0.87,TARGET,2026-07-07 23:07:00,2026-07-07 23:05:00,2026-07-07 23:06:00,6,35,99,1.6,1.3,5,warning_only,closed_all,0.8,0.8
BUY,4127.19,4123.75531,4129.98069,4129.98069,2.79069,0.8125,2.97,0.59,TARGET,2026-07-08 02:38:00,2026-07-08 02:36:00,2026-07-08 02:37:00,6,35,99,1.6,1.3,5,warning_only,closed_all,0.8,0.8
BUY,4128.26,4124.88093,4131.0055,4131.0055,2.7455,0.8125,2.82,1.7,TARGET,2026-07-08 02:42:00,2026-07-08 02:37:00,2026-07-08 02:38:00,6,35,99,1.6,1.3,5,warning_only,closed_all,0.8,0.8
BUY,4185.64,4180.92712,4188.54024,4188.54024,2.90024,0.61538,4.02,1.32,TARGET,2026-07-05 22:28:00,2026-07-05 22:25:00,2026-07-05 22:26:00,4,36,88,1.3,0.8,15,warning_only,closed_all,1.2,0.8
BUY,4187.16,4182.52004,4190.01536,4190.01536,2.85536,0.61538,4.41,2.59,TARGET,2026-07-05 22:30:00,2026-07-05 22:26:00,2026-07-05 22:27:00,4,36,88,1.3,0.8,15,warning_only,closed_all,1.2,0.8
BUY,4108.98,4105.54559,4111.09348,4111.09348,2.11348,0.61538,3.24,0.87,TARGET,2026-07-07 23:06:00,2026-07-07 23:05:00,2026-07-07 23:06:00,4,36,88,1.3,0.8,15,warning_only,closed_all,1.2,0.8
BUY,4127.19,4124.39931,4128.90735,4128.90735,1.71735,0.61538,2.97,0.59,TARGET,2026-07-08 02:38:00,2026-07-08 02:36:00,2026-07-08 02:37:00,4,36,88,1.3,0.8,15,warning_only,closed_all,1.2,0.8
BUY,4128.26,4125.5145,4129.94954,4129.94954,1.68954,0.61538,1.9,1.34,TARGET,2026-07-08 02:38:00,2026-07-08 02:37:00,2026-07-08 02:38:00,4,36,88,1.3,0.8,15,warning_only,closed_all,1.2,0.8
BUY,4128.02,4125.56569,4129.53035,4125.56569,-2.45431,-1.0,1.17,3.48,STOP,2026-07-08 03:02:00,2026-07-08 02:56:00,2026-07-08 02:57:00,4,36,88,1.3,0.8,15,warning_only,closed_all,1.2,0.8
BUY,4128.89,4126.03404,4132.60275,4132.60275,3.71275,1.3,6.43,2.32,TARGET,2026-07-02 21:13:00,2026-07-02 21:09:00,2026-07-02 21:10:00,8,21,72,1.0,1.3,20,required,closed_all,1.2,0.8
BUY,4185.64,4182.01471,4190.35288,4190.35288,4.71288,1.3,5.93,1.32,TARGET,2026-07-05 22:30:00,2026-07-05 22:25:00,2026-07-05 22:26:00,8,21,72,1.0,1.3,20,required,closed_all,1.2,0.8
BUY,4187.16,4183.5908,4191.79996,4191.79996,4.63996,1.3,7.22,2.59,TARGET,2026-07-05 22:32:00,2026-07-05 22:26:00,2026-07-05 22:27:00,8,21,72,1.0,1.3,20,required,closed_all,1.2,0.8
BUY,4161.96,4160.94054,4163.28529,4160.94054,-1.01946,-1.0,1.28,1.85,STOP,2026-07-06 16:35:00,2026-07-06 16:23:00,2026-07-06 16:24:00,8,21,72,1.0,1.3,20,required,closed_all,1.2,0.8
BUY,4126.29,4124.66262,4128.4056,4124.66262,-1.62738,-1.0,0.83,1.92,STOP,2026-07-08 01:30:00,2026-07-08 01:29:00,2026-07-08 01:30:00,8,21,72,1.0,1.3,20,required,closed_all,1.2,0.8
BUY,4185.64,4180.92712,4190.35288,4190.35288,4.71288,1.0,5.93,1.32,TARGET,2026-07-05 22:30:00,2026-07-05 22:25:00,2026-07-05 22:26:00,6,37,88,1.3,1.3,10,required,closed_all,0.8,0.8
BUY,4187.16,4182.52004,4191.79996,4191.79996,4.63996,1.0,7.22,2.59,TARGET,2026-07-05 22:32:00,2026-07-05 22:26:00,2026-07-05 22:27:00,6,37,88,1.3,1.3,10,required,closed_all,0.8,0.8
BUY,4127.19,4124.39931,4129.98069,4129.98069,2.79069,1.0,2.97,0.59,TARGET,2026-07-08 02:38:00,2026-07-08 02:36:00,2026-07-08 02:37:00,6,37,88,1.3,1.3,10,required,closed_all,0.8,0.8
BUY,4128.26,4125.5145,4131.0055,4131.0055,2.7455,1.0,2.82,1.7,TARGET,2026-07-08 02:42:00,2026-07-08 02:37:00,2026-07-08 02:38:00,6,37,88,1.3,1.3,10,required,closed_all,0.8,0.8
BUY,4126.3,4123.54652,4127.67674,4127.67674,1.37674,0.5,1.85,1.93,TARGET,2026-07-08 01:32:00,2026-07-08 01:27:00,2026-07-08 01:28:00,6,21,64,1.6,0.8,30,required,closed_all,0.8,0.8
BUY,4185.64,4180.92712,4188.54024,4188.54024,2.90024,0.61538,4.02,1.32,TARGET,2026-07-05 22:28:00,2026-07-05 22:25:00,2026-07-05 22:26:00,6,33,97,1.3,0.8,5,required,closed_all,1.8,0.8
BUY,4187.16,4182.52004,4190.01536,4190.01536,2.85536,0.61538,4.41,2.59,TARGET,2026-07-05 22:30:00,2026-07-05 22:26:00,2026-07-05 22:27:00,6,33,97,1.3,0.8,5,required,closed_all,1.8,0.8
BUY,4129.43,4125.84699,4132.34119,4125.84699,-3.58301,-1.0,1.25,5.03,STOP,2026-07-02 20:53:00,2026-07-02 20:47:00,2026-07-02 20:48:00,4,24,64,1.6,1.3,30,warning_only,closed_all,0.8,2.0
BUY,4130.59,4127.07664,4133.44461,4127.07664,-3.51336,-1.0,0.09,4.35,STOP,2026-07-02 20:52:00,2026-07-02 20:48:00,2026-07-02 20:49:00,4,24,64,1.6,1.3,30,warning_only,closed_all,0.8,2.0
BUY,4134.23,4129.57711,4138.01047,4138.01047,3.78047,0.8125,4.27,1.31,TARGET,2026-07-02 21:22:00,2026-07-02 21:17:00,2026-07-02 21:18:00,4,24,64,1.6,1.3,30,warning_only,closed_all,0.8,2.0
BUY,4135.16,4130.58346,4138.87844,4138.87844,3.71844,0.8125,5.73,1.83,TARGET,2026-07-02 21:23:00,2026-07-02 21:18:00,2026-07-02 21:19:00,4,24,64,1.6,1.3,30,warning_only,closed_all,0.8,2.0
BUY,4181.41,4178.19078,4184.02562,4184.02562,2.61562,0.8125,4.06,2.17,TARGET,2026-07-02 23:38:00,2026-07-02 23:33:00,2026-07-02 23:34:00,4,24,64,1.6,1.3,30,warning_only,closed_all,0.8,2.0
BUY,4173.66,4170.62353,4176.12713,4176.12713,2.46713,0.8125,3.09,2.87,TARGET,2026-07-03 04:05:00,2026-07-03 03:49:00,2026-07-03 03:50:00,4,24,64,1.6,1.3,30,warning_only,closed_all,0.8,2.0
BUY,4173.47,4170.54667,4175.84521,4175.84521,2.37521,0.8125,3.28,2.68,TARGET,2026-07-03 04:05:00,2026-07-03 03:52:00,2026-07-03 03:53:00,4,24,64,1.6,1.3,30,warning_only,closed_all,0.8,2.0
BUY,4175.29,4172.52248,4177.53861,4177.53861,2.24861,0.8125,2.93,1.62,TARGET,2026-07-03 04:34:00,2026-07-03 04:29:00,2026-07-03 04:30:00,4,24,64,1.6,1.3,30,warning_only,closed_all,0.8,2.0
BUY,4175.91,4173.08551,4178.2049,4178.2049,2.2949,0.8125,2.31,0.27,TARGET,2026-07-03 04:34:00,2026-07-03 04:33:00,2026-07-03 04:34:00,4,24,64,1.6,1.3,30,warning_only,closed_all,0.8,2.0
BUY,4179.44,4177.55749,4180.96954,4177.55749,-1.88251,-1.0,0.1,2.02,STOP,2026-07-03 08:07:00,2026-07-03 08:05:00,2026-07-03 08:06:00,4,24,64,1.6,1.3,30,warning_only,closed_all,0.8,2.0
BUY,4179.31,4175.2269,4182.62752,4182.62752,3.31752,0.8125,3.73,0.32,TARGET,2026-07-05 19:25:00,2026-07-05 19:20:00,2026-07-05 19:21:00,4,24,64,1.6,1.3,30,warning_only,closed_all,0.8,2.0
BUY,4189.3,4182.98909,4194.42761,4182.98909,-6.31091,-1.0,3.48,7.81,STOP,2026-07-05 22:22:00,2026-07-05 22:14:00,2026-07-05 22:15:00,4,24,64,1.6,1.3,30,warning_only,closed_all,0.8,2.0
BUY,4191.31,4185.1093,4196.34807,4185.1093,-6.2007,-1.0,1.47,7.09,STOP,2026-07-05 22:18:00,2026-07-05 22:15:00,2026-07-05 22:16:00,4,24,64,1.6,1.3,30,warning_only,closed_all,0.8,2.0
BUY,4187.16,4181.44928,4191.79996,4191.79996,4.63996,0.8125,7.22,2.59,TARGET,2026-07-05 22:32:00,2026-07-05 22:26:00,2026-07-05 22:27:00,4,24,64,1.6,1.3,30,warning_only,closed_all,0.8,2.0
BUY,4189.71,4184.0911,4194.27535,4194.27535,4.56535,0.8125,4.67,2.34,TARGET,2026-07-05 22:32:00,2026-07-05 22:29:00,2026-07-05 22:30:00,4,24,64,1.6,1.3,30,warning_only,closed_all,0.8,2.0
BUY,4190.51,4184.91656,4195.05467,4195.05467,4.54467,0.8125,7.26,1.33,TARGET,2026-07-05 22:34:00,2026-07-05 22:31:00,2026-07-05 22:32:00,4,24,64,1.6,1.3,30,warning_only,closed_all,0.8,2.0
BUY,4148.59,4145.97852,4150.71182,4145.97852,-2.61148,-1.0,0.0,2.96,STOP,2026-07-06 13:00:00,2026-07-06 12:58:00,2026-07-06 12:59:00,4,24,64,1.6,1.3,30,warning_only,closed_all,0.8,2.0
BUY,4147.29,4145.00586,4149.14586,4149.14586,1.85586,0.8125,2.22,0.29,TARGET,2026-07-06 13:37:00,2026-07-06 13:35:00,2026-07-06 13:36:00,4,24,64,1.6,1.3,30,warning_only,closed_all,0.8,2.0
BUY,4162.96,4161.88617,4163.83249,4163.83249,0.87249,0.8125,1.44,0.59,TARGET,2026-07-06 17:33:00,2026-07-06 17:28:00,2026-07-06 17:29:00,4,24,64,1.6,1.3,30,warning_only,closed_all,0.8,2.0
BUY,4163.33,4162.3802,4164.10171,4164.10171,0.77171,0.8125,0.82,0.2,TARGET,2026-07-06 17:51:00,2026-07-06 17:47:00,2026-07-06 17:48:00,4,24,64,1.6,1.3,30,warning_only,closed_all,0.8,2.0
BUY,4166.33,4165.26134,4167.19829,4167.19829,0.86829,0.8125,1.17,0.3,TARGET,2026-07-06 19:32:00,2026-07-06 19:30:00,2026-07-06 19:31:00,4,24,64,1.6,1.3,30,warning_only,closed_all,0.8,2.0
BUY,4131.76,4128.90519,4134.07953,4128.90519,-2.85481,-1.0,1.89,3.65,STOP,2026-07-07 06:47:00,2026-07-07 06:43:00,2026-07-07 06:44:00,4,24,64,1.6,1.3,30,warning_only,closed_all,0.8,2.0
BUY,4130.25,4127.468,4132.51037,4132.51037,2.26037,0.8125,3.52,0.58,TARGET,2026-07-07 07:00:00,2026-07-07 06:55:00,2026-07-07 06:56:00,4,24,64,1.6,1.3,30,warning_only,closed_all,0.8,2.0
BUY,4131.98,4129.20618,4134.23373,4134.23373,2.25373,0.8125,2.66,1.04,TARGET,2026-07-07 07:13:00,2026-07-07 06:58:00,2026-07-07 06:59:00,4,24,64,1.6,1.3,30,warning_only,closed_all,0.8,2.0
BUY,4132.27,4129.5119,4134.51096,4134.51096,2.24096,0.8125,2.37,0.43,TARGET,2026-07-07 07:13:00,2026-07-07 07:02:00,2026-07-07 07:03:00,4,24,64,1.6,1.3,30,warning_only,closed_all,0.8,2.0
BUY,4133.6,4131.22413,4135.5304,4135.5304,1.9304,0.8125,3.05,0.39,TARGET,2026-07-07 07:18:00,2026-07-07 07:16:00,2026-07-07 07:17:00,4,24,64,1.6,1.3,30,warning_only,closed_all,0.8,2.0
BUY,4170.2,4165.22018,4174.2461,4165.22018,-4.97982,-1.0,2.2,5.84,STOP,2026-07-07 10:25:00,2026-07-07 10:16:00,2026-07-07 10:17:00,4,24,64,1.6,1.3,30,warning_only,closed_all,0.8,2.0
BUY,4108.98,4104.75303,4112.41441,4112.41441,3.43441,0.8125,6.37,0.87,TARGET,2026-07-07 23:07:00,2026-07-07 23:05:00,2026-07-07 23:06:00,4,24,64,1.6,1.3,30,warning_only,closed_all,0.8,2.0
BUY,4126.3,4123.54652,4128.53721,4123.54652,-2.75348,-1.0,1.85,4.2,STOP,2026-07-08 01:43:00,2026-07-08 01:27:00,2026-07-08 01:28:00,4,24,64,1.6,1.3,30,warning_only,closed_all,0.8,2.0
BUY,4129.73,4126.28046,4132.53275,4126.28046,-3.44954,-1.0,1.89,4.18,STOP,2026-07-08 02:48:00,2026-07-08 02:41:00,2026-07-08 02:42:00,4,24,64,1.6,1.3,30,warning_only,closed_all,0.8,2.0
BUY,4130.85,4127.58655,4133.50155,4133.50155,2.65155,0.8125,2.66,0.99,TARGET,2026-07-08 03:24:00,2026-07-08 03:21:00,2026-07-08 03:22:00,4,24,64,1.6,1.3,30,warning_only,closed_all,0.8,2.0
BUY,4131.4,4128.26366,4133.94828,4128.26366,-3.13634,-1.0,2.11,3.59,STOP,2026-07-08 03:30:00,2026-07-08 03:23:00,2026-07-08 03:24:00,4,24,64,1.6,1.3,30,warning_only,closed_all,0.8,2.0
BUY,4070.34,4065.38118,4074.36904,4074.36904,4.02904,0.8125,4.44,0.84,TARGET,2026-07-08 09:40:00,2026-07-08 09:38:00,2026-07-08 09:39:00,4,24,64,1.6,1.3,30,warning_only,closed_all,0.8,2.0
BUY,4129.43,4126.51881,4131.2215,4126.51881,-2.91119,-1.0,1.25,3.19,STOP,2026-07-02 20:52:00,2026-07-02 20:47:00,2026-07-02 20:48:00,3,39,72,1.3,0.8,30,required,closed_all,0.8,2.0
BUY,4130.59,4127.73539,4132.34668,4127.73539,-2.85461,-1.0,0.09,3.38,STOP,2026-07-02 20:51:00,2026-07-02 20:48:00,2026-07-02 20:49:00,3,39,72,1.3,0.8,30,required,closed_all,0.8,2.0
BUY,4134.23,4130.44953,4136.55645,4136.55645,2.32645,0.61538,2.45,1.31,TARGET,2026-07-02 21:20:00,2026-07-02 21:17:00,2026-07-02 21:18:00,3,39,72,1.3,0.8,30,required,closed_all,0.8,2.0
BUY,4135.16,4131.44156,4137.44827,4137.44827,2.28827,0.61538,2.61,1.83,TARGET,2026-07-02 21:21:00,2026-07-02 21:18:00,2026-07-02 21:19:00,3,39,72,1.3,0.8,30,required,closed_all,0.8,2.0
BUY,4175.29,4173.04139,4176.67376,4176.67376,1.38376,0.61538,1.72,0.34,TARGET,2026-07-03 04:30:00,2026-07-03 04:29:00,2026-07-03 04:30:00,3,39,72,1.3,0.8,30,required,closed_all,0.8,2.0
BUY,4175.91,4173.6151,4177.32224,4177.32224,1.41224,0.61538,2.31,0.27,TARGET,2026-07-03 04:34:00,2026-07-03 04:33:00,2026-07-03 04:34:00,3,39,72,1.3,0.8,30,required,closed_all,0.8,2.0
BUY,4179.44,4177.91046,4180.38126,4177.91046,-1.52954,-1.0,0.1,2.02,STOP,2026-07-03 08:07:00,2026-07-03 08:05:00,2026-07-03 08:06:00,3,39,72,1.3,0.8,30,required,closed_all,0.8,2.0
BUY,4189.3,4184.17239,4192.45545,4192.45545,3.15545,0.61538,3.48,0.97,TARGET,2026-07-05 22:16:00,2026-07-05 22:14:00,2026-07-05 22:15:00,3,39,72,1.3,0.8,30,required,closed_all,0.8,2.0
BUY,4191.31,4186.27193,4194.41035,4186.27193,-5.03807,-1.0,1.47,5.52,STOP,2026-07-05 22:17:00,2026-07-05 22:15:00,2026-07-05 22:16:00,3,39,72,1.3,0.8,30,required,closed_all,0.8,2.0
BUY,4185.64,4180.92712,4188.54024,4188.54024,2.90024,0.61538,4.02,1.32,TARGET,2026-07-05 22:28:00,2026-07-05 22:25:00,2026-07-05 22:26:00,3,39,72,1.3,0.8,30,required,closed_all,0.8,2.0
BUY,4187.16,4182.52004,4190.01536,4190.01536,2.85536,0.61538,4.41,2.59,TARGET,2026-07-05 22:30:00,2026-07-05 22:26:00,2026-07-05 22:27:00,3,39,72,1.3,0.8,30,required,closed_all,0.8,2.0
BUY,4189.71,4185.14465,4192.51945,4192.51945,2.80945,0.61538,4.67,2.34,TARGET,2026-07-05 22:32:00,2026-07-05 22:29:00,2026-07-05 22:30:00,3,39,72,1.3,0.8,30,required,closed_all,0.8,2.0
BUY,4190.51,4185.96533,4193.30672,4193.30672,2.79672,0.61538,3.87,1.33,TARGET,2026-07-05 22:32:00,2026-07-05 22:31:00,2026-07-05 22:32:00,3,39,72,1.3,0.8,30,required,closed_all,0.8,2.0
BUY,4163.07,4161.70222,4163.91171,4163.91171,0.84171,0.61538,0.86,0.13,TARGET,2026-07-06 15:57:00,2026-07-06 15:55:00,2026-07-06 15:56:00,3,39,72,1.3,0.8,30,required,closed_all,0.8,2.0
BUY,4162.57,4161.39869,4163.2908,4163.2908,0.7208,0.61538,1.19,0.62,TARGET,2026-07-06 16:49:00,2026-07-06 16:46:00,2026-07-06 16:47:00,3,39,72,1.3,0.8,30,required,closed_all,0.8,2.0
BUY,4162.96,4162.08751,4163.49692,4163.49692,0.53692,0.61538,1.44,0.59,TARGET,2026-07-06 17:33:00,2026-07-06 17:28:00,2026-07-06 17:29:00,3,39,72,1.3,0.8,30,required,closed_all,0.8,2.0
BUY,4163.33,4162.55829,4163.8049,4163.8049,0.4749,0.61538,0.54,0.2,TARGET,2026-07-06 17:50:00,2026-07-06 17:47:00,2026-07-06 17:48:00,3,39,72,1.3,0.8,30,required,closed_all,0.8,2.0
BUY,4170.2,4166.1539,4172.68991,4166.1539,-4.0461,-1.0,2.2,4.81,STOP,2026-07-07 10:24:00,2026-07-07 10:16:00,2026-07-07 10:17:00,3,39,72,1.3,0.8,30,required,closed_all,0.8,2.0
BUY,4127.19,4124.39931,4128.90735,4128.90735,1.71735,0.61538,2.97,0.59,TARGET,2026-07-08 02:38:00,2026-07-08 02:36:00,2026-07-08 02:37:00,3,39,72,1.3,0.8,30,required,closed_all,0.8,2.0
BUY,4128.26,4125.5145,4129.94954,4129.94954,1.68954,0.61538,1.9,1.34,TARGET,2026-07-08 02:38:00,2026-07-08 02:37:00,2026-07-08 02:38:00,3,39,72,1.3,0.8,30,required,closed_all,0.8,2.0
BUY,4129.73,4126.92725,4131.45477,4131.45477,1.72477,0.61538,1.89,1.18,TARGET,2026-07-08 02:43:00,2026-07-08 02:41:00,2026-07-08 02:42:00,3,39,72,1.3,0.8,30,required,closed_all,0.8,2.0
BUY,4128.02,4125.56569,4129.53035,4125.56569,-2.45431,-1.0,1.17,3.48,STOP,2026-07-08 03:02:00,2026-07-08 02:56:00,2026-07-08 02:57:00,3,39,72,1.3,0.8,30,required,closed_all,0.8,2.0
BUY,4130.85,4128.19845,4132.48172,4132.48172,1.63172,0.61538,2.66,0.99,TARGET,2026-07-08 03:24:00,2026-07-08 03:21:00,2026-07-08 03:22:00,3,39,72,1.3,0.8,30,required,closed_all,0.8,2.0
BUY,4187.16,4183.5908,4190.7292,4190.7292,3.5692,1.0,4.41,2.59,TARGET,2026-07-05 22:30:00,2026-07-05 22:26:00,2026-07-05 22:27:00,5,25,69,1.0,1.0,20,required,closed_all,1.2,1.2
BUY,4188.14,4184.57074,4191.70926,4191.70926,3.56926,1.0,6.24,2.27,TARGET,2026-07-05 22:32:00,2026-07-05 22:27:00,2026-07-05 22:28:00,5,25,69,1.0,1.0,20,required,closed_all,1.2,1.2
BUY,4161.96,4160.94054,4162.97946,4162.97946,1.01946,1.0,1.28,0.57,TARGET,2026-07-06 16:29:00,2026-07-06 16:23:00,2026-07-06 16:24:00,5,25,69,1.0,1.0,20,required,closed_all,1.2,1.2
BUY,4162.39,4161.43006,4163.34994,4161.43006,-0.95994,-1.0,0.85,1.05,STOP,2026-07-06 16:31:00,2026-07-06 16:26:00,2026-07-06 16:27:00,5,25,69,1.0,1.0,20,required,closed_all,1.2,1.2
BUY,4126.3,4124.57907,4128.02093,4124.57907,-1.72093,-1.0,0.82,1.93,STOP,2026-07-08 01:30:00,2026-07-08 01:27:00,2026-07-08 01:28:00,5,25,69,1.0,1.0,20,required,closed_all,1.2,1.2
BUY,4128.92,4126.70974,4131.13026,4131.13026,2.21026,1.0,2.7,0.64,TARGET,2026-07-08 02:43:00,2026-07-08 02:40:00,2026-07-08 02:41:00,5,25,69,1.0,1.0,20,required,closed_all,1.2,1.2
BUY,4128.6,4125.63586,4130.42409,4130.42409,1.82409,0.61538,2.11,0.49,TARGET,2026-07-02 20:55:00,2026-07-02 20:54:00,2026-07-02 20:55:00,7,32,72,1.3,0.8,15,warning_only,closed_all,1.8,1.2
BUY,4128.89,4125.17725,4131.17477,4131.17477,2.28477,0.61538,6.43,2.32,TARGET,2026-07-02 21:13:00,2026-07-02 21:09:00,2026-07-02 21:10:00,7,32,72,1.3,0.8,15,warning_only,closed_all,1.8,1.2
BUY,4187.79,4182.50396,4191.04295,4191.04295,3.25295,0.61538,3.52,0.85,TARGET,2026-07-05 22:15:00,2026-07-05 22:13:00,2026-07-05 22:14:00,7,32,72,1.3,0.8,15,warning_only,closed_all,1.8,1.2
BUY,4185.64,4180.92712,4188.54024,4188.54024,2.90024,0.61538,4.02,1.32,TARGET,2026-07-05 22:28:00,2026-07-05 22:25:00,2026-07-05 22:26:00,7,32,72,1.3,0.8,15,warning_only,closed_all,1.8,1.2
BUY,4187.16,4182.52004,4190.01536,4190.01536,2.85536,0.61538,4.41,2.59,TARGET,2026-07-05 22:30:00,2026-07-05 22:26:00,2026-07-05 22:27:00,7,32,72,1.3,0.8,15,warning_only,closed_all,1.8,1.2
BUY,4188.14,4183.49996,4190.99541,4190.99541,2.85541,0.61538,3.43,2.27,TARGET,2026-07-05 22:30:00,2026-07-05 22:27:00,2026-07-05 22:28:00,7,32,72,1.3,0.8,15,warning_only,closed_all,1.8,1.2
BUY,4155.65,4153.83257,4156.76842,4153.83257,-1.81743,-1.0,0.55,1.93,STOP,2026-07-06 09:00:00,2026-07-06 08:59:00,2026-07-06 09:00:00,7,32,72,1.3,0.8,15,warning_only,closed_all,1.8,1.2
BUY,4162.39,4161.14208,4163.15795,4163.15795,0.76795,0.61538,0.85,0.84,TARGET,2026-07-06 16:29:00,2026-07-06 16:26:00,2026-07-06 16:27:00,7,32,72,1.3,0.8,15,warning_only,closed_all,1.8,1.2
BUY,4130.25,4127.98963,4131.641,4131.641,1.391,0.61538,1.85,0.58,TARGET,2026-07-07 06:56:00,2026-07-07 06:55:00,2026-07-07 06:56:00,7,32,72,1.3,0.8,15,warning_only,closed_all,1.8,1.2
BUY,4135.55,4133.9266,4136.54901,4133.9266,-1.6234,-1.0,0.36,2.0,STOP,2026-07-07 08:00:00,2026-07-07 07:59:00,2026-07-07 08:00:00,7,32,72,1.3,0.8,15,warning_only,closed_all,1.8,1.2
BUY,4108.98,4105.54559,4111.09348,4111.09348,2.11348,0.61538,3.24,0.87,TARGET,2026-07-07 23:06:00,2026-07-07 23:05:00,2026-07-07 23:06:00,7,32,72,1.3,0.8,15,warning_only,closed_all,1.8,1.2
BUY,4112.22,4108.64926,4114.41738,4114.41738,2.19738,0.61538,3.13,2.12,TARGET,2026-07-07 23:07:00,2026-07-07 23:06:00,2026-07-07 23:07:00,7,32,72,1.3,0.8,15,warning_only,closed_all,1.8,1.2
BUY,4126.98,4124.59829,4128.44567,4124.59829,-2.38171,-1.0,0.19,2.61,STOP,2026-07-08 01:30:00,2026-07-08 01:25:00,2026-07-08 01:26:00,7,32,72,1.3,0.8,15,warning_only,closed_all,1.8,1.2
BUY,4126.3,4124.06279,4127.67674,4127.67674,1.37674,0.61538,1.85,1.93,TARGET,2026-07-08 01:32:00,2026-07-08 01:27:00,2026-07-08 01:28:00,7,32,72,1.3,0.8,15,warning_only,closed_all,1.8,1.2
BUY,4127.05,4125.02828,4128.29413,4125.02828,-2.02172,-1.0,0.35,2.05,STOP,2026-07-08 02:03:00,2026-07-08 02:00:00,2026-07-08 02:01:00,7,32,72,1.3,0.8,15,warning_only,closed_all,1.8,1.2
BUY,4128.76,4126.2922,4130.27865,4126.2922,-2.4678,-1.0,0.21,5.07,STOP,2026-07-08 02:21:00,2026-07-08 02:18:00,2026-07-08 02:19:00,7,32,72,1.3,0.8,15,warning_only,closed_all,1.8,1.2
BUY,4127.19,4124.39931,4128.90735,4128.90735,1.71735,0.61538,2.97,0.59,TARGET,2026-07-08 02:38:00,2026-07-08 02:36:00,2026-07-08 02:37:00,7,32,72,1.3,0.8,15,warning_only,closed_all,1.8,1.2
BUY,4128.26,4125.5145,4129.94954,4129.94954,1.68954,0.61538,1.9,1.34,TARGET,2026-07-08 02:38:00,2026-07-08 02:37:00,2026-07-08 02:38:00,7,32,72,1.3,0.8,15,warning_only,closed_all,1.8,1.2
BUY,4128.92,4126.04666,4130.68821,4130.68821,1.76821,0.61538,2.16,0.64,TARGET,2026-07-08 02:42:00,2026-07-08 02:40:00,2026-07-08 02:41:00,7,32,72,1.3,0.8,15,warning_only,closed_all,1.8,1.2
BUY,4078.04,4072.85794,4081.22896,4072.85794,-5.18206,-1.0,2.16,7.75,STOP,2026-07-08 10:42:00,2026-07-08 10:36:00,2026-07-08 10:37:00,7,32,72,1.3,0.8,15,warning_only,closed_all,1.8,1.2
BUY,4134.23,4130.44953,4137.13806,4137.13806,2.90806,0.76923,3.54,1.31,TARGET,2026-07-02 21:21:00,2026-07-02 21:17:00,2026-07-02 21:18:00,3,40,76,1.3,1.0,20,warning_only,closed_all,0.8,2.0
BUY,4135.16,4131.44156,4138.02034,4138.02034,2.86034,0.76923,3.34,1.83,TARGET,2026-07-02 21:22:00,2026-07-02 21:18:00,2026-07-02 21:19:00,3,40,76,1.3,1.0,20,warning_only,closed_all,0.8,2.0
BUY,4175.29,4173.04139,4177.0197,4177.0197,1.7297,0.76923,2.93,1.62,TARGET,2026-07-03 04:34:00,2026-07-03 04:29:00,2026-07-03 04:30:00,3,40,76,1.3,1.0,20,warning_only,closed_all,0.8,2.0
BUY,4175.91,4173.6151,4177.6753,4177.6753,1.7653,0.76923,2.31,0.27,TARGET,2026-07-03 04:34:00,2026-07-03 04:33:00,2026-07-03 04:34:00,3,40,76,1.3,1.0,20,warning_only,closed_all,0.8,2.0
BUY,4179.44,4177.91046,4180.61657,4177.91046,-1.52954,-1.0,0.1,2.02,STOP,2026-07-03 08:07:00,2026-07-03 08:05:00,2026-07-03 08:06:00,3,40,76,1.3,1.0,20,warning_only,closed_all,0.8,2.0
BUY,4189.3,4184.17239,4193.24432,4184.17239,-5.12761,-1.0,3.48,6.09,STOP,2026-07-05 22:21:00,2026-07-05 22:14:00,2026-07-05 22:15:00,3,40,76,1.3,1.0,20,warning_only,closed_all,0.8,2.0
BUY,4191.31,4186.27193,4195.18544,4186.27193,-5.03807,-1.0,1.47,5.52,STOP,2026-07-05 22:17:00,2026-07-05 22:15:00,2026-07-05 22:16:00,3,40,76,1.3,1.0,20,warning_only,closed_all,0.8,2.0
BUY,4185.64,4180.92712,4189.26529,4189.26529,3.62529,0.76923,4.02,1.32,TARGET,2026-07-05 22:28:00,2026-07-05 22:25:00,2026-07-05 22:26:00,3,40,76,1.3,1.0,20,warning_only,closed_all,0.8,2.0
BUY,4187.16,4182.52004,4190.7292,4190.7292,3.5692,0.76923,4.41,2.59,TARGET,2026-07-05 22:30:00,2026-07-05 22:26:00,2026-07-05 22:27:00,3,40,76,1.3,1.0,20,warning_only,closed_all,0.8,2.0
BUY,4189.71,4185.14465,4193.22181,4193.22181,3.51181,0.76923,4.67,2.34,TARGET,2026-07-05 22:32:00,2026-07-05 22:29:00,2026-07-05 22:30:00,3,40,76,1.3,1.0,20,warning_only,closed_all,0.8,2.0
BUY,4190.51,4185.96533,4194.0059,4194.0059,3.4959,0.76923,3.87,1.33,TARGET,2026-07-05 22:32:00,2026-07-05 22:31:00,2026-07-05 22:32:00,3,40,76,1.3,1.0,20,warning_only,closed_all,0.8,2.0
BUY,4148.5,4146.31496,4150.1808,4146.31496,-2.18504,-1.0,0.09,2.87,STOP,2026-07-06 13:00:00,2026-07-06 12:57:00,2026-07-06 12:58:00,3,40,76,1.3,1.0,20,warning_only,closed_all,0.8,2.0
BUY,4162.57,4161.39869,4163.471,4163.471,0.901,0.76923,1.19,0.62,TARGET,2026-07-06 16:49:00,2026-07-06 16:46:00,2026-07-06 16:47:00,3,40,76,1.3,1.0,20,warning_only,closed_all,0.8,2.0
BUY,4162.96,4162.08751,4163.63115,4163.63115,0.67115,0.76923,1.44,0.59,TARGET,2026-07-06 17:33:00,2026-07-06 17:28:00,2026-07-06 17:29:00,3,40,76,1.3,1.0,20,warning_only,closed_all,0.8,2.0
BUY,4163.33,4162.55829,4163.92363,4163.92363,0.59363,0.76923,0.82,0.2,TARGET,2026-07-06 17:51:00,2026-07-06 17:47:00,2026-07-06 17:48:00,3,40,76,1.3,1.0,20,warning_only,closed_all,0.8,2.0
BUY,4131.98,4129.72627,4133.71364,4133.71364,1.73364,0.76923,1.79,1.04,TARGET,2026-07-07 07:00:00,2026-07-07 06:58:00,2026-07-07 06:59:00,3,40,76,1.3,1.0,20,warning_only,closed_all,0.8,2.0
BUY,4132.27,4130.02904,4133.99381,4133.99381,1.72381,0.76923,2.37,0.43,TARGET,2026-07-07 07:13:00,2026-07-07 07:02:00,2026-07-07 07:03:00,3,40,76,1.3,1.0,20,warning_only,closed_all,0.8,2.0
BUY,4170.2,4166.1539,4173.31239,4166.1539,-4.0461,-1.0,2.2,4.81,STOP,2026-07-07 10:24:00,2026-07-07 10:16:00,2026-07-07 10:17:00,3,40,76,1.3,1.0,20,warning_only,closed_all,0.8,2.0
BUY,4108.98,4105.54559,4111.62185,4111.62185,2.64185,0.76923,3.24,0.87,TARGET,2026-07-07 23:06:00,2026-07-07 23:05:00,2026-07-07 23:06:00,3,40,76,1.3,1.0,20,warning_only,closed_all,0.8,2.0
BUY,4127.19,4124.39931,4129.33668,4129.33668,2.14668,0.76923,2.97,0.59,TARGET,2026-07-08 02:38:00,2026-07-08 02:36:00,2026-07-08 02:37:00,3,40,76,1.3,1.0,20,warning_only,closed_all,0.8,2.0
BUY,4128.26,4125.5145,4130.37192,4130.37192,2.11192,0.76923,2.82,1.7,TARGET,2026-07-08 02:42:00,2026-07-08 02:37:00,2026-07-08 02:38:00,3,40,76,1.3,1.0,20,warning_only,closed_all,0.8,2.0
BUY,4129.73,4126.92725,4131.88596,4126.92725,-2.80275,-1.0,1.89,4.18,STOP,2026-07-08 02:48:00,2026-07-08 02:41:00,2026-07-08 02:42:00,3,40,76,1.3,1.0,20,warning_only,closed_all,0.8,2.0
BUY,4128.02,4125.56569,4129.90793,4125.56569,-2.45431,-1.0,1.17,3.48,STOP,2026-07-08 03:02:00,2026-07-08 02:56:00,2026-07-08 02:57:00,3,40,76,1.3,1.0,20,warning_only,closed_all,0.8,2.0
BUY,4130.85,4128.19845,4132.88966,4132.88966,2.03966,0.76923,2.66,0.99,TARGET,2026-07-08 03:24:00,2026-07-08 03:21:00,2026-07-08 03:22:00,3,40,76,1.3,1.0,20,warning_only,closed_all,0.8,2.0
BUY,4128.6,4124.95183,4131.56414,4131.56414,2.96414,0.8125,3.12,1.59,TARGET,2026-07-02 20:56:00,2026-07-02 20:54:00,2026-07-02 20:55:00,6,25,64,1.6,1.3,30,required,closed_all,1.8,1.2
BUY,4128.89,4124.32046,4132.60275,4132.60275,3.71275,0.8125,6.43,2.32,TARGET,2026-07-02 21:13:00,2026-07-02 21:09:00,2026-07-02 21:10:00,6,25,64,1.6,1.3,30,required,closed_all,1.8,1.2
BUY,4187.16,4181.44928,4191.79996,4191.79996,4.63996,0.8125,7.22,2.59,TARGET,2026-07-05 22:32:00,2026-07-05 22:26:00,2026-07-05 22:27:00,6,25,64,1.6,1.3,30,required,closed_all,1.8,1.2
BUY,4188.14,4182.42919,4192.78004,4192.78004,4.64004,0.8125,6.24,2.27,TARGET,2026-07-05 22:32:00,2026-07-05 22:27:00,2026-07-05 22:28:00,6,25,64,1.6,1.3,30,required,closed_all,1.8,1.2
BUY,4162.39,4160.8541,4163.63792,4160.8541,-1.5359,-1.0,0.85,2.28,STOP,2026-07-06 16:35:00,2026-07-06 16:26:00,2026-07-06 16:27:00,6,25,64,1.6,1.3,30,required,closed_all,1.8,1.2
BUY,4162.71,4161.16429,4163.96589,4161.16429,-1.54571,-1.0,0.53,2.6,STOP,2026-07-06 16:35:00,2026-07-06 16:28:00,2026-07-06 16:29:00,6,25,64,1.6,1.3,30,required,closed_all,1.8,1.2
BUY,4126.98,4124.04867,4129.36171,4124.04867,-2.93133,-1.0,1.17,3.09,STOP,2026-07-08 01:42:00,2026-07-08 01:25:00,2026-07-08 01:26:00,6,25,64,1.6,1.3,30,required,closed_all,1.8,1.2
BUY,4126.3,4123.54652,4128.53721,4123.54652,-2.75348,-1.0,1.85,4.2,STOP,2026-07-08 01:43:00,2026-07-08 01:27:00,2026-07-08 01:28:00,6,25,64,1.6,1.3,30,required,closed_all,1.8,1.2
BUY,4127.05,4124.56173,4129.07172,4129.07172,2.02172,0.8125,3.55,2.05,TARGET,2026-07-08 02:05:00,2026-07-08 02:00:00,2026-07-08 02:01:00,6,25,64,1.6,1.3,30,required,closed_all,1.8,1.2
BUY,4128.92,4125.38358,4131.79334,4125.38358,-3.53642,-1.0,2.7,3.9,STOP,2026-07-08 02:49:00,2026-07-08 02:40:00,2026-07-08 02:41:00,6,25,64,1.6,1.3,30,required,closed_all,1.8,1.2
BUY,4185.64,4180.92712,4188.54024,4188.54024,2.90024,0.61538,4.02,1.32,TARGET,2026-07-05 22:28:00,2026-07-05 22:25:00,2026-07-05 22:26:00,8,35,77,1.3,0.8,10,warning_only,closed_all,0.8,0.8
BUY,4187.16,4182.52004,4190.01536,4190.01536,2.85536,0.61538,4.41,2.59,TARGET,2026-07-05 22:30:00,2026-07-05 22:26:00,2026-07-05 22:27:00,8,35,77,1.3,0.8,10,warning_only,closed_all,0.8,0.8
BUY,4108.98,4105.54559,4111.09348,4111.09348,2.11348,0.61538,3.24,0.87,TARGET,2026-07-07 23:06:00,2026-07-07 23:05:00,2026-07-07 23:06:00,8,35,77,1.3,0.8,10,warning_only,closed_all,0.8,0.8
BUY,4126.29,4124.1744,4127.59191,4127.59191,1.30191,0.61538,1.86,1.92,TARGET,2026-07-08 01:32:00,2026-07-08 01:29:00,2026-07-08 01:30:00,8,35,77,1.3,0.8,10,warning_only,closed_all,0.8,0.8
BUY,4127.19,4124.39931,4128.90735,4128.90735,1.71735,0.61538,2.97,0.59,TARGET,2026-07-08 02:38:00,2026-07-08 02:36:00,2026-07-08 02:37:00,8,35,77,1.3,0.8,10,warning_only,closed_all,0.8,0.8
BUY,4128.26,4125.5145,4129.94954,4129.94954,1.68954,0.61538,1.9,1.34,TARGET,2026-07-08 02:38:00,2026-07-08 02:37:00,2026-07-08 02:38:00,8,35,77,1.3,0.8,10,warning_only,closed_all,0.8,0.8
BUY,4129.43,4125.84699,4131.66938,4125.84699,-3.58301,-1.0,1.25,5.03,STOP,2026-07-02 20:53:00,2026-07-02 20:47:00,2026-07-02 20:48:00,7,34,73,1.6,1.0,20,required,closed_all,0.8,2.0
BUY,4130.59,4127.07664,4132.78585,4127.07664,-3.51336,-1.0,0.09,4.35,STOP,2026-07-02 20:52:00,2026-07-02 20:48:00,2026-07-02 20:49:00,7,34,73,1.6,1.0,20,required,closed_all,0.8,2.0
BUY,4134.23,4129.57711,4137.13806,4137.13806,2.90806,0.625,3.54,1.31,TARGET,2026-07-02 21:21:00,2026-07-02 21:17:00,2026-07-02 21:18:00,7,34,73,1.6,1.0,20,required,closed_all,0.8,2.0
BUY,4135.16,4130.58346,4138.02034,4138.02034,2.86034,0.625,3.34,1.83,TARGET,2026-07-02 21:22:00,2026-07-02 21:18:00,2026-07-02 21:19:00,7,34,73,1.6,1.0,20,required,closed_all,0.8,2.0
BUY,4175.29,4172.52248,4177.0197,4177.0197,1.7297,0.625,2.93,1.62,TARGET,2026-07-03 04:34:00,2026-07-03 04:29:00,2026-07-03 04:30:00,7,34,73,1.6,1.0,20,required,closed_all,0.8,2.0
BUY,4175.91,4173.08551,4177.6753,4177.6753,1.7653,0.625,2.31,0.27,TARGET,2026-07-03 04:34:00,2026-07-03 04:33:00,2026-07-03 04:34:00,7,34,73,1.6,1.0,20,required,closed_all,0.8,2.0
BUY,4179.44,4177.55749,4180.61657,4177.55749,-1.88251,-1.0,0.1,2.02,STOP,2026-07-03 08:07:00,2026-07-03 08:05:00,2026-07-03 08:06:00,7,34,73,1.6,1.0,20,required,closed_all,0.8,2.0
BUY,4189.3,4182.98909,4193.24432,4182.98909,-6.31091,-1.0,3.48,7.81,STOP,2026-07-05 22:22:00,2026-07-05 22:14:00,2026-07-05 22:15:00,7,34,73,1.6,1.0,20,required,closed_all,0.8,2.0
BUY,4191.31,4185.1093,4195.18544,4185.1093,-6.2007,-1.0,1.47,7.09,STOP,2026-07-05 22:18:00,2026-07-05 22:15:00,2026-07-05 22:16:00,7,34,73,1.6,1.0,20,required,closed_all,0.8,2.0
BUY,4185.64,4179.83953,4189.26529,4189.26529,3.62529,0.625,4.02,1.32,TARGET,2026-07-05 22:28:00,2026-07-05 22:25:00,2026-07-05 22:26:00,7,34,73,1.6,1.0,20,required,closed_all,0.8,2.0
BUY,4187.16,4181.44928,4190.7292,4190.7292,3.5692,0.625,4.41,2.59,TARGET,2026-07-05 22:30:00,2026-07-05 22:26:00,2026-07-05 22:27:00,7,34,73,1.6,1.0,20,required,closed_all,0.8,2.0
BUY,4189.71,4184.0911,4193.22181,4193.22181,3.51181,0.625,4.67,2.34,TARGET,2026-07-05 22:32:00,2026-07-05 22:29:00,2026-07-05 22:30:00,7,34,73,1.6,1.0,20,required,closed_all,0.8,2.0
BUY,4190.51,4184.91656,4194.0059,4194.0059,3.4959,0.625,3.87,1.33,TARGET,2026-07-05 22:32:00,2026-07-05 22:31:00,2026-07-05 22:32:00,7,34,73,1.6,1.0,20,required,closed_all,0.8,2.0
BUY,4162.57,4161.12839,4163.471,4163.471,0.901,0.625,1.19,0.62,TARGET,2026-07-06 16:49:00,2026-07-06 16:46:00,2026-07-06 16:47:00,7,34,73,1.6,1.0,20,required,closed_all,0.8,2.0
BUY,4162.96,4161.88617,4163.63115,4163.63115,0.67115,0.625,1.44,0.59,TARGET,2026-07-06 17:33:00,2026-07-06 17:28:00,2026-07-06 17:29:00,7,34,73,1.6,1.0,20,required,closed_all,0.8,2.0
BUY,4163.33,4162.3802,4163.92363,4163.92363,0.59363,0.625,0.82,0.2,TARGET,2026-07-06 17:51:00,2026-07-06 17:47:00,2026-07-06 17:48:00,7,34,73,1.6,1.0,20,required,closed_all,0.8,2.0
BUY,4170.2,4165.22018,4173.31239,4165.22018,-4.97982,-1.0,2.2,5.84,STOP,2026-07-07 10:25:00,2026-07-07 10:16:00,2026-07-07 10:17:00,7,34,73,1.6,1.0,20,required,closed_all,0.8,2.0
BUY,4126.3,4123.54652,4128.02093,4128.02093,1.72093,0.625,1.85,1.93,TARGET,2026-07-08 01:32:00,2026-07-08 01:27:00,2026-07-08 01:28:00,7,34,73,1.6,1.0,20,required,closed_all,0.8,2.0
BUY,4127.19,4123.75531,4129.33668,4129.33668,2.14668,0.625,2.97,0.59,TARGET,2026-07-08 02:38:00,2026-07-08 02:36:00,2026-07-08 02:37:00,7,34,73,1.6,1.0,20,required,closed_all,0.8,2.0
BUY,4128.26,4124.88093,4130.37192,4130.37192,2.11192,0.625,2.82,1.7,TARGET,2026-07-08 02:42:00,2026-07-08 02:37:00,2026-07-08 02:38:00,7,34,73,1.6,1.0,20,required,closed_all,0.8,2.0
BUY,4129.73,4126.28046,4131.88596,4126.28046,-3.44954,-1.0,1.89,4.18,STOP,2026-07-08 02:48:00,2026-07-08 02:41:00,2026-07-08 02:42:00,7,34,73,1.6,1.0,20,required,closed_all,0.8,2.0
BUY,4130.85,4127.58655,4132.88966,4132.88966,2.03966,0.625,2.66,0.99,TARGET,2026-07-08 03:24:00,2026-07-08 03:21:00,2026-07-08 03:22:00,7,34,73,1.6,1.0,20,required,closed_all,0.8,2.0
BUY,4128.89,4125.17725,4131.74596,4131.74596,2.85596,0.76923,6.43,2.32,TARGET,2026-07-02 21:13:00,2026-07-02 21:09:00,2026-07-02 21:10:00,8,31,80,1.3,1.0,15,warning_only,closed_all,1.2,0.8
BUY,4185.64,4180.92712,4189.26529,4189.26529,3.62529,0.76923,4.02,1.32,TARGET,2026-07-05 22:28:00,2026-07-05 22:25:00,2026-07-05 22:26:00,8,31,80,1.3,1.0,15,warning_only,closed_all,1.2,0.8
BUY,4187.16,4182.52004,4190.7292,4190.7292,3.5692,0.76923,4.41,2.59,TARGET,2026-07-05 22:30:00,2026-07-05 22:26:00,2026-07-05 22:27:00,8,31,80,1.3,1.0,15,warning_only,closed_all,1.2,0.8
BUY,4108.98,4105.54559,4111.62185,4111.62185,2.64185,0.76923,3.24,0.87,TARGET,2026-07-07 23:06:00,2026-07-07 23:05:00,2026-07-07 23:06:00,8,31,80,1.3,1.0,15,warning_only,closed_all,1.2,0.8
BUY,4127.19,4124.39931,4129.33668,4129.33668,2.14668,0.76923,2.97,0.59,TARGET,2026-07-08 02:38:00,2026-07-08 02:36:00,2026-07-08 02:37:00,8,31,80,1.3,1.0,15,warning_only,closed_all,1.2,0.8
BUY,4128.26,4125.5145,4130.37192,4130.37192,2.11192,0.76923,2.82,1.7,TARGET,2026-07-08 02:42:00,2026-07-08 02:37:00,2026-07-08 02:38:00,8,31,80,1.3,1.0,15,warning_only,closed_all,1.2,0.8
BUY,4187.16,4183.5908,4191.79996,4191.79996,4.63996,1.3,7.22,2.59,TARGET,2026-07-05 22:32:00,2026-07-05 22:26:00,2026-07-05 22:27:00,6,23,100,1.0,1.3,10,required,closed_all,1.8,0.8
BUY,4129.43,4127.19062,4131.2215,4127.19062,-2.23938,-1.0,1.25,3.19,STOP,2026-07-02 20:52:00,2026-07-02 20:47:00,2026-07-02 20:48:00,8,31,60,1.0,0.8,30,required,closed_all,1.8,2.0
BUY,4130.59,4128.39415,4132.34668,4128.39415,-2.19585,-1.0,0.09,3.38,STOP,2026-07-02 20:51:00,2026-07-02 20:48:00,2026-07-02 20:49:00,8,31,60,1.0,0.8,30,required,closed_all,1.8,2.0
BUY,4130.63,4128.44671,4132.37663,4128.44671,-2.18329,-1.0,0.05,3.42,STOP,2026-07-02 20:51:00,2026-07-02 20:49:00,2026-07-02 20:50:00,8,31,60,1.0,0.8,30,required,closed_all,1.8,2.0
BUY,4128.6,4126.31989,4130.42409,4130.42409,1.82409,0.8,2.11,0.49,TARGET,2026-07-02 20:55:00,2026-07-02 20:54:00,2026-07-02 20:55:00,8,31,60,1.0,0.8,30,required,closed_all,1.8,2.0
BUY,4131.32,4128.51143,4133.56686,4128.51143,-2.80857,-1.0,1.38,2.84,STOP,2026-07-02 21:05:00,2026-07-02 21:03:00,2026-07-02 21:04:00,8,31,60,1.0,0.8,30,required,closed_all,1.8,2.0
BUY,4128.89,4126.03404,4131.17477,4131.17477,2.28477,0.8,6.43,2.32,TARGET,2026-07-02 21:13:00,2026-07-02 21:09:00,2026-07-02 21:10:00,8,31,60,1.0,0.8,30,required,closed_all,1.8,2.0
BUY,4134.23,4131.32194,4136.55645,4136.55645,2.32645,0.8,2.45,1.31,TARGET,2026-07-02 21:20:00,2026-07-02 21:17:00,2026-07-02 21:18:00,8,31,60,1.0,0.8,30,required,closed_all,1.8,2.0
BUY,4135.16,4132.29966,4137.44827,4137.44827,2.28827,0.8,2.61,1.83,TARGET,2026-07-02 21:21:00,2026-07-02 21:18:00,2026-07-02 21:19:00,8,31,60,1.0,0.8,30,required,closed_all,1.8,2.0
BUY,4181.41,4179.39799,4183.01961,4179.39799,-2.01201,-1.0,0.09,2.17,STOP,2026-07-02 23:35:00,2026-07-02 23:33:00,2026-07-02 23:34:00,8,31,60,1.0,0.8,30,required,closed_all,1.8,2.0
BUY,4181.98,4179.94193,4183.61045,4183.61045,1.63045,0.8,3.96,0.56,TARGET,2026-07-02 23:53:00,2026-07-02 23:51:00,2026-07-02 23:52:00,8,31,60,1.0,0.8,30,required,closed_all,1.8,2.0
BUY,4183.58,4181.53322,4185.21742,4185.21742,1.63742,0.8,2.36,0.62,TARGET,2026-07-02 23:53:00,2026-07-02 23:52:00,2026-07-02 23:53:00,8,31,60,1.0,0.8,30,required,closed_all,1.8,2.0
BUY,4183.17,4181.38846,4184.59523,4181.38846,-1.78154,-1.0,0.61,1.8,STOP,2026-07-03 00:16:00,2026-07-03 00:13:00,2026-07-03 00:14:00,8,31,60,1.0,0.8,30,required,closed_all,1.8,2.0
BUY,4180.51,4179.19864,4181.55909,4179.19864,-1.31136,-1.0,0.56,2.08,STOP,2026-07-03 02:09:00,2026-07-03 02:06:00,2026-07-03 02:07:00,8,31,60,1.0,0.8,30,required,closed_all,1.8,2.0
BUY,4173.47,4171.64292,4174.93167,4171.64292,-1.82708,-1.0,0.91,2.68,STOP,2026-07-03 03:56:00,2026-07-03 03:52:00,2026-07-03 03:53:00,8,31,60,1.0,0.8,30,required,closed_all,1.8,2.0
BUY,4174.16,4172.38318,4175.58146,4172.38318,-1.77682,-1.0,0.02,2.71,STOP,2026-07-03 04:00:00,2026-07-03 03:58:00,2026-07-03 03:59:00,8,31,60,1.0,0.8,30,required,closed_all,1.8,2.0
BUY,4173.66,4171.73767,4175.19786,4175.19786,1.53786,0.8,3.09,0.53,TARGET,2026-07-03 04:05:00,2026-07-03 04:03:00,2026-07-03 04:04:00,8,31,60,1.0,0.8,30,required,closed_all,1.8,2.0
BUY,4174.9,4172.98855,4176.42916,4176.42916,1.52916,0.8,1.85,0.44,TARGET,2026-07-03 04:05:00,2026-07-03 04:04:00,2026-07-03 04:05:00,8,31,60,1.0,0.8,30,required,closed_all,1.8,2.0
BUY,4175.29,4173.5603,4176.67376,4176.67376,1.38376,0.8,1.72,0.34,TARGET,2026-07-03 04:30:00,2026-07-03 04:29:00,2026-07-03 04:30:00,8,31,60,1.0,0.8,30,required,closed_all,1.8,2.0
BUY,4175.84,4174.01736,4177.29811,4177.29811,1.45811,0.8,2.38,0.95,TARGET,2026-07-03 04:34:00,2026-07-03 04:32:00,2026-07-03 04:33:00,8,31,60,1.0,0.8,30,required,closed_all,1.8,2.0
BUY,4175.91,4174.1447,4177.32224,4177.32224,1.41224,0.8,2.31,0.27,TARGET,2026-07-03 04:34:00,2026-07-03 04:33:00,2026-07-03 04:34:00,8,31,60,1.0,0.8,30,required,closed_all,1.8,2.0
BUY,4183.11,4181.53753,4184.36798,4181.53753,-1.57247,-1.0,1.42,1.73,AMBIGUOUS_STOP_FIRST,2026-07-03 05:30:00,2026-07-03 05:29:00,2026-07-03 05:30:00,8,31,60,1.0,0.8,30,required,closed_all,1.8,2.0
BUY,4183.96,4182.25586,4185.32331,4185.32331,1.36331,0.8,1.97,1.24,TARGET,2026-07-03 05:33:00,2026-07-03 05:32:00,2026-07-03 05:33:00,8,31,60,1.0,0.8,30,required,closed_all,1.8,2.0
BUY,4184.16,4182.44036,4185.53571,4182.44036,-1.71964,-1.0,1.11,3.83,STOP,2026-07-03 05:46:00,2026-07-03 05:44:00,2026-07-03 05:45:00,8,31,60,1.0,0.8,30,required,closed_all,1.8,2.0
BUY,4179.44,4178.26343,4180.38126,4178.26343,-1.17657,-1.0,0.1,1.47,STOP,2026-07-03 08:06:00,2026-07-03 08:05:00,2026-07-03 08:06:00,8,31,60,1.0,0.8,30,required,closed_all,1.8,2.0
BUY,4189.53,4187.84895,4190.87484,4190.87484,1.34484,0.8,1.61,0.33,TARGET,2026-07-05 20:23:00,2026-07-05 20:20:00,2026-07-05 20:21:00,8,31,60,1.0,0.8,30,required,closed_all,1.8,2.0
BUY,4189.71,4188.18375,4190.931,4190.931,1.221,0.8,1.39,0.16,TARGET,2026-07-05 20:27:00,2026-07-05 20:25:00,2026-07-05 20:26:00,8,31,60,1.0,0.8,30,required,closed_all,1.8,2.0
BUY,4191.06,4186.95522,4194.34383,4186.95522,-4.10478,-1.0,1.75,4.17,STOP,2026-07-05 22:04:00,2026-07-05 22:03:00,2026-07-05 22:04:00,8,31,60,1.0,0.8,30,required,closed_all,1.8,2.0
BUY,4187.79,4183.72381,4191.04295,4191.04295,3.25295,0.8,3.52,0.85,TARGET,2026-07-05 22:15:00,2026-07-05 22:13:00,2026-07-05 22:14:00,8,31,60,1.0,0.8,30,required,closed_all,1.8,2.0
BUY,4189.3,4185.35568,4192.45545,4192.45545,3.15545,0.8,3.48,0.97,TARGET,2026-07-05 22:16:00,2026-07-05 22:14:00,2026-07-05 22:15:00,8,31,60,1.0,0.8,30,required,closed_all,1.8,2.0
BUY,4191.31,4187.43456,4194.41035,4187.43456,-3.87544,-1.0,1.47,5.52,STOP,2026-07-05 22:17:00,2026-07-05 22:15:00,2026-07-05 22:16:00,8,31,60,1.0,0.8,30,required,closed_all,1.8,2.0
BUY,4188.85,4185.03247,4191.90402,4185.03247,-3.81753,-1.0,1.62,5.64,STOP,2026-07-05 22:21:00,2026-07-05 22:19:00,2026-07-05 22:20:00,8,31,60,1.0,0.8,30,required,closed_all,1.8,2.0
BUY,4185.64,4182.01471,4188.54024,4188.54024,2.90024,0.8,4.02,1.32,TARGET,2026-07-05 22:28:00,2026-07-05 22:25:00,2026-07-05 22:26:00,8,31,60,1.0,0.8,30,required,closed_all,1.8,2.0
BUY,4187.16,4183.5908,4190.01536,4190.01536,2.85536,0.8,4.41,2.59,TARGET,2026-07-05 22:30:00,2026-07-05 22:26:00,2026-07-05 22:27:00,8,31,60,1.0,0.8,30,required,closed_all,1.8,2.0
BUY,4188.14,4184.57074,4190.99541,4190.99541,2.85541,0.8,3.43,2.27,TARGET,2026-07-05 22:30:00,2026-07-05 22:27:00,2026-07-05 22:28:00,8,31,60,1.0,0.8,30,required,closed_all,1.8,2.0
BUY,4189.71,4186.19819,4192.51945,4192.51945,2.80945,0.8,4.67,2.34,TARGET,2026-07-05 22:32:00,2026-07-05 22:29:00,2026-07-05 22:30:00,8,31,60,1.0,0.8,30,required,closed_all,1.8,2.0
BUY,4190.51,4187.0141,4193.30672,4193.30672,2.79672,0.8,3.87,1.33,TARGET,2026-07-05 22:32:00,2026-07-05 22:31:00,2026-07-05 22:32:00,8,31,60,1.0,0.8,30,required,closed_all,1.8,2.0
BUY,4163.65,4162.6223,4164.47216,4164.47216,0.82216,0.8,1.61,0.68,TARGET,2026-07-06 16:00:00,2026-07-06 15:56:00,2026-07-06 15:57:00,8,31,60,1.0,0.8,30,required,closed_all,1.8,2.0
BUY,4163.81,4162.84464,4164.58229,4164.58229,0.77229,0.8,1.45,0.19,TARGET,2026-07-06 16:00:00,2026-07-06 15:59:00,2026-07-06 16:00:00,8,31,60,1.0,0.8,30,required,closed_all,1.8,2.0
BUY,4162.39,4161.43006,4163.15795,4163.15795,0.76795,0.8,0.85,0.84,TARGET,2026-07-06 16:29:00,2026-07-06 16:26:00,2026-07-06 16:27:00,8,31,60,1.0,0.8,30,required,closed_all,1.8,2.0
BUY,4162.71,4161.74393,4163.48285,4161.74393,-0.96607,-1.0,0.53,1.14,STOP,2026-07-06 16:30:00,2026-07-06 16:28:00,2026-07-06 16:29:00,8,31,60,1.0,0.8,30,required,closed_all,1.8,2.0
BUY,4162.71,4161.69776,4163.51979,4161.69776,-1.01224,-1.0,0.08,1.12,STOP,2026-07-06 16:33:00,2026-07-06 16:31:00,2026-07-06 16:32:00,8,31,60,1.0,0.8,30,required,closed_all,1.8,2.0
BUY,4163.8,4162.59613,4164.7631,4162.59613,-1.20387,-1.0,0.7,1.45,STOP,2026-07-06 17:03:00,2026-07-06 16:59:00,2026-07-06 17:00:00,8,31,60,1.0,0.8,30,required,closed_all,1.8,2.0
BUY,4162.96,4162.28885,4163.49692,4163.49692,0.53692,0.8,1.44,0.59,TARGET,2026-07-06 17:33:00,2026-07-06 17:28:00,2026-07-06 17:29:00,8,31,60,1.0,0.8,30,required,closed_all,1.8,2.0
BUY,4163.87,4163.28889,4164.33489,4164.33489,0.46489,0.8,0.8,0.38,TARGET,2026-07-06 17:53:00,2026-07-06 17:50:00,2026-07-06 17:51:00,8,31,60,1.0,0.8,30,required,closed_all,1.8,2.0
BUY,4166.32,4165.33853,4167.10517,4167.10517,0.78517,0.8,0.79,0.7,TARGET,2026-07-06 19:19:00,2026-07-06 19:14:00,2026-07-06 19:15:00,8,31,60,1.0,0.8,30,required,closed_all,1.8,2.0
BUY,4166.09,4165.40763,4166.63589,4166.63589,0.54589,0.8,0.83,0.24,TARGET,2026-07-06 19:31:00,2026-07-06 19:29:00,2026-07-06 19:30:00,8,31,60,1.0,0.8,30,required,closed_all,1.8,2.0
BUY,4166.33,4165.66209,4166.86433,4166.86433,0.53433,0.8,0.59,0.3,TARGET,2026-07-06 19:31:00,2026-07-06 19:30:00,2026-07-06 19:31:00,8,31,60,1.0,0.8,30,required,closed_all,1.8,2.0
BUY,4136.9,4135.45142,4138.05887,4138.05887,1.15887,0.8,5.16,0.04,TARGET,2026-07-07 08:18:00,2026-07-07 08:17:00,2026-07-07 08:18:00,8,31,60,1.0,0.8,30,required,closed_all,1.8,2.0
BUY,4166.47,4163.57497,4168.78602,4168.78602,2.31602,0.8,3.45,2.41,TARGET,2026-07-07 09:51:00,2026-07-07 09:44:00,2026-07-07 09:45:00,8,31,60,1.0,0.8,30,required,closed_all,1.8,2.0
BUY,4167.01,4164.31717,4169.16426,4169.16426,2.15426,0.8,2.91,0.19,TARGET,2026-07-07 09:51:00,2026-07-07 09:50:00,2026-07-07 09:51:00,8,31,60,1.0,0.8,30,required,closed_all,1.8,2.0
BUY,4167.36,4164.81093,4169.39926,4169.39926,2.03926,0.8,2.54,0.79,TARGET,2026-07-07 09:55:00,2026-07-07 09:54:00,2026-07-07 09:55:00,8,31,60,1.0,0.8,30,required,closed_all,1.8,2.0
BUY,4170.2,4167.08761,4172.68991,4167.08761,-3.11239,-1.0,2.2,4.81,STOP,2026-07-07 10:24:00,2026-07-07 10:16:00,2026-07-07 10:17:00,8,31,60,1.0,0.8,30,required,closed_all,1.8,2.0
BUY,4171.65,4168.80912,4173.9227,4173.9227,2.2727,0.8,8.17,0.53,TARGET,2026-07-07 10:36:00,2026-07-07 10:35:00,2026-07-07 10:36:00,8,31,60,1.0,0.8,30,required,closed_all,1.8,2.0
BUY,4127.93,4126.63354,4128.96717,4126.63354,-1.29646,-1.0,0.25,2.82,STOP,2026-07-08 00:55:00,2026-07-08 00:52:00,2026-07-08 00:53:00,8,31,60,1.0,0.8,30,required,closed_all,1.8,2.0
BUY,4126.98,4125.14792,4128.44567,4125.14792,-1.83208,-1.0,0.19,2.61,STOP,2026-07-08 01:30:00,2026-07-08 01:25:00,2026-07-08 01:26:00,8,31,60,1.0,0.8,30,required,closed_all,1.8,2.0
BUY,4126.3,4124.57907,4127.67674,4124.57907,-1.72093,-1.0,0.82,1.93,STOP,2026-07-08 01:30:00,2026-07-08 01:27:00,2026-07-08 01:28:00,8,31,60,1.0,0.8,30,required,closed_all,1.8,2.0
BUY,4126.29,4124.66262,4127.59191,4124.66262,-1.62738,-1.0,0.83,1.92,STOP,2026-07-08 01:30:00,2026-07-08 01:29:00,2026-07-08 01:30:00,8,31,60,1.0,0.8,30,required,closed_all,1.8,2.0
BUY,4127.36,4125.58226,4128.78219,4125.58226,-1.77774,-1.0,0.79,2.1,STOP,2026-07-08 01:33:00,2026-07-08 01:31:00,2026-07-08 01:32:00,8,31,60,1.0,0.8,30,required,closed_all,1.8,2.0
BUY,4127.05,4125.49483,4128.29413,4125.49483,-1.55517,-1.0,0.35,2.05,STOP,2026-07-08 02:03:00,2026-07-08 02:00:00,2026-07-08 02:01:00,8,31,60,1.0,0.8,30,required,closed_all,1.8,2.0
BUY,4127.94,4126.39918,4129.17266,4129.17266,1.23266,0.8,2.66,0.18,TARGET,2026-07-08 02:05:00,2026-07-08 02:04:00,2026-07-08 02:05:00,8,31,60,1.0,0.8,30,required,closed_all,1.8,2.0
BUY,4128.92,4126.70974,4130.68821,4130.68821,1.76821,0.8,2.16,0.64,TARGET,2026-07-08 02:42:00,2026-07-08 02:40:00,2026-07-08 02:41:00,8,31,60,1.0,0.8,30,required,closed_all,1.8,2.0
BUY,4129.73,4127.57404,4131.45477,4131.45477,1.72477,0.8,1.89,1.18,TARGET,2026-07-08 02:43:00,2026-07-08 02:41:00,2026-07-08 02:42:00,8,31,60,1.0,0.8,30,required,closed_all,1.8,2.0
BUY,4130.85,4128.81034,4132.48172,4132.48172,1.63172,0.8,2.66,0.99,TARGET,2026-07-08 03:24:00,2026-07-08 03:21:00,2026-07-08 03:22:00,8,31,60,1.0,0.8,30,required,closed_all,1.8,2.0
BUY,4131.4,4129.43979,4132.96817,4132.96817,1.56817,0.8,2.11,0.44,TARGET,2026-07-08 03:24:00,2026-07-08 03:23:00,2026-07-08 03:24:00,8,31,60,1.0,0.8,30,required,closed_all,1.8,2.0
BUY,4183.17,4180.31953,4185.48601,4180.31953,-2.85047,-1.0,0.61,3.12,STOP,2026-07-03 00:21:00,2026-07-03 00:13:00,2026-07-03 00:14:00,3,20,62,1.6,1.3,20,required,closed_all,1.2,1.2
BUY,4182.25,4179.96109,4184.10974,4179.96109,-2.28891,-1.0,0.03,2.64,STOP,2026-07-03 00:30:00,2026-07-03 00:28:00,2026-07-03 00:29:00,3,20,62,1.6,1.3,20,required,closed_all,1.2,1.2
BUY,4174.42,4171.53153,4176.76688,4176.76688,2.34688,0.8125,2.59,1.85,TARGET,2026-07-03 04:30:00,2026-07-03 04:25:00,2026-07-03 04:26:00,3,20,62,1.6,1.3,20,required,closed_all,1.2,1.2
BUY,4188.14,4182.42919,4192.78004,4192.78004,4.64004,0.8125,6.24,2.27,TARGET,2026-07-05 22:32:00,2026-07-05 22:27:00,2026-07-05 22:28:00,3,20,62,1.6,1.3,20,required,closed_all,1.2,1.2
BUY,4162.71,4161.16429,4163.96589,4161.16429,-1.54571,-1.0,0.53,2.6,STOP,2026-07-06 16:35:00,2026-07-06 16:28:00,2026-07-06 16:29:00,3,20,62,1.6,1.3,20,required,closed_all,1.2,1.2
BUY,4128.92,4125.38358,4131.79334,4125.38358,-3.53642,-1.0,2.7,3.9,STOP,2026-07-08 02:49:00,2026-07-08 02:40:00,2026-07-08 02:41:00,3,20,62,1.6,1.3,20,required,closed_all,1.2,1.2
BUY,4129.73,4126.28046,4132.53275,4126.28046,-3.44954,-1.0,1.89,4.18,STOP,2026-07-08 02:48:00,2026-07-08 02:41:00,2026-07-08 02:42:00,3,20,62,1.6,1.3,20,required,closed_all,1.2,1.2
BUY,4128.02,4124.99931,4130.47431,4124.99931,-3.02069,-1.0,1.17,3.48,STOP,2026-07-08 03:02:00,2026-07-08 02:56:00,2026-07-08 02:57:00,3,20,62,1.6,1.3,20,required,closed_all,1.2,1.2
BUY,4128.89,4125.17725,4131.17477,4131.17477,2.28477,0.61538,6.43,2.32,TARGET,2026-07-02 21:13:00,2026-07-02 21:09:00,2026-07-02 21:10:00,6,32,86,1.3,0.8,30,required,closed_all,1.2,0.8
BUY,4185.64,4180.92712,4188.54024,4188.54024,2.90024,0.61538,4.02,1.32,TARGET,2026-07-05 22:28:00,2026-07-05 22:25:00,2026-07-05 22:26:00,6,32,86,1.3,0.8,30,required,closed_all,1.2,0.8
BUY,4187.16,4182.52004,4190.01536,4190.01536,2.85536,0.61538,4.41,2.59,TARGET,2026-07-05 22:30:00,2026-07-05 22:26:00,2026-07-05 22:27:00,6,32,86,1.3,0.8,30,required,closed_all,1.2,0.8
BUY,4127.19,4124.39931,4128.90735,4128.90735,1.71735,0.61538,2.97,0.59,TARGET,2026-07-08 02:38:00,2026-07-08 02:36:00,2026-07-08 02:37:00,6,32,86,1.3,0.8,30,required,closed_all,1.2,0.8
BUY,4128.26,4125.5145,4129.94954,4129.94954,1.68954,0.61538,1.9,1.34,TARGET,2026-07-08 02:38:00,2026-07-08 02:37:00,2026-07-08 02:38:00,6,32,86,1.3,0.8,30,required,closed_all,1.2,0.8
BUY,4185.64,4180.92712,4189.26529,4189.26529,3.62529,0.76923,4.02,1.32,TARGET,2026-07-05 22:28:00,2026-07-05 22:25:00,2026-07-05 22:26:00,4,39,98,1.3,1.0,20,warning_only,closed_all,1.8,0.8
BUY,4187.16,4182.52004,4190.7292,4190.7292,3.5692,0.76923,4.41,2.59,TARGET,2026-07-05 22:30:00,2026-07-05 22:26:00,2026-07-05 22:27:00,4,39,98,1.3,1.0,20,warning_only,closed_all,1.8,0.8
BUY,4108.98,4105.54559,4111.62185,4111.62185,2.64185,0.76923,3.24,0.87,TARGET,2026-07-07 23:06:00,2026-07-07 23:05:00,2026-07-07 23:06:00,4,39,98,1.3,1.0,20,warning_only,closed_all,1.8,0.8
BUY,4127.19,4124.39931,4129.33668,4129.33668,2.14668,0.76923,2.97,0.59,TARGET,2026-07-08 02:38:00,2026-07-08 02:36:00,2026-07-08 02:37:00,4,39,98,1.3,1.0,20,warning_only,closed_all,1.8,0.8
BUY,4128.26,4125.5145,4130.37192,4130.37192,2.11192,0.76923,2.82,1.7,TARGET,2026-07-08 02:42:00,2026-07-08 02:37:00,2026-07-08 02:38:00,4,39,98,1.3,1.0,20,warning_only,closed_all,1.8,0.8
BUY,4128.02,4125.56569,4129.90793,4125.56569,-2.45431,-1.0,1.17,3.48,STOP,2026-07-08 03:02:00,2026-07-08 02:56:00,2026-07-08 02:57:00,4,39,98,1.3,1.0,20,warning_only,closed_all,1.8,0.8
BUY,4185.64,4182.01471,4188.54024,4188.54024,2.90024,0.8,4.02,1.32,TARGET,2026-07-05 22:28:00,2026-07-05 22:25:00,2026-07-05 22:26:00,5,39,89,1.0,0.8,20,required,closed_all,1.8,0.8
BUY,4187.16,4183.5908,4190.01536,4190.01536,2.85536,0.8,4.41,2.59,TARGET,2026-07-05 22:30:00,2026-07-05 22:26:00,2026-07-05 22:27:00,5,39,89,1.0,0.8,20,required,closed_all,1.8,0.8
BUY,4127.19,4125.04332,4128.90735,4128.90735,1.71735,0.8,2.97,0.59,TARGET,2026-07-08 02:38:00,2026-07-08 02:36:00,2026-07-08 02:37:00,5,39,89,1.0,0.8,20,required,closed_all,1.8,0.8
BUY,4128.26,4126.14808,4129.94954,4129.94954,1.68954,0.8,1.9,1.34,TARGET,2026-07-08 02:38:00,2026-07-08 02:37:00,2026-07-08 02:38:00,5,39,89,1.0,0.8,20,required,closed_all,1.8,0.8
BUY,4128.6,4124.95183,4130.88011,4130.88011,2.28011,0.625,3.12,1.59,TARGET,2026-07-02 20:56:00,2026-07-02 20:54:00,2026-07-02 20:55:00,3,22,78,1.6,1.0,20,required,closed_all,1.8,1.2
BUY,4182.25,4179.96109,4183.68057,4179.96109,-2.28891,-1.0,0.03,2.64,STOP,2026-07-03 00:30:00,2026-07-03 00:28:00,2026-07-03 00:29:00,3,22,78,1.6,1.0,20,required,closed_all,1.8,1.2
BUY,4174.42,4171.53153,4176.22529,4176.22529,1.80529,0.625,2.59,1.85,TARGET,2026-07-03 04:30:00,2026-07-03 04:25:00,2026-07-03 04:26:00,3,22,78,1.6,1.0,20,required,closed_all,1.8,1.2
BUY,4177.27,4175.40861,4178.43337,4178.43337,1.16337,0.625,1.71,1.82,TARGET,2026-07-03 08:04:00,2026-07-03 07:56:00,2026-07-03 07:57:00,3,22,78,1.6,1.0,20,required,closed_all,1.8,1.2
BUY,4178.03,4176.2331,4179.15306,4179.15306,1.12306,0.625,1.41,1.36,TARGET,2026-07-03 08:05:00,2026-07-03 08:03:00,2026-07-03 08:04:00,3,22,78,1.6,1.0,20,required,closed_all,1.8,1.2
BUY,4187.79,4181.2841,4191.85619,4191.85619,4.06619,0.625,4.99,0.85,TARGET,2026-07-05 22:16:00,2026-07-05 22:13:00,2026-07-05 22:14:00,3,22,78,1.6,1.0,20,required,closed_all,1.8,1.2
BUY,4187.16,4181.44928,4190.7292,4190.7292,3.5692,0.625,4.41,2.59,TARGET,2026-07-05 22:30:00,2026-07-05 22:26:00,2026-07-05 22:27:00,3,22,78,1.6,1.0,20,required,closed_all,1.8,1.2
BUY,4188.14,4182.42919,4191.70926,4191.70926,3.56926,0.625,6.24,2.27,TARGET,2026-07-05 22:32:00,2026-07-05 22:27:00,2026-07-05 22:28:00,3,22,78,1.6,1.0,20,required,closed_all,1.8,1.2
BUY,4162.01,4160.37804,4163.02997,4163.02997,1.01997,0.625,1.23,1.08,TARGET,2026-07-06 16:29:00,2026-07-06 16:20:00,2026-07-06 16:21:00,3,22,78,1.6,1.0,20,required,closed_all,1.8,1.2
BUY,4161.96,4160.32887,4162.97946,4162.97946,1.01946,0.625,1.28,0.57,TARGET,2026-07-06 16:29:00,2026-07-06 16:23:00,2026-07-06 16:24:00,3,22,78,1.6,1.0,20,required,closed_all,1.8,1.2
BUY,4128.26,4124.88093,4130.37192,4130.37192,2.11192,0.625,2.82,1.7,TARGET,2026-07-08 02:42:00,2026-07-08 02:37:00,2026-07-08 02:38:00,3,22,78,1.6,1.0,20,required,closed_all,1.8,1.2
BUY,4128.92,4125.38358,4131.13026,4131.13026,2.21026,0.625,2.7,0.64,TARGET,2026-07-08 02:43:00,2026-07-08 02:40:00,2026-07-08 02:41:00,3,22,78,1.6,1.0,20,required,closed_all,1.8,1.2
BUY,4128.02,4124.99931,4129.90793,4124.99931,-3.02069,-1.0,1.17,3.48,STOP,2026-07-08 03:02:00,2026-07-08 02:56:00,2026-07-08 02:57:00,3,22,78,1.6,1.0,20,required,closed_all,1.8,1.2
BUY,4185.64,4182.01471,4190.35288,4190.35288,4.71288,1.3,5.93,1.32,TARGET,2026-07-05 22:30:00,2026-07-05 22:25:00,2026-07-05 22:26:00,3,34,65,1.0,1.3,15,required,closed_all,0.8,1.2
BUY,4187.16,4183.5908,4191.79996,4191.79996,4.63996,1.3,7.22,2.59,TARGET,2026-07-05 22:32:00,2026-07-05 22:26:00,2026-07-05 22:27:00,3,34,65,1.0,1.3,15,required,closed_all,0.8,1.2
BUY,4128.26,4126.14808,4131.0055,4131.0055,2.7455,1.3,2.82,1.7,TARGET,2026-07-08 02:42:00,2026-07-08 02:37:00,2026-07-08 02:38:00,3,34,65,1.0,1.3,15,required,closed_all,0.8,1.2
BUY,4128.02,4126.13207,4130.47431,4126.13207,-1.88793,-1.0,1.17,3.48,STOP,2026-07-08 03:02:00,2026-07-08 02:56:00,2026-07-08 02:57:00,3,34,65,1.0,1.3,15,required,closed_all,0.8,1.2
BUY,4128.89,4126.03404,4131.17477,4131.17477,2.28477,0.8,6.43,2.32,TARGET,2026-07-02 21:13:00,2026-07-02 21:09:00,2026-07-02 21:10:00,8,32,74,1.0,0.8,5,warning_only,closed_all,1.2,0.8
BUY,4185.64,4182.01471,4188.54024,4188.54024,2.90024,0.8,4.02,1.32,TARGET,2026-07-05 22:28:00,2026-07-05 22:25:00,2026-07-05 22:26:00,8,32,74,1.0,0.8,5,warning_only,closed_all,1.2,0.8
BUY,4187.16,4183.5908,4190.01536,4190.01536,2.85536,0.8,4.41,2.59,TARGET,2026-07-05 22:30:00,2026-07-05 22:26:00,2026-07-05 22:27:00,8,32,74,1.0,0.8,5,warning_only,closed_all,1.2,0.8
BUY,4108.98,4106.33815,4111.09348,4111.09348,2.11348,0.8,3.24,0.87,TARGET,2026-07-07 23:06:00,2026-07-07 23:05:00,2026-07-07 23:06:00,8,32,74,1.0,0.8,5,warning_only,closed_all,1.2,0.8
BUY,4126.29,4124.66262,4127.59191,4124.66262,-1.62738,-1.0,0.83,1.92,STOP,2026-07-08 01:30:00,2026-07-08 01:29:00,2026-07-08 01:30:00,8,32,74,1.0,0.8,5,warning_only,closed_all,1.2,0.8
BUY,4127.19,4125.04332,4128.90735,4128.90735,1.71735,0.8,2.97,0.59,TARGET,2026-07-08 02:38:00,2026-07-08 02:36:00,2026-07-08 02:37:00,8,32,74,1.0,0.8,5,warning_only,closed_all,1.2,0.8
BUY,4128.26,4126.14808,4129.94954,4129.94954,1.68954,0.8,1.9,1.34,TARGET,2026-07-08 02:38:00,2026-07-08 02:37:00,2026-07-08 02:38:00,8,32,74,1.0,0.8,5,warning_only,closed_all,1.2,0.8
BUY,4078.04,4074.0538,4081.22896,4077.91,-0.13,-0.03261,2.16,3.58,TIME_EXIT,2026-07-08 10:41:00,2026-07-08 10:36:00,2026-07-08 10:37:00,8,32,74,1.0,0.8,5,warning_only,closed_all,1.2,0.8
BUY,4134.23,4130.44953,4138.01047,4138.01047,3.78047,1.0,4.27,1.31,TARGET,2026-07-02 21:22:00,2026-07-02 21:17:00,2026-07-02 21:18:00,5,23,94,1.3,1.3,5,warning_only,closed_all,0.8,2.0
BUY,4175.29,4173.04139,4177.53861,4177.53861,2.24861,1.0,2.93,1.62,TARGET,2026-07-03 04:34:00,2026-07-03 04:29:00,2026-07-03 04:30:00,5,23,94,1.3,1.3,5,warning_only,closed_all,0.8,2.0
BUY,4175.91,4173.6151,4178.2049,4178.2049,2.2949,1.0,2.31,0.27,TARGET,2026-07-03 04:34:00,2026-07-03 04:33:00,2026-07-03 04:34:00,5,23,94,1.3,1.3,5,warning_only,closed_all,0.8,2.0
BUY,4179.44,4177.91046,4180.96954,4177.91046,-1.52954,-1.0,0.1,2.02,STOP,2026-07-03 08:07:00,2026-07-03 08:05:00,2026-07-03 08:06:00,5,23,94,1.3,1.3,5,warning_only,closed_all,0.8,2.0
BUY,4189.3,4184.17239,4194.42761,4188.63,-0.67,-0.13067,3.48,5.08,TIME_EXIT,2026-07-05 22:19:00,2026-07-05 22:14:00,2026-07-05 22:15:00,5,23,94,1.3,1.3,5,warning_only,closed_all,0.8,2.0
BUY,4191.31,4186.27193,4196.34807,4186.27193,-5.03807,-1.0,1.47,5.52,STOP,2026-07-05 22:17:00,2026-07-05 22:15:00,2026-07-05 22:16:00,5,23,94,1.3,1.3,5,warning_only,closed_all,0.8,2.0
BUY,4189.71,4185.14465,4194.27535,4194.27535,4.56535,1.0,4.67,2.34,TARGET,2026-07-05 22:32:00,2026-07-05 22:29:00,2026-07-05 22:30:00,5,23,94,1.3,1.3,5,warning_only,closed_all,0.8,2.0
BUY,4190.51,4185.96533,4195.05467,4195.05467,4.54467,1.0,7.26,1.33,TARGET,2026-07-05 22:34:00,2026-07-05 22:31:00,2026-07-05 22:32:00,5,23,94,1.3,1.3,5,warning_only,closed_all,0.8,2.0
BUY,4156.92,4154.96432,4158.87568,4154.96432,-1.95568,-1.0,1.31,2.28,STOP,2026-07-06 09:10:00,2026-07-06 09:05:00,2026-07-06 09:06:00,5,23,94,1.3,1.3,5,warning_only,closed_all,0.8,2.0
BUY,4147.29,4145.43414,4149.14586,4149.14586,1.85586,1.0,2.22,0.29,TARGET,2026-07-06 13:37:00,2026-07-06 13:35:00,2026-07-06 13:36:00,5,23,94,1.3,1.3,5,warning_only,closed_all,0.8,2.0
BUY,4162.57,4161.39869,4163.74131,4163.74131,1.17131,1.0,1.19,0.62,TARGET,2026-07-06 16:49:00,2026-07-06 16:46:00,2026-07-06 16:47:00,5,23,94,1.3,1.3,5,warning_only,closed_all,0.8,2.0
BUY,4162.96,4162.08751,4163.83249,4163.83249,0.87249,1.0,1.44,0.59,TARGET,2026-07-06 17:33:00,2026-07-06 17:28:00,2026-07-06 17:29:00,5,23,94,1.3,1.3,5,warning_only,closed_all,0.8,2.0
BUY,4163.33,4162.55829,4164.10171,4164.10171,0.77171,1.0,0.82,0.2,TARGET,2026-07-06 17:51:00,2026-07-06 17:47:00,2026-07-06 17:48:00,5,23,94,1.3,1.3,5,warning_only,closed_all,0.8,2.0
BUY,4133.13,4131.09613,4135.16387,4132.98,-0.15,-0.07375,0.81,0.93,TIME_EXIT,2026-07-07 07:11:00,2026-07-07 07:06:00,2026-07-07 07:07:00,5,23,94,1.3,1.3,5,warning_only,closed_all,0.8,2.0
BUY,4108.98,4105.54559,4112.41441,4112.41441,3.43441,1.0,6.37,0.87,TARGET,2026-07-07 23:07:00,2026-07-07 23:05:00,2026-07-07 23:06:00,5,23,94,1.3,1.3,5,warning_only,closed_all,0.8,2.0
BUY,4126.3,4124.06279,4128.53721,4126.8,0.5,0.22349,1.85,1.93,TIME_EXIT,2026-07-08 01:32:00,2026-07-08 01:27:00,2026-07-08 01:28:00,5,23,94,1.3,1.3,5,warning_only,closed_all,0.8,2.0
BUY,4127.19,4124.39931,4129.98069,4129.98069,2.79069,1.0,2.97,0.59,TARGET,2026-07-08 02:38:00,2026-07-08 02:36:00,2026-07-08 02:37:00,5,23,94,1.3,1.3,5,warning_only,closed_all,0.8,2.0
BUY,4128.26,4125.5145,4131.0055,4131.0055,2.7455,1.0,2.82,1.7,TARGET,2026-07-08 02:42:00,2026-07-08 02:37:00,2026-07-08 02:38:00,5,23,94,1.3,1.3,5,warning_only,closed_all,0.8,2.0
BUY,4129.73,4126.92725,4132.53275,4129.19,-0.54,-0.19267,1.89,2.07,TIME_EXIT,2026-07-08 02:46:00,2026-07-08 02:41:00,2026-07-08 02:42:00,5,23,94,1.3,1.3,5,warning_only,closed_all,0.8,2.0
BUY,4130.85,4128.19845,4133.50155,4133.50155,2.65155,1.0,2.66,0.99,TARGET,2026-07-08 03:24:00,2026-07-08 03:21:00,2026-07-08 03:22:00,5,23,94,1.3,1.3,5,warning_only,closed_all,0.8,2.0
BUY,4185.64,4182.01471,4189.26529,4189.26529,3.62529,1.0,4.02,1.32,TARGET,2026-07-05 22:28:00,2026-07-05 22:25:00,2026-07-05 22:26:00,8,25,100,1.0,1.0,15,required,closed_all,0.8,0.8
BUY,4187.16,4183.5908,4190.7292,4190.7292,3.5692,1.0,4.41,2.59,TARGET,2026-07-05 22:30:00,2026-07-05 22:26:00,2026-07-05 22:27:00,8,25,100,1.0,1.0,15,required,closed_all,0.8,0.8
BUY,4185.64,4182.01471,4189.26529,4189.26529,3.62529,1.0,4.02,1.32,TARGET,2026-07-05 22:28:00,2026-07-05 22:25:00,2026-07-05 22:26:00,8,39,78,1.0,1.0,10,warning_only,closed_all,0.8,0.8
BUY,4187.16,4183.5908,4190.7292,4190.7292,3.5692,1.0,4.41,2.59,TARGET,2026-07-05 22:30:00,2026-07-05 22:26:00,2026-07-05 22:27:00,8,39,78,1.0,1.0,10,warning_only,closed_all,0.8,0.8
BUY,4108.98,4106.33815,4111.62185,4111.62185,2.64185,1.0,3.24,0.87,TARGET,2026-07-07 23:06:00,2026-07-07 23:05:00,2026-07-07 23:06:00,8,39,78,1.0,1.0,10,warning_only,closed_all,0.8,0.8
BUY,4126.29,4124.66262,4127.91738,4124.66262,-1.62738,-1.0,0.83,1.92,STOP,2026-07-08 01:30:00,2026-07-08 01:29:00,2026-07-08 01:30:00,8,39,78,1.0,1.0,10,warning_only,closed_all,0.8,0.8
BUY,4127.19,4125.04332,4129.33668,4129.33668,2.14668,1.0,2.97,0.59,TARGET,2026-07-08 02:38:00,2026-07-08 02:36:00,2026-07-08 02:37:00,8,39,78,1.0,1.0,10,warning_only,closed_all,0.8,0.8
BUY,4128.26,4126.14808,4130.37192,4130.37192,2.11192,1.0,2.82,1.7,TARGET,2026-07-08 02:42:00,2026-07-08 02:37:00,2026-07-08 02:38:00,8,39,78,1.0,1.0,10,warning_only,closed_all,0.8,0.8
BUY,4129.43,4126.51881,4131.66938,4126.51881,-2.91119,-1.0,1.25,3.19,STOP,2026-07-02 20:52:00,2026-07-02 20:47:00,2026-07-02 20:48:00,8,20,61,1.3,1.0,15,required,closed_all,0.8,2.0
BUY,4130.59,4127.73539,4132.78585,4127.73539,-2.85461,-1.0,0.09,3.38,STOP,2026-07-02 20:51:00,2026-07-02 20:48:00,2026-07-02 20:49:00,8,20,61,1.3,1.0,15,required,closed_all,0.8,2.0
BUY,4134.23,4130.44953,4137.13806,4137.13806,2.90806,0.76923,3.54,1.31,TARGET,2026-07-02 21:21:00,2026-07-02 21:17:00,2026-07-02 21:18:00,8,20,61,1.3,1.0,15,required,closed_all,0.8,2.0
BUY,4135.16,4131.44156,4138.02034,4138.02034,2.86034,0.76923,3.34,1.83,TARGET,2026-07-02 21:22:00,2026-07-02 21:18:00,2026-07-02 21:19:00,8,20,61,1.3,1.0,15,required,closed_all,0.8,2.0
BUY,4181.41,4178.79438,4183.42201,4183.42201,2.01201,0.76923,4.06,2.17,TARGET,2026-07-02 23:38:00,2026-07-02 23:33:00,2026-07-02 23:34:00,8,20,61,1.3,1.0,15,required,closed_all,0.8,2.0
BUY,4173.66,4171.19287,4175.55779,4171.19287,-2.46713,-1.0,0.72,2.87,STOP,2026-07-03 03:56:00,2026-07-03 03:49:00,2026-07-03 03:50:00,8,20,61,1.3,1.0,15,required,closed_all,0.8,2.0
BUY,4173.47,4171.09479,4175.29708,4171.09479,-2.37521,-1.0,0.91,2.68,STOP,2026-07-03 03:56:00,2026-07-03 03:52:00,2026-07-03 03:53:00,8,20,61,1.3,1.0,15,required,closed_all,0.8,2.0
BUY,4175.29,4173.04139,4177.0197,4177.0197,1.7297,0.76923,2.93,1.62,TARGET,2026-07-03 04:34:00,2026-07-03 04:29:00,2026-07-03 04:30:00,8,20,61,1.3,1.0,15,required,closed_all,0.8,2.0
BUY,4175.91,4173.6151,4177.6753,4177.6753,1.7653,0.76923,2.31,0.27,TARGET,2026-07-03 04:34:00,2026-07-03 04:33:00,2026-07-03 04:34:00,8,20,61,1.3,1.0,15,required,closed_all,0.8,2.0
BUY,4179.44,4177.91046,4180.61657,4177.91046,-1.52954,-1.0,0.1,2.02,STOP,2026-07-03 08:07:00,2026-07-03 08:05:00,2026-07-03 08:06:00,8,20,61,1.3,1.0,15,required,closed_all,0.8,2.0
BUY,4189.71,4187.72587,4191.23625,4191.23625,1.52625,0.76923,12.19,0.16,TARGET,2026-07-05 20:28:00,2026-07-05 20:25:00,2026-07-05 20:26:00,8,20,61,1.3,1.0,15,required,closed_all,0.8,2.0
BUY,4189.3,4184.17239,4193.24432,4184.17239,-5.12761,-1.0,3.48,6.09,STOP,2026-07-05 22:21:00,2026-07-05 22:14:00,2026-07-05 22:15:00,8,20,61,1.3,1.0,15,required,closed_all,0.8,2.0
BUY,4191.31,4186.27193,4195.18544,4186.27193,-5.03807,-1.0,1.47,5.52,STOP,2026-07-05 22:17:00,2026-07-05 22:15:00,2026-07-05 22:16:00,8,20,61,1.3,1.0,15,required,closed_all,0.8,2.0
BUY,4187.16,4182.52004,4190.7292,4190.7292,3.5692,0.76923,4.41,2.59,TARGET,2026-07-05 22:30:00,2026-07-05 22:26:00,2026-07-05 22:27:00,8,20,61,1.3,1.0,15,required,closed_all,0.8,2.0
BUY,4189.71,4185.14465,4193.22181,4193.22181,3.51181,0.76923,4.67,2.34,TARGET,2026-07-05 22:32:00,2026-07-05 22:29:00,2026-07-05 22:30:00,8,20,61,1.3,1.0,15,required,closed_all,0.8,2.0
BUY,4190.51,4185.96533,4194.0059,4194.0059,3.4959,0.76923,3.87,1.33,TARGET,2026-07-05 22:32:00,2026-07-05 22:31:00,2026-07-05 22:32:00,8,20,61,1.3,1.0,15,required,closed_all,0.8,2.0
BUY,4162.96,4162.08751,4163.63115,4163.63115,0.67115,0.76923,1.44,0.59,TARGET,2026-07-06 17:33:00,2026-07-06 17:28:00,2026-07-06 17:29:00,8,20,61,1.3,1.0,15,required,closed_all,0.8,2.0
BUY,4167.36,4164.04621,4169.90907,4169.90907,2.54907,0.76923,3.69,0.79,TARGET,2026-07-07 09:58:00,2026-07-07 09:54:00,2026-07-07 09:55:00,8,20,61,1.3,1.0,15,required,closed_all,0.8,2.0
BUY,4170.2,4166.1539,4173.31239,4166.1539,-4.0461,-1.0,2.2,4.81,STOP,2026-07-07 10:24:00,2026-07-07 10:16:00,2026-07-07 10:17:00,8,20,61,1.3,1.0,15,required,closed_all,0.8,2.0
BUY,4126.3,4124.06279,4128.02093,4128.02093,1.72093,0.76923,1.85,1.93,TARGET,2026-07-08 01:32:00,2026-07-08 01:27:00,2026-07-08 01:28:00,8,20,61,1.3,1.0,15,required,closed_all,0.8,2.0
BUY,4126.29,4124.1744,4127.91738,4127.91738,1.62738,0.76923,1.86,1.92,TARGET,2026-07-08 01:32:00,2026-07-08 01:29:00,2026-07-08 01:30:00,8,20,61,1.3,1.0,15,required,closed_all,0.8,2.0
BUY,4129.73,4126.92725,4131.88596,4126.92725,-2.80275,-1.0,1.89,4.18,STOP,2026-07-08 02:48:00,2026-07-08 02:41:00,2026-07-08 02:42:00,8,20,61,1.3,1.0,15,required,closed_all,0.8,2.0
BUY,4130.85,4128.19845,4132.88966,4132.88966,2.03966,0.76923,2.66,0.99,TARGET,2026-07-08 03:24:00,2026-07-08 03:21:00,2026-07-08 03:22:00,8,20,61,1.3,1.0,15,required,closed_all,0.8,2.0
BUY,4131.4,4128.85172,4133.36021,4133.36021,1.96021,0.76923,2.11,0.44,TARGET,2026-07-08 03:24:00,2026-07-08 03:23:00,2026-07-08 03:24:00,8,20,61,1.3,1.0,15,required,closed_all,0.8,2.0
BUY,4134.23,4130.44953,4138.01047,4138.01047,3.78047,1.0,4.27,1.31,TARGET,2026-07-02 21:22:00,2026-07-02 21:17:00,2026-07-02 21:18:00,7,37,96,1.3,1.3,15,required,closed_all,0.8,2.0
BUY,4175.29,4173.04139,4177.53861,4177.53861,2.24861,1.0,2.93,1.62,TARGET,2026-07-03 04:34:00,2026-07-03 04:29:00,2026-07-03 04:30:00,7,37,96,1.3,1.3,15,required,closed_all,0.8,2.0
BUY,4175.91,4173.6151,4178.2049,4178.2049,2.2949,1.0,2.31,0.27,TARGET,2026-07-03 04:34:00,2026-07-03 04:33:00,2026-07-03 04:34:00,7,37,96,1.3,1.3,15,required,closed_all,0.8,2.0
BUY,4179.44,4177.91046,4180.96954,4177.91046,-1.52954,-1.0,0.1,2.02,STOP,2026-07-03 08:07:00,2026-07-03 08:05:00,2026-07-03 08:06:00,7,37,96,1.3,1.3,15,required,closed_all,0.8,2.0
BUY,4189.3,4184.17239,4194.42761,4184.17239,-5.12761,-1.0,3.48,6.09,STOP,2026-07-05 22:21:00,2026-07-05 22:14:00,2026-07-05 22:15:00,7,37,96,1.3,1.3,15,required,closed_all,0.8,2.0
BUY,4191.31,4186.27193,4196.34807,4186.27193,-5.03807,-1.0,1.47,5.52,STOP,2026-07-05 22:17:00,2026-07-05 22:15:00,2026-07-05 22:16:00,7,37,96,1.3,1.3,15,required,closed_all,0.8,2.0
BUY,4185.64,4180.92712,4190.35288,4190.35288,4.71288,1.0,5.93,1.32,TARGET,2026-07-05 22:30:00,2026-07-05 22:25:00,2026-07-05 22:26:00,7,37,96,1.3,1.3,15,required,closed_all,0.8,2.0
BUY,4187.16,4182.52004,4191.79996,4191.79996,4.63996,1.0,7.22,2.59,TARGET,2026-07-05 22:32:00,2026-07-05 22:26:00,2026-07-05 22:27:00,7,37,96,1.3,1.3,15,required,closed_all,0.8,2.0
BUY,4189.71,4185.14465,4194.27535,4194.27535,4.56535,1.0,4.67,2.34,TARGET,2026-07-05 22:32:00,2026-07-05 22:29:00,2026-07-05 22:30:00,7,37,96,1.3,1.3,15,required,closed_all,0.8,2.0
BUY,4190.51,4185.96533,4195.05467,4195.05467,4.54467,1.0,7.26,1.33,TARGET,2026-07-05 22:34:00,2026-07-05 22:31:00,2026-07-05 22:32:00,7,37,96,1.3,1.3,15,required,closed_all,0.8,2.0
BUY,4162.96,4162.08751,4163.83249,4163.83249,0.87249,1.0,1.44,0.59,TARGET,2026-07-06 17:33:00,2026-07-06 17:28:00,2026-07-06 17:29:00,7,37,96,1.3,1.3,15,required,closed_all,0.8,2.0
BUY,4163.33,4162.55829,4164.10171,4164.10171,0.77171,1.0,0.82,0.2,TARGET,2026-07-06 17:51:00,2026-07-06 17:47:00,2026-07-06 17:48:00,7,37,96,1.3,1.3,15,required,closed_all,0.8,2.0
BUY,4146.33,4144.57417,4148.08583,4144.57417,-1.75583,-1.0,1.33,2.93,STOP,2026-07-07 14:50:00,2026-07-07 14:40:00,2026-07-07 14:41:00,7,37,96,1.3,1.3,15,required,closed_all,0.8,2.0
BUY,4130.85,4128.19845,4133.50155,4133.50155,2.65155,1.0,2.66,0.99,TARGET,2026-07-08 03:24:00,2026-07-08 03:21:00,2026-07-08 03:22:00,7,37,96,1.3,1.3,15,required,closed_all,0.8,2.0
BUY,4134.23,4130.44953,4136.55645,4136.55645,2.32645,0.61538,2.45,1.31,TARGET,2026-07-02 21:20:00,2026-07-02 21:17:00,2026-07-02 21:18:00,4,37,94,1.3,0.8,5,warning_only,closed_all,1.8,2.0
BUY,4183.04,4181.02669,4184.27896,4181.02669,-2.01331,-1.0,0.02,2.42,STOP,2026-07-03 00:35:00,2026-07-03 00:33:00,2026-07-03 00:34:00,4,37,94,1.3,0.8,5,warning_only,closed_all,1.8,2.0
BUY,4174.9,4172.41512,4176.42916,4176.42916,1.52916,0.61538,1.85,0.44,TARGET,2026-07-03 04:05:00,2026-07-03 04:04:00,2026-07-03 04:05:00,4,37,94,1.3,0.8,5,warning_only,closed_all,1.8,2.0
BUY,4174.42,4172.07312,4175.86424,4175.86424,1.44424,0.61538,2.59,1.85,TARGET,2026-07-03 04:30:00,2026-07-03 04:25:00,2026-07-03 04:26:00,4,37,94,1.3,0.8,5,warning_only,closed_all,1.8,2.0
BUY,4175.29,4173.04139,4176.67376,4176.67376,1.38376,0.61538,1.72,0.34,TARGET,2026-07-03 04:30:00,2026-07-03 04:29:00,2026-07-03 04:30:00,4,37,94,1.3,0.8,5,warning_only,closed_all,1.8,2.0
BUY,4175.84,4173.47057,4177.29811,4177.29811,1.45811,0.61538,2.38,0.95,TARGET,2026-07-03 04:34:00,2026-07-03 04:32:00,2026-07-03 04:33:00,4,37,94,1.3,0.8,5,warning_only,closed_all,1.8,2.0
BUY,4175.91,4173.6151,4177.32224,4177.32224,1.41224,0.61538,2.31,0.27,TARGET,2026-07-03 04:34:00,2026-07-03 04:33:00,2026-07-03 04:34:00,4,37,94,1.3,0.8,5,warning_only,closed_all,1.8,2.0
BUY,4179.44,4177.91046,4180.38126,4177.91046,-1.52954,-1.0,0.1,2.02,STOP,2026-07-03 08:07:00,2026-07-03 08:05:00,2026-07-03 08:06:00,4,37,94,1.3,0.8,5,warning_only,closed_all,1.8,2.0
BUY,4191.06,4185.72378,4194.34383,4185.72378,-5.33622,-1.0,1.75,8.47,STOP,2026-07-05 22:05:00,2026-07-05 22:03:00,2026-07-05 22:04:00,4,37,94,1.3,0.8,5,warning_only,closed_all,1.8,2.0
BUY,4189.3,4184.17239,4192.45545,4192.45545,3.15545,0.61538,3.48,0.97,TARGET,2026-07-05 22:16:00,2026-07-05 22:14:00,2026-07-05 22:15:00,4,37,94,1.3,0.8,5,warning_only,closed_all,1.8,2.0
BUY,4191.31,4186.27193,4194.41035,4186.27193,-5.03807,-1.0,1.47,5.52,STOP,2026-07-05 22:17:00,2026-07-05 22:15:00,2026-07-05 22:16:00,4,37,94,1.3,0.8,5,warning_only,closed_all,1.8,2.0
BUY,4188.85,4183.88722,4191.90402,4183.88722,-4.96278,-1.0,1.62,5.64,STOP,2026-07-05 22:21:00,2026-07-05 22:19:00,2026-07-05 22:20:00,4,37,94,1.3,0.8,5,warning_only,closed_all,1.8,2.0
BUY,4185.64,4180.92712,4188.54024,4188.54024,2.90024,0.61538,4.02,1.32,TARGET,2026-07-05 22:28:00,2026-07-05 22:25:00,2026-07-05 22:26:00,4,37,94,1.3,0.8,5,warning_only,closed_all,1.8,2.0
BUY,4187.16,4182.52004,4190.01536,4190.01536,2.85536,0.61538,4.41,2.59,TARGET,2026-07-05 22:30:00,2026-07-05 22:26:00,2026-07-05 22:27:00,4,37,94,1.3,0.8,5,warning_only,closed_all,1.8,2.0
BUY,4188.14,4183.49996,4190.99541,4190.99541,2.85541,0.61538,3.43,2.27,TARGET,2026-07-05 22:30:00,2026-07-05 22:27:00,2026-07-05 22:28:00,4,37,94,1.3,0.8,5,warning_only,closed_all,1.8,2.0
BUY,4189.71,4185.14465,4192.51945,4192.51945,2.80945,0.61538,4.67,2.34,TARGET,2026-07-05 22:32:00,2026-07-05 22:29:00,2026-07-05 22:30:00,4,37,94,1.3,0.8,5,warning_only,closed_all,1.8,2.0
BUY,4190.51,4185.96533,4193.30672,4193.30672,2.79672,0.61538,3.87,1.33,TARGET,2026-07-05 22:32:00,2026-07-05 22:31:00,2026-07-05 22:32:00,4,37,94,1.3,0.8,5,warning_only,closed_all,1.8,2.0
BUY,4156.2,4154.2821,4157.38024,4157.38024,1.18024,0.61538,2.05,1.0,TARGET,2026-07-06 09:03:00,2026-07-06 09:00:00,2026-07-06 09:01:00,4,37,94,1.3,0.8,5,warning_only,closed_all,1.8,2.0
BUY,4147.29,4145.43414,4148.43207,4148.43207,1.14207,0.61538,1.27,0.29,TARGET,2026-07-06 13:36:00,2026-07-06 13:35:00,2026-07-06 13:36:00,4,37,94,1.3,0.8,5,warning_only,closed_all,1.8,2.0
BUY,4161.96,4160.63471,4162.77557,4162.46,0.5,0.37727,0.75,0.57,TIME_EXIT,2026-07-06 16:28:00,2026-07-06 16:23:00,2026-07-06 16:24:00,4,37,94,1.3,0.8,5,warning_only,closed_all,1.8,2.0
BUY,4162.39,4161.14208,4163.15795,4163.15795,0.76795,0.61538,0.85,0.84,TARGET,2026-07-06 16:29:00,2026-07-06 16:26:00,2026-07-06 16:27:00,4,37,94,1.3,0.8,5,warning_only,closed_all,1.8,2.0
BUY,4162.71,4161.45411,4163.48285,4161.45411,-1.25589,-1.0,0.53,1.37,STOP,2026-07-06 16:31:00,2026-07-06 16:28:00,2026-07-06 16:29:00,4,37,94,1.3,0.8,5,warning_only,closed_all,1.8,2.0
BUY,4162.43,4161.22659,4163.17056,4163.17056,0.74056,0.61538,1.33,0.48,TARGET,2026-07-06 16:49:00,2026-07-06 16:45:00,2026-07-06 16:46:00,4,37,94,1.3,0.8,5,warning_only,closed_all,1.8,2.0
BUY,4162.57,4161.39869,4163.2908,4163.2908,0.7208,0.61538,1.19,0.62,TARGET,2026-07-06 16:49:00,2026-07-06 16:46:00,2026-07-06 16:47:00,4,37,94,1.3,0.8,5,warning_only,closed_all,1.8,2.0
BUY,4162.82,4161.31358,4163.74703,4163.74703,0.92703,0.61538,0.98,0.81,TARGET,2026-07-06 16:59:00,2026-07-06 16:58:00,2026-07-06 16:59:00,4,37,94,1.3,0.8,5,warning_only,closed_all,1.8,2.0
BUY,4162.7,4161.75841,4163.27944,4162.69,-0.01,-0.01062,0.52,0.53,TIME_EXIT,2026-07-06 17:30:00,2026-07-06 17:25:00,2026-07-06 17:26:00,4,37,94,1.3,0.8,5,warning_only,closed_all,1.8,2.0
BUY,4162.75,4161.82181,4163.32119,4163.32119,0.57119,0.61538,0.65,0.38,TARGET,2026-07-06 17:31:00,2026-07-06 17:26:00,2026-07-06 17:27:00,4,37,94,1.3,0.8,5,warning_only,closed_all,1.8,2.0
BUY,4162.96,4162.08751,4163.49692,4163.49692,0.53692,0.61538,1.44,0.59,TARGET,2026-07-06 17:33:00,2026-07-06 17:28:00,2026-07-06 17:29:00,4,37,94,1.3,0.8,5,warning_only,closed_all,1.8,2.0
BUY,4163.33,4162.55829,4163.8049,4163.8049,0.4749,0.61538,0.54,0.2,TARGET,2026-07-06 17:50:00,2026-07-06 17:47:00,2026-07-06 17:48:00,4,37,94,1.3,0.8,5,warning_only,closed_all,1.8,2.0
BUY,4135.55,4133.9266,4136.54901,4133.9266,-1.6234,-1.0,0.36,2.0,STOP,2026-07-07 08:00:00,2026-07-07 07:59:00,2026-07-07 08:00:00,4,37,94,1.3,0.8,5,warning_only,closed_all,1.8,2.0
BUY,4136.65,4134.77898,4137.8014,4137.8014,1.1514,0.61538,5.41,1.32,TARGET,2026-07-07 08:18:00,2026-07-07 08:16:00,2026-07-07 08:17:00,4,37,94,1.3,0.8,5,warning_only,closed_all,1.8,2.0
BUY,4108.98,4105.54559,4111.09348,4111.09348,2.11348,0.61538,3.24,0.87,TARGET,2026-07-07 23:06:00,2026-07-07 23:05:00,2026-07-07 23:06:00,4,37,94,1.3,0.8,5,warning_only,closed_all,1.8,2.0
BUY,4112.22,4108.64926,4114.41738,4114.41738,2.19738,0.61538,3.13,2.12,TARGET,2026-07-07 23:07:00,2026-07-07 23:06:00,2026-07-07 23:07:00,4,37,94,1.3,0.8,5,warning_only,closed_all,1.8,2.0
BUY,4127.37,4124.8358,4128.92951,4124.8358,-2.5342,-1.0,0.01,2.66,STOP,2026-07-08 01:25:00,2026-07-08 01:22:00,2026-07-08 01:23:00,4,37,94,1.3,0.8,5,warning_only,closed_all,1.8,2.0
BUY,4126.98,4124.59829,4128.44567,4124.59829,-2.38171,-1.0,0.19,2.61,STOP,2026-07-08 01:30:00,2026-07-08 01:25:00,2026-07-08 01:26:00,4,37,94,1.3,0.8,5,warning_only,closed_all,1.8,2.0
BUY,4126.3,4124.06279,4127.67674,4127.67674,1.37674,0.61538,1.85,1.93,TARGET,2026-07-08 01:32:00,2026-07-08 01:27:00,2026-07-08 01:28:00,4,37,94,1.3,0.8,5,warning_only,closed_all,1.8,2.0
BUY,4127.36,4125.04894,4128.78219,4127.44,0.08,0.03462,0.79,2.13,TIME_EXIT,2026-07-08 01:36:00,2026-07-08 01:31:00,2026-07-08 01:32:00,4,37,94,1.3,0.8,5,warning_only,closed_all,1.8,2.0
BUY,4127.05,4125.02828,4128.29413,4125.02828,-2.02172,-1.0,0.35,2.05,STOP,2026-07-08 02:03:00,2026-07-08 02:00:00,2026-07-08 02:01:00,4,37,94,1.3,0.8,5,warning_only,closed_all,1.8,2.0
BUY,4127.94,4125.93693,4129.17266,4129.17266,1.23266,0.61538,2.66,0.18,TARGET,2026-07-08 02:05:00,2026-07-08 02:04:00,2026-07-08 02:05:00,4,37,94,1.3,0.8,5,warning_only,closed_all,1.8,2.0
BUY,4128.79,4126.34178,4130.2966,4126.34178,-2.44822,-1.0,0.48,2.47,STOP,2026-07-08 02:20:00,2026-07-08 02:16:00,2026-07-08 02:17:00,4,37,94,1.3,0.8,5,warning_only,closed_all,1.8,2.0
BUY,4128.76,4126.2922,4130.27865,4126.2922,-2.4678,-1.0,0.21,5.07,STOP,2026-07-08 02:21:00,2026-07-08 02:18:00,2026-07-08 02:19:00,4,37,94,1.3,0.8,5,warning_only,closed_all,1.8,2.0
BUY,4127.19,4124.39931,4128.90735,4128.90735,1.71735,0.61538,2.97,0.59,TARGET,2026-07-08 02:38:00,2026-07-08 02:36:00,2026-07-08 02:37:00,4,37,94,1.3,0.8,5,warning_only,closed_all,1.8,2.0
BUY,4128.26,4125.5145,4129.94954,4129.94954,1.68954,0.61538,1.9,1.34,TARGET,2026-07-08 02:38:00,2026-07-08 02:37:00,2026-07-08 02:38:00,4,37,94,1.3,0.8,5,warning_only,closed_all,1.8,2.0
BUY,4128.92,4126.04666,4130.68821,4130.68821,1.76821,0.61538,2.16,0.64,TARGET,2026-07-08 02:42:00,2026-07-08 02:40:00,2026-07-08 02:41:00,4,37,94,1.3,0.8,5,warning_only,closed_all,1.8,2.0
BUY,4129.73,4126.92725,4131.45477,4131.45477,1.72477,0.61538,1.89,1.18,TARGET,2026-07-08 02:43:00,2026-07-08 02:41:00,2026-07-08 02:42:00,4,37,94,1.3,0.8,5,warning_only,closed_all,1.8,2.0
BUY,4128.02,4125.56569,4129.53035,4128.18,0.16,0.06519,1.17,1.59,TIME_EXIT,2026-07-08 03:01:00,2026-07-08 02:56:00,2026-07-08 02:57:00,4,37,94,1.3,0.8,5,warning_only,closed_all,1.8,2.0
BUY,4130.36,4127.63325,4132.038,4132.038,1.678,0.61538,2.45,1.06,TARGET,2026-07-08 03:16:00,2026-07-08 03:13:00,2026-07-08 03:14:00,4,37,94,1.3,0.8,5,warning_only,closed_all,1.8,2.0
BUY,4130.85,4128.19845,4132.48172,4132.48172,1.63172,0.61538,2.66,0.99,TARGET,2026-07-08 03:24:00,2026-07-08 03:21:00,2026-07-08 03:22:00,4,37,94,1.3,0.8,5,warning_only,closed_all,1.8,2.0
BUY,4078.04,4072.85794,4081.22896,4077.91,-0.13,-0.02509,2.16,3.58,TIME_EXIT,2026-07-08 10:41:00,2026-07-08 10:36:00,2026-07-08 10:37:00,4,37,94,1.3,0.8,5,warning_only,closed_all,1.8,2.0
BUY,4128.6,4124.95183,4131.56414,4131.56414,2.96414,0.8125,3.12,1.59,TARGET,2026-07-02 20:56:00,2026-07-02 20:54:00,2026-07-02 20:55:00,4,29,69,1.6,1.3,10,required,closed_all,1.8,1.2
BUY,4183.04,4180.56208,4185.05331,4180.56208,-2.47792,-1.0,0.02,2.67,STOP,2026-07-03 00:36:00,2026-07-03 00:33:00,2026-07-03 00:34:00,4,29,69,1.6,1.3,10,required,closed_all,1.8,1.2
BUY,4187.16,4181.44928,4191.79996,4191.79996,4.63996,0.8125,7.22,2.59,TARGET,2026-07-05 22:32:00,2026-07-05 22:26:00,2026-07-05 22:27:00,4,29,69,1.6,1.3,10,required,closed_all,1.8,1.2
BUY,4188.14,4182.42919,4192.78004,4192.78004,4.64004,0.8125,6.24,2.27,TARGET,2026-07-05 22:32:00,2026-07-05 22:27:00,2026-07-05 22:28:00,4,29,69,1.6,1.3,10,required,closed_all,1.8,1.2
BUY,4161.96,4160.32887,4163.28529,4161.74,-0.22,-0.13488,1.28,0.62,TIME_EXIT,2026-07-06 16:33:00,2026-07-06 16:23:00,2026-07-06 16:24:00,4,29,69,1.6,1.3,10,required,closed_all,1.8,1.2
BUY,4162.39,4160.8541,4163.63792,4160.8541,-1.5359,-1.0,0.85,2.28,STOP,2026-07-06 16:35:00,2026-07-06 16:26:00,2026-07-06 16:27:00,4,29,69,1.6,1.3,10,required,closed_all,1.8,1.2
BUY,4162.82,4160.96595,4164.32642,4164.32642,1.50642,0.8125,1.68,0.81,TARGET,2026-07-06 17:00:00,2026-07-06 16:58:00,2026-07-06 16:59:00,4,29,69,1.6,1.3,10,required,closed_all,1.8,1.2
BUY,4126.98,4124.04867,4129.36171,4126.99,0.01,0.00341,1.17,2.61,TIME_EXIT,2026-07-08 01:35:00,2026-07-08 01:25:00,2026-07-08 01:26:00,4,29,69,1.6,1.3,10,required,closed_all,1.8,1.2
BUY,4126.3,4123.54652,4128.53721,4127.2,0.9,0.32686,1.85,1.93,TIME_EXIT,2026-07-08 01:37:00,2026-07-08 01:27:00,2026-07-08 01:28:00,4,29,69,1.6,1.3,10,required,closed_all,1.8,1.2
BUY,4127.05,4124.56173,4129.07172,4129.07172,2.02172,0.8125,3.55,2.05,TARGET,2026-07-08 02:05:00,2026-07-08 02:00:00,2026-07-08 02:01:00,4,29,69,1.6,1.3,10,required,closed_all,1.8,1.2
BUY,4128.26,4124.88093,4131.0055,4131.0055,2.7455,0.8125,2.82,1.7,TARGET,2026-07-08 02:42:00,2026-07-08 02:37:00,2026-07-08 02:38:00,4,29,69,1.6,1.3,10,required,closed_all,1.8,1.2
BUY,4128.92,4125.38358,4131.79334,4125.38358,-3.53642,-1.0,2.7,3.9,STOP,2026-07-08 02:49:00,2026-07-08 02:40:00,2026-07-08 02:41:00,4,29,69,1.6,1.3,10,required,closed_all,1.8,1.2
BUY,4128.02,4124.99931,4130.47431,4124.99931,-3.02069,-1.0,1.17,3.48,STOP,2026-07-08 03:02:00,2026-07-08 02:56:00,2026-07-08 02:57:00,4,29,69,1.6,1.3,10,required,closed_all,1.8,1.2
BUY,4187.16,4181.44928,4191.79996,4191.79996,4.63996,0.8125,7.22,2.59,TARGET,2026-07-05 22:32:00,2026-07-05 22:26:00,2026-07-05 22:27:00,3,27,72,1.6,1.3,15,warning_only,closed_all,0.8,0.8
BUY,4108.98,4104.75303,4112.41441,4112.41441,3.43441,0.8125,6.37,0.87,TARGET,2026-07-07 23:07:00,2026-07-07 23:05:00,2026-07-07 23:06:00,3,27,72,1.6,1.3,15,warning_only,closed_all,0.8,0.8
BUY,4128.26,4124.88093,4131.0055,4131.0055,2.7455,0.8125,2.82,1.7,TARGET,2026-07-08 02:42:00,2026-07-08 02:37:00,2026-07-08 02:38:00,3,27,72,1.6,1.3,15,warning_only,closed_all,0.8,0.8
BUY,4128.02,4124.99931,4130.47431,4124.99931,-3.02069,-1.0,1.17,3.48,STOP,2026-07-08 03:02:00,2026-07-08 02:56:00,2026-07-08 02:57:00,3,27,72,1.6,1.3,15,warning_only,closed_all,0.8,0.8
BUY,4134.23,4131.32194,4138.01047,4138.01047,3.78047,1.3,4.27,1.31,TARGET,2026-07-02 21:22:00,2026-07-02 21:17:00,2026-07-02 21:18:00,4,29,77,1.0,1.3,15,required,closed_all,0.8,2.0
BUY,4135.16,4132.29966,4138.87844,4138.87844,3.71844,1.3,5.73,1.83,TARGET,2026-07-02 21:23:00,2026-07-02 21:18:00,2026-07-02 21:19:00,4,29,77,1.0,1.3,15,required,closed_all,0.8,2.0
BUY,4175.29,4173.5603,4177.53861,4177.53861,2.24861,1.3,2.93,1.62,TARGET,2026-07-03 04:34:00,2026-07-03 04:29:00,2026-07-03 04:30:00,4,29,77,1.0,1.3,15,required,closed_all,0.8,2.0
BUY,4175.91,4174.1447,4178.2049,4178.2049,2.2949,1.3,2.31,0.27,TARGET,2026-07-03 04:34:00,2026-07-03 04:33:00,2026-07-03 04:34:00,4,29,77,1.0,1.3,15,required,closed_all,0.8,2.0
BUY,4179.44,4178.26343,4180.96954,4178.26343,-1.17657,-1.0,0.1,1.47,STOP,2026-07-03 08:06:00,2026-07-03 08:05:00,2026-07-03 08:06:00,4,29,77,1.0,1.3,15,required,closed_all,0.8,2.0
BUY,4189.3,4185.35568,4194.42761,4185.35568,-3.94432,-1.0,3.48,5.08,STOP,2026-07-05 22:18:00,2026-07-05 22:14:00,2026-07-05 22:15:00,4,29,77,1.0,1.3,15,required,closed_all,0.8,2.0
BUY,4191.31,4187.43456,4196.34807,4187.43456,-3.87544,-1.0,1.47,5.52,STOP,2026-07-05 22:17:00,2026-07-05 22:15:00,2026-07-05 22:16:00,4,29,77,1.0,1.3,15,required,closed_all,0.8,2.0
BUY,4187.16,4183.5908,4191.79996,4191.79996,4.63996,1.3,7.22,2.59,TARGET,2026-07-05 22:32:00,2026-07-05 22:26:00,2026-07-05 22:27:00,4,29,77,1.0,1.3,15,required,closed_all,0.8,2.0
BUY,4189.71,4186.19819,4194.27535,4194.27535,4.56535,1.3,4.67,2.34,TARGET,2026-07-05 22:32:00,2026-07-05 22:29:00,2026-07-05 22:30:00,4,29,77,1.0,1.3,15,required,closed_all,0.8,2.0
BUY,4190.51,4187.0141,4195.05467,4195.05467,4.54467,1.3,7.26,1.33,TARGET,2026-07-05 22:34:00,2026-07-05 22:31:00,2026-07-05 22:32:00,4,29,77,1.0,1.3,15,required,closed_all,0.8,2.0
BUY,4162.57,4161.669,4163.74131,4163.74131,1.17131,1.3,1.19,0.62,TARGET,2026-07-06 16:49:00,2026-07-06 16:46:00,2026-07-06 16:47:00,4,29,77,1.0,1.3,15,required,closed_all,0.8,2.0
BUY,4162.96,4162.28885,4163.83249,4163.83249,0.87249,1.3,1.44,0.59,TARGET,2026-07-06 17:33:00,2026-07-06 17:28:00,2026-07-06 17:29:00,4,29,77,1.0,1.3,15,required,closed_all,0.8,2.0
BUY,4163.33,4162.73637,4164.10171,4164.10171,0.77171,1.3,0.82,0.2,TARGET,2026-07-06 17:51:00,2026-07-06 17:47:00,2026-07-06 17:48:00,4,29,77,1.0,1.3,15,required,closed_all,0.8,2.0
BUY,4170.2,4167.08761,4174.2461,4167.08761,-3.11239,-1.0,2.2,4.81,STOP,2026-07-07 10:24:00,2026-07-07 10:16:00,2026-07-07 10:17:00,4,29,77,1.0,1.3,15,required,closed_all,0.8,2.0
BUY,4127.19,4125.04332,4129.98069,4129.98069,2.79069,1.3,2.97,0.59,TARGET,2026-07-08 02:38:00,2026-07-08 02:36:00,2026-07-08 02:37:00,4,29,77,1.0,1.3,15,required,closed_all,0.8,2.0
BUY,4128.26,4126.14808,4131.0055,4131.0055,2.7455,1.3,2.82,1.7,TARGET,2026-07-08 02:42:00,2026-07-08 02:37:00,2026-07-08 02:38:00,4,29,77,1.0,1.3,15,required,closed_all,0.8,2.0
BUY,4129.73,4127.57404,4132.53275,4127.57404,-2.15596,-1.0,1.89,2.62,STOP,2026-07-08 02:47:00,2026-07-08 02:41:00,2026-07-08 02:42:00,4,29,77,1.0,1.3,15,required,closed_all,0.8,2.0
BUY,4128.02,4126.13207,4130.47431,4126.13207,-1.88793,-1.0,1.17,3.48,STOP,2026-07-08 03:02:00,2026-07-08 02:56:00,2026-07-08 02:57:00,4,29,77,1.0,1.3,15,required,closed_all,0.8,2.0
BUY,4130.85,4128.81034,4133.50155,4133.50155,2.65155,1.3,2.66,0.99,TARGET,2026-07-08 03:24:00,2026-07-08 03:21:00,2026-07-08 03:22:00,4,29,77,1.0,1.3,15,required,closed_all,0.8,2.0
BUY,4185.64,4180.92712,4189.26529,4189.26529,3.62529,0.76923,4.02,1.32,TARGET,2026-07-05 22:28:00,2026-07-05 22:25:00,2026-07-05 22:26:00,8,25,96,1.3,1.0,10,required,closed_all,0.8,1.2
BUY,4187.16,4182.52004,4190.7292,4190.7292,3.5692,0.76923,4.41,2.59,TARGET,2026-07-05 22:30:00,2026-07-05 22:26:00,2026-07-05 22:27:00,8,25,96,1.3,1.0,10,required,closed_all,0.8,1.2
BUY,4128.89,4124.32046,4131.74596,4131.74596,2.85596,0.625,6.43,2.32,TARGET,2026-07-02 21:13:00,2026-07-02 21:09:00,2026-07-02 21:10:00,6,28,86,1.6,1.0,20,warning_only,closed_all,1.2,1.2
BUY,4173.66,4170.58427,4175.58233,4175.58233,1.92233,0.625,3.09,0.53,TARGET,2026-07-03 04:05:00,2026-07-03 04:03:00,2026-07-03 04:04:00,6,28,86,1.6,1.0,20,warning_only,closed_all,1.2,1.2
BUY,4187.79,4181.2841,4191.85619,4191.85619,4.06619,0.625,4.99,0.85,TARGET,2026-07-05 22:16:00,2026-07-05 22:13:00,2026-07-05 22:14:00,6,28,86,1.6,1.0,20,warning_only,closed_all,1.2,1.2
BUY,4185.64,4179.83953,4189.26529,4189.26529,3.62529,0.625,4.02,1.32,TARGET,2026-07-05 22:28:00,2026-07-05 22:25:00,2026-07-05 22:26:00,6,28,86,1.6,1.0,20,warning_only,closed_all,1.2,1.2
BUY,4187.16,4181.44928,4190.7292,4190.7292,3.5692,0.625,4.41,2.59,TARGET,2026-07-05 22:30:00,2026-07-05 22:26:00,2026-07-05 22:27:00,6,28,86,1.6,1.0,20,warning_only,closed_all,1.2,1.2
BUY,4188.14,4182.42919,4191.70926,4191.70926,3.56926,0.625,6.24,2.27,TARGET,2026-07-05 22:32:00,2026-07-05 22:27:00,2026-07-05 22:28:00,6,28,86,1.6,1.0,20,warning_only,closed_all,1.2,1.2
BUY,4155.65,4153.41317,4157.04802,4157.04802,1.39802,0.625,1.72,1.93,TARGET,2026-07-06 09:02:00,2026-07-06 08:59:00,2026-07-06 09:00:00,6,28,86,1.6,1.0,20,warning_only,closed_all,1.2,1.2
BUY,4161.96,4160.32887,4162.97946,4162.97946,1.01946,0.625,1.28,0.57,TARGET,2026-07-06 16:29:00,2026-07-06 16:23:00,2026-07-06 16:24:00,6,28,86,1.6,1.0,20,warning_only,closed_all,1.2,1.2
BUY,4108.98,4104.75303,4111.62185,4111.62185,2.64185,0.625,3.24,0.87,TARGET,2026-07-07 23:06:00,2026-07-07 23:05:00,2026-07-07 23:06:00,6,28,86,1.6,1.0,20,warning_only,closed_all,1.2,1.2
BUY,4126.3,4123.54652,4128.02093,4128.02093,1.72093,0.625,1.85,1.93,TARGET,2026-07-08 01:32:00,2026-07-08 01:27:00,2026-07-08 01:28:00,6,28,86,1.6,1.0,20,warning_only,closed_all,1.2,1.2
BUY,4127.19,4123.75531,4129.33668,4129.33668,2.14668,0.625,2.97,0.59,TARGET,2026-07-08 02:38:00,2026-07-08 02:36:00,2026-07-08 02:37:00,6,28,86,1.6,1.0,20,warning_only,closed_all,1.2,1.2
BUY,4128.26,4124.88093,4130.37192,4130.37192,2.11192,0.625,2.82,1.7,TARGET,2026-07-08 02:42:00,2026-07-08 02:37:00,2026-07-08 02:38:00,6,28,86,1.6,1.0,20,warning_only,closed_all,1.2,1.2
BUY,4078.04,4071.66208,4082.0262,4071.66208,-6.37792,-1.0,2.16,7.75,STOP,2026-07-08 10:42:00,2026-07-08 10:36:00,2026-07-08 10:37:00,6,28,86,1.6,1.0,20,warning_only,closed_all,1.2,1.2
BUY,4128.89,4125.17725,4131.74596,4131.74596,2.85596,0.76923,6.43,2.32,TARGET,2026-07-02 21:13:00,2026-07-02 21:09:00,2026-07-02 21:10:00,8,34,84,1.3,1.0,5,required,closed_all,1.2,0.8
BUY,4185.64,4180.92712,4189.26529,4189.26529,3.62529,0.76923,4.02,1.32,TARGET,2026-07-05 22:28:00,2026-07-05 22:25:00,2026-07-05 22:26:00,8,34,84,1.3,1.0,5,required,closed_all,1.2,0.8
BUY,4187.16,4182.52004,4190.7292,4190.7292,3.5692,0.76923,4.41,2.59,TARGET,2026-07-05 22:30:00,2026-07-05 22:26:00,2026-07-05 22:27:00,8,34,84,1.3,1.0,5,required,closed_all,1.2,0.8
BUY,4127.19,4124.39931,4129.33668,4129.33668,2.14668,0.76923,2.97,0.59,TARGET,2026-07-08 02:38:00,2026-07-08 02:36:00,2026-07-08 02:37:00,8,34,84,1.3,1.0,5,required,closed_all,1.2,0.8
BUY,4128.26,4125.5145,4130.37192,4130.37192,2.11192,0.76923,2.82,1.7,TARGET,2026-07-08 02:42:00,2026-07-08 02:37:00,2026-07-08 02:38:00,8,34,84,1.3,1.0,5,required,closed_all,1.2,0.8
BUY,4173.66,4170.58427,4175.58233,4175.58233,1.92233,0.625,3.09,0.53,TARGET,2026-07-03 04:05:00,2026-07-03 04:03:00,2026-07-03 04:04:00,3,29,98,1.6,1.0,10,warning_only,closed_all,1.2,1.2
BUY,4174.42,4171.53153,4176.22529,4176.22529,1.80529,0.625,2.59,1.85,TARGET,2026-07-03 04:30:00,2026-07-03 04:25:00,2026-07-03 04:26:00,3,29,98,1.6,1.0,10,warning_only,closed_all,1.2,1.2
BUY,4187.79,4181.2841,4191.85619,4191.85619,4.06619,0.625,4.99,0.85,TARGET,2026-07-05 22:16:00,2026-07-05 22:13:00,2026-07-05 22:14:00,3,29,98,1.6,1.0,10,warning_only,closed_all,1.2,1.2
BUY,4187.16,4181.44928,4190.7292,4190.7292,3.5692,0.625,4.41,2.59,TARGET,2026-07-05 22:30:00,2026-07-05 22:26:00,2026-07-05 22:27:00,3,29,98,1.6,1.0,10,warning_only,closed_all,1.2,1.2
BUY,4188.14,4182.42919,4191.70926,4191.70926,3.56926,0.625,6.24,2.27,TARGET,2026-07-05 22:32:00,2026-07-05 22:27:00,2026-07-05 22:28:00,3,29,98,1.6,1.0,10,warning_only,closed_all,1.2,1.2
BUY,4146.33,4144.16898,4147.68064,4144.16898,-2.16102,-1.0,1.33,2.93,STOP,2026-07-07 14:50:00,2026-07-07 14:40:00,2026-07-07 14:41:00,3,29,98,1.6,1.0,10,warning_only,closed_all,1.2,1.2
BUY,4108.98,4104.75303,4111.62185,4111.62185,2.64185,0.625,3.24,0.87,TARGET,2026-07-07 23:06:00,2026-07-07 23:05:00,2026-07-07 23:06:00,3,29,98,1.6,1.0,10,warning_only,closed_all,1.2,1.2
BUY,4126.21,4123.71647,4127.76846,4127.76846,1.55846,0.625,1.73,1.52,TARGET,2026-07-08 02:04:00,2026-07-08 01:56:00,2026-07-08 01:57:00,3,29,98,1.6,1.0,10,warning_only,closed_all,1.2,1.2
BUY,4127.19,4123.75531,4129.33668,4129.33668,2.14668,0.625,2.97,0.59,TARGET,2026-07-08 02:38:00,2026-07-08 02:36:00,2026-07-08 02:37:00,3,29,98,1.6,1.0,10,warning_only,closed_all,1.2,1.2
BUY,4128.26,4124.88093,4130.37192,4130.37192,2.11192,0.625,2.82,1.7,TARGET,2026-07-08 02:42:00,2026-07-08 02:37:00,2026-07-08 02:38:00,3,29,98,1.6,1.0,10,warning_only,closed_all,1.2,1.2
BUY,4128.02,4124.99931,4129.90793,4124.99931,-3.02069,-1.0,1.17,3.48,STOP,2026-07-08 03:02:00,2026-07-08 02:56:00,2026-07-08 02:57:00,3,29,98,1.6,1.0,10,warning_only,closed_all,1.2,1.2
BUY,4187.16,4182.52004,4190.7292,4190.7292,3.5692,0.76923,4.41,2.59,TARGET,2026-07-05 22:30:00,2026-07-05 22:26:00,2026-07-05 22:27:00,3,30,93,1.3,1.0,20,warning_only,closed_all,1.2,0.8
BUY,4108.98,4105.54559,4111.62185,4111.62185,2.64185,0.76923,3.24,0.87,TARGET,2026-07-07 23:06:00,2026-07-07 23:05:00,2026-07-07 23:06:00,3,30,93,1.3,1.0,20,warning_only,closed_all,1.2,0.8
BUY,4127.19,4124.39931,4129.33668,4129.33668,2.14668,0.76923,2.97,0.59,TARGET,2026-07-08 02:38:00,2026-07-08 02:36:00,2026-07-08 02:37:00,3,30,93,1.3,1.0,20,warning_only,closed_all,1.2,0.8
BUY,4128.26,4125.5145,4130.37192,4130.37192,2.11192,0.76923,2.82,1.7,TARGET,2026-07-08 02:42:00,2026-07-08 02:37:00,2026-07-08 02:38:00,3,30,93,1.3,1.0,20,warning_only,closed_all,1.2,0.8
BUY,4128.02,4125.56569,4129.90793,4125.56569,-2.45431,-1.0,1.17,3.48,STOP,2026-07-08 03:02:00,2026-07-08 02:56:00,2026-07-08 02:57:00,3,30,93,1.3,1.0,20,warning_only,closed_all,1.2,0.8
BUY,4128.89,4124.32046,4132.60275,4132.60275,3.71275,0.8125,6.43,2.32,TARGET,2026-07-02 21:13:00,2026-07-02 21:09:00,2026-07-02 21:10:00,7,28,77,1.6,1.3,10,warning_only,closed_all,1.2,2.0
BUY,4134.23,4129.57711,4138.01047,4138.01047,3.78047,0.8125,4.27,1.31,TARGET,2026-07-02 21:22:00,2026-07-02 21:17:00,2026-07-02 21:18:00,7,28,77,1.6,1.3,10,warning_only,closed_all,1.2,2.0
BUY,4135.16,4130.58346,4138.87844,4138.87844,3.71844,0.8125,5.73,1.83,TARGET,2026-07-02 21:23:00,2026-07-02 21:18:00,2026-07-02 21:19:00,7,28,77,1.6,1.3,10,warning_only,closed_all,1.2,2.0
BUY,4183.17,4180.31953,4185.48601,4180.31953,-2.85047,-1.0,0.61,3.12,STOP,2026-07-03 00:21:00,2026-07-03 00:13:00,2026-07-03 00:14:00,7,28,77,1.6,1.3,10,warning_only,closed_all,1.2,2.0
BUY,4180.51,4178.41182,4182.21477,4178.41182,-2.09818,-1.0,0.56,2.42,STOP,2026-07-03 02:10:00,2026-07-03 02:06:00,2026-07-03 02:07:00,7,28,77,1.6,1.3,10,warning_only,closed_all,1.2,2.0
BUY,4173.66,4170.58427,4176.15903,4176.15903,2.49903,0.8125,3.09,0.53,TARGET,2026-07-03 04:05:00,2026-07-03 04:03:00,2026-07-03 04:04:00,7,28,77,1.6,1.3,10,warning_only,closed_all,1.2,2.0
BUY,4174.9,4171.84168,4177.38488,4177.38488,2.48488,0.8125,3.26,0.44,TARGET,2026-07-03 04:06:00,2026-07-03 04:04:00,2026-07-03 04:05:00,7,28,77,1.6,1.3,10,warning_only,closed_all,1.2,2.0
BUY,4175.29,4172.52248,4177.53861,4177.53861,2.24861,0.8125,2.93,1.62,TARGET,2026-07-03 04:34:00,2026-07-03 04:29:00,2026-07-03 04:30:00,7,28,77,1.6,1.3,10,warning_only,closed_all,1.2,2.0
BUY,4175.84,4172.92378,4178.20943,4178.20943,2.36943,0.8125,2.38,0.95,TARGET,2026-07-03 04:34:00,2026-07-03 04:32:00,2026-07-03 04:33:00,7,28,77,1.6,1.3,10,warning_only,closed_all,1.2,2.0
BUY,4175.91,4173.08551,4178.2049,4178.2049,2.2949,0.8125,2.31,0.27,TARGET,2026-07-03 04:34:00,2026-07-03 04:33:00,2026-07-03 04:34:00,7,28,77,1.6,1.3,10,warning_only,closed_all,1.2,2.0
BUY,4179.44,4177.55749,4180.96954,4177.55749,-1.88251,-1.0,0.1,2.02,STOP,2026-07-03 08:07:00,2026-07-03 08:05:00,2026-07-03 08:06:00,7,28,77,1.6,1.3,10,warning_only,closed_all,1.2,2.0
BUY,4187.79,4181.2841,4193.07604,4181.2841,-6.5059,-1.0,4.99,7.24,STOP,2026-07-05 22:23:00,2026-07-05 22:13:00,2026-07-05 22:14:00,7,28,77,1.6,1.3,10,warning_only,closed_all,1.2,2.0
BUY,4189.3,4182.98909,4194.42761,4182.98909,-6.31091,-1.0,3.48,7.81,STOP,2026-07-05 22:22:00,2026-07-05 22:14:00,2026-07-05 22:15:00,7,28,77,1.6,1.3,10,warning_only,closed_all,1.2,2.0
BUY,4191.31,4185.1093,4196.34807,4185.1093,-6.2007,-1.0,1.47,7.09,STOP,2026-07-05 22:18:00,2026-07-05 22:15:00,2026-07-05 22:16:00,7,28,77,1.6,1.3,10,warning_only,closed_all,1.2,2.0
BUY,4188.85,4182.74196,4193.81278,4182.74196,-6.10804,-1.0,1.62,7.36,STOP,2026-07-05 22:22:00,2026-07-05 22:19:00,2026-07-05 22:20:00,7,28,77,1.6,1.3,10,warning_only,closed_all,1.2,2.0
BUY,4185.64,4179.83953,4190.35288,4190.35288,4.71288,0.8125,5.93,1.32,TARGET,2026-07-05 22:30:00,2026-07-05 22:25:00,2026-07-05 22:26:00,7,28,77,1.6,1.3,10,warning_only,closed_all,1.2,2.0
BUY,4187.16,4181.44928,4191.79996,4191.79996,4.63996,0.8125,7.22,2.59,TARGET,2026-07-05 22:32:00,2026-07-05 22:26:00,2026-07-05 22:27:00,7,28,77,1.6,1.3,10,warning_only,closed_all,1.2,2.0
BUY,4188.14,4182.42919,4192.78004,4192.78004,4.64004,0.8125,6.24,2.27,TARGET,2026-07-05 22:32:00,2026-07-05 22:27:00,2026-07-05 22:28:00,7,28,77,1.6,1.3,10,warning_only,closed_all,1.2,2.0
BUY,4189.71,4184.0911,4194.27535,4194.27535,4.56535,0.8125,4.67,2.34,TARGET,2026-07-05 22:32:00,2026-07-05 22:29:00,2026-07-05 22:30:00,7,28,77,1.6,1.3,10,warning_only,closed_all,1.2,2.0
BUY,4190.51,4184.91656,4195.05467,4195.05467,4.54467,0.8125,7.26,1.33,TARGET,2026-07-05 22:34:00,2026-07-05 22:31:00,2026-07-05 22:32:00,7,28,77,1.6,1.3,10,warning_only,closed_all,1.2,2.0
BUY,4155.65,4153.41317,4157.46743,4157.46743,1.81743,0.8125,2.6,1.93,TARGET,2026-07-06 09:03:00,2026-07-06 08:59:00,2026-07-06 09:00:00,7,28,77,1.6,1.3,10,warning_only,closed_all,1.2,2.0
BUY,4156.92,4154.51301,4158.87568,4154.51301,-2.40699,-1.0,1.31,2.5,STOP,2026-07-06 09:11:00,2026-07-06 09:05:00,2026-07-06 09:06:00,7,28,77,1.6,1.3,10,warning_only,closed_all,1.2,2.0
BUY,4146.76,4144.34206,4148.72458,4148.72458,1.96458,0.8125,2.75,0.52,TARGET,2026-07-06 13:37:00,2026-07-06 13:30:00,2026-07-06 13:31:00,7,28,77,1.6,1.3,10,warning_only,closed_all,1.2,2.0
BUY,4147.29,4145.00586,4149.14586,4149.14586,1.85586,0.8125,2.22,0.29,TARGET,2026-07-06 13:37:00,2026-07-06 13:35:00,2026-07-06 13:36:00,7,28,77,1.6,1.3,10,warning_only,closed_all,1.2,2.0
BUY,4162.39,4160.8541,4163.63792,4160.8541,-1.5359,-1.0,0.85,2.28,STOP,2026-07-06 16:35:00,2026-07-06 16:26:00,2026-07-06 16:27:00,7,28,77,1.6,1.3,10,warning_only,closed_all,1.2,2.0
BUY,4162.71,4161.16429,4163.96589,4161.16429,-1.54571,-1.0,0.53,2.6,STOP,2026-07-06 16:35:00,2026-07-06 16:28:00,2026-07-06 16:29:00,7,28,77,1.6,1.3,10,warning_only,closed_all,1.2,2.0
BUY,4162.57,4161.12839,4163.74131,4163.74131,1.17131,0.8125,1.19,0.62,TARGET,2026-07-06 16:49:00,2026-07-06 16:46:00,2026-07-06 16:47:00,7,28,77,1.6,1.3,10,warning_only,closed_all,1.2,2.0
BUY,4162.75,4161.60761,4163.67819,4163.67819,0.92819,0.8125,1.65,0.38,TARGET,2026-07-06 17:33:00,2026-07-06 17:26:00,2026-07-06 17:27:00,7,28,77,1.6,1.3,10,warning_only,closed_all,1.2,2.0
BUY,4162.96,4161.88617,4163.83249,4163.83249,0.87249,0.8125,1.44,0.59,TARGET,2026-07-06 17:33:00,2026-07-06 17:28:00,2026-07-06 17:29:00,7,28,77,1.6,1.3,10,warning_only,closed_all,1.2,2.0
BUY,4163.33,4162.3802,4164.10171,4164.10171,0.77171,0.8125,0.82,0.2,TARGET,2026-07-06 17:51:00,2026-07-06 17:47:00,2026-07-06 17:48:00,7,28,77,1.6,1.3,10,warning_only,closed_all,1.2,2.0
BUY,4132.27,4129.5119,4134.51096,4132.74,0.47,0.17041,1.67,0.43,TIME_EXIT,2026-07-07 07:12:00,2026-07-07 07:02:00,2026-07-07 07:03:00,7,28,77,1.6,1.3,10,warning_only,closed_all,1.2,2.0
BUY,4133.13,4130.62677,4135.16387,4133.43,0.3,0.11985,1.84,1.2,TIME_EXIT,2026-07-07 07:16:00,2026-07-07 07:06:00,2026-07-07 07:07:00,7,28,77,1.6,1.3,10,warning_only,closed_all,1.2,2.0
BUY,4133.2,4130.77183,4135.17289,4135.17289,1.97289,0.8125,3.45,0.66,TARGET,2026-07-07 07:18:00,2026-07-07 07:15:00,2026-07-07 07:16:00,7,28,77,1.6,1.3,10,warning_only,closed_all,1.2,2.0
BUY,4170.2,4165.22018,4174.2461,4165.22018,-4.97982,-1.0,2.2,5.84,STOP,2026-07-07 10:25:00,2026-07-07 10:16:00,2026-07-07 10:17:00,7,28,77,1.6,1.3,10,warning_only,closed_all,1.2,2.0
BUY,4108.98,4104.75303,4112.41441,4112.41441,3.43441,0.8125,6.37,0.87,TARGET,2026-07-07 23:07:00,2026-07-07 23:05:00,2026-07-07 23:06:00,7,28,77,1.6,1.3,10,warning_only,closed_all,1.2,2.0
BUY,4126.3,4123.54652,4128.53721,4127.2,0.9,0.32686,1.85,1.93,TIME_EXIT,2026-07-08 01:37:00,2026-07-08 01:27:00,2026-07-08 01:28:00,7,28,77,1.6,1.3,10,warning_only,closed_all,1.2,2.0
BUY,4127.94,4125.47468,4129.94307,4129.94307,2.00307,0.8125,2.66,0.18,TARGET,2026-07-08 02:05:00,2026-07-08 02:04:00,2026-07-08 02:05:00,7,28,77,1.6,1.3,10,warning_only,closed_all,1.2,2.0
BUY,4128.76,4125.7227,4131.2278,4125.7227,-3.0373,-1.0,0.21,5.07,STOP,2026-07-08 02:21:00,2026-07-08 02:18:00,2026-07-08 02:19:00,7,28,77,1.6,1.3,10,warning_only,closed_all,1.2,2.0
BUY,4127.19,4123.75531,4129.98069,4129.98069,2.79069,0.8125,2.97,0.59,TARGET,2026-07-08 02:38:00,2026-07-08 02:36:00,2026-07-08 02:37:00,7,28,77,1.6,1.3,10,warning_only,closed_all,1.2,2.0
BUY,4128.26,4124.88093,4131.0055,4131.0055,2.7455,0.8125,2.82,1.7,TARGET,2026-07-08 02:42:00,2026-07-08 02:37:00,2026-07-08 02:38:00,7,28,77,1.6,1.3,10,warning_only,closed_all,1.2,2.0
BUY,4128.92,4125.38358,4131.79334,4125.38358,-3.53642,-1.0,2.7,3.9,STOP,2026-07-08 02:49:00,2026-07-08 02:40:00,2026-07-08 02:41:00,7,28,77,1.6,1.3,10,warning_only,closed_all,1.2,2.0
BUY,4129.73,4126.28046,4132.53275,4126.28046,-3.44954,-1.0,1.89,4.18,STOP,2026-07-08 02:48:00,2026-07-08 02:41:00,2026-07-08 02:42:00,7,28,77,1.6,1.3,10,warning_only,closed_all,1.2,2.0
BUY,4130.85,4127.58655,4133.50155,4133.50155,2.65155,0.8125,2.66,0.99,TARGET,2026-07-08 03:24:00,2026-07-08 03:21:00,2026-07-08 03:22:00,7,28,77,1.6,1.3,10,warning_only,closed_all,1.2,2.0
BUY,4078.04,4071.66208,4083.22206,4071.66208,-6.37792,-1.0,2.16,7.75,STOP,2026-07-08 10:42:00,2026-07-08 10:36:00,2026-07-08 10:37:00,7,28,77,1.6,1.3,10,warning_only,closed_all,1.2,2.0
BUY,4130.59,4127.73539,4132.78585,4127.73539,-2.85461,-1.0,0.09,3.38,STOP,2026-07-02 20:51:00,2026-07-02 20:48:00,2026-07-02 20:49:00,5,39,75,1.3,1.0,20,warning_only,closed_all,1.8,2.0
BUY,4130.63,4127.79172,4132.81329,4127.79172,-2.83828,-1.0,0.05,3.42,STOP,2026-07-02 20:51:00,2026-07-02 20:49:00,2026-07-02 20:50:00,5,39,75,1.3,1.0,20,warning_only,closed_all,1.8,2.0
BUY,4128.6,4125.63586,4130.88011,4130.88011,2.28011,0.76923,3.12,1.59,TARGET,2026-07-02 20:56:00,2026-07-02 20:54:00,2026-07-02 20:55:00,5,39,75,1.3,1.0,20,warning_only,closed_all,1.8,2.0
BUY,4131.32,4127.66886,4134.12857,4127.66886,-3.65114,-1.0,1.38,3.98,STOP,2026-07-02 21:06:00,2026-07-02 21:03:00,2026-07-02 21:04:00,5,39,75,1.3,1.0,20,warning_only,closed_all,1.8,2.0
BUY,4134.23,4130.44953,4137.13806,4137.13806,2.90806,0.76923,3.54,1.31,TARGET,2026-07-02 21:21:00,2026-07-02 21:17:00,2026-07-02 21:18:00,5,39,75,1.3,1.0,20,warning_only,closed_all,1.8,2.0
BUY,4135.16,4131.44156,4138.02034,4138.02034,2.86034,0.76923,3.34,1.83,TARGET,2026-07-02 21:22:00,2026-07-02 21:18:00,2026-07-02 21:19:00,5,39,75,1.3,1.0,20,warning_only,closed_all,1.8,2.0
BUY,4181.98,4179.33051,4184.01807,4184.01807,2.03807,0.76923,3.96,0.56,TARGET,2026-07-02 23:53:00,2026-07-02 23:51:00,2026-07-02 23:52:00,5,39,75,1.3,1.0,20,warning_only,closed_all,1.8,2.0
BUY,4183.17,4180.85399,4184.95154,4180.85399,-2.31601,-1.0,0.61,3.12,STOP,2026-07-03 00:21:00,2026-07-03 00:13:00,2026-07-03 00:14:00,5,39,75,1.3,1.0,20,warning_only,closed_all,1.8,2.0
BUY,4173.66,4171.16097,4175.58233,4175.58233,1.92233,0.76923,3.09,0.53,TARGET,2026-07-03 04:05:00,2026-07-03 04:03:00,2026-07-03 04:04:00,5,39,75,1.3,1.0,20,warning_only,closed_all,1.8,2.0
BUY,4174.9,4172.41512,4176.81145,4176.81145,1.91145,0.76923,3.26,0.44,TARGET,2026-07-03 04:06:00,2026-07-03 04:04:00,2026-07-03 04:05:00,5,39,75,1.3,1.0,20,warning_only,closed_all,1.8,2.0
BUY,4175.29,4173.04139,4177.0197,4177.0197,1.7297,0.76923,2.93,1.62,TARGET,2026-07-03 04:34:00,2026-07-03 04:29:00,2026-07-03 04:30:00,5,39,75,1.3,1.0,20,warning_only,closed_all,1.8,2.0
BUY,4175.84,4173.47057,4177.66264,4177.66264,1.82264,0.76923,2.38,0.95,TARGET,2026-07-03 04:34:00,2026-07-03 04:32:00,2026-07-03 04:33:00,5,39,75,1.3,1.0,20,warning_only,closed_all,1.8,2.0
BUY,4175.91,4173.6151,4177.6753,4177.6753,1.7653,0.76923,2.31,0.27,TARGET,2026-07-03 04:34:00,2026-07-03 04:33:00,2026-07-03 04:34:00,5,39,75,1.3,1.0,20,warning_only,closed_all,1.8,2.0
BUY,4184.16,4181.92447,4185.87964,4181.92447,-2.23553,-1.0,1.11,3.83,STOP,2026-07-03 05:46:00,2026-07-03 05:44:00,2026-07-03 05:45:00,5,39,75,1.3,1.0,20,warning_only,closed_all,1.8,2.0
BUY,4179.44,4177.91046,4180.61657,4177.91046,-1.52954,-1.0,0.1,2.02,STOP,2026-07-03 08:07:00,2026-07-03 08:05:00,2026-07-03 08:06:00,5,39,75,1.3,1.0,20,warning_only,closed_all,1.8,2.0
BUY,4191.06,4185.72378,4195.16478,4185.72378,-5.33622,-1.0,1.75,8.47,STOP,2026-07-05 22:05:00,2026-07-05 22:03:00,2026-07-05 22:04:00,5,39,75,1.3,1.0,20,warning_only,closed_all,1.8,2.0
BUY,4187.79,4182.50396,4191.85619,4191.85619,4.06619,0.76923,4.99,0.85,TARGET,2026-07-05 22:16:00,2026-07-05 22:13:00,2026-07-05 22:14:00,5,39,75,1.3,1.0,20,warning_only,closed_all,1.8,2.0
BUY,4189.3,4184.17239,4193.24432,4184.17239,-5.12761,-1.0,3.48,6.09,STOP,2026-07-05 22:21:00,2026-07-05 22:14:00,2026-07-05 22:15:00,5,39,75,1.3,1.0,20,warning_only,closed_all,1.8,2.0
BUY,4191.31,4186.27193,4195.18544,4186.27193,-5.03807,-1.0,1.47,5.52,STOP,2026-07-05 22:17:00,2026-07-05 22:15:00,2026-07-05 22:16:00,5,39,75,1.3,1.0,20,warning_only,closed_all,1.8,2.0
BUY,4188.85,4183.88722,4192.66753,4183.88722,-4.96278,-1.0,1.62,5.64,STOP,2026-07-05 22:21:00,2026-07-05 22:19:00,2026-07-05 22:20:00,5,39,75,1.3,1.0,20,warning_only,closed_all,1.8,2.0
BUY,4185.64,4180.92712,4189.26529,4189.26529,3.62529,0.76923,4.02,1.32,TARGET,2026-07-05 22:28:00,2026-07-05 22:25:00,2026-07-05 22:26:00,5,39,75,1.3,1.0,20,warning_only,closed_all,1.8,2.0
BUY,4187.16,4182.52004,4190.7292,4190.7292,3.5692,0.76923,4.41,2.59,TARGET,2026-07-05 22:30:00,2026-07-05 22:26:00,2026-07-05 22:27:00,5,39,75,1.3,1.0,20,warning_only,closed_all,1.8,2.0
BUY,4188.14,4183.49996,4191.70926,4191.70926,3.56926,0.76923,6.24,2.27,TARGET,2026-07-05 22:32:00,2026-07-05 22:27:00,2026-07-05 22:28:00,5,39,75,1.3,1.0,20,warning_only,closed_all,1.8,2.0
BUY,4189.71,4185.14465,4193.22181,4193.22181,3.51181,0.76923,4.67,2.34,TARGET,2026-07-05 22:32:00,2026-07-05 22:29:00,2026-07-05 22:30:00,5,39,75,1.3,1.0,20,warning_only,closed_all,1.8,2.0
BUY,4190.51,4185.96533,4194.0059,4194.0059,3.4959,0.76923,3.87,1.33,TARGET,2026-07-05 22:32:00,2026-07-05 22:31:00,2026-07-05 22:32:00,5,39,75,1.3,1.0,20,warning_only,closed_all,1.8,2.0
BUY,4155.65,4153.83257,4157.04802,4153.83257,-1.81743,-1.0,0.55,1.93,STOP,2026-07-06 09:00:00,2026-07-06 08:59:00,2026-07-06 09:00:00,5,39,75,1.3,1.0,20,warning_only,closed_all,1.8,2.0
BUY,4156.2,4154.2821,4157.6753,4157.6753,1.4753,0.76923,2.05,1.0,TARGET,2026-07-06 09:03:00,2026-07-06 09:00:00,2026-07-06 09:01:00,5,39,75,1.3,1.0,20,warning_only,closed_all,1.8,2.0
BUY,4156.96,4155.01567,4158.45564,4155.01567,-1.94433,-1.0,1.29,2.32,STOP,2026-07-06 09:10:00,2026-07-06 09:01:00,2026-07-06 09:02:00,5,39,75,1.3,1.0,20,warning_only,closed_all,1.8,2.0
BUY,4156.92,4154.96432,4158.42437,4154.96432,-1.95568,-1.0,1.31,2.28,STOP,2026-07-06 09:10:00,2026-07-06 09:05:00,2026-07-06 09:06:00,5,39,75,1.3,1.0,20,warning_only,closed_all,1.8,2.0
BUY,4147.82,4145.54988,4149.56625,4145.54988,-2.27012,-1.0,0.77,3.82,STOP,2026-07-06 13:01:00,2026-07-06 12:56:00,2026-07-06 12:57:00,5,39,75,1.3,1.0,20,warning_only,closed_all,1.8,2.0
BUY,4148.5,4146.31496,4150.1808,4146.31496,-2.18504,-1.0,0.09,2.87,STOP,2026-07-06 13:00:00,2026-07-06 12:57:00,2026-07-06 12:58:00,5,39,75,1.3,1.0,20,warning_only,closed_all,1.8,2.0
BUY,4146.76,4144.79542,4148.27121,4148.27121,1.51121,0.76923,1.61,0.52,TARGET,2026-07-06 13:32:00,2026-07-06 13:30:00,2026-07-06 13:31:00,5,39,75,1.3,1.0,20,warning_only,closed_all,1.8,2.0
BUY,4147.29,4145.43414,4148.71759,4148.71759,1.42759,0.76923,2.22,0.29,TARGET,2026-07-06 13:37:00,2026-07-06 13:35:00,2026-07-06 13:36:00,5,39,75,1.3,1.0,20,warning_only,closed_all,1.8,2.0
BUY,4162.39,4161.14208,4163.34994,4161.14208,-1.24792,-1.0,0.85,2.28,STOP,2026-07-06 16:35:00,2026-07-06 16:26:00,2026-07-06 16:27:00,5,39,75,1.3,1.0,20,warning_only,closed_all,1.8,2.0
BUY,4162.71,4161.45411,4163.67607,4161.45411,-1.25589,-1.0,0.53,1.37,STOP,2026-07-06 16:31:00,2026-07-06 16:28:00,2026-07-06 16:29:00,5,39,75,1.3,1.0,20,warning_only,closed_all,1.8,2.0
BUY,4162.71,4161.39409,4163.72224,4161.39409,-1.31591,-1.0,0.25,2.6,STOP,2026-07-06 16:35:00,2026-07-06 16:31:00,2026-07-06 16:32:00,5,39,75,1.3,1.0,20,warning_only,closed_all,1.8,2.0
BUY,4162.57,4161.39869,4163.471,4163.471,0.901,0.76923,1.19,0.62,TARGET,2026-07-06 16:49:00,2026-07-06 16:46:00,2026-07-06 16:47:00,5,39,75,1.3,1.0,20,warning_only,closed_all,1.8,2.0
BUY,4162.82,4161.31358,4163.97878,4163.97878,1.15878,0.76923,1.68,0.81,TARGET,2026-07-06 17:00:00,2026-07-06 16:58:00,2026-07-06 16:59:00,5,39,75,1.3,1.0,20,warning_only,closed_all,1.8,2.0
BUY,4163.8,4162.23497,4165.00387,4162.23497,-1.56503,-1.0,0.7,1.76,STOP,2026-07-06 17:05:00,2026-07-06 16:59:00,2026-07-06 17:00:00,5,39,75,1.3,1.0,20,warning_only,closed_all,1.8,2.0
BUY,4162.75,4161.82181,4163.46399,4163.46399,0.71399,0.76923,1.65,0.38,TARGET,2026-07-06 17:33:00,2026-07-06 17:26:00,2026-07-06 17:27:00,5,39,75,1.3,1.0,20,warning_only,closed_all,1.8,2.0
BUY,4162.96,4162.08751,4163.63115,4163.63115,0.67115,0.76923,1.44,0.59,TARGET,2026-07-06 17:33:00,2026-07-06 17:28:00,2026-07-06 17:29:00,5,39,75,1.3,1.0,20,warning_only,closed_all,1.8,2.0
BUY,4163.33,4162.55829,4163.92363,4163.92363,0.59363,0.76923,0.82,0.2,TARGET,2026-07-06 17:51:00,2026-07-06 17:47:00,2026-07-06 17:48:00,5,39,75,1.3,1.0,20,warning_only,closed_all,1.8,2.0
BUY,4166.09,4165.20292,4166.77237,4166.77237,0.68237,0.76923,0.83,0.24,TARGET,2026-07-06 19:31:00,2026-07-06 19:29:00,2026-07-06 19:30:00,5,39,75,1.3,1.0,20,warning_only,closed_all,1.8,2.0
BUY,4130.25,4127.98963,4131.98875,4131.98875,1.73875,0.76923,1.85,0.58,TARGET,2026-07-07 06:56:00,2026-07-07 06:55:00,2026-07-07 06:56:00,5,39,75,1.3,1.0,20,warning_only,closed_all,1.8,2.0
BUY,4131.98,4129.72627,4133.71364,4133.71364,1.73364,0.76923,1.79,1.04,TARGET,2026-07-07 07:00:00,2026-07-07 06:58:00,2026-07-07 06:59:00,5,39,75,1.3,1.0,20,warning_only,closed_all,1.8,2.0
BUY,4132.27,4130.02904,4133.99381,4133.99381,1.72381,0.76923,2.37,0.43,TARGET,2026-07-07 07:13:00,2026-07-07 07:02:00,2026-07-07 07:03:00,5,39,75,1.3,1.0,20,warning_only,closed_all,1.8,2.0
BUY,4133.13,4131.09613,4134.69452,4134.69452,1.56452,0.76923,1.84,1.12,TARGET,2026-07-07 07:14:00,2026-07-07 07:06:00,2026-07-07 07:07:00,5,39,75,1.3,1.0,20,warning_only,closed_all,1.8,2.0
BUY,4135.55,4133.9266,4136.79877,4133.9266,-1.6234,-1.0,0.36,2.0,STOP,2026-07-07 08:00:00,2026-07-07 07:59:00,2026-07-07 08:00:00,5,39,75,1.3,1.0,20,warning_only,closed_all,1.8,2.0
BUY,4136.65,4134.77898,4138.08924,4138.08924,1.43924,0.76923,5.41,1.32,TARGET,2026-07-07 08:18:00,2026-07-07 08:16:00,2026-07-07 08:17:00,5,39,75,1.3,1.0,20,warning_only,closed_all,1.8,2.0
BUY,4136.9,4135.01684,4138.34858,4138.34858,1.44858,0.76923,5.16,0.04,TARGET,2026-07-07 08:18:00,2026-07-07 08:17:00,2026-07-07 08:18:00,5,39,75,1.3,1.0,20,warning_only,closed_all,1.8,2.0
BUY,4170.2,4166.1539,4173.31239,4166.1539,-4.0461,-1.0,2.2,4.81,STOP,2026-07-07 10:24:00,2026-07-07 10:16:00,2026-07-07 10:17:00,5,39,75,1.3,1.0,20,warning_only,closed_all,1.8,2.0
BUY,4108.98,4105.54559,4111.62185,4111.62185,2.64185,0.76923,3.24,0.87,TARGET,2026-07-07 23:06:00,2026-07-07 23:05:00,2026-07-07 23:06:00,5,39,75,1.3,1.0,20,warning_only,closed_all,1.8,2.0
BUY,4112.22,4108.64926,4114.96672,4114.96672,2.74672,0.76923,3.13,2.12,TARGET,2026-07-07 23:07:00,2026-07-07 23:06:00,2026-07-07 23:07:00,5,39,75,1.3,1.0,20,warning_only,closed_all,1.8,2.0
BUY,4127.37,4124.8358,4129.31938,4124.8358,-2.5342,-1.0,0.01,2.66,STOP,2026-07-08 01:25:00,2026-07-08 01:22:00,2026-07-08 01:23:00,5,39,75,1.3,1.0,20,warning_only,closed_all,1.8,2.0
BUY,4126.98,4124.59829,4128.81208,4124.59829,-2.38171,-1.0,0.19,2.61,STOP,2026-07-08 01:30:00,2026-07-08 01:25:00,2026-07-08 01:26:00,5,39,75,1.3,1.0,20,warning_only,closed_all,1.8,2.0
BUY,4126.3,4124.06279,4128.02093,4128.02093,1.72093,0.76923,1.85,1.93,TARGET,2026-07-08 01:32:00,2026-07-08 01:27:00,2026-07-08 01:28:00,5,39,75,1.3,1.0,20,warning_only,closed_all,1.8,2.0
BUY,4127.36,4125.04894,4129.13774,4125.04894,-2.31106,-1.0,0.79,2.62,STOP,2026-07-08 01:38:00,2026-07-08 01:31:00,2026-07-08 01:32:00,5,39,75,1.3,1.0,20,warning_only,closed_all,1.8,2.0
BUY,4127.05,4125.02828,4128.60517,4125.02828,-2.02172,-1.0,0.35,2.05,STOP,2026-07-08 02:03:00,2026-07-08 02:00:00,2026-07-08 02:01:00,5,39,75,1.3,1.0,20,warning_only,closed_all,1.8,2.0
BUY,4127.94,4125.93693,4129.48082,4129.48082,1.54082,0.76923,2.66,0.18,TARGET,2026-07-08 02:05:00,2026-07-08 02:04:00,2026-07-08 02:05:00,5,39,75,1.3,1.0,20,warning_only,closed_all,1.8,2.0
BUY,4128.79,4126.34178,4130.67325,4126.34178,-2.44822,-1.0,0.48,2.47,STOP,2026-07-08 02:20:00,2026-07-08 02:16:00,2026-07-08 02:17:00,5,39,75,1.3,1.0,20,warning_only,closed_all,1.8,2.0
BUY,4128.76,4126.2922,4130.65831,4126.2922,-2.4678,-1.0,0.21,5.07,STOP,2026-07-08 02:21:00,2026-07-08 02:18:00,2026-07-08 02:19:00,5,39,75,1.3,1.0,20,warning_only,closed_all,1.8,2.0
BUY,4127.19,4124.39931,4129.33668,4129.33668,2.14668,0.76923,2.97,0.59,TARGET,2026-07-08 02:38:00,2026-07-08 02:36:00,2026-07-08 02:37:00,5,39,75,1.3,1.0,20,warning_only,closed_all,1.8,2.0
BUY,4128.26,4125.5145,4130.37192,4130.37192,2.11192,0.76923,2.82,1.7,TARGET,2026-07-08 02:42:00,2026-07-08 02:37:00,2026-07-08 02:38:00,5,39,75,1.3,1.0,20,warning_only,closed_all,1.8,2.0
BUY,4128.92,4126.04666,4131.13026,4131.13026,2.21026,0.76923,2.7,0.64,TARGET,2026-07-08 02:43:00,2026-07-08 02:40:00,2026-07-08 02:41:00,5,39,75,1.3,1.0,20,warning_only,closed_all,1.8,2.0
BUY,4129.73,4126.92725,4131.88596,4126.92725,-2.80275,-1.0,1.89,4.18,STOP,2026-07-08 02:48:00,2026-07-08 02:41:00,2026-07-08 02:42:00,5,39,75,1.3,1.0,20,warning_only,closed_all,1.8,2.0
BUY,4130.36,4127.63325,4132.4575,4132.4575,2.0975,0.76923,2.45,1.06,TARGET,2026-07-08 03:16:00,2026-07-08 03:13:00,2026-07-08 03:14:00,5,39,75,1.3,1.0,20,warning_only,closed_all,1.8,2.0
BUY,4130.85,4128.19845,4132.88966,4132.88966,2.03966,0.76923,2.66,0.99,TARGET,2026-07-08 03:24:00,2026-07-08 03:21:00,2026-07-08 03:22:00,5,39,75,1.3,1.0,20,warning_only,closed_all,1.8,2.0
BUY,4078.04,4072.85794,4082.0262,4072.85794,-5.18206,-1.0,2.16,7.75,STOP,2026-07-08 10:42:00,2026-07-08 10:36:00,2026-07-08 10:37:00,5,39,75,1.3,1.0,20,warning_only,closed_all,1.8,2.0
BUY,4128.89,4125.17725,4131.74596,4131.74596,2.85596,0.76923,6.43,2.32,TARGET,2026-07-02 21:13:00,2026-07-02 21:09:00,2026-07-02 21:10:00,7,39,62,1.3,1.0,15,required,closed_all,1.2,0.8
BUY,4183.57,4181.31751,4185.30269,4181.31751,-2.25249,-1.0,1.7,3.24,STOP,2026-07-03 05:46:00,2026-07-03 05:43:00,2026-07-03 05:44:00,7,39,62,1.3,1.0,15,required,closed_all,1.2,0.8
BUY,4185.64,4180.92712,4189.26529,4189.26529,3.62529,0.76923,4.02,1.32,TARGET,2026-07-05 22:28:00,2026-07-05 22:25:00,2026-07-05 22:26:00,7,39,62,1.3,1.0,15,required,closed_all,1.2,0.8
BUY,4187.16,4182.52004,4190.7292,4190.7292,3.5692,0.76923,4.41,2.59,TARGET,2026-07-05 22:30:00,2026-07-05 22:26:00,2026-07-05 22:27:00,7,39,62,1.3,1.0,15,required,closed_all,1.2,0.8
BUY,4126.3,4124.06279,4128.02093,4128.02093,1.72093,0.76923,1.85,1.93,TARGET,2026-07-08 01:32:00,2026-07-08 01:27:00,2026-07-08 01:28:00,7,39,62,1.3,1.0,15,required,closed_all,1.2,0.8
BUY,4128.26,4125.5145,4130.37192,4130.37192,2.11192,0.76923,2.82,1.7,TARGET,2026-07-08 02:42:00,2026-07-08 02:37:00,2026-07-08 02:38:00,7,39,62,1.3,1.0,15,required,closed_all,1.2,0.8
BUY,4187.16,4182.52004,4190.01536,4190.01536,2.85536,0.61538,4.41,2.59,TARGET,2026-07-05 22:30:00,2026-07-05 22:26:00,2026-07-05 22:27:00,3,28,90,1.3,0.8,15,warning_only,closed_all,1.2,0.8
BUY,4108.98,4105.54559,4111.09348,4111.09348,2.11348,0.61538,3.24,0.87,TARGET,2026-07-07 23:06:00,2026-07-07 23:05:00,2026-07-07 23:06:00,3,28,90,1.3,0.8,15,warning_only,closed_all,1.2,0.8
BUY,4127.19,4124.39931,4128.90735,4128.90735,1.71735,0.61538,2.97,0.59,TARGET,2026-07-08 02:38:00,2026-07-08 02:36:00,2026-07-08 02:37:00,3,28,90,1.3,0.8,15,warning_only,closed_all,1.2,0.8
BUY,4128.26,4125.5145,4129.94954,4129.94954,1.68954,0.61538,1.9,1.34,TARGET,2026-07-08 02:38:00,2026-07-08 02:37:00,2026-07-08 02:38:00,3,28,90,1.3,0.8,15,warning_only,closed_all,1.2,0.8
BUY,4128.02,4125.56569,4129.53035,4125.56569,-2.45431,-1.0,1.17,3.48,STOP,2026-07-08 03:02:00,2026-07-08 02:56:00,2026-07-08 02:57:00,3,28,90,1.3,0.8,15,warning_only,closed_all,1.2,0.8
BUY,4128.6,4126.31989,4130.88011,4130.88011,2.28011,1.0,3.12,1.59,TARGET,2026-07-02 20:56:00,2026-07-02 20:54:00,2026-07-02 20:55:00,8,38,81,1.0,1.0,10,warning_only,closed_all,1.8,1.2
BUY,4128.89,4126.03404,4131.74596,4131.74596,2.85596,1.0,6.43,2.32,TARGET,2026-07-02 21:13:00,2026-07-02 21:09:00,2026-07-02 21:10:00,8,38,81,1.0,1.0,10,warning_only,closed_all,1.8,1.2
BUY,4178.91,4177.58138,4180.23862,4177.58138,-1.32862,-1.0,0.25,1.86,STOP,2026-07-03 02:20:00,2026-07-03 02:18:00,2026-07-03 02:19:00,8,38,81,1.0,1.0,10,warning_only,closed_all,1.8,1.2
BUY,4187.79,4183.72381,4191.85619,4191.85619,4.06619,1.0,4.99,0.85,TARGET,2026-07-05 22:16:00,2026-07-05 22:13:00,2026-07-05 22:14:00,8,38,81,1.0,1.0,10,warning_only,closed_all,1.8,1.2
BUY,4185.64,4182.01471,4189.26529,4189.26529,3.62529,1.0,4.02,1.32,TARGET,2026-07-05 22:28:00,2026-07-05 22:25:00,2026-07-05 22:26:00,8,38,81,1.0,1.0,10,warning_only,closed_all,1.8,1.2
BUY,4187.16,4183.5908,4190.7292,4190.7292,3.5692,1.0,4.41,2.59,TARGET,2026-07-05 22:30:00,2026-07-05 22:26:00,2026-07-05 22:27:00,8,38,81,1.0,1.0,10,warning_only,closed_all,1.8,1.2
BUY,4188.14,4184.57074,4191.70926,4191.70926,3.56926,1.0,6.24,2.27,TARGET,2026-07-05 22:32:00,2026-07-05 22:27:00,2026-07-05 22:28:00,8,38,81,1.0,1.0,10,warning_only,closed_all,1.8,1.2
BUY,4108.98,4106.33815,4111.62185,4111.62185,2.64185,1.0,3.24,0.87,TARGET,2026-07-07 23:06:00,2026-07-07 23:05:00,2026-07-07 23:06:00,8,38,81,1.0,1.0,10,warning_only,closed_all,1.8,1.2
BUY,4112.22,4109.47328,4114.96672,4114.96672,2.74672,1.0,3.13,2.12,TARGET,2026-07-07 23:07:00,2026-07-07 23:06:00,2026-07-07 23:07:00,8,38,81,1.0,1.0,10,warning_only,closed_all,1.8,1.2
BUY,4126.3,4124.57907,4128.02093,4124.57907,-1.72093,-1.0,0.82,1.93,STOP,2026-07-08 01:30:00,2026-07-08 01:27:00,2026-07-08 01:28:00,8,38,81,1.0,1.0,10,warning_only,closed_all,1.8,1.2
BUY,4126.29,4124.66262,4127.91738,4124.66262,-1.62738,-1.0,0.83,1.92,STOP,2026-07-08 01:30:00,2026-07-08 01:29:00,2026-07-08 01:30:00,8,38,81,1.0,1.0,10,warning_only,closed_all,1.8,1.2
BUY,4127.05,4125.49483,4128.60517,4125.49483,-1.55517,-1.0,0.35,2.05,STOP,2026-07-08 02:03:00,2026-07-08 02:00:00,2026-07-08 02:01:00,8,38,81,1.0,1.0,10,warning_only,closed_all,1.8,1.2
BUY,4128.76,4126.86169,4130.65831,4126.86169,-1.89831,-1.0,0.21,2.44,STOP,2026-07-08 02:20:00,2026-07-08 02:18:00,2026-07-08 02:19:00,8,38,81,1.0,1.0,10,warning_only,closed_all,1.8,1.2
BUY,4127.19,4125.04332,4129.33668,4129.33668,2.14668,1.0,2.97,0.59,TARGET,2026-07-08 02:38:00,2026-07-08 02:36:00,2026-07-08 02:37:00,8,38,81,1.0,1.0,10,warning_only,closed_all,1.8,1.2
BUY,4128.26,4126.14808,4130.37192,4130.37192,2.11192,1.0,2.82,1.7,TARGET,2026-07-08 02:42:00,2026-07-08 02:37:00,2026-07-08 02:38:00,8,38,81,1.0,1.0,10,warning_only,closed_all,1.8,1.2
BUY,4128.92,4126.70974,4131.13026,4131.13026,2.21026,1.0,2.7,0.64,TARGET,2026-07-08 02:43:00,2026-07-08 02:40:00,2026-07-08 02:41:00,8,38,81,1.0,1.0,10,warning_only,closed_all,1.8,1.2
BUY,4078.04,4074.0538,4082.0262,4074.0538,-3.9862,-1.0,2.16,7.75,STOP,2026-07-08 10:42:00,2026-07-08 10:36:00,2026-07-08 10:37:00,8,38,81,1.0,1.0,10,warning_only,closed_all,1.8,1.2
BUY,4129.43,4126.51881,4131.66938,4126.51881,-2.91119,-1.0,1.25,3.19,STOP,2026-07-02 20:52:00,2026-07-02 20:47:00,2026-07-02 20:48:00,7,32,62,1.3,1.0,20,required,closed_all,0.8,2.0
BUY,4130.59,4127.73539,4132.78585,4127.73539,-2.85461,-1.0,0.09,3.38,STOP,2026-07-02 20:51:00,2026-07-02 20:48:00,2026-07-02 20:49:00,7,32,62,1.3,1.0,20,required,closed_all,0.8,2.0
BUY,4134.23,4130.44953,4137.13806,4137.13806,2.90806,0.76923,3.54,1.31,TARGET,2026-07-02 21:21:00,2026-07-02 21:17:00,2026-07-02 21:18:00,7,32,62,1.3,1.0,20,required,closed_all,0.8,2.0
BUY,4135.16,4131.44156,4138.02034,4138.02034,2.86034,0.76923,3.34,1.83,TARGET,2026-07-02 21:22:00,2026-07-02 21:18:00,2026-07-02 21:19:00,7,32,62,1.3,1.0,20,required,closed_all,0.8,2.0
BUY,4181.41,4178.79438,4183.42201,4183.42201,2.01201,0.76923,4.06,2.17,TARGET,2026-07-02 23:38:00,2026-07-02 23:33:00,2026-07-02 23:34:00,7,32,62,1.3,1.0,20,required,closed_all,0.8,2.0
BUY,4173.47,4171.09479,4175.29708,4171.09479,-2.37521,-1.0,0.91,2.68,STOP,2026-07-03 03:56:00,2026-07-03 03:52:00,2026-07-03 03:53:00,7,32,62,1.3,1.0,20,required,closed_all,0.8,2.0
BUY,4175.29,4173.04139,4177.0197,4177.0197,1.7297,0.76923,2.93,1.62,TARGET,2026-07-03 04:34:00,2026-07-03 04:29:00,2026-07-03 04:30:00,7,32,62,1.3,1.0,20,required,closed_all,0.8,2.0
BUY,4175.91,4173.6151,4177.6753,4177.6753,1.7653,0.76923,2.31,0.27,TARGET,2026-07-03 04:34:00,2026-07-03 04:33:00,2026-07-03 04:34:00,7,32,62,1.3,1.0,20,required,closed_all,0.8,2.0
BUY,4179.44,4177.91046,4180.61657,4177.91046,-1.52954,-1.0,0.1,2.02,STOP,2026-07-03 08:07:00,2026-07-03 08:05:00,2026-07-03 08:06:00,7,32,62,1.3,1.0,20,required,closed_all,0.8,2.0
BUY,4189.71,4187.72587,4191.23625,4191.23625,1.52625,0.76923,12.19,0.16,TARGET,2026-07-05 20:28:00,2026-07-05 20:25:00,2026-07-05 20:26:00,7,32,62,1.3,1.0,20,required,closed_all,0.8,2.0
BUY,4189.3,4184.17239,4193.24432,4184.17239,-5.12761,-1.0,3.48,6.09,STOP,2026-07-05 22:21:00,2026-07-05 22:14:00,2026-07-05 22:15:00,7,32,62,1.3,1.0,20,required,closed_all,0.8,2.0
BUY,4191.31,4186.27193,4195.18544,4186.27193,-5.03807,-1.0,1.47,5.52,STOP,2026-07-05 22:17:00,2026-07-05 22:15:00,2026-07-05 22:16:00,7,32,62,1.3,1.0,20,required,closed_all,0.8,2.0
BUY,4185.64,4180.92712,4189.26529,4189.26529,3.62529,0.76923,4.02,1.32,TARGET,2026-07-05 22:28:00,2026-07-05 22:25:00,2026-07-05 22:26:00,7,32,62,1.3,1.0,20,required,closed_all,0.8,2.0
BUY,4187.16,4182.52004,4190.7292,4190.7292,3.5692,0.76923,4.41,2.59,TARGET,2026-07-05 22:30:00,2026-07-05 22:26:00,2026-07-05 22:27:00,7,32,62,1.3,1.0,20,required,closed_all,0.8,2.0
BUY,4189.71,4185.14465,4193.22181,4193.22181,3.51181,0.76923,4.67,2.34,TARGET,2026-07-05 22:32:00,2026-07-05 22:29:00,2026-07-05 22:30:00,7,32,62,1.3,1.0,20,required,closed_all,0.8,2.0
BUY,4190.51,4185.96533,4194.0059,4194.0059,3.4959,0.76923,3.87,1.33,TARGET,2026-07-05 22:32:00,2026-07-05 22:31:00,2026-07-05 22:32:00,7,32,62,1.3,1.0,20,required,closed_all,0.8,2.0
BUY,4163.65,4162.31399,4164.6777,4164.6777,1.0277,0.76923,1.61,0.68,TARGET,2026-07-06 16:00:00,2026-07-06 15:56:00,2026-07-06 15:57:00,7,32,62,1.3,1.0,20,required,closed_all,0.8,2.0
BUY,4162.96,4162.08751,4163.63115,4163.63115,0.67115,0.76923,1.44,0.59,TARGET,2026-07-06 17:33:00,2026-07-06 17:28:00,2026-07-06 17:29:00,7,32,62,1.3,1.0,20,required,closed_all,0.8,2.0
BUY,4163.33,4162.55829,4163.92363,4163.92363,0.59363,0.76923,0.82,0.2,TARGET,2026-07-06 17:51:00,2026-07-06 17:47:00,2026-07-06 17:48:00,7,32,62,1.3,1.0,20,required,closed_all,0.8,2.0
BUY,4166.33,4165.46171,4166.99791,4166.99791,0.66791,0.76923,1.17,0.3,TARGET,2026-07-06 19:32:00,2026-07-06 19:30:00,2026-07-06 19:31:00,7,32,62,1.3,1.0,20,required,closed_all,0.8,2.0
BUY,4170.2,4166.1539,4173.31239,4166.1539,-4.0461,-1.0,2.2,4.81,STOP,2026-07-07 10:24:00,2026-07-07 10:16:00,2026-07-07 10:17:00,7,32,62,1.3,1.0,20,required,closed_all,0.8,2.0
BUY,4126.3,4124.06279,4128.02093,4128.02093,1.72093,0.76923,1.85,1.93,TARGET,2026-07-08 01:32:00,2026-07-08 01:27:00,2026-07-08 01:28:00,7,32,62,1.3,1.0,20,required,closed_all,0.8,2.0
BUY,4129.73,4126.92725,4131.88596,4126.92725,-2.80275,-1.0,1.89,4.18,STOP,2026-07-08 02:48:00,2026-07-08 02:41:00,2026-07-08 02:42:00,7,32,62,1.3,1.0,20,required,closed_all,0.8,2.0
BUY,4130.85,4128.19845,4132.88966,4132.88966,2.03966,0.76923,2.66,0.99,TARGET,2026-07-08 03:24:00,2026-07-08 03:21:00,2026-07-08 03:22:00,7,32,62,1.3,1.0,20,required,closed_all,0.8,2.0
BUY,4131.4,4128.85172,4133.36021,4133.36021,1.96021,0.76923,2.11,0.44,TARGET,2026-07-08 03:24:00,2026-07-08 03:23:00,2026-07-08 03:24:00,7,32,62,1.3,1.0,20,required,closed_all,0.8,2.0
BUY,4187.16,4182.52004,4190.01536,4190.01536,2.85536,0.61538,4.41,2.59,TARGET,2026-07-05 22:30:00,2026-07-05 22:26:00,2026-07-05 22:27:00,6,24,71,1.3,0.8,30,warning_only,closed_all,0.8,0.8
BUY,4108.98,4105.54559,4111.09348,4111.09348,2.11348,0.61538,3.24,0.87,TARGET,2026-07-07 23:06:00,2026-07-07 23:05:00,2026-07-07 23:06:00,6,24,71,1.3,0.8,30,warning_only,closed_all,0.8,0.8
BUY,4128.26,4125.5145,4129.94954,4129.94954,1.68954,0.61538,1.9,1.34,TARGET,2026-07-08 02:38:00,2026-07-08 02:37:00,2026-07-08 02:38:00,6,24,71,1.3,0.8,30,warning_only,closed_all,0.8,0.8
BUY,4128.89,4125.17725,4132.60275,4132.60275,3.71275,1.0,6.43,2.32,TARGET,2026-07-02 21:13:00,2026-07-02 21:09:00,2026-07-02 21:10:00,7,32,89,1.3,1.3,15,required,closed_all,1.8,0.8
BUY,4185.64,4180.92712,4190.35288,4190.35288,4.71288,1.0,5.93,1.32,TARGET,2026-07-05 22:30:00,2026-07-05 22:25:00,2026-07-05 22:26:00,7,32,89,1.3,1.3,15,required,closed_all,1.8,0.8
BUY,4187.16,4182.52004,4191.79996,4191.79996,4.63996,1.0,7.22,2.59,TARGET,2026-07-05 22:32:00,2026-07-05 22:26:00,2026-07-05 22:27:00,7,32,89,1.3,1.3,15,required,closed_all,1.8,0.8
BUY,4127.19,4124.39931,4129.98069,4129.98069,2.79069,1.0,2.97,0.59,TARGET,2026-07-08 02:38:00,2026-07-08 02:36:00,2026-07-08 02:37:00,7,32,89,1.3,1.3,15,required,closed_all,1.8,0.8
BUY,4128.26,4125.5145,4131.0055,4131.0055,2.7455,1.0,2.82,1.7,TARGET,2026-07-08 02:42:00,2026-07-08 02:37:00,2026-07-08 02:38:00,7,32,89,1.3,1.3,15,required,closed_all,1.8,0.8
BUY,4134.23,4131.32194,4137.13806,4137.13806,2.90806,1.0,3.54,1.31,TARGET,2026-07-02 21:21:00,2026-07-02 21:17:00,2026-07-02 21:18:00,3,35,96,1.0,1.0,30,required,closed_all,1.2,2.0
BUY,4174.9,4172.98855,4176.81145,4176.81145,1.91145,1.0,3.26,0.44,TARGET,2026-07-03 04:06:00,2026-07-03 04:04:00,2026-07-03 04:05:00,3,35,96,1.0,1.0,30,required,closed_all,1.2,2.0
BUY,4174.42,4172.61471,4176.22529,4172.61471,-1.80529,-1.0,0.11,1.85,STOP,2026-07-03 04:27:00,2026-07-03 04:25:00,2026-07-03 04:26:00,3,35,96,1.0,1.0,30,required,closed_all,1.2,2.0
BUY,4175.29,4173.5603,4177.0197,4177.0197,1.7297,1.0,2.93,1.62,TARGET,2026-07-03 04:34:00,2026-07-03 04:29:00,2026-07-03 04:30:00,3,35,96,1.0,1.0,30,required,closed_all,1.2,2.0
BUY,4175.84,4174.01736,4177.66264,4177.66264,1.82264,1.0,2.38,0.95,TARGET,2026-07-03 04:34:00,2026-07-03 04:32:00,2026-07-03 04:33:00,3,35,96,1.0,1.0,30,required,closed_all,1.2,2.0
BUY,4175.91,4174.1447,4177.6753,4177.6753,1.7653,1.0,2.31,0.27,TARGET,2026-07-03 04:34:00,2026-07-03 04:33:00,2026-07-03 04:34:00,3,35,96,1.0,1.0,30,required,closed_all,1.2,2.0
BUY,4179.44,4178.26343,4180.61657,4178.26343,-1.17657,-1.0,0.1,1.47,STOP,2026-07-03 08:06:00,2026-07-03 08:05:00,2026-07-03 08:06:00,3,35,96,1.0,1.0,30,required,closed_all,1.2,2.0
BUY,4187.79,4183.72381,4191.85619,4191.85619,4.06619,1.0,4.99,0.85,TARGET,2026-07-05 22:16:00,2026-07-05 22:13:00,2026-07-05 22:14:00,3,35,96,1.0,1.0,30,required,closed_all,1.2,2.0
BUY,4189.3,4185.35568,4193.24432,4185.35568,-3.94432,-1.0,3.48,5.08,STOP,2026-07-05 22:18:00,2026-07-05 22:14:00,2026-07-05 22:15:00,3,35,96,1.0,1.0,30,required,closed_all,1.2,2.0
BUY,4191.31,4187.43456,4195.18544,4187.43456,-3.87544,-1.0,1.47,5.52,STOP,2026-07-05 22:17:00,2026-07-05 22:15:00,2026-07-05 22:16:00,3,35,96,1.0,1.0,30,required,closed_all,1.2,2.0
BUY,4188.85,4185.03247,4192.66753,4185.03247,-3.81753,-1.0,1.62,5.64,STOP,2026-07-05 22:21:00,2026-07-05 22:19:00,2026-07-05 22:20:00,3,35,96,1.0,1.0,30,required,closed_all,1.2,2.0
BUY,4185.64,4182.01471,4189.26529,4189.26529,3.62529,1.0,4.02,1.32,TARGET,2026-07-05 22:28:00,2026-07-05 22:25:00,2026-07-05 22:26:00,3,35,96,1.0,1.0,30,required,closed_all,1.2,2.0
BUY,4187.16,4183.5908,4190.7292,4190.7292,3.5692,1.0,4.41,2.59,TARGET,2026-07-05 22:30:00,2026-07-05 22:26:00,2026-07-05 22:27:00,3,35,96,1.0,1.0,30,required,closed_all,1.2,2.0
BUY,4188.14,4184.57074,4191.70926,4191.70926,3.56926,1.0,6.24,2.27,TARGET,2026-07-05 22:32:00,2026-07-05 22:27:00,2026-07-05 22:28:00,3,35,96,1.0,1.0,30,required,closed_all,1.2,2.0
BUY,4189.71,4186.19819,4193.22181,4193.22181,3.51181,1.0,4.67,2.34,TARGET,2026-07-05 22:32:00,2026-07-05 22:29:00,2026-07-05 22:30:00,3,35,96,1.0,1.0,30,required,closed_all,1.2,2.0
BUY,4190.51,4187.0141,4194.0059,4194.0059,3.4959,1.0,3.87,1.33,TARGET,2026-07-05 22:32:00,2026-07-05 22:31:00,2026-07-05 22:32:00,3,35,96,1.0,1.0,30,required,closed_all,1.2,2.0
BUY,4161.96,4160.94054,4162.97946,4162.97946,1.01946,1.0,1.28,0.57,TARGET,2026-07-06 16:29:00,2026-07-06 16:23:00,2026-07-06 16:24:00,3,35,96,1.0,1.0,30,required,closed_all,1.2,2.0
BUY,4162.39,4161.43006,4163.34994,4161.43006,-0.95994,-1.0,0.85,1.05,STOP,2026-07-06 16:31:00,2026-07-06 16:26:00,2026-07-06 16:27:00,3,35,96,1.0,1.0,30,required,closed_all,1.2,2.0
BUY,4162.75,4162.03601,4163.46399,4163.46399,0.71399,1.0,1.65,0.38,TARGET,2026-07-06 17:33:00,2026-07-06 17:26:00,2026-07-06 17:27:00,3,35,96,1.0,1.0,30,required,closed_all,1.2,2.0
BUY,4162.96,4162.28885,4163.63115,4163.63115,0.67115,1.0,1.44,0.59,TARGET,2026-07-06 17:33:00,2026-07-06 17:28:00,2026-07-06 17:29:00,3,35,96,1.0,1.0,30,required,closed_all,1.2,2.0
BUY,4163.33,4162.73637,4163.92363,4163.92363,0.59363,1.0,0.82,0.2,TARGET,2026-07-06 17:51:00,2026-07-06 17:47:00,2026-07-06 17:48:00,3,35,96,1.0,1.0,30,required,closed_all,1.2,2.0
BUY,4130.85,4128.81034,4132.88966,4132.88966,2.03966,1.0,2.66,0.99,TARGET,2026-07-08 03:24:00,2026-07-08 03:21:00,2026-07-08 03:22:00,3,35,96,1.0,1.0,30,required,closed_all,1.2,2.0
BUY,4128.6,4124.95183,4130.88011,4130.88011,2.28011,0.625,3.12,1.59,TARGET,2026-07-02 20:56:00,2026-07-02 20:54:00,2026-07-02 20:55:00,3,36,68,1.6,1.0,15,required,closed_all,1.8,0.8
BUY,4178.03,4176.2331,4179.15306,4179.15306,1.12306,0.625,1.41,1.36,TARGET,2026-07-03 08:05:00,2026-07-03 08:03:00,2026-07-03 08:04:00,3,36,68,1.6,1.0,15,required,closed_all,1.8,0.8
BUY,4185.64,4179.83953,4189.26529,4189.26529,3.62529,0.625,4.02,1.32,TARGET,2026-07-05 22:28:00,2026-07-05 22:25:00,2026-07-05 22:26:00,3,36,68,1.6,1.0,15,required,closed_all,1.8,0.8
BUY,4187.16,4181.44928,4190.7292,4190.7292,3.5692,0.625,4.41,2.59,TARGET,2026-07-05 22:30:00,2026-07-05 22:26:00,2026-07-05 22:27:00,3,36,68,1.6,1.0,15,required,closed_all,1.8,0.8
BUY,4161.96,4160.32887,4162.97946,4162.97946,1.01946,0.625,1.28,0.57,TARGET,2026-07-06 16:29:00,2026-07-06 16:23:00,2026-07-06 16:24:00,3,36,68,1.6,1.0,15,required,closed_all,1.8,0.8
BUY,4162.82,4160.96595,4163.97878,4163.97878,1.15878,0.625,1.68,0.81,TARGET,2026-07-06 17:00:00,2026-07-06 16:58:00,2026-07-06 16:59:00,3,36,68,1.6,1.0,15,required,closed_all,1.8,0.8
BUY,4162.7,4161.54112,4163.4243,4163.4243,0.7243,0.625,1.7,0.53,TARGET,2026-07-06 17:33:00,2026-07-06 17:25:00,2026-07-06 17:26:00,3,36,68,1.6,1.0,15,required,closed_all,1.8,0.8
BUY,4127.19,4123.75531,4129.33668,4129.33668,2.14668,0.625,2.97,0.59,TARGET,2026-07-08 02:38:00,2026-07-08 02:36:00,2026-07-08 02:37:00,3,36,68,1.6,1.0,15,required,closed_all,1.8,0.8
BUY,4128.26,4124.88093,4130.37192,4130.37192,2.11192,0.625,2.82,1.7,TARGET,2026-07-08 02:42:00,2026-07-08 02:37:00,2026-07-08 02:38:00,3,36,68,1.6,1.0,15,required,closed_all,1.8,0.8
BUY,4128.02,4124.99931,4129.90793,4124.99931,-3.02069,-1.0,1.17,3.48,STOP,2026-07-08 03:02:00,2026-07-08 02:56:00,2026-07-08 02:57:00,3,36,68,1.6,1.0,15,required,closed_all,1.8,0.8
BUY,4185.64,4182.01471,4190.35288,4190.35288,4.71288,1.3,5.93,1.32,TARGET,2026-07-05 22:30:00,2026-07-05 22:25:00,2026-07-05 22:26:00,6,40,73,1.0,1.3,20,required,closed_all,0.8,1.2
BUY,4187.16,4183.5908,4191.79996,4191.79996,4.63996,1.3,7.22,2.59,TARGET,2026-07-05 22:32:00,2026-07-05 22:26:00,2026-07-05 22:27:00,6,40,73,1.0,1.3,20,required,closed_all,0.8,1.2
BUY,4126.3,4124.57907,4128.53721,4124.57907,-1.72093,-1.0,0.82,1.93,STOP,2026-07-08 01:30:00,2026-07-08 01:27:00,2026-07-08 01:28:00,6,40,73,1.0,1.3,20,required,closed_all,0.8,1.2
BUY,4127.19,4125.04332,4129.98069,4129.98069,2.79069,1.3,2.97,0.59,TARGET,2026-07-08 02:38:00,2026-07-08 02:36:00,2026-07-08 02:37:00,6,40,73,1.0,1.3,20,required,closed_all,0.8,1.2
BUY,4128.26,4126.14808,4131.0055,4131.0055,2.7455,1.3,2.82,1.7,TARGET,2026-07-08 02:42:00,2026-07-08 02:37:00,2026-07-08 02:38:00,6,40,73,1.0,1.3,20,required,closed_all,0.8,1.2
BUY,4129.43,4127.19062,4131.2215,4127.19062,-2.23938,-1.0,1.25,3.19,STOP,2026-07-02 20:52:00,2026-07-02 20:47:00,2026-07-02 20:48:00,5,38,61,1.0,0.8,20,warning_only,closed_all,1.2,2.0
BUY,4130.59,4128.39415,4132.34668,4128.39415,-2.19585,-1.0,0.09,3.38,STOP,2026-07-02 20:51:00,2026-07-02 20:48:00,2026-07-02 20:49:00,5,38,61,1.0,0.8,20,warning_only,closed_all,1.2,2.0
BUY,4130.63,4128.44671,4132.37663,4128.44671,-2.18329,-1.0,0.05,3.42,STOP,2026-07-02 20:51:00,2026-07-02 20:49:00,2026-07-02 20:50:00,5,38,61,1.0,0.8,20,warning_only,closed_all,1.2,2.0
BUY,4134.23,4131.32194,4136.55645,4136.55645,2.32645,0.8,2.45,1.31,TARGET,2026-07-02 21:20:00,2026-07-02 21:17:00,2026-07-02 21:18:00,5,38,61,1.0,0.8,20,warning_only,closed_all,1.2,2.0
BUY,4135.16,4132.29966,4137.44827,4137.44827,2.28827,0.8,2.61,1.83,TARGET,2026-07-02 21:21:00,2026-07-02 21:18:00,2026-07-02 21:19:00,5,38,61,1.0,0.8,20,warning_only,closed_all,1.2,2.0
BUY,4181.41,4179.39799,4183.01961,4179.39799,-2.01201,-1.0,0.09,2.17,STOP,2026-07-02 23:35:00,2026-07-02 23:33:00,2026-07-02 23:34:00,5,38,61,1.0,0.8,20,warning_only,closed_all,1.2,2.0
BUY,4183.58,4181.53322,4185.21742,4185.21742,1.63742,0.8,2.36,0.62,TARGET,2026-07-02 23:53:00,2026-07-02 23:52:00,2026-07-02 23:53:00,5,38,61,1.0,0.8,20,warning_only,closed_all,1.2,2.0
BUY,4183.17,4181.38846,4184.59523,4181.38846,-1.78154,-1.0,0.61,1.8,STOP,2026-07-03 00:16:00,2026-07-03 00:13:00,2026-07-03 00:14:00,5,38,61,1.0,0.8,20,warning_only,closed_all,1.2,2.0
BUY,4173.66,4171.73767,4175.19786,4175.19786,1.53786,0.8,3.09,0.53,TARGET,2026-07-03 04:05:00,2026-07-03 04:03:00,2026-07-03 04:04:00,5,38,61,1.0,0.8,20,warning_only,closed_all,1.2,2.0
BUY,4174.9,4172.98855,4176.42916,4176.42916,1.52916,0.8,1.85,0.44,TARGET,2026-07-03 04:05:00,2026-07-03 04:04:00,2026-07-03 04:05:00,5,38,61,1.0,0.8,20,warning_only,closed_all,1.2,2.0
BUY,4175.29,4173.5603,4176.67376,4176.67376,1.38376,0.8,1.72,0.34,TARGET,2026-07-03 04:30:00,2026-07-03 04:29:00,2026-07-03 04:30:00,5,38,61,1.0,0.8,20,warning_only,closed_all,1.2,2.0
BUY,4175.84,4174.01736,4177.29811,4177.29811,1.45811,0.8,2.38,0.95,TARGET,2026-07-03 04:34:00,2026-07-03 04:32:00,2026-07-03 04:33:00,5,38,61,1.0,0.8,20,warning_only,closed_all,1.2,2.0
BUY,4175.91,4174.1447,4177.32224,4177.32224,1.41224,0.8,2.31,0.27,TARGET,2026-07-03 04:34:00,2026-07-03 04:33:00,2026-07-03 04:34:00,5,38,61,1.0,0.8,20,warning_only,closed_all,1.2,2.0
BUY,4183.11,4181.53753,4184.36798,4181.53753,-1.57247,-1.0,1.42,1.73,AMBIGUOUS_STOP_FIRST,2026-07-03 05:30:00,2026-07-03 05:29:00,2026-07-03 05:30:00,5,38,61,1.0,0.8,20,warning_only,closed_all,1.2,2.0
BUY,4184.16,4182.44036,4185.53571,4182.44036,-1.71964,-1.0,1.11,3.83,STOP,2026-07-03 05:46:00,2026-07-03 05:44:00,2026-07-03 05:45:00,5,38,61,1.0,0.8,20,warning_only,closed_all,1.2,2.0
BUY,4179.44,4178.26343,4180.38126,4178.26343,-1.17657,-1.0,0.1,1.47,STOP,2026-07-03 08:06:00,2026-07-03 08:05:00,2026-07-03 08:06:00,5,38,61,1.0,0.8,20,warning_only,closed_all,1.2,2.0
BUY,4179.31,4176.75806,4181.35155,4181.35155,2.04155,0.8,2.15,0.32,TARGET,2026-07-05 19:22:00,2026-07-05 19:20:00,2026-07-05 19:21:00,5,38,61,1.0,0.8,20,warning_only,closed_all,1.2,2.0
BUY,4189.53,4187.84895,4190.87484,4190.87484,1.34484,0.8,1.61,0.33,TARGET,2026-07-05 20:23:00,2026-07-05 20:20:00,2026-07-05 20:21:00,5,38,61,1.0,0.8,20,warning_only,closed_all,1.2,2.0
BUY,4187.79,4183.72381,4191.04295,4191.04295,3.25295,0.8,3.52,0.85,TARGET,2026-07-05 22:15:00,2026-07-05 22:13:00,2026-07-05 22:14:00,5,38,61,1.0,0.8,20,warning_only,closed_all,1.2,2.0
BUY,4189.3,4185.35568,4192.45545,4192.45545,3.15545,0.8,3.48,0.97,TARGET,2026-07-05 22:16:00,2026-07-05 22:14:00,2026-07-05 22:15:00,5,38,61,1.0,0.8,20,warning_only,closed_all,1.2,2.0
BUY,4191.31,4187.43456,4194.41035,4187.43456,-3.87544,-1.0,1.47,5.52,STOP,2026-07-05 22:17:00,2026-07-05 22:15:00,2026-07-05 22:16:00,5,38,61,1.0,0.8,20,warning_only,closed_all,1.2,2.0
BUY,4188.85,4185.03247,4191.90402,4185.03247,-3.81753,-1.0,1.62,5.64,STOP,2026-07-05 22:21:00,2026-07-05 22:19:00,2026-07-05 22:20:00,5,38,61,1.0,0.8,20,warning_only,closed_all,1.2,2.0
BUY,4185.64,4182.01471,4188.54024,4188.54024,2.90024,0.8,4.02,1.32,TARGET,2026-07-05 22:28:00,2026-07-05 22:25:00,2026-07-05 22:26:00,5,38,61,1.0,0.8,20,warning_only,closed_all,1.2,2.0
BUY,4187.16,4183.5908,4190.01536,4190.01536,2.85536,0.8,4.41,2.59,TARGET,2026-07-05 22:30:00,2026-07-05 22:26:00,2026-07-05 22:27:00,5,38,61,1.0,0.8,20,warning_only,closed_all,1.2,2.0
BUY,4188.14,4184.57074,4190.99541,4190.99541,2.85541,0.8,3.43,2.27,TARGET,2026-07-05 22:30:00,2026-07-05 22:27:00,2026-07-05 22:28:00,5,38,61,1.0,0.8,20,warning_only,closed_all,1.2,2.0
BUY,4189.71,4186.19819,4192.51945,4192.51945,2.80945,0.8,4.67,2.34,TARGET,2026-07-05 22:32:00,2026-07-05 22:29:00,2026-07-05 22:30:00,5,38,61,1.0,0.8,20,warning_only,closed_all,1.2,2.0
BUY,4190.51,4187.0141,4193.30672,4193.30672,2.79672,0.8,3.87,1.33,TARGET,2026-07-05 22:32:00,2026-07-05 22:31:00,2026-07-05 22:32:00,5,38,61,1.0,0.8,20,warning_only,closed_all,1.2,2.0
BUY,4154.17,4152.82288,4155.2477,4155.2477,1.0777,0.8,2.86,0.73,TARGET,2026-07-06 08:17:00,2026-07-06 08:13:00,2026-07-06 08:14:00,5,38,61,1.0,0.8,20,warning_only,closed_all,1.2,2.0
BUY,4155.65,4154.25198,4156.76842,4154.25198,-1.39802,-1.0,0.55,1.93,STOP,2026-07-06 09:00:00,2026-07-06 08:59:00,2026-07-06 09:00:00,5,38,61,1.0,0.8,20,warning_only,closed_all,1.2,2.0
BUY,4156.96,4155.46436,4158.15651,4158.15651,1.19651,0.8,1.29,1.48,TARGET,2026-07-06 09:03:00,2026-07-06 09:01:00,2026-07-06 09:02:00,5,38,61,1.0,0.8,20,warning_only,closed_all,1.2,2.0
BUY,4156.92,4155.41563,4158.12349,4158.12349,1.20349,0.8,1.31,0.59,TARGET,2026-07-06 09:06:00,2026-07-06 09:05:00,2026-07-06 09:06:00,5,38,61,1.0,0.8,20,warning_only,closed_all,1.2,2.0
BUY,4148.5,4146.8192,4149.84464,4146.8192,-1.6808,-1.0,0.09,2.87,STOP,2026-07-06 13:00:00,2026-07-06 12:57:00,2026-07-06 12:58:00,5,38,61,1.0,0.8,20,warning_only,closed_all,1.2,2.0
BUY,4148.59,4146.95783,4149.89574,4146.95783,-1.63217,-1.0,0.0,2.96,STOP,2026-07-06 13:00:00,2026-07-06 12:58:00,2026-07-06 12:59:00,5,38,61,1.0,0.8,20,warning_only,closed_all,1.2,2.0
BUY,4145.52,4144.01638,4146.72289,4146.72289,1.20289,0.8,1.24,0.37,TARGET,2026-07-06 13:30:00,2026-07-06 13:29:00,2026-07-06 13:30:00,5,38,61,1.0,0.8,20,warning_only,closed_all,1.2,2.0
BUY,4146.76,4145.24879,4147.96897,4147.96897,1.20897,0.8,1.61,0.52,TARGET,2026-07-06 13:32:00,2026-07-06 13:30:00,2026-07-06 13:31:00,5,38,61,1.0,0.8,20,warning_only,closed_all,1.2,2.0
BUY,4147.62,4146.11816,4148.82147,4148.82147,1.20147,0.8,1.89,0.97,TARGET,2026-07-06 13:37:00,2026-07-06 13:31:00,2026-07-06 13:32:00,5,38,61,1.0,0.8,20,warning_only,closed_all,1.2,2.0
BUY,4147.29,4145.86241,4148.43207,4148.43207,1.14207,0.8,1.27,0.29,TARGET,2026-07-06 13:36:00,2026-07-06 13:35:00,2026-07-06 13:36:00,5,38,61,1.0,0.8,20,warning_only,closed_all,1.2,2.0
BUY,4163.07,4162.01786,4163.91171,4163.91171,0.84171,0.8,0.86,0.13,TARGET,2026-07-06 15:57:00,2026-07-06 15:55:00,2026-07-06 15:56:00,5,38,61,1.0,0.8,20,warning_only,closed_all,1.2,2.0
BUY,4163.65,4162.6223,4164.47216,4164.47216,0.82216,0.8,1.61,0.68,TARGET,2026-07-06 16:00:00,2026-07-06 15:56:00,2026-07-06 15:57:00,5,38,61,1.0,0.8,20,warning_only,closed_all,1.2,2.0
BUY,4163.81,4162.84464,4164.58229,4164.58229,0.77229,0.8,1.45,0.19,TARGET,2026-07-06 16:00:00,2026-07-06 15:59:00,2026-07-06 16:00:00,5,38,61,1.0,0.8,20,warning_only,closed_all,1.2,2.0
BUY,4162.39,4161.43006,4163.15795,4163.15795,0.76795,0.8,0.85,0.84,TARGET,2026-07-06 16:29:00,2026-07-06 16:26:00,2026-07-06 16:27:00,5,38,61,1.0,0.8,20,warning_only,closed_all,1.2,2.0
BUY,4162.71,4161.74393,4163.48285,4161.74393,-0.96607,-1.0,0.53,1.14,STOP,2026-07-06 16:30:00,2026-07-06 16:28:00,2026-07-06 16:29:00,5,38,61,1.0,0.8,20,warning_only,closed_all,1.2,2.0
BUY,4162.57,4161.669,4163.2908,4163.2908,0.7208,0.8,1.19,0.62,TARGET,2026-07-06 16:49:00,2026-07-06 16:46:00,2026-07-06 16:47:00,5,38,61,1.0,0.8,20,warning_only,closed_all,1.2,2.0
BUY,4162.75,4162.03601,4163.32119,4163.32119,0.57119,0.8,0.65,0.38,TARGET,2026-07-06 17:31:00,2026-07-06 17:26:00,2026-07-06 17:27:00,5,38,61,1.0,0.8,20,warning_only,closed_all,1.2,2.0
BUY,4162.96,4162.28885,4163.49692,4163.49692,0.53692,0.8,1.44,0.59,TARGET,2026-07-06 17:33:00,2026-07-06 17:28:00,2026-07-06 17:29:00,5,38,61,1.0,0.8,20,warning_only,closed_all,1.2,2.0
BUY,4163.33,4162.73637,4163.8049,4163.8049,0.4749,0.8,0.54,0.2,TARGET,2026-07-06 17:50:00,2026-07-06 17:47:00,2026-07-06 17:48:00,5,38,61,1.0,0.8,20,warning_only,closed_all,1.2,2.0
BUY,4166.33,4165.66209,4166.86433,4166.86433,0.53433,0.8,0.59,0.3,TARGET,2026-07-06 19:31:00,2026-07-06 19:30:00,2026-07-06 19:31:00,5,38,61,1.0,0.8,20,warning_only,closed_all,1.2,2.0
BUY,4130.22,4128.40904,4131.66877,4131.66877,1.44877,0.8,1.88,0.77,TARGET,2026-07-07 06:56:00,2026-07-07 06:54:00,2026-07-07 06:55:00,5,38,61,1.0,0.8,20,warning_only,closed_all,1.2,2.0
BUY,4130.25,4128.51125,4131.641,4131.641,1.391,0.8,1.85,0.58,TARGET,2026-07-07 06:56:00,2026-07-07 06:55:00,2026-07-07 06:56:00,5,38,61,1.0,0.8,20,warning_only,closed_all,1.2,2.0
BUY,4131.98,4130.24636,4133.36691,4133.36691,1.38691,0.8,1.79,1.04,TARGET,2026-07-07 07:00:00,2026-07-07 06:58:00,2026-07-07 06:59:00,5,38,61,1.0,0.8,20,warning_only,closed_all,1.2,2.0
BUY,4132.27,4130.54619,4133.64905,4133.64905,1.37905,0.8,1.58,0.43,TARGET,2026-07-07 07:07:00,2026-07-07 07:02:00,2026-07-07 07:03:00,5,38,61,1.0,0.8,20,warning_only,closed_all,1.2,2.0
BUY,4133.13,4131.56548,4134.38161,4134.38161,1.25161,0.8,1.51,1.12,TARGET,2026-07-07 07:13:00,2026-07-07 07:06:00,2026-07-07 07:07:00,5,38,61,1.0,0.8,20,warning_only,closed_all,1.2,2.0
BUY,4133.6,4132.11508,4134.78794,4134.78794,1.18794,0.8,1.25,0.39,TARGET,2026-07-07 07:17:00,2026-07-07 07:16:00,2026-07-07 07:17:00,5,38,61,1.0,0.8,20,warning_only,closed_all,1.2,2.0
BUY,4136.9,4135.45142,4138.05887,4138.05887,1.15887,0.8,5.16,0.04,TARGET,2026-07-07 08:18:00,2026-07-07 08:17:00,2026-07-07 08:18:00,5,38,61,1.0,0.8,20,warning_only,closed_all,1.2,2.0
BUY,4170.2,4167.08761,4172.68991,4167.08761,-3.11239,-1.0,2.2,4.81,STOP,2026-07-07 10:24:00,2026-07-07 10:16:00,2026-07-07 10:17:00,5,38,61,1.0,0.8,20,warning_only,closed_all,1.2,2.0
BUY,4108.98,4106.33815,4111.09348,4111.09348,2.11348,0.8,3.24,0.87,TARGET,2026-07-07 23:06:00,2026-07-07 23:05:00,2026-07-07 23:06:00,5,38,61,1.0,0.8,20,warning_only,closed_all,1.2,2.0
BUY,4126.68,4125.23622,4127.83503,4127.83503,1.15503,0.8,1.94,0.45,TARGET,2026-07-08 00:47:00,2026-07-08 00:45:00,2026-07-08 00:46:00,5,38,61,1.0,0.8,20,warning_only,closed_all,1.2,2.0
BUY,4127.14,4125.73434,4128.26452,4128.26452,1.12452,0.8,1.48,0.38,TARGET,2026-07-08 00:47:00,2026-07-08 00:46:00,2026-07-08 00:47:00,5,38,61,1.0,0.8,20,warning_only,closed_all,1.2,2.0
BUY,4127.37,4125.42062,4128.92951,4125.42062,-1.94938,-1.0,0.01,2.66,STOP,2026-07-08 01:25:00,2026-07-08 01:22:00,2026-07-08 01:23:00,5,38,61,1.0,0.8,20,warning_only,closed_all,1.2,2.0
BUY,4126.3,4124.57907,4127.67674,4124.57907,-1.72093,-1.0,0.82,1.93,STOP,2026-07-08 01:30:00,2026-07-08 01:27:00,2026-07-08 01:28:00,5,38,61,1.0,0.8,20,warning_only,closed_all,1.2,2.0
BUY,4127.94,4126.39918,4129.17266,4129.17266,1.23266,0.8,2.66,0.18,TARGET,2026-07-08 02:05:00,2026-07-08 02:04:00,2026-07-08 02:05:00,5,38,61,1.0,0.8,20,warning_only,closed_all,1.2,2.0
BUY,4128.76,4126.86169,4130.27865,4126.86169,-1.89831,-1.0,0.21,2.44,STOP,2026-07-08 02:20:00,2026-07-08 02:18:00,2026-07-08 02:19:00,5,38,61,1.0,0.8,20,warning_only,closed_all,1.2,2.0
BUY,4128.26,4126.14808,4129.94954,4129.94954,1.68954,0.8,1.9,1.34,TARGET,2026-07-08 02:38:00,2026-07-08 02:37:00,2026-07-08 02:38:00,5,38,61,1.0,0.8,20,warning_only,closed_all,1.2,2.0
BUY,4128.92,4126.70974,4130.68821,4130.68821,1.76821,0.8,2.16,0.64,TARGET,2026-07-08 02:42:00,2026-07-08 02:40:00,2026-07-08 02:41:00,5,38,61,1.0,0.8,20,warning_only,closed_all,1.2,2.0
BUY,4129.73,4127.57404,4131.45477,4131.45477,1.72477,0.8,1.89,1.18,TARGET,2026-07-08 02:43:00,2026-07-08 02:41:00,2026-07-08 02:42:00,5,38,61,1.0,0.8,20,warning_only,closed_all,1.2,2.0
BUY,4130.85,4128.81034,4132.48172,4132.48172,1.63172,0.8,2.66,0.99,TARGET,2026-07-08 03:24:00,2026-07-08 03:21:00,2026-07-08 03:22:00,5,38,61,1.0,0.8,20,warning_only,closed_all,1.2,2.0
BUY,4131.4,4129.43979,4132.96817,4132.96817,1.56817,0.8,2.11,0.44,TARGET,2026-07-08 03:24:00,2026-07-08 03:23:00,2026-07-08 03:24:00,5,38,61,1.0,0.8,20,warning_only,closed_all,1.2,2.0
BUY,4070.52,4067.21546,4073.16363,4073.16363,2.64363,0.8,3.51,2.37,TARGET,2026-07-08 09:30:00,2026-07-08 09:26:00,2026-07-08 09:27:00,5,38,61,1.0,0.8,20,warning_only,closed_all,1.2,2.0
BUY,4070.34,4067.24074,4072.81941,4072.81941,2.47941,0.8,3.08,0.84,TARGET,2026-07-08 09:39:00,2026-07-08 09:38:00,2026-07-08 09:39:00,5,38,61,1.0,0.8,20,warning_only,closed_all,1.2,2.0
BUY,4078.04,4074.0538,4081.22896,4074.0538,-3.9862,-1.0,2.16,7.75,STOP,2026-07-08 10:42:00,2026-07-08 10:36:00,2026-07-08 10:37:00,5,38,61,1.0,0.8,20,warning_only,closed_all,1.2,2.0
BUY,4128.89,4124.32046,4132.60275,4132.60275,3.71275,0.8125,6.43,2.32,TARGET,2026-07-02 21:13:00,2026-07-02 21:09:00,2026-07-02 21:10:00,8,34,83,1.6,1.3,10,warning_only,closed_all,1.2,1.2
BUY,4187.79,4181.2841,4193.07604,4181.2841,-6.5059,-1.0,4.99,7.24,STOP,2026-07-05 22:23:00,2026-07-05 22:13:00,2026-07-05 22:14:00,8,34,83,1.6,1.3,10,warning_only,closed_all,1.2,1.2
BUY,4185.64,4179.83953,4190.35288,4190.35288,4.71288,0.8125,5.93,1.32,TARGET,2026-07-05 22:30:00,2026-07-05 22:25:00,2026-07-05 22:26:00,8,34,83,1.6,1.3,10,warning_only,closed_all,1.2,1.2
BUY,4187.16,4181.44928,4191.79996,4191.79996,4.63996,0.8125,7.22,2.59,TARGET,2026-07-05 22:32:00,2026-07-05 22:26:00,2026-07-05 22:27:00,8,34,83,1.6,1.3,10,warning_only,closed_all,1.2,1.2
BUY,4188.14,4182.42919,4192.78004,4192.78004,4.64004,0.8125,6.24,2.27,TARGET,2026-07-05 22:32:00,2026-07-05 22:27:00,2026-07-05 22:28:00,8,34,83,1.6,1.3,10,warning_only,closed_all,1.2,1.2
BUY,4108.98,4104.75303,4112.41441,4112.41441,3.43441,0.8125,6.37,0.87,TARGET,2026-07-07 23:07:00,2026-07-07 23:05:00,2026-07-07 23:06:00,8,34,83,1.6,1.3,10,warning_only,closed_all,1.2,1.2
BUY,4126.3,4123.54652,4128.53721,4127.2,0.9,0.32686,1.85,1.93,TIME_EXIT,2026-07-08 01:37:00,2026-07-08 01:27:00,2026-07-08 01:28:00,8,34,83,1.6,1.3,10,warning_only,closed_all,1.2,1.2
BUY,4126.29,4123.68619,4128.4056,4125.42,-0.87,-0.33413,1.86,1.92,TIME_EXIT,2026-07-08 01:39:00,2026-07-08 01:29:00,2026-07-08 01:30:00,8,34,83,1.6,1.3,10,warning_only,closed_all,1.2,1.2
BUY,4127.19,4123.75531,4129.98069,4129.98069,2.79069,0.8125,2.97,0.59,TARGET,2026-07-08 02:38:00,2026-07-08 02:36:00,2026-07-08 02:37:00,8,34,83,1.6,1.3,10,warning_only,closed_all,1.2,1.2
BUY,4128.26,4124.88093,4131.0055,4131.0055,2.7455,0.8125,2.82,1.7,TARGET,2026-07-08 02:42:00,2026-07-08 02:37:00,2026-07-08 02:38:00,8,34,83,1.6,1.3,10,warning_only,closed_all,1.2,1.2
BUY,4128.92,4125.38358,4131.79334,4125.38358,-3.53642,-1.0,2.7,3.9,STOP,2026-07-08 02:49:00,2026-07-08 02:40:00,2026-07-08 02:41:00,8,34,83,1.6,1.3,10,warning_only,closed_all,1.2,1.2
BUY,4078.04,4071.66208,4083.22206,4071.66208,-6.37792,-1.0,2.16,7.75,STOP,2026-07-08 10:42:00,2026-07-08 10:36:00,2026-07-08 10:37:00,8,34,83,1.6,1.3,10,warning_only,closed_all,1.2,1.2
BUY,4187.16,4181.44928,4191.79996,4191.79996,4.63996,0.8125,7.22,2.59,TARGET,2026-07-05 22:32:00,2026-07-05 22:26:00,2026-07-05 22:27:00,6,26,77,1.6,1.3,20,warning_only,closed_all,0.8,0.8
BUY,4108.98,4104.75303,4112.41441,4112.41441,3.43441,0.8125,6.37,0.87,TARGET,2026-07-07 23:07:00,2026-07-07 23:05:00,2026-07-07 23:06:00,6,26,77,1.6,1.3,20,warning_only,closed_all,0.8,0.8
BUY,4127.19,4123.75531,4129.98069,4129.98069,2.79069,0.8125,2.97,0.59,TARGET,2026-07-08 02:38:00,2026-07-08 02:36:00,2026-07-08 02:37:00,6,26,77,1.6,1.3,20,warning_only,closed_all,0.8,0.8
BUY,4128.26,4124.88093,4131.0055,4131.0055,2.7455,0.8125,2.82,1.7,TARGET,2026-07-08 02:42:00,2026-07-08 02:37:00,2026-07-08 02:38:00,6,26,77,1.6,1.3,20,warning_only,closed_all,0.8,0.8
BUY,4178.03,4176.90694,4178.92845,4176.90694,-1.12306,-1.0,0.95,1.36,AMBIGUOUS_STOP_FIRST,2026-07-03 08:04:00,2026-07-03 08:03:00,2026-07-03 08:04:00,3,40,95,1.0,0.8,15,required,closed_all,1.8,0.8
BUY,4185.64,4182.01471,4188.54024,4188.54024,2.90024,0.8,4.02,1.32,TARGET,2026-07-05 22:28:00,2026-07-05 22:25:00,2026-07-05 22:26:00,3,40,95,1.0,0.8,15,required,closed_all,1.8,0.8
BUY,4187.16,4183.5908,4190.01536,4190.01536,2.85536,0.8,4.41,2.59,TARGET,2026-07-05 22:30:00,2026-07-05 22:26:00,2026-07-05 22:27:00,3,40,95,1.0,0.8,15,required,closed_all,1.8,0.8
BUY,4127.19,4125.04332,4128.90735,4128.90735,1.71735,0.8,2.97,0.59,TARGET,2026-07-08 02:38:00,2026-07-08 02:36:00,2026-07-08 02:37:00,3,40,95,1.0,0.8,15,required,closed_all,1.8,0.8
BUY,4128.26,4126.14808,4129.94954,4129.94954,1.68954,0.8,1.9,1.34,TARGET,2026-07-08 02:38:00,2026-07-08 02:37:00,2026-07-08 02:38:00,3,40,95,1.0,0.8,15,required,closed_all,1.8,0.8
BUY,4185.64,4180.92712,4189.26529,4189.26529,3.62529,0.76923,4.02,1.32,TARGET,2026-07-05 22:28:00,2026-07-05 22:25:00,2026-07-05 22:26:00,4,32,79,1.3,1.0,15,warning_only,closed_all,1.2,0.8
BUY,4187.16,4182.52004,4190.7292,4190.7292,3.5692,0.76923,4.41,2.59,TARGET,2026-07-05 22:30:00,2026-07-05 22:26:00,2026-07-05 22:27:00,4,32,79,1.3,1.0,15,warning_only,closed_all,1.2,0.8
BUY,4108.98,4105.54559,4111.62185,4111.62185,2.64185,0.76923,3.24,0.87,TARGET,2026-07-07 23:06:00,2026-07-07 23:05:00,2026-07-07 23:06:00,4,32,79,1.3,1.0,15,warning_only,closed_all,1.2,0.8
BUY,4127.19,4124.39931,4129.33668,4129.33668,2.14668,0.76923,2.97,0.59,TARGET,2026-07-08 02:38:00,2026-07-08 02:36:00,2026-07-08 02:37:00,4,32,79,1.3,1.0,15,warning_only,closed_all,1.2,0.8
BUY,4128.26,4125.5145,4130.37192,4130.37192,2.11192,0.76923,2.82,1.7,TARGET,2026-07-08 02:42:00,2026-07-08 02:37:00,2026-07-08 02:38:00,4,32,79,1.3,1.0,15,warning_only,closed_all,1.2,0.8
BUY,4128.02,4125.56569,4129.90793,4125.56569,-2.45431,-1.0,1.17,3.48,STOP,2026-07-08 03:02:00,2026-07-08 02:56:00,2026-07-08 02:57:00,4,32,79,1.3,1.0,15,warning_only,closed_all,1.2,0.8
BUY,4128.89,4125.17725,4131.17477,4131.17477,2.28477,0.61538,6.43,2.32,TARGET,2026-07-02 21:13:00,2026-07-02 21:09:00,2026-07-02 21:10:00,6,23,86,1.3,0.8,10,warning_only,closed_all,1.8,1.2
BUY,4173.66,4171.16097,4175.19786,4175.19786,1.53786,0.61538,3.09,0.53,TARGET,2026-07-03 04:05:00,2026-07-03 04:03:00,2026-07-03 04:04:00,6,23,86,1.3,0.8,10,warning_only,closed_all,1.8,1.2
BUY,4187.79,4182.50396,4191.04295,4191.04295,3.25295,0.61538,3.52,0.85,TARGET,2026-07-05 22:15:00,2026-07-05 22:13:00,2026-07-05 22:14:00,6,23,86,1.3,0.8,10,warning_only,closed_all,1.8,1.2
BUY,4187.16,4182.52004,4190.01536,4190.01536,2.85536,0.61538,4.41,2.59,TARGET,2026-07-05 22:30:00,2026-07-05 22:26:00,2026-07-05 22:27:00,6,23,86,1.3,0.8,10,warning_only,closed_all,1.8,1.2
BUY,4188.14,4183.49996,4190.99541,4190.99541,2.85541,0.61538,3.43,2.27,TARGET,2026-07-05 22:30:00,2026-07-05 22:27:00,2026-07-05 22:28:00,6,23,86,1.3,0.8,10,warning_only,closed_all,1.8,1.2
BUY,4155.65,4153.83257,4156.76842,4153.83257,-1.81743,-1.0,0.55,1.93,STOP,2026-07-06 09:00:00,2026-07-06 08:59:00,2026-07-06 09:00:00,6,23,86,1.3,0.8,10,warning_only,closed_all,1.8,1.2
BUY,4161.96,4160.63471,4162.77557,4162.77557,0.81557,0.61538,1.28,0.57,TARGET,2026-07-06 16:29:00,2026-07-06 16:23:00,2026-07-06 16:24:00,6,23,86,1.3,0.8,10,warning_only,closed_all,1.8,1.2
BUY,4162.7,4161.75841,4163.27944,4163.27944,0.57944,0.61538,0.7,0.53,TARGET,2026-07-06 17:31:00,2026-07-06 17:25:00,2026-07-06 17:26:00,6,23,86,1.3,0.8,10,warning_only,closed_all,1.8,1.2
BUY,4108.98,4105.54559,4111.09348,4111.09348,2.11348,0.61538,3.24,0.87,TARGET,2026-07-07 23:06:00,2026-07-07 23:05:00,2026-07-07 23:06:00,6,23,86,1.3,0.8,10,warning_only,closed_all,1.8,1.2
BUY,4112.22,4108.64926,4114.41738,4114.41738,2.19738,0.61538,3.13,2.12,TARGET,2026-07-07 23:07:00,2026-07-07 23:06:00,2026-07-07 23:07:00,6,23,86,1.3,0.8,10,warning_only,closed_all,1.8,1.2
BUY,4126.3,4124.06279,4127.67674,4127.67674,1.37674,0.61538,1.85,1.93,TARGET,2026-07-08 01:32:00,2026-07-08 01:27:00,2026-07-08 01:28:00,6,23,86,1.3,0.8,10,warning_only,closed_all,1.8,1.2
BUY,4127.19,4124.39931,4128.90735,4128.90735,1.71735,0.61538,2.97,0.59,TARGET,2026-07-08 02:38:00,2026-07-08 02:36:00,2026-07-08 02:37:00,6,23,86,1.3,0.8,10,warning_only,closed_all,1.8,1.2
BUY,4128.26,4125.5145,4129.94954,4129.94954,1.68954,0.61538,1.9,1.34,TARGET,2026-07-08 02:38:00,2026-07-08 02:37:00,2026-07-08 02:38:00,6,23,86,1.3,0.8,10,warning_only,closed_all,1.8,1.2
BUY,4078.04,4072.85794,4081.22896,4072.85794,-5.18206,-1.0,2.16,7.75,STOP,2026-07-08 10:42:00,2026-07-08 10:36:00,2026-07-08 10:37:00,6,23,86,1.3,0.8,10,warning_only,closed_all,1.8,1.2
BUY,4129.43,4126.51881,4132.34119,4126.51881,-2.91119,-1.0,1.25,3.19,STOP,2026-07-02 20:52:00,2026-07-02 20:47:00,2026-07-02 20:48:00,8,25,67,1.3,1.3,10,warning_only,closed_all,0.8,2.0
BUY,4130.59,4127.73539,4133.44461,4127.73539,-2.85461,-1.0,0.09,3.38,STOP,2026-07-02 20:51:00,2026-07-02 20:48:00,2026-07-02 20:49:00,8,25,67,1.3,1.3,10,warning_only,closed_all,0.8,2.0
BUY,4134.23,4130.44953,4138.01047,4138.01047,3.78047,1.0,4.27,1.31,TARGET,2026-07-02 21:22:00,2026-07-02 21:17:00,2026-07-02 21:18:00,8,25,67,1.3,1.3,10,warning_only,closed_all,0.8,2.0
BUY,4135.16,4131.44156,4138.87844,4138.87844,3.71844,1.0,5.73,1.83,TARGET,2026-07-02 21:23:00,2026-07-02 21:18:00,2026-07-02 21:19:00,8,25,67,1.3,1.3,10,warning_only,closed_all,0.8,2.0
BUY,4181.41,4178.79438,4184.02562,4184.02562,2.61562,1.0,4.06,2.17,TARGET,2026-07-02 23:38:00,2026-07-02 23:33:00,2026-07-02 23:34:00,8,25,67,1.3,1.3,10,warning_only,closed_all,0.8,2.0
BUY,4173.66,4171.19287,4176.12713,4171.19287,-2.46713,-1.0,0.72,2.87,STOP,2026-07-03 03:56:00,2026-07-03 03:49:00,2026-07-03 03:50:00,8,25,67,1.3,1.3,10,warning_only,closed_all,0.8,2.0
BUY,4173.47,4171.09479,4175.84521,4171.09479,-2.37521,-1.0,0.91,2.68,STOP,2026-07-03 03:56:00,2026-07-03 03:52:00,2026-07-03 03:53:00,8,25,67,1.3,1.3,10,warning_only,closed_all,0.8,2.0
BUY,4175.29,4173.04139,4177.53861,4177.53861,2.24861,1.0,2.93,1.62,TARGET,2026-07-03 04:34:00,2026-07-03 04:29:00,2026-07-03 04:30:00,8,25,67,1.3,1.3,10,warning_only,closed_all,0.8,2.0
BUY,4175.91,4173.6151,4178.2049,4178.2049,2.2949,1.0,2.31,0.27,TARGET,2026-07-03 04:34:00,2026-07-03 04:33:00,2026-07-03 04:34:00,8,25,67,1.3,1.3,10,warning_only,closed_all,0.8,2.0
BUY,4179.44,4177.91046,4180.96954,4177.91046,-1.52954,-1.0,0.1,2.02,STOP,2026-07-03 08:07:00,2026-07-03 08:05:00,2026-07-03 08:06:00,8,25,67,1.3,1.3,10,warning_only,closed_all,0.8,2.0
BUY,4189.3,4184.17239,4194.42761,4184.17239,-5.12761,-1.0,3.48,6.09,STOP,2026-07-05 22:21:00,2026-07-05 22:14:00,2026-07-05 22:15:00,8,25,67,1.3,1.3,10,warning_only,closed_all,0.8,2.0
BUY,4191.31,4186.27193,4196.34807,4186.27193,-5.03807,-1.0,1.47,5.52,STOP,2026-07-05 22:17:00,2026-07-05 22:15:00,2026-07-05 22:16:00,8,25,67,1.3,1.3,10,warning_only,closed_all,0.8,2.0
BUY,4185.64,4180.92712,4190.35288,4190.35288,4.71288,1.0,5.93,1.32,TARGET,2026-07-05 22:30:00,2026-07-05 22:25:00,2026-07-05 22:26:00,8,25,67,1.3,1.3,10,warning_only,closed_all,0.8,2.0
BUY,4187.16,4182.52004,4191.79996,4191.79996,4.63996,1.0,7.22,2.59,TARGET,2026-07-05 22:32:00,2026-07-05 22:26:00,2026-07-05 22:27:00,8,25,67,1.3,1.3,10,warning_only,closed_all,0.8,2.0
BUY,4189.71,4185.14465,4194.27535,4194.27535,4.56535,1.0,4.67,2.34,TARGET,2026-07-05 22:32:00,2026-07-05 22:29:00,2026-07-05 22:30:00,8,25,67,1.3,1.3,10,warning_only,closed_all,0.8,2.0
BUY,4190.51,4185.96533,4195.05467,4195.05467,4.54467,1.0,7.26,1.33,TARGET,2026-07-05 22:34:00,2026-07-05 22:31:00,2026-07-05 22:32:00,8,25,67,1.3,1.3,10,warning_only,closed_all,0.8,2.0
BUY,4156.92,4154.96432,4158.87568,4154.96432,-1.95568,-1.0,1.31,2.28,STOP,2026-07-06 09:10:00,2026-07-06 09:05:00,2026-07-06 09:06:00,8,25,67,1.3,1.3,10,warning_only,closed_all,0.8,2.0
BUY,4147.29,4145.43414,4149.14586,4149.14586,1.85586,1.0,2.22,0.29,TARGET,2026-07-06 13:37:00,2026-07-06 13:35:00,2026-07-06 13:36:00,8,25,67,1.3,1.3,10,warning_only,closed_all,0.8,2.0
BUY,4162.96,4162.08751,4163.83249,4163.83249,0.87249,1.0,1.44,0.59,TARGET,2026-07-06 17:33:00,2026-07-06 17:28:00,2026-07-06 17:29:00,8,25,67,1.3,1.3,10,warning_only,closed_all,0.8,2.0
BUY,4131.76,4129.44047,4134.07953,4129.44047,-2.31953,-1.0,1.89,3.65,STOP,2026-07-07 06:47:00,2026-07-07 06:43:00,2026-07-07 06:44:00,8,25,67,1.3,1.3,10,warning_only,closed_all,0.8,2.0
BUY,4130.25,4127.98963,4132.51037,4132.51037,2.26037,1.0,3.52,0.58,TARGET,2026-07-07 07:00:00,2026-07-07 06:55:00,2026-07-07 06:56:00,8,25,67,1.3,1.3,10,warning_only,closed_all,0.8,2.0
BUY,4131.98,4129.72627,4134.23373,4132.64,0.66,0.29285,1.96,1.04,TIME_EXIT,2026-07-07 07:08:00,2026-07-07 06:58:00,2026-07-07 06:59:00,8,25,67,1.3,1.3,10,warning_only,closed_all,0.8,2.0
BUY,4132.27,4130.02904,4134.51096,4132.74,0.47,0.20973,1.67,0.43,TIME_EXIT,2026-07-07 07:12:00,2026-07-07 07:02:00,2026-07-07 07:03:00,8,25,67,1.3,1.3,10,warning_only,closed_all,0.8,2.0
BUY,4133.13,4131.09613,4135.16387,4133.43,0.3,0.1475,1.84,1.2,TIME_EXIT,2026-07-07 07:16:00,2026-07-07 07:06:00,2026-07-07 07:07:00,8,25,67,1.3,1.3,10,warning_only,closed_all,0.8,2.0
BUY,4133.6,4131.6696,4135.5304,4135.5304,1.9304,1.0,3.05,0.39,TARGET,2026-07-07 07:18:00,2026-07-07 07:16:00,2026-07-07 07:17:00,8,25,67,1.3,1.3,10,warning_only,closed_all,0.8,2.0
BUY,4170.2,4166.1539,4174.2461,4166.1539,-4.0461,-1.0,2.2,4.81,STOP,2026-07-07 10:24:00,2026-07-07 10:16:00,2026-07-07 10:17:00,8,25,67,1.3,1.3,10,warning_only,closed_all,0.8,2.0
BUY,4108.98,4105.54559,4112.41441,4112.41441,3.43441,1.0,6.37,0.87,TARGET,2026-07-07 23:07:00,2026-07-07 23:05:00,2026-07-07 23:06:00,8,25,67,1.3,1.3,10,warning_only,closed_all,0.8,2.0
BUY,4126.3,4124.06279,4128.53721,4127.2,0.9,0.40229,1.85,1.93,TIME_EXIT,2026-07-08 01:37:00,2026-07-08 01:27:00,2026-07-08 01:28:00,8,25,67,1.3,1.3,10,warning_only,closed_all,0.8,2.0
BUY,4126.29,4124.1744,4128.4056,4125.42,-0.87,-0.41123,1.86,1.92,TIME_EXIT,2026-07-08 01:39:00,2026-07-08 01:29:00,2026-07-08 01:30:00,8,25,67,1.3,1.3,10,warning_only,closed_all,0.8,2.0
BUY,4129.73,4126.92725,4132.53275,4126.92725,-2.80275,-1.0,1.89,4.18,STOP,2026-07-08 02:48:00,2026-07-08 02:41:00,2026-07-08 02:42:00,8,25,67,1.3,1.3,10,warning_only,closed_all,0.8,2.0
BUY,4130.85,4128.19845,4133.50155,4133.50155,2.65155,1.0,2.66,0.99,TARGET,2026-07-08 03:24:00,2026-07-08 03:21:00,2026-07-08 03:22:00,8,25,67,1.3,1.3,10,warning_only,closed_all,0.8,2.0
BUY,4134.23,4131.32194,4136.55645,4136.55645,2.32645,0.8,2.45,1.31,TARGET,2026-07-02 21:20:00,2026-07-02 21:17:00,2026-07-02 21:18:00,6,33,85,1.0,0.8,10,warning_only,closed_all,0.8,2.0
BUY,4135.16,4132.29966,4137.44827,4137.44827,2.28827,0.8,2.61,1.83,TARGET,2026-07-02 21:21:00,2026-07-02 21:18:00,2026-07-02 21:19:00,6,33,85,1.0,0.8,10,warning_only,closed_all,0.8,2.0
BUY,4175.29,4173.5603,4176.67376,4176.67376,1.38376,0.8,1.72,0.34,TARGET,2026-07-03 04:30:00,2026-07-03 04:29:00,2026-07-03 04:30:00,6,33,85,1.0,0.8,10,warning_only,closed_all,0.8,2.0
BUY,4175.91,4174.1447,4177.32224,4177.32224,1.41224,0.8,2.31,0.27,TARGET,2026-07-03 04:34:00,2026-07-03 04:33:00,2026-07-03 04:34:00,6,33,85,1.0,0.8,10,warning_only,closed_all,0.8,2.0
BUY,4179.44,4178.26343,4180.38126,4178.26343,-1.17657,-1.0,0.1,1.47,STOP,2026-07-03 08:06:00,2026-07-03 08:05:00,2026-07-03 08:06:00,6,33,85,1.0,0.8,10,warning_only,closed_all,0.8,2.0
BUY,4189.3,4185.35568,4192.45545,4192.45545,3.15545,0.8,3.48,0.97,TARGET,2026-07-05 22:16:00,2026-07-05 22:14:00,2026-07-05 22:15:00,6,33,85,1.0,0.8,10,warning_only,closed_all,0.8,2.0
BUY,4191.31,4187.43456,4194.41035,4187.43456,-3.87544,-1.0,1.47,5.52,STOP,2026-07-05 22:17:00,2026-07-05 22:15:00,2026-07-05 22:16:00,6,33,85,1.0,0.8,10,warning_only,closed_all,0.8,2.0
BUY,4185.64,4182.01471,4188.54024,4188.54024,2.90024,0.8,4.02,1.32,TARGET,2026-07-05 22:28:00,2026-07-05 22:25:00,2026-07-05 22:26:00,6,33,85,1.0,0.8,10,warning_only,closed_all,0.8,2.0
BUY,4187.16,4183.5908,4190.01536,4190.01536,2.85536,0.8,4.41,2.59,TARGET,2026-07-05 22:30:00,2026-07-05 22:26:00,2026-07-05 22:27:00,6,33,85,1.0,0.8,10,warning_only,closed_all,0.8,2.0
BUY,4189.71,4186.19819,4192.51945,4192.51945,2.80945,0.8,4.67,2.34,TARGET,2026-07-05 22:32:00,2026-07-05 22:29:00,2026-07-05 22:30:00,6,33,85,1.0,0.8,10,warning_only,closed_all,0.8,2.0
BUY,4190.51,4187.0141,4193.30672,4193.30672,2.79672,0.8,3.87,1.33,TARGET,2026-07-05 22:32:00,2026-07-05 22:31:00,2026-07-05 22:32:00,6,33,85,1.0,0.8,10,warning_only,closed_all,0.8,2.0
BUY,4156.92,4155.41563,4158.12349,4158.12349,1.20349,0.8,1.31,0.59,TARGET,2026-07-06 09:06:00,2026-07-06 09:05:00,2026-07-06 09:06:00,6,33,85,1.0,0.8,10,warning_only,closed_all,0.8,2.0
BUY,4147.29,4145.86241,4148.43207,4148.43207,1.14207,0.8,1.27,0.29,TARGET,2026-07-06 13:36:00,2026-07-06 13:35:00,2026-07-06 13:36:00,6,33,85,1.0,0.8,10,warning_only,closed_all,0.8,2.0
BUY,4162.57,4161.669,4163.2908,4163.2908,0.7208,0.8,1.19,0.62,TARGET,2026-07-06 16:49:00,2026-07-06 16:46:00,2026-07-06 16:47:00,6,33,85,1.0,0.8,10,warning_only,closed_all,0.8,2.0
BUY,4162.96,4162.28885,4163.49692,4163.49692,0.53692,0.8,1.44,0.59,TARGET,2026-07-06 17:33:00,2026-07-06 17:28:00,2026-07-06 17:29:00,6,33,85,1.0,0.8,10,warning_only,closed_all,0.8,2.0
BUY,4163.33,4162.73637,4163.8049,4163.8049,0.4749,0.8,0.54,0.2,TARGET,2026-07-06 17:50:00,2026-07-06 17:47:00,2026-07-06 17:48:00,6,33,85,1.0,0.8,10,warning_only,closed_all,0.8,2.0
BUY,4132.27,4130.54619,4133.64905,4133.64905,1.37905,0.8,1.58,0.43,TARGET,2026-07-07 07:07:00,2026-07-07 07:02:00,2026-07-07 07:03:00,6,33,85,1.0,0.8,10,warning_only,closed_all,0.8,2.0
BUY,4133.13,4131.56548,4134.38161,4134.38161,1.25161,0.8,1.51,1.12,TARGET,2026-07-07 07:13:00,2026-07-07 07:06:00,2026-07-07 07:07:00,6,33,85,1.0,0.8,10,warning_only,closed_all,0.8,2.0
BUY,4108.98,4106.33815,4111.09348,4111.09348,2.11348,0.8,3.24,0.87,TARGET,2026-07-07 23:06:00,2026-07-07 23:05:00,2026-07-07 23:06:00,6,33,85,1.0,0.8,10,warning_only,closed_all,0.8,2.0
BUY,4126.3,4124.57907,4127.67674,4124.57907,-1.72093,-1.0,0.82,1.93,STOP,2026-07-08 01:30:00,2026-07-08 01:27:00,2026-07-08 01:28:00,6,33,85,1.0,0.8,10,warning_only,closed_all,0.8,2.0
BUY,4127.19,4125.04332,4128.90735,4128.90735,1.71735,0.8,2.97,0.59,TARGET,2026-07-08 02:38:00,2026-07-08 02:36:00,2026-07-08 02:37:00,6,33,85,1.0,0.8,10,warning_only,closed_all,0.8,2.0
BUY,4128.26,4126.14808,4129.94954,4129.94954,1.68954,0.8,1.9,1.34,TARGET,2026-07-08 02:38:00,2026-07-08 02:37:00,2026-07-08 02:38:00,6,33,85,1.0,0.8,10,warning_only,closed_all,0.8,2.0
BUY,4129.73,4127.57404,4131.45477,4131.45477,1.72477,0.8,1.89,1.18,TARGET,2026-07-08 02:43:00,2026-07-08 02:41:00,2026-07-08 02:42:00,6,33,85,1.0,0.8,10,warning_only,closed_all,0.8,2.0
BUY,4130.85,4128.81034,4132.48172,4132.48172,1.63172,0.8,2.66,0.99,TARGET,2026-07-08 03:24:00,2026-07-08 03:21:00,2026-07-08 03:22:00,6,33,85,1.0,0.8,10,warning_only,closed_all,0.8,2.0
BUY,4134.23,4131.32194,4136.55645,4136.55645,2.32645,0.8,2.45,1.31,TARGET,2026-07-02 21:20:00,2026-07-02 21:17:00,2026-07-02 21:18:00,5,31,78,1.0,0.8,20,required,closed_all,1.2,2.0
BUY,4135.16,4132.29966,4137.44827,4137.44827,2.28827,0.8,2.61,1.83,TARGET,2026-07-02 21:21:00,2026-07-02 21:18:00,2026-07-02 21:19:00,5,31,78,1.0,0.8,20,required,closed_all,1.2,2.0
BUY,4183.17,4181.38846,4184.59523,4181.38846,-1.78154,-1.0,0.61,1.8,STOP,2026-07-03 00:16:00,2026-07-03 00:13:00,2026-07-03 00:14:00,5,31,78,1.0,0.8,20,required,closed_all,1.2,2.0
BUY,4173.66,4171.73767,4175.19786,4175.19786,1.53786,0.8,3.09,0.53,TARGET,2026-07-03 04:05:00,2026-07-03 04:03:00,2026-07-03 04:04:00,5,31,78,1.0,0.8,20,required,closed_all,1.2,2.0
BUY,4174.9,4172.98855,4176.42916,4176.42916,1.52916,0.8,1.85,0.44,TARGET,2026-07-03 04:05:00,2026-07-03 04:04:00,2026-07-03 04:05:00,5,31,78,1.0,0.8,20,required,closed_all,1.2,2.0
BUY,4175.29,4173.5603,4176.67376,4176.67376,1.38376,0.8,1.72,0.34,TARGET,2026-07-03 04:30:00,2026-07-03 04:29:00,2026-07-03 04:30:00,5,31,78,1.0,0.8,20,required,closed_all,1.2,2.0
BUY,4175.84,4174.01736,4177.29811,4177.29811,1.45811,0.8,2.38,0.95,TARGET,2026-07-03 04:34:00,2026-07-03 04:32:00,2026-07-03 04:33:00,5,31,78,1.0,0.8,20,required,closed_all,1.2,2.0
BUY,4175.91,4174.1447,4177.32224,4177.32224,1.41224,0.8,2.31,0.27,TARGET,2026-07-03 04:34:00,2026-07-03 04:33:00,2026-07-03 04:34:00,5,31,78,1.0,0.8,20,required,closed_all,1.2,2.0
BUY,4184.16,4182.44036,4185.53571,4182.44036,-1.71964,-1.0,1.11,3.83,STOP,2026-07-03 05:46:00,2026-07-03 05:44:00,2026-07-03 05:45:00,5,31,78,1.0,0.8,20,required,closed_all,1.2,2.0
BUY,4179.44,4178.26343,4180.38126,4178.26343,-1.17657,-1.0,0.1,1.47,STOP,2026-07-03 08:06:00,2026-07-03 08:05:00,2026-07-03 08:06:00,5,31,78,1.0,0.8,20,required,closed_all,1.2,2.0
BUY,4187.79,4183.72381,4191.04295,4191.04295,3.25295,0.8,3.52,0.85,TARGET,2026-07-05 22:15:00,2026-07-05 22:13:00,2026-07-05 22:14:00,5,31,78,1.0,0.8,20,required,closed_all,1.2,2.0
BUY,4189.3,4185.35568,4192.45545,4192.45545,3.15545,0.8,3.48,0.97,TARGET,2026-07-05 22:16:00,2026-07-05 22:14:00,2026-07-05 22:15:00,5,31,78,1.0,0.8,20,required,closed_all,1.2,2.0
BUY,4191.31,4187.43456,4194.41035,4187.43456,-3.87544,-1.0,1.47,5.52,STOP,2026-07-05 22:17:00,2026-07-05 22:15:00,2026-07-05 22:16:00,5,31,78,1.0,0.8,20,required,closed_all,1.2,2.0
BUY,4188.85,4185.03247,4191.90402,4185.03247,-3.81753,-1.0,1.62,5.64,STOP,2026-07-05 22:21:00,2026-07-05 22:19:00,2026-07-05 22:20:00,5,31,78,1.0,0.8,20,required,closed_all,1.2,2.0
BUY,4185.64,4182.01471,4188.54024,4188.54024,2.90024,0.8,4.02,1.32,TARGET,2026-07-05 22:28:00,2026-07-05 22:25:00,2026-07-05 22:26:00,5,31,78,1.0,0.8,20,required,closed_all,1.2,2.0
BUY,4187.16,4183.5908,4190.01536,4190.01536,2.85536,0.8,4.41,2.59,TARGET,2026-07-05 22:30:00,2026-07-05 22:26:00,2026-07-05 22:27:00,5,31,78,1.0,0.8,20,required,closed_all,1.2,2.0
BUY,4188.14,4184.57074,4190.99541,4190.99541,2.85541,0.8,3.43,2.27,TARGET,2026-07-05 22:30:00,2026-07-05 22:27:00,2026-07-05 22:28:00,5,31,78,1.0,0.8,20,required,closed_all,1.2,2.0
BUY,4189.71,4186.19819,4192.51945,4192.51945,2.80945,0.8,4.67,2.34,TARGET,2026-07-05 22:32:00,2026-07-05 22:29:00,2026-07-05 22:30:00,5,31,78,1.0,0.8,20,required,closed_all,1.2,2.0
BUY,4190.51,4187.0141,4193.30672,4193.30672,2.79672,0.8,3.87,1.33,TARGET,2026-07-05 22:32:00,2026-07-05 22:31:00,2026-07-05 22:32:00,5,31,78,1.0,0.8,20,required,closed_all,1.2,2.0
BUY,4161.96,4160.94054,4162.77557,4162.77557,0.81557,0.8,1.28,0.57,TARGET,2026-07-06 16:29:00,2026-07-06 16:23:00,2026-07-06 16:24:00,5,31,78,1.0,0.8,20,required,closed_all,1.2,2.0
BUY,4162.39,4161.43006,4163.15795,4163.15795,0.76795,0.8,0.85,0.84,TARGET,2026-07-06 16:29:00,2026-07-06 16:26:00,2026-07-06 16:27:00,5,31,78,1.0,0.8,20,required,closed_all,1.2,2.0
BUY,4162.71,4161.74393,4163.48285,4161.74393,-0.96607,-1.0,0.53,1.14,STOP,2026-07-06 16:30:00,2026-07-06 16:28:00,2026-07-06 16:29:00,5,31,78,1.0,0.8,20,required,closed_all,1.2,2.0
BUY,4162.57,4161.669,4163.2908,4163.2908,0.7208,0.8,1.19,0.62,TARGET,2026-07-06 16:49:00,2026-07-06 16:46:00,2026-07-06 16:47:00,5,31,78,1.0,0.8,20,required,closed_all,1.2,2.0
BUY,4162.75,4162.03601,4163.32119,4163.32119,0.57119,0.8,0.65,0.38,TARGET,2026-07-06 17:31:00,2026-07-06 17:26:00,2026-07-06 17:27:00,5,31,78,1.0,0.8,20,required,closed_all,1.2,2.0
BUY,4162.96,4162.28885,4163.49692,4163.49692,0.53692,0.8,1.44,0.59,TARGET,2026-07-06 17:33:00,2026-07-06 17:28:00,2026-07-06 17:29:00,5,31,78,1.0,0.8,20,required,closed_all,1.2,2.0
BUY,4163.33,4162.73637,4163.8049,4163.8049,0.4749,0.8,0.54,0.2,TARGET,2026-07-06 17:50:00,2026-07-06 17:47:00,2026-07-06 17:48:00,5,31,78,1.0,0.8,20,required,closed_all,1.2,2.0
BUY,4170.2,4167.08761,4172.68991,4167.08761,-3.11239,-1.0,2.2,4.81,STOP,2026-07-07 10:24:00,2026-07-07 10:16:00,2026-07-07 10:17:00,5,31,78,1.0,0.8,20,required,closed_all,1.2,2.0
BUY,4127.19,4125.04332,4128.90735,4128.90735,1.71735,0.8,2.97,0.59,TARGET,2026-07-08 02:38:00,2026-07-08 02:36:00,2026-07-08 02:37:00,5,31,78,1.0,0.8,20,required,closed_all,1.2,2.0
BUY,4128.26,4126.14808,4129.94954,4129.94954,1.68954,0.8,1.9,1.34,TARGET,2026-07-08 02:38:00,2026-07-08 02:37:00,2026-07-08 02:38:00,5,31,78,1.0,0.8,20,required,closed_all,1.2,2.0
BUY,4128.92,4126.70974,4130.68821,4130.68821,1.76821,0.8,2.16,0.64,TARGET,2026-07-08 02:42:00,2026-07-08 02:40:00,2026-07-08 02:41:00,5,31,78,1.0,0.8,20,required,closed_all,1.2,2.0
BUY,4129.73,4127.57404,4131.45477,4131.45477,1.72477,0.8,1.89,1.18,TARGET,2026-07-08 02:43:00,2026-07-08 02:41:00,2026-07-08 02:42:00,5,31,78,1.0,0.8,20,required,closed_all,1.2,2.0
BUY,4130.85,4128.81034,4132.48172,4132.48172,1.63172,0.8,2.66,0.99,TARGET,2026-07-08 03:24:00,2026-07-08 03:21:00,2026-07-08 03:22:00,5,31,78,1.0,0.8,20,required,closed_all,1.2,2.0
BUY,4128.89,4125.17725,4132.60275,4132.60275,3.71275,1.0,6.43,2.32,TARGET,2026-07-02 21:13:00,2026-07-02 21:09:00,2026-07-02 21:10:00,8,36,92,1.3,1.3,15,warning_only,closed_all,1.8,0.8
BUY,4178.91,4177.18279,4180.63721,4177.18279,-1.72721,-1.0,0.25,1.86,STOP,2026-07-03 02:20:00,2026-07-03 02:18:00,2026-07-03 02:19:00,8,36,92,1.3,1.3,15,warning_only,closed_all,1.8,0.8
BUY,4185.64,4180.92712,4190.35288,4190.35288,4.71288,1.0,5.93,1.32,TARGET,2026-07-05 22:30:00,2026-07-05 22:25:00,2026-07-05 22:26:00,8,36,92,1.3,1.3,15,warning_only,closed_all,1.8,0.8
BUY,4187.16,4182.52004,4191.79996,4191.79996,4.63996,1.0,7.22,2.59,TARGET,2026-07-05 22:32:00,2026-07-05 22:26:00,2026-07-05 22:27:00,8,36,92,1.3,1.3,15,warning_only,closed_all,1.8,0.8
BUY,4108.98,4105.54559,4112.41441,4112.41441,3.43441,1.0,6.37,0.87,TARGET,2026-07-07 23:07:00,2026-07-07 23:05:00,2026-07-07 23:06:00,8,36,92,1.3,1.3,15,warning_only,closed_all,1.8,0.8
BUY,4127.19,4124.39931,4129.98069,4129.98069,2.79069,1.0,2.97,0.59,TARGET,2026-07-08 02:38:00,2026-07-08 02:36:00,2026-07-08 02:37:00,8,36,92,1.3,1.3,15,warning_only,closed_all,1.8,0.8
BUY,4128.26,4125.5145,4131.0055,4131.0055,2.7455,1.0,2.82,1.7,TARGET,2026-07-08 02:42:00,2026-07-08 02:37:00,2026-07-08 02:38:00,8,36,92,1.3,1.3,15,warning_only,closed_all,1.8,0.8
BUY,4187.16,4181.44928,4190.01536,4190.01536,2.85536,0.5,4.41,2.59,TARGET,2026-07-05 22:30:00,2026-07-05 22:26:00,2026-07-05 22:27:00,4,25,90,1.6,0.8,15,warning_only,closed_all,0.8,1.2
BUY,4108.98,4104.75303,4111.09348,4111.09348,2.11348,0.5,3.24,0.87,TARGET,2026-07-07 23:06:00,2026-07-07 23:05:00,2026-07-07 23:06:00,4,25,90,1.6,0.8,15,warning_only,closed_all,0.8,1.2
BUY,4127.19,4123.75531,4128.90735,4128.90735,1.71735,0.5,2.97,0.59,TARGET,2026-07-08 02:38:00,2026-07-08 02:36:00,2026-07-08 02:37:00,4,25,90,1.6,0.8,15,warning_only,closed_all,0.8,1.2
BUY,4128.26,4124.88093,4129.94954,4129.94954,1.68954,0.5,1.9,1.34,TARGET,2026-07-08 02:38:00,2026-07-08 02:37:00,2026-07-08 02:38:00,4,25,90,1.6,0.8,15,warning_only,closed_all,0.8,1.2
BUY,4185.64,4182.01471,4188.54024,4188.54024,2.90024,0.8,4.02,1.32,TARGET,2026-07-05 22:28:00,2026-07-05 22:25:00,2026-07-05 22:26:00,8,32,73,1.0,0.8,15,warning_only,closed_all,0.8,0.8
BUY,4187.16,4183.5908,4190.01536,4190.01536,2.85536,0.8,4.41,2.59,TARGET,2026-07-05 22:30:00,2026-07-05 22:26:00,2026-07-05 22:27:00,8,32,73,1.0,0.8,15,warning_only,closed_all,0.8,0.8
BUY,4108.98,4106.33815,4111.09348,4111.09348,2.11348,0.8,3.24,0.87,TARGET,2026-07-07 23:06:00,2026-07-07 23:05:00,2026-07-07 23:06:00,8,32,73,1.0,0.8,15,warning_only,closed_all,0.8,0.8
BUY,4126.29,4124.66262,4127.59191,4124.66262,-1.62738,-1.0,0.83,1.92,STOP,2026-07-08 01:30:00,2026-07-08 01:29:00,2026-07-08 01:30:00,8,32,73,1.0,0.8,15,warning_only,closed_all,0.8,0.8
BUY,4127.19,4125.04332,4128.90735,4128.90735,1.71735,0.8,2.97,0.59,TARGET,2026-07-08 02:38:00,2026-07-08 02:36:00,2026-07-08 02:37:00,8,32,73,1.0,0.8,15,warning_only,closed_all,0.8,0.8
BUY,4128.26,4126.14808,4129.94954,4129.94954,1.68954,0.8,1.9,1.34,TARGET,2026-07-08 02:38:00,2026-07-08 02:37:00,2026-07-08 02:38:00,8,32,73,1.0,0.8,15,warning_only,closed_all,0.8,0.8
BUY,4187.16,4182.52004,4191.79996,4190.48,3.32,0.71552,4.41,2.59,TIME_EXIT,2026-07-05 22:31:00,2026-07-05 22:26:00,2026-07-05 22:27:00,6,25,64,1.3,1.3,5,required,closed_all,0.8,1.2
BUY,4126.3,4124.06279,4128.53721,4126.8,0.5,0.22349,1.85,1.93,TIME_EXIT,2026-07-08 01:32:00,2026-07-08 01:27:00,2026-07-08 01:28:00,6,25,64,1.3,1.3,5,required,closed_all,0.8,1.2
BUY,4185.64,4179.83953,4189.26529,4189.26529,3.62529,0.625,4.02,1.32,TARGET,2026-07-05 22:28:00,2026-07-05 22:25:00,2026-07-05 22:26:00,7,31,75,1.6,1.0,30,warning_only,closed_all,0.8,0.8
BUY,4187.16,4181.44928,4190.7292,4190.7292,3.5692,0.625,4.41,2.59,TARGET,2026-07-05 22:30:00,2026-07-05 22:26:00,2026-07-05 22:27:00,7,31,75,1.6,1.0,30,warning_only,closed_all,0.8,0.8
BUY,4108.98,4104.75303,4111.62185,4111.62185,2.64185,0.625,3.24,0.87,TARGET,2026-07-07 23:06:00,2026-07-07 23:05:00,2026-07-07 23:06:00,7,31,75,1.6,1.0,30,warning_only,closed_all,0.8,0.8
BUY,4127.19,4123.75531,4129.33668,4129.33668,2.14668,0.625,2.97,0.59,TARGET,2026-07-08 02:38:00,2026-07-08 02:36:00,2026-07-08 02:37:00,7,31,75,1.6,1.0,30,warning_only,closed_all,0.8,0.8
BUY,4128.26,4124.88093,4130.37192,4130.37192,2.11192,0.625,2.82,1.7,TARGET,2026-07-08 02:42:00,2026-07-08 02:37:00,2026-07-08 02:38:00,7,31,75,1.6,1.0,30,warning_only,closed_all,0.8,0.8
BUY,4128.89,4124.32046,4131.17477,4131.17477,2.28477,0.5,6.43,2.32,TARGET,2026-07-02 21:13:00,2026-07-02 21:09:00,2026-07-02 21:10:00,7,28,67,1.6,0.8,10,required,closed_all,1.2,1.2
BUY,4185.64,4179.83953,4188.54024,4188.54024,2.90024,0.5,4.02,1.32,TARGET,2026-07-05 22:28:00,2026-07-05 22:25:00,2026-07-05 22:26:00,7,28,67,1.6,0.8,10,required,closed_all,1.2,1.2
BUY,4187.16,4181.44928,4190.01536,4190.01536,2.85536,0.5,4.41,2.59,TARGET,2026-07-05 22:30:00,2026-07-05 22:26:00,2026-07-05 22:27:00,7,28,67,1.6,0.8,10,required,closed_all,1.2,1.2
BUY,4188.14,4182.42919,4190.99541,4190.99541,2.85541,0.5,3.43,2.27,TARGET,2026-07-05 22:30:00,2026-07-05 22:27:00,2026-07-05 22:28:00,7,28,67,1.6,0.8,10,required,closed_all,1.2,1.2
BUY,4162.39,4160.8541,4163.15795,4163.15795,0.76795,0.5,0.85,0.84,TARGET,2026-07-06 16:29:00,2026-07-06 16:26:00,2026-07-06 16:27:00,7,28,67,1.6,0.8,10,required,closed_all,1.2,1.2
BUY,4126.3,4123.54652,4127.67674,4127.67674,1.37674,0.5,1.85,1.93,TARGET,2026-07-08 01:32:00,2026-07-08 01:27:00,2026-07-08 01:28:00,7,28,67,1.6,0.8,10,required,closed_all,1.2,1.2
BUY,4128.92,4125.38358,4130.68821,4130.68821,1.76821,0.5,2.16,0.64,TARGET,2026-07-08 02:42:00,2026-07-08 02:40:00,2026-07-08 02:41:00,7,28,67,1.6,0.8,10,required,closed_all,1.2,1.2
BUY,4129.43,4127.19062,4132.34119,4127.19062,-2.23938,-1.0,1.25,3.19,STOP,2026-07-02 20:52:00,2026-07-02 20:47:00,2026-07-02 20:48:00,7,23,65,1.0,1.3,5,warning_only,closed_all,1.2,2.0
BUY,4130.59,4128.39415,4133.44461,4128.39415,-2.19585,-1.0,0.09,3.38,STOP,2026-07-02 20:51:00,2026-07-02 20:48:00,2026-07-02 20:49:00,7,23,65,1.0,1.3,5,warning_only,closed_all,1.2,2.0
BUY,4130.63,4128.44671,4133.46828,4128.44671,-2.18329,-1.0,0.05,3.42,STOP,2026-07-02 20:51:00,2026-07-02 20:49:00,2026-07-02 20:50:00,7,23,65,1.0,1.3,5,warning_only,closed_all,1.2,2.0
BUY,4128.89,4126.03404,4132.60275,4132.60275,3.71275,1.3,6.43,2.32,TARGET,2026-07-02 21:13:00,2026-07-02 21:09:00,2026-07-02 21:10:00,7,23,65,1.0,1.3,5,warning_only,closed_all,1.2,2.0
BUY,4134.23,4131.32194,4138.01047,4138.01047,3.78047,1.3,4.27,1.31,TARGET,2026-07-02 21:22:00,2026-07-02 21:17:00,2026-07-02 21:18:00,7,23,65,1.0,1.3,5,warning_only,closed_all,1.2,2.0
BUY,4135.16,4132.29966,4138.87844,4138.87844,3.71844,1.3,5.73,1.83,TARGET,2026-07-02 21:23:00,2026-07-02 21:18:00,2026-07-02 21:19:00,7,23,65,1.0,1.3,5,warning_only,closed_all,1.2,2.0
BUY,4181.41,4179.39799,4184.02562,4179.39799,-2.01201,-1.0,0.09,2.17,STOP,2026-07-02 23:35:00,2026-07-02 23:33:00,2026-07-02 23:34:00,7,23,65,1.0,1.3,5,warning_only,closed_all,1.2,2.0
BUY,4183.58,4181.53322,4186.24081,4186.24081,2.66081,1.3,3.02,1.32,TARGET,2026-07-02 23:57:00,2026-07-02 23:52:00,2026-07-02 23:53:00,7,23,65,1.0,1.3,5,warning_only,closed_all,1.2,2.0
BUY,4183.17,4181.38846,4185.48601,4181.38846,-1.78154,-1.0,0.61,1.8,STOP,2026-07-03 00:16:00,2026-07-03 00:13:00,2026-07-03 00:14:00,7,23,65,1.0,1.3,5,warning_only,closed_all,1.2,2.0
BUY,4180.51,4179.19864,4182.21477,4179.19864,-1.31136,-1.0,0.56,2.08,STOP,2026-07-03 02:09:00,2026-07-03 02:06:00,2026-07-03 02:07:00,7,23,65,1.0,1.3,5,warning_only,closed_all,1.2,2.0
BUY,4172.87,4170.91161,4175.41591,4173.89,1.02,0.52083,1.51,1.48,TIME_EXIT,2026-07-03 03:53:00,2026-07-03 03:48:00,2026-07-03 03:49:00,7,23,65,1.0,1.3,5,warning_only,closed_all,1.2,2.0
BUY,4173.66,4171.76221,4176.12713,4171.76221,-1.89779,-1.0,0.14,2.27,STOP,2026-07-03 03:51:00,2026-07-03 03:49:00,2026-07-03 03:50:00,7,23,65,1.0,1.3,5,warning_only,closed_all,1.2,2.0
BUY,4173.47,4171.64292,4175.84521,4171.64292,-1.82708,-1.0,0.91,2.68,STOP,2026-07-03 03:56:00,2026-07-03 03:52:00,2026-07-03 03:53:00,7,23,65,1.0,1.3,5,warning_only,closed_all,1.2,2.0
BUY,4173.66,4171.73767,4176.15903,4176.15903,2.49903,1.3,3.09,0.53,TARGET,2026-07-03 04:05:00,2026-07-03 04:03:00,2026-07-03 04:04:00,7,23,65,1.0,1.3,5,warning_only,closed_all,1.2,2.0
BUY,4174.9,4172.98855,4177.38488,4177.38488,2.48488,1.3,3.26,0.44,TARGET,2026-07-03 04:06:00,2026-07-03 04:04:00,2026-07-03 04:05:00,7,23,65,1.0,1.3,5,warning_only,closed_all,1.2,2.0
BUY,4175.29,4173.5603,4177.53861,4177.53861,2.24861,1.3,2.93,1.62,TARGET,2026-07-03 04:34:00,2026-07-03 04:29:00,2026-07-03 04:30:00,7,23,65,1.0,1.3,5,warning_only,closed_all,1.2,2.0
BUY,4175.84,4174.01736,4178.20943,4178.20943,2.36943,1.3,2.38,0.95,TARGET,2026-07-03 04:34:00,2026-07-03 04:32:00,2026-07-03 04:33:00,7,23,65,1.0,1.3,5,warning_only,closed_all,1.2,2.0
BUY,4175.91,4174.1447,4178.2049,4178.2049,2.2949,1.3,2.31,0.27,TARGET,2026-07-03 04:34:00,2026-07-03 04:33:00,2026-07-03 04:34:00,7,23,65,1.0,1.3,5,warning_only,closed_all,1.2,2.0
BUY,4179.44,4178.26343,4180.96954,4178.26343,-1.17657,-1.0,0.1,1.47,STOP,2026-07-03 08:06:00,2026-07-03 08:05:00,2026-07-03 08:06:00,7,23,65,1.0,1.3,5,warning_only,closed_all,1.2,2.0
BUY,4188.13,4185.65277,4191.3504,4185.65277,-2.47723,-1.0,0.69,3.0,STOP,2026-07-05 21:48:00,2026-07-05 21:45:00,2026-07-05 21:46:00,7,23,65,1.0,1.3,5,warning_only,closed_all,1.2,2.0
BUY,4187.79,4183.72381,4193.07604,4185.81,-1.98,-0.48694,4.99,3.57,TIME_EXIT,2026-07-05 22:18:00,2026-07-05 22:13:00,2026-07-05 22:14:00,7,23,65,1.0,1.3,5,warning_only,closed_all,1.2,2.0
BUY,4189.3,4185.35568,4194.42761,4185.35568,-3.94432,-1.0,3.48,5.08,STOP,2026-07-05 22:18:00,2026-07-05 22:14:00,2026-07-05 22:15:00,7,23,65,1.0,1.3,5,warning_only,closed_all,1.2,2.0
BUY,4191.31,4187.43456,4196.34807,4187.43456,-3.87544,-1.0,1.47,5.52,STOP,2026-07-05 22:17:00,2026-07-05 22:15:00,2026-07-05 22:16:00,7,23,65,1.0,1.3,5,warning_only,closed_all,1.2,2.0
BUY,4188.85,4185.03247,4193.81278,4185.03247,-3.81753,-1.0,1.62,5.64,STOP,2026-07-05 22:21:00,2026-07-05 22:19:00,2026-07-05 22:20:00,7,23,65,1.0,1.3,5,warning_only,closed_all,1.2,2.0
BUY,4187.16,4183.5908,4191.79996,4190.48,3.32,0.93018,4.41,2.59,TIME_EXIT,2026-07-05 22:31:00,2026-07-05 22:26:00,2026-07-05 22:27:00,7,23,65,1.0,1.3,5,warning_only,closed_all,1.2,2.0
BUY,4188.14,4184.57074,4192.78004,4192.78004,4.64004,1.3,6.24,2.27,TARGET,2026-07-05 22:32:00,2026-07-05 22:27:00,2026-07-05 22:28:00,7,23,65,1.0,1.3,5,warning_only,closed_all,1.2,2.0
BUY,4189.71,4186.19819,4194.27535,4194.27535,4.56535,1.3,4.67,2.34,TARGET,2026-07-05 22:32:00,2026-07-05 22:29:00,2026-07-05 22:30:00,7,23,65,1.0,1.3,5,warning_only,closed_all,1.2,2.0
BUY,4190.51,4187.0141,4195.05467,4195.05467,4.54467,1.3,7.26,1.33,TARGET,2026-07-05 22:34:00,2026-07-05 22:31:00,2026-07-05 22:32:00,7,23,65,1.0,1.3,5,warning_only,closed_all,1.2,2.0
BUY,4155.65,4154.25198,4157.46743,4154.25198,-1.39802,-1.0,0.55,1.93,STOP,2026-07-06 09:00:00,2026-07-06 08:59:00,2026-07-06 09:00:00,7,23,65,1.0,1.3,5,warning_only,closed_all,1.2,2.0
BUY,4156.96,4155.46436,4158.90433,4157.99,1.03,0.68867,1.29,1.48,TIME_EXIT,2026-07-06 09:06:00,2026-07-06 09:01:00,2026-07-06 09:02:00,7,23,65,1.0,1.3,5,warning_only,closed_all,1.2,2.0
BUY,4156.92,4155.41563,4158.87568,4155.41563,-1.50437,-1.0,1.31,2.28,STOP,2026-07-06 09:10:00,2026-07-06 09:05:00,2026-07-06 09:06:00,7,23,65,1.0,1.3,5,warning_only,closed_all,1.2,2.0
BUY,4147.62,4146.11816,4149.5724,4148.36,0.74,0.49273,0.94,0.97,TIME_EXIT,2026-07-06 13:36:00,2026-07-06 13:31:00,2026-07-06 13:32:00,7,23,65,1.0,1.3,5,warning_only,closed_all,1.2,2.0
BUY,4147.29,4145.86241,4149.14586,4149.14586,1.85586,1.3,2.22,0.29,TARGET,2026-07-06 13:37:00,2026-07-06 13:35:00,2026-07-06 13:36:00,7,23,65,1.0,1.3,5,warning_only,closed_all,1.2,2.0
BUY,4162.39,4161.43006,4163.63792,4161.43006,-0.95994,-1.0,0.85,1.05,STOP,2026-07-06 16:31:00,2026-07-06 16:26:00,2026-07-06 16:27:00,7,23,65,1.0,1.3,5,warning_only,closed_all,1.2,2.0
BUY,4162.71,4161.74393,4163.96589,4161.74393,-0.96607,-1.0,0.53,1.14,STOP,2026-07-06 16:30:00,2026-07-06 16:28:00,2026-07-06 16:29:00,7,23,65,1.0,1.3,5,warning_only,closed_all,1.2,2.0
BUY,4162.96,4162.28885,4163.83249,4163.83249,0.87249,1.3,1.44,0.59,TARGET,2026-07-06 17:33:00,2026-07-06 17:28:00,2026-07-06 17:29:00,7,23,65,1.0,1.3,5,warning_only,closed_all,1.2,2.0
BUY,4163.33,4162.73637,4164.10171,4164.10171,0.77171,1.3,0.82,0.2,TARGET,2026-07-06 17:51:00,2026-07-06 17:47:00,2026-07-06 17:48:00,7,23,65,1.0,1.3,5,warning_only,closed_all,1.2,2.0
BUY,4166.33,4165.66209,4167.19829,4167.19829,0.86829,1.3,1.17,0.3,TARGET,2026-07-06 19:32:00,2026-07-06 19:30:00,2026-07-06 19:31:00,7,23,65,1.0,1.3,5,warning_only,closed_all,1.2,2.0
BUY,4131.76,4129.97574,4134.07953,4129.97574,-1.78426,-1.0,1.89,3.65,STOP,2026-07-07 06:47:00,2026-07-07 06:43:00,2026-07-07 06:44:00,7,23,65,1.0,1.3,5,warning_only,closed_all,1.2,2.0
BUY,4130.25,4128.51125,4132.51037,4132.51037,2.26037,1.3,3.52,0.58,TARGET,2026-07-07 07:00:00,2026-07-07 06:55:00,2026-07-07 06:56:00,7,23,65,1.0,1.3,5,warning_only,closed_all,1.2,2.0
BUY,4131.98,4130.24636,4134.23373,4132.65,0.67,0.38647,1.79,1.04,TIME_EXIT,2026-07-07 07:03:00,2026-07-07 06:58:00,2026-07-07 06:59:00,7,23,65,1.0,1.3,5,warning_only,closed_all,1.2,2.0
BUY,4132.27,4130.54619,4134.51096,4133.18,0.91,0.5279,1.58,0.43,TIME_EXIT,2026-07-07 07:07:00,2026-07-07 07:02:00,2026-07-07 07:03:00,7,23,65,1.0,1.3,5,warning_only,closed_all,1.2,2.0
BUY,4133.13,4131.56548,4135.16387,4132.98,-0.15,-0.09588,0.81,0.93,TIME_EXIT,2026-07-07 07:11:00,2026-07-07 07:06:00,2026-07-07 07:07:00,7,23,65,1.0,1.3,5,warning_only,closed_all,1.2,2.0
BUY,4133.2,4131.68239,4135.17289,4135.17289,1.97289,1.3,3.45,0.66,TARGET,2026-07-07 07:18:00,2026-07-07 07:15:00,2026-07-07 07:16:00,7,23,65,1.0,1.3,5,warning_only,closed_all,1.2,2.0
BUY,4133.6,4132.11508,4135.5304,4135.5304,1.9304,1.3,3.05,0.39,TARGET,2026-07-07 07:18:00,2026-07-07 07:16:00,2026-07-07 07:17:00,7,23,65,1.0,1.3,5,warning_only,closed_all,1.2,2.0
BUY,4136.9,4135.45142,4138.78316,4138.78316,1.88316,1.3,5.16,0.04,TARGET,2026-07-07 08:18:00,2026-07-07 08:17:00,2026-07-07 08:18:00,7,23,65,1.0,1.3,5,warning_only,closed_all,1.2,2.0
BUY,4170.2,4167.08761,4174.2461,4171.55,1.35,0.43375,2.2,2.2,TIME_EXIT,2026-07-07 10:21:00,2026-07-07 10:16:00,2026-07-07 10:17:00,7,23,65,1.0,1.3,5,warning_only,closed_all,1.2,2.0
BUY,4111.35,4108.3184,4115.29108,4108.3184,-3.0316,-1.0,0.45,3.31,STOP,2026-07-07 23:00:00,2026-07-07 22:57:00,2026-07-07 22:58:00,7,23,65,1.0,1.3,5,warning_only,closed_all,1.2,2.0
BUY,4108.98,4106.33815,4112.41441,4112.41441,3.43441,1.3,6.37,0.87,TARGET,2026-07-07 23:07:00,2026-07-07 23:05:00,2026-07-07 23:06:00,7,23,65,1.0,1.3,5,warning_only,closed_all,1.2,2.0
BUY,4126.3,4124.57907,4128.53721,4124.57907,-1.72093,-1.0,0.82,1.93,STOP,2026-07-08 01:30:00,2026-07-08 01:27:00,2026-07-08 01:28:00,7,23,65,1.0,1.3,5,warning_only,closed_all,1.2,2.0
BUY,4127.94,4126.39918,4129.94307,4129.94307,2.00307,1.3,2.66,0.18,TARGET,2026-07-08 02:05:00,2026-07-08 02:04:00,2026-07-08 02:05:00,7,23,65,1.0,1.3,5,warning_only,closed_all,1.2,2.0
BUY,4128.76,4126.86169,4131.2278,4126.86169,-1.89831,-1.0,0.21,2.44,STOP,2026-07-08 02:20:00,2026-07-08 02:18:00,2026-07-08 02:19:00,7,23,65,1.0,1.3,5,warning_only,closed_all,1.2,2.0
BUY,4128.92,4126.70974,4131.79334,4128.85,-0.07,-0.03167,2.7,1.26,TIME_EXIT,2026-07-08 02:45:00,2026-07-08 02:40:00,2026-07-08 02:41:00,7,23,65,1.0,1.3,5,warning_only,closed_all,1.2,2.0
BUY,4129.73,4127.57404,4132.53275,4129.19,-0.54,-0.25047,1.89,2.07,TIME_EXIT,2026-07-08 02:46:00,2026-07-08 02:41:00,2026-07-08 02:42:00,7,23,65,1.0,1.3,5,warning_only,closed_all,1.2,2.0
BUY,4130.85,4128.81034,4133.50155,4133.50155,2.65155,1.3,2.66,0.99,TARGET,2026-07-08 03:24:00,2026-07-08 03:21:00,2026-07-08 03:22:00,7,23,65,1.0,1.3,5,warning_only,closed_all,1.2,2.0
BUY,4070.34,4067.24074,4074.36904,4074.36904,4.02904,1.3,4.44,0.84,TARGET,2026-07-08 09:40:00,2026-07-08 09:38:00,2026-07-08 09:39:00,7,23,65,1.0,1.3,5,warning_only,closed_all,1.2,2.0
BUY,4078.04,4074.0538,4083.22206,4077.91,-0.13,-0.03261,2.16,3.58,TIME_EXIT,2026-07-08 10:41:00,2026-07-08 10:36:00,2026-07-08 10:37:00,7,23,65,1.0,1.3,5,warning_only,closed_all,1.2,2.0
BUY,4187.16,4182.52004,4191.79996,4191.79996,4.63996,1.0,7.22,2.59,TARGET,2026-07-05 22:32:00,2026-07-05 22:26:00,2026-07-05 22:27:00,4,24,76,1.3,1.3,10,warning_only,closed_all,0.8,1.2
BUY,4130.25,4127.98963,4132.51037,4132.51037,2.26037,1.0,3.52,0.58,TARGET,2026-07-07 07:00:00,2026-07-07 06:55:00,2026-07-07 06:56:00,4,24,76,1.3,1.3,10,warning_only,closed_all,0.8,1.2
BUY,4108.98,4105.54559,4112.41441,4112.41441,3.43441,1.0,6.37,0.87,TARGET,2026-07-07 23:07:00,2026-07-07 23:05:00,2026-07-07 23:06:00,4,24,76,1.3,1.3,10,warning_only,closed_all,0.8,1.2
BUY,4126.3,4124.06279,4128.53721,4127.2,0.9,0.40229,1.85,1.93,TIME_EXIT,2026-07-08 01:37:00,2026-07-08 01:27:00,2026-07-08 01:28:00,4,24,76,1.3,1.3,10,warning_only,closed_all,0.8,1.2
BUY,4128.26,4125.5145,4131.0055,4131.0055,2.7455,1.0,2.82,1.7,TARGET,2026-07-08 02:42:00,2026-07-08 02:37:00,2026-07-08 02:38:00,4,24,76,1.3,1.3,10,warning_only,closed_all,0.8,1.2
BUY,4129.43,4125.84699,4131.2215,4125.84699,-3.58301,-1.0,1.25,5.03,STOP,2026-07-02 20:53:00,2026-07-02 20:47:00,2026-07-02 20:48:00,7,26,61,1.6,0.8,30,required,closed_all,0.8,2.0
BUY,4130.59,4127.07664,4132.34668,4127.07664,-3.51336,-1.0,0.09,4.35,STOP,2026-07-02 20:52:00,2026-07-02 20:48:00,2026-07-02 20:49:00,7,26,61,1.6,0.8,30,required,closed_all,0.8,2.0
BUY,4134.23,4129.57711,4136.55645,4136.55645,2.32645,0.5,2.45,1.31,TARGET,2026-07-02 21:20:00,2026-07-02 21:17:00,2026-07-02 21:18:00,7,26,61,1.6,0.8,30,required,closed_all,0.8,2.0
BUY,4135.16,4130.58346,4137.44827,4137.44827,2.28827,0.5,2.61,1.83,TARGET,2026-07-02 21:21:00,2026-07-02 21:18:00,2026-07-02 21:19:00,7,26,61,1.6,0.8,30,required,closed_all,0.8,2.0
BUY,4181.41,4178.19078,4183.01961,4183.01961,1.60961,0.5,4.06,2.17,TARGET,2026-07-02 23:38:00,2026-07-02 23:33:00,2026-07-02 23:34:00,7,26,61,1.6,0.8,30,required,closed_all,0.8,2.0
BUY,4173.66,4170.62353,4175.17824,4175.17824,1.51824,0.5,3.09,2.87,TARGET,2026-07-03 04:05:00,2026-07-03 03:49:00,2026-07-03 03:50:00,7,26,61,1.6,0.8,30,required,closed_all,0.8,2.0
BUY,4173.47,4170.54667,4174.93167,4174.93167,1.46167,0.5,3.28,2.68,TARGET,2026-07-03 04:05:00,2026-07-03 03:52:00,2026-07-03 03:53:00,7,26,61,1.6,0.8,30,required,closed_all,0.8,2.0
BUY,4175.29,4172.52248,4176.67376,4176.67376,1.38376,0.5,1.72,0.34,TARGET,2026-07-03 04:30:00,2026-07-03 04:29:00,2026-07-03 04:30:00,7,26,61,1.6,0.8,30,required,closed_all,0.8,2.0
BUY,4175.91,4173.08551,4177.32224,4177.32224,1.41224,0.5,2.31,0.27,TARGET,2026-07-03 04:34:00,2026-07-03 04:33:00,2026-07-03 04:34:00,7,26,61,1.6,0.8,30,required,closed_all,0.8,2.0
BUY,4179.44,4177.55749,4180.38126,4177.55749,-1.88251,-1.0,0.1,2.02,STOP,2026-07-03 08:07:00,2026-07-03 08:05:00,2026-07-03 08:06:00,7,26,61,1.6,0.8,30,required,closed_all,0.8,2.0
BUY,4189.71,4187.268,4190.931,4190.931,1.221,0.5,1.39,0.16,TARGET,2026-07-05 20:27:00,2026-07-05 20:25:00,2026-07-05 20:26:00,7,26,61,1.6,0.8,30,required,closed_all,0.8,2.0
BUY,4189.3,4182.98909,4192.45545,4192.45545,3.15545,0.5,3.48,0.97,TARGET,2026-07-05 22:16:00,2026-07-05 22:14:00,2026-07-05 22:15:00,7,26,61,1.6,0.8,30,required,closed_all,0.8,2.0
BUY,4191.31,4185.1093,4194.41035,4185.1093,-6.2007,-1.0,1.47,7.09,STOP,2026-07-05 22:18:00,2026-07-05 22:15:00,2026-07-05 22:16:00,7,26,61,1.6,0.8,30,required,closed_all,0.8,2.0
BUY,4185.64,4179.83953,4188.54024,4188.54024,2.90024,0.5,4.02,1.32,TARGET,2026-07-05 22:28:00,2026-07-05 22:25:00,2026-07-05 22:26:00,7,26,61,1.6,0.8,30,required,closed_all,0.8,2.0
BUY,4187.16,4181.44928,4190.01536,4190.01536,2.85536,0.5,4.41,2.59,TARGET,2026-07-05 22:30:00,2026-07-05 22:26:00,2026-07-05 22:27:00,7,26,61,1.6,0.8,30,required,closed_all,0.8,2.0
BUY,4189.71,4184.0911,4192.51945,4192.51945,2.80945,0.5,4.67,2.34,TARGET,2026-07-05 22:32:00,2026-07-05 22:29:00,2026-07-05 22:30:00,7,26,61,1.6,0.8,30,required,closed_all,0.8,2.0
BUY,4190.51,4184.91656,4193.30672,4193.30672,2.79672,0.5,3.87,1.33,TARGET,2026-07-05 22:32:00,2026-07-05 22:31:00,2026-07-05 22:32:00,7,26,61,1.6,0.8,30,required,closed_all,0.8,2.0
BUY,4162.96,4161.88617,4163.49692,4163.49692,0.53692,0.5,1.44,0.59,TARGET,2026-07-06 17:33:00,2026-07-06 17:28:00,2026-07-06 17:29:00,7,26,61,1.6,0.8,30,required,closed_all,0.8,2.0
BUY,4163.33,4162.3802,4163.8049,4163.8049,0.4749,0.5,0.54,0.2,TARGET,2026-07-06 17:50:00,2026-07-06 17:47:00,2026-07-06 17:48:00,7,26,61,1.6,0.8,30,required,closed_all,0.8,2.0
BUY,4166.33,4165.26134,4166.86433,4166.86433,0.53433,0.5,0.59,0.3,TARGET,2026-07-06 19:31:00,2026-07-06 19:30:00,2026-07-06 19:31:00,7,26,61,1.6,0.8,30,required,closed_all,0.8,2.0
BUY,4170.2,4165.22018,4172.68991,4165.22018,-4.97982,-1.0,2.2,5.84,STOP,2026-07-07 10:25:00,2026-07-07 10:16:00,2026-07-07 10:17:00,7,26,61,1.6,0.8,30,required,closed_all,0.8,2.0
BUY,4126.3,4123.54652,4127.67674,4127.67674,1.37674,0.5,1.85,1.93,TARGET,2026-07-08 01:32:00,2026-07-08 01:27:00,2026-07-08 01:28:00,7,26,61,1.6,0.8,30,required,closed_all,0.8,2.0
BUY,4129.73,4126.28046,4131.45477,4131.45477,1.72477,0.5,1.89,1.18,TARGET,2026-07-08 02:43:00,2026-07-08 02:41:00,2026-07-08 02:42:00,7,26,61,1.6,0.8,30,required,closed_all,0.8,2.0
BUY,4130.85,4127.58655,4132.48172,4132.48172,1.63172,0.5,2.66,0.99,TARGET,2026-07-08 03:24:00,2026-07-08 03:21:00,2026-07-08 03:22:00,7,26,61,1.6,0.8,30,required,closed_all,0.8,2.0
BUY,4131.4,4128.26366,4132.96817,4132.96817,1.56817,0.5,2.11,0.44,TARGET,2026-07-08 03:24:00,2026-07-08 03:23:00,2026-07-08 03:24:00,7,26,61,1.6,0.8,30,required,closed_all,0.8,2.0
BUY,4130.59,4128.39415,4132.78585,4128.39415,-2.19585,-1.0,0.09,3.38,STOP,2026-07-02 20:51:00,2026-07-02 20:48:00,2026-07-02 20:49:00,4,38,75,1.0,1.0,5,required,closed_all,0.8,2.0
BUY,4134.23,4131.32194,4137.13806,4137.13806,2.90806,1.0,3.54,1.31,TARGET,2026-07-02 21:21:00,2026-07-02 21:17:00,2026-07-02 21:18:00,4,38,75,1.0,1.0,5,required,closed_all,0.8,2.0
BUY,4135.16,4132.29966,4138.02034,4138.02034,2.86034,1.0,3.34,1.83,TARGET,2026-07-02 21:22:00,2026-07-02 21:18:00,2026-07-02 21:19:00,4,38,75,1.0,1.0,5,required,closed_all,0.8,2.0
BUY,4175.29,4173.5603,4177.0197,4177.0197,1.7297,1.0,2.93,1.62,TARGET,2026-07-03 04:34:00,2026-07-03 04:29:00,2026-07-03 04:30:00,4,38,75,1.0,1.0,5,required,closed_all,0.8,2.0
BUY,4175.91,4174.1447,4177.6753,4177.6753,1.7653,1.0,2.31,0.27,TARGET,2026-07-03 04:34:00,2026-07-03 04:33:00,2026-07-03 04:34:00,4,38,75,1.0,1.0,5,required,closed_all,0.8,2.0
BUY,4179.44,4178.26343,4180.61657,4178.26343,-1.17657,-1.0,0.1,1.47,STOP,2026-07-03 08:06:00,2026-07-03 08:05:00,2026-07-03 08:06:00,4,38,75,1.0,1.0,5,required,closed_all,0.8,2.0
BUY,4189.3,4185.35568,4193.24432,4185.35568,-3.94432,-1.0,3.48,5.08,STOP,2026-07-05 22:18:00,2026-07-05 22:14:00,2026-07-05 22:15:00,4,38,75,1.0,1.0,5,required,closed_all,0.8,2.0
BUY,4191.31,4187.43456,4195.18544,4187.43456,-3.87544,-1.0,1.47,5.52,STOP,2026-07-05 22:17:00,2026-07-05 22:15:00,2026-07-05 22:16:00,4,38,75,1.0,1.0,5,required,closed_all,0.8,2.0
BUY,4185.64,4182.01471,4189.26529,4189.26529,3.62529,1.0,4.02,1.32,TARGET,2026-07-05 22:28:00,2026-07-05 22:25:00,2026-07-05 22:26:00,4,38,75,1.0,1.0,5,required,closed_all,0.8,2.0
BUY,4187.16,4183.5908,4190.7292,4190.7292,3.5692,1.0,4.41,2.59,TARGET,2026-07-05 22:30:00,2026-07-05 22:26:00,2026-07-05 22:27:00,4,38,75,1.0,1.0,5,required,closed_all,0.8,2.0
BUY,4189.71,4186.19819,4193.22181,4193.22181,3.51181,1.0,4.67,2.34,TARGET,2026-07-05 22:32:00,2026-07-05 22:29:00,2026-07-05 22:30:00,4,38,75,1.0,1.0,5,required,closed_all,0.8,2.0
BUY,4190.51,4187.0141,4194.0059,4194.0059,3.4959,1.0,3.87,1.33,TARGET,2026-07-05 22:32:00,2026-07-05 22:31:00,2026-07-05 22:32:00,4,38,75,1.0,1.0,5,required,closed_all,0.8,2.0
BUY,4162.57,4161.669,4163.471,4163.471,0.901,1.0,1.19,0.62,TARGET,2026-07-06 16:49:00,2026-07-06 16:46:00,2026-07-06 16:47:00,4,38,75,1.0,1.0,5,required,closed_all,0.8,2.0
BUY,4162.96,4162.28885,4163.63115,4163.63115,0.67115,1.0,1.44,0.59,TARGET,2026-07-06 17:33:00,2026-07-06 17:28:00,2026-07-06 17:29:00,4,38,75,1.0,1.0,5,required,closed_all,0.8,2.0
BUY,4163.33,4162.73637,4163.92363,4163.92363,0.59363,1.0,0.82,0.2,TARGET,2026-07-06 17:51:00,2026-07-06 17:47:00,2026-07-06 17:48:00,4,38,75,1.0,1.0,5,required,closed_all,0.8,2.0
BUY,4170.2,4167.08761,4173.31239,4171.55,1.35,0.43375,2.2,2.2,TIME_EXIT,2026-07-07 10:21:00,2026-07-07 10:16:00,2026-07-07 10:17:00,4,38,75,1.0,1.0,5,required,closed_all,0.8,2.0
BUY,4126.3,4124.57907,4128.02093,4124.57907,-1.72093,-1.0,0.82,1.93,STOP,2026-07-08 01:30:00,2026-07-08 01:27:00,2026-07-08 01:28:00,4,38,75,1.0,1.0,5,required,closed_all,0.8,2.0
BUY,4127.19,4125.04332,4129.33668,4129.33668,2.14668,1.0,2.97,0.59,TARGET,2026-07-08 02:38:00,2026-07-08 02:36:00,2026-07-08 02:37:00,4,38,75,1.0,1.0,5,required,closed_all,0.8,2.0
BUY,4128.26,4126.14808,4130.37192,4130.37192,2.11192,1.0,2.82,1.7,TARGET,2026-07-08 02:42:00,2026-07-08 02:37:00,2026-07-08 02:38:00,4,38,75,1.0,1.0,5,required,closed_all,0.8,2.0
BUY,4129.73,4127.57404,4131.88596,4129.19,-0.54,-0.25047,1.89,2.07,TIME_EXIT,2026-07-08 02:46:00,2026-07-08 02:41:00,2026-07-08 02:42:00,4,38,75,1.0,1.0,5,required,closed_all,0.8,2.0
BUY,4128.02,4126.13207,4129.90793,4128.18,0.16,0.08475,1.17,1.59,TIME_EXIT,2026-07-08 03:01:00,2026-07-08 02:56:00,2026-07-08 02:57:00,4,38,75,1.0,1.0,5,required,closed_all,0.8,2.0
BUY,4130.85,4128.81034,4132.88966,4132.88966,2.03966,1.0,2.66,0.99,TARGET,2026-07-08 03:24:00,2026-07-08 03:21:00,2026-07-08 03:22:00,4,38,75,1.0,1.0,5,required,closed_all,0.8,2.0
BUY,4128.6,4126.31989,4130.42409,4130.42409,1.82409,0.8,2.11,0.49,TARGET,2026-07-02 20:55:00,2026-07-02 20:54:00,2026-07-02 20:55:00,5,28,76,1.0,0.8,10,warning_only,closed_all,1.8,1.2
BUY,4187.79,4183.72381,4191.04295,4191.04295,3.25295,0.8,3.52,0.85,TARGET,2026-07-05 22:15:00,2026-07-05 22:13:00,2026-07-05 22:14:00,5,28,76,1.0,0.8,10,warning_only,closed_all,1.8,1.2
BUY,4187.16,4183.5908,4190.01536,4190.01536,2.85536,0.8,4.41,2.59,TARGET,2026-07-05 22:30:00,2026-07-05 22:26:00,2026-07-05 22:27:00,5,28,76,1.0,0.8,10,warning_only,closed_all,1.8,1.2
BUY,4188.14,4184.57074,4190.99541,4190.99541,2.85541,0.8,3.43,2.27,TARGET,2026-07-05 22:30:00,2026-07-05 22:27:00,2026-07-05 22:28:00,5,28,76,1.0,0.8,10,warning_only,closed_all,1.8,1.2
BUY,4155.65,4154.25198,4156.76842,4154.25198,-1.39802,-1.0,0.55,1.93,STOP,2026-07-06 09:00:00,2026-07-06 08:59:00,2026-07-06 09:00:00,5,28,76,1.0,0.8,10,warning_only,closed_all,1.8,1.2
BUY,4161.96,4160.94054,4162.77557,4162.77557,0.81557,0.8,1.28,0.57,TARGET,2026-07-06 16:29:00,2026-07-06 16:23:00,2026-07-06 16:24:00,5,28,76,1.0,0.8,10,warning_only,closed_all,1.8,1.2
BUY,4162.82,4161.66122,4163.74703,4163.74703,0.92703,0.8,0.98,0.81,TARGET,2026-07-06 16:59:00,2026-07-06 16:58:00,2026-07-06 16:59:00,5,28,76,1.0,0.8,10,warning_only,closed_all,1.8,1.2
BUY,4162.7,4161.9757,4163.27944,4163.27944,0.57944,0.8,0.7,0.53,TARGET,2026-07-06 17:31:00,2026-07-06 17:25:00,2026-07-06 17:26:00,5,28,76,1.0,0.8,10,warning_only,closed_all,1.8,1.2
BUY,4130.25,4128.51125,4131.641,4131.641,1.391,0.8,1.85,0.58,TARGET,2026-07-07 06:56:00,2026-07-07 06:55:00,2026-07-07 06:56:00,5,28,76,1.0,0.8,10,warning_only,closed_all,1.8,1.2
BUY,4108.98,4106.33815,4111.09348,4111.09348,2.11348,0.8,3.24,0.87,TARGET,2026-07-07 23:06:00,2026-07-07 23:05:00,2026-07-07 23:06:00,5,28,76,1.0,0.8,10,warning_only,closed_all,1.8,1.2
BUY,4112.22,4109.47328,4114.41738,4114.41738,2.19738,0.8,3.13,2.12,TARGET,2026-07-07 23:07:00,2026-07-07 23:06:00,2026-07-07 23:07:00,5,28,76,1.0,0.8,10,warning_only,closed_all,1.8,1.2
BUY,4126.98,4125.14792,4128.44567,4125.14792,-1.83208,-1.0,0.19,2.61,STOP,2026-07-08 01:30:00,2026-07-08 01:25:00,2026-07-08 01:26:00,5,28,76,1.0,0.8,10,warning_only,closed_all,1.8,1.2
BUY,4126.3,4124.57907,4127.67674,4124.57907,-1.72093,-1.0,0.82,1.93,STOP,2026-07-08 01:30:00,2026-07-08 01:27:00,2026-07-08 01:28:00,5,28,76,1.0,0.8,10,warning_only,closed_all,1.8,1.2
BUY,4127.05,4125.49483,4128.29413,4125.49483,-1.55517,-1.0,0.35,2.05,STOP,2026-07-08 02:03:00,2026-07-08 02:00:00,2026-07-08 02:01:00,5,28,76,1.0,0.8,10,warning_only,closed_all,1.8,1.2
BUY,4128.76,4126.86169,4130.27865,4126.86169,-1.89831,-1.0,0.21,2.44,STOP,2026-07-08 02:20:00,2026-07-08 02:18:00,2026-07-08 02:19:00,5,28,76,1.0,0.8,10,warning_only,closed_all,1.8,1.2
BUY,4127.19,4125.04332,4128.90735,4128.90735,1.71735,0.8,2.97,0.59,TARGET,2026-07-08 02:38:00,2026-07-08 02:36:00,2026-07-08 02:37:00,5,28,76,1.0,0.8,10,warning_only,closed_all,1.8,1.2
BUY,4128.26,4126.14808,4129.94954,4129.94954,1.68954,0.8,1.9,1.34,TARGET,2026-07-08 02:38:00,2026-07-08 02:37:00,2026-07-08 02:38:00,5,28,76,1.0,0.8,10,warning_only,closed_all,1.8,1.2
BUY,4128.92,4126.70974,4130.68821,4130.68821,1.76821,0.8,2.16,0.64,TARGET,2026-07-08 02:42:00,2026-07-08 02:40:00,2026-07-08 02:41:00,5,28,76,1.0,0.8,10,warning_only,closed_all,1.8,1.2
BUY,4078.04,4074.0538,4081.22896,4074.0538,-3.9862,-1.0,2.16,7.75,STOP,2026-07-08 10:42:00,2026-07-08 10:36:00,2026-07-08 10:37:00,5,28,76,1.0,0.8,10,warning_only,closed_all,1.8,1.2
BUY,4185.64,4182.01471,4188.54024,4188.54024,2.90024,0.8,4.02,1.32,TARGET,2026-07-05 22:28:00,2026-07-05 22:25:00,2026-07-05 22:26:00,8,40,88,1.0,0.8,10,warning_only,closed_all,0.8,1.2
BUY,4187.16,4183.5908,4190.01536,4190.01536,2.85536,0.8,4.41,2.59,TARGET,2026-07-05 22:30:00,2026-07-05 22:26:00,2026-07-05 22:27:00,8,40,88,1.0,0.8,10,warning_only,closed_all,0.8,1.2
BUY,4108.98,4106.33815,4111.09348,4111.09348,2.11348,0.8,3.24,0.87,TARGET,2026-07-07 23:06:00,2026-07-07 23:05:00,2026-07-07 23:06:00,8,40,88,1.0,0.8,10,warning_only,closed_all,0.8,1.2
BUY,4126.29,4124.66262,4127.59191,4124.66262,-1.62738,-1.0,0.83,1.92,STOP,2026-07-08 01:30:00,2026-07-08 01:29:00,2026-07-08 01:30:00,8,40,88,1.0,0.8,10,warning_only,closed_all,0.8,1.2
BUY,4127.19,4125.04332,4128.90735,4128.90735,1.71735,0.8,2.97,0.59,TARGET,2026-07-08 02:38:00,2026-07-08 02:36:00,2026-07-08 02:37:00,8,40,88,1.0,0.8,10,warning_only,closed_all,0.8,1.2
BUY,4128.26,4126.14808,4129.94954,4129.94954,1.68954,0.8,1.9,1.34,TARGET,2026-07-08 02:38:00,2026-07-08 02:37:00,2026-07-08 02:38:00,8,40,88,1.0,0.8,10,warning_only,closed_all,0.8,1.2
BUY,4128.89,4126.03404,4131.17477,4131.17477,2.28477,0.8,6.43,2.32,TARGET,2026-07-02 21:13:00,2026-07-02 21:09:00,2026-07-02 21:10:00,7,20,94,1.0,0.8,30,required,closed_all,1.8,1.2
BUY,4173.66,4171.73767,4175.19786,4175.19786,1.53786,0.8,3.09,0.53,TARGET,2026-07-03 04:05:00,2026-07-03 04:03:00,2026-07-03 04:04:00,7,20,94,1.0,0.8,30,required,closed_all,1.8,1.2
BUY,4178.03,4176.90694,4178.92845,4176.90694,-1.12306,-1.0,0.95,1.36,AMBIGUOUS_STOP_FIRST,2026-07-03 08:04:00,2026-07-03 08:03:00,2026-07-03 08:04:00,7,20,94,1.0,0.8,30,required,closed_all,1.8,1.2
BUY,4187.79,4183.72381,4191.04295,4191.04295,3.25295,0.8,3.52,0.85,TARGET,2026-07-05 22:15:00,2026-07-05 22:13:00,2026-07-05 22:14:00,7,20,94,1.0,0.8,30,required,closed_all,1.8,1.2
BUY,4188.14,4184.57074,4190.99541,4190.99541,2.85541,0.8,3.43,2.27,TARGET,2026-07-05 22:30:00,2026-07-05 22:27:00,2026-07-05 22:28:00,7,20,94,1.0,0.8,30,required,closed_all,1.8,1.2
BUY,4127.19,4125.04332,4128.90735,4128.90735,1.71735,0.8,2.97,0.59,TARGET,2026-07-08 02:38:00,2026-07-08 02:36:00,2026-07-08 02:37:00,7,20,94,1.0,0.8,30,required,closed_all,1.8,1.2
BUY,4128.26,4126.14808,4129.94954,4129.94954,1.68954,0.8,1.9,1.34,TARGET,2026-07-08 02:38:00,2026-07-08 02:37:00,2026-07-08 02:38:00,7,20,94,1.0,0.8,30,required,closed_all,1.8,1.2
BUY,4185.64,4182.01471,4189.26529,4189.26529,3.62529,1.0,4.02,1.32,TARGET,2026-07-05 22:28:00,2026-07-05 22:25:00,2026-07-05 22:26:00,6,39,63,1.0,1.0,15,warning_only,closed_all,0.8,1.2
BUY,4187.16,4183.5908,4190.7292,4190.7292,3.5692,1.0,4.41,2.59,TARGET,2026-07-05 22:30:00,2026-07-05 22:26:00,2026-07-05 22:27:00,6,39,63,1.0,1.0,15,warning_only,closed_all,0.8,1.2
BUY,4130.25,4128.51125,4131.98875,4131.98875,1.73875,1.0,1.85,0.58,TARGET,2026-07-07 06:56:00,2026-07-07 06:55:00,2026-07-07 06:56:00,6,39,63,1.0,1.0,15,warning_only,closed_all,0.8,1.2
BUY,4108.98,4106.33815,4111.62185,4111.62185,2.64185,1.0,3.24,0.87,TARGET,2026-07-07 23:06:00,2026-07-07 23:05:00,2026-07-07 23:06:00,6,39,63,1.0,1.0,15,warning_only,closed_all,0.8,1.2
BUY,4126.3,4124.57907,4128.02093,4124.57907,-1.72093,-1.0,0.82,1.93,STOP,2026-07-08 01:30:00,2026-07-08 01:27:00,2026-07-08 01:28:00,6,39,63,1.0,1.0,15,warning_only,closed_all,0.8,1.2
BUY,4127.19,4125.04332,4129.33668,4129.33668,2.14668,1.0,2.97,0.59,TARGET,2026-07-08 02:38:00,2026-07-08 02:36:00,2026-07-08 02:37:00,6,39,63,1.0,1.0,15,warning_only,closed_all,0.8,1.2
BUY,4128.26,4126.14808,4130.37192,4130.37192,2.11192,1.0,2.82,1.7,TARGET,2026-07-08 02:42:00,2026-07-08 02:37:00,2026-07-08 02:38:00,6,39,63,1.0,1.0,15,warning_only,closed_all,0.8,1.2
BUY,4129.73,4127.57404,4131.88596,4127.57404,-2.15596,-1.0,1.89,2.62,STOP,2026-07-08 02:47:00,2026-07-08 02:41:00,2026-07-08 02:42:00,6,39,63,1.0,1.0,15,warning_only,closed_all,0.8,1.2
BUY,4129.43,4126.51881,4132.34119,4126.51881,-2.91119,-1.0,1.25,3.19,STOP,2026-07-02 20:52:00,2026-07-02 20:47:00,2026-07-02 20:48:00,5,25,66,1.3,1.3,20,required,closed_all,1.2,2.0
BUY,4130.59,4127.73539,4133.44461,4127.73539,-2.85461,-1.0,0.09,3.38,STOP,2026-07-02 20:51:00,2026-07-02 20:48:00,2026-07-02 20:49:00,5,25,66,1.3,1.3,20,required,closed_all,1.2,2.0
BUY,4130.63,4127.79172,4133.46828,4127.79172,-2.83828,-1.0,0.05,3.42,STOP,2026-07-02 20:51:00,2026-07-02 20:49:00,2026-07-02 20:50:00,5,25,66,1.3,1.3,20,required,closed_all,1.2,2.0
BUY,4134.23,4130.44953,4138.01047,4138.01047,3.78047,1.0,4.27,1.31,TARGET,2026-07-02 21:22:00,2026-07-02 21:17:00,2026-07-02 21:18:00,5,25,66,1.3,1.3,20,required,closed_all,1.2,2.0
BUY,4135.16,4131.44156,4138.87844,4138.87844,3.71844,1.0,5.73,1.83,TARGET,2026-07-02 21:23:00,2026-07-02 21:18:00,2026-07-02 21:19:00,5,25,66,1.3,1.3,20,required,closed_all,1.2,2.0
BUY,4181.41,4178.79438,4184.02562,4184.02562,2.61562,1.0,4.06,2.17,TARGET,2026-07-02 23:38:00,2026-07-02 23:33:00,2026-07-02 23:34:00,5,25,66,1.3,1.3,20,required,closed_all,1.2,2.0
BUY,4183.58,4180.91919,4186.24081,4186.24081,2.66081,1.0,3.02,1.32,TARGET,2026-07-02 23:57:00,2026-07-02 23:52:00,2026-07-02 23:53:00,5,25,66,1.3,1.3,20,required,closed_all,1.2,2.0
BUY,4183.17,4180.85399,4185.48601,4180.85399,-2.31601,-1.0,0.61,3.12,STOP,2026-07-03 00:21:00,2026-07-03 00:13:00,2026-07-03 00:14:00,5,25,66,1.3,1.3,20,required,closed_all,1.2,2.0
BUY,4180.51,4178.80523,4182.21477,4178.80523,-1.70477,-1.0,0.56,2.08,STOP,2026-07-03 02:09:00,2026-07-03 02:06:00,2026-07-03 02:07:00,5,25,66,1.3,1.3,20,required,closed_all,1.2,2.0
BUY,4173.66,4171.19287,4176.12713,4171.19287,-2.46713,-1.0,0.72,2.87,STOP,2026-07-03 03:56:00,2026-07-03 03:49:00,2026-07-03 03:50:00,5,25,66,1.3,1.3,20,required,closed_all,1.2,2.0
BUY,4173.47,4171.09479,4175.84521,4171.09479,-2.37521,-1.0,0.91,2.68,STOP,2026-07-03 03:56:00,2026-07-03 03:52:00,2026-07-03 03:53:00,5,25,66,1.3,1.3,20,required,closed_all,1.2,2.0
BUY,4173.66,4171.16097,4176.15903,4176.15903,2.49903,1.0,3.09,0.53,TARGET,2026-07-03 04:05:00,2026-07-03 04:03:00,2026-07-03 04:04:00,5,25,66,1.3,1.3,20,required,closed_all,1.2,2.0
BUY,4174.9,4172.41512,4177.38488,4177.38488,2.48488,1.0,3.26,0.44,TARGET,2026-07-03 04:06:00,2026-07-03 04:04:00,2026-07-03 04:05:00,5,25,66,1.3,1.3,20,required,closed_all,1.2,2.0
BUY,4175.29,4173.04139,4177.53861,4177.53861,2.24861,1.0,2.93,1.62,TARGET,2026-07-03 04:34:00,2026-07-03 04:29:00,2026-07-03 04:30:00,5,25,66,1.3,1.3,20,required,closed_all,1.2,2.0
BUY,4175.84,4173.47057,4178.20943,4178.20943,2.36943,1.0,2.38,0.95,TARGET,2026-07-03 04:34:00,2026-07-03 04:32:00,2026-07-03 04:33:00,5,25,66,1.3,1.3,20,required,closed_all,1.2,2.0
BUY,4175.91,4173.6151,4178.2049,4178.2049,2.2949,1.0,2.31,0.27,TARGET,2026-07-03 04:34:00,2026-07-03 04:33:00,2026-07-03 04:34:00,5,25,66,1.3,1.3,20,required,closed_all,1.2,2.0
BUY,4179.44,4177.91046,4180.96954,4177.91046,-1.52954,-1.0,0.1,2.02,STOP,2026-07-03 08:07:00,2026-07-03 08:05:00,2026-07-03 08:06:00,5,25,66,1.3,1.3,20,required,closed_all,1.2,2.0
BUY,4179.31,4175.99248,4182.62752,4182.62752,3.31752,1.0,3.73,0.32,TARGET,2026-07-05 19:25:00,2026-07-05 19:20:00,2026-07-05 19:21:00,5,25,66,1.3,1.3,20,required,closed_all,1.2,2.0
BUY,4187.79,4182.50396,4193.07604,4182.50396,-5.28604,-1.0,4.99,6.3,STOP,2026-07-05 22:22:00,2026-07-05 22:13:00,2026-07-05 22:14:00,5,25,66,1.3,1.3,20,required,closed_all,1.2,2.0
BUY,4189.3,4184.17239,4194.42761,4184.17239,-5.12761,-1.0,3.48,6.09,STOP,2026-07-05 22:21:00,2026-07-05 22:14:00,2026-07-05 22:15:00,5,25,66,1.3,1.3,20,required,closed_all,1.2,2.0
BUY,4191.31,4186.27193,4196.34807,4186.27193,-5.03807,-1.0,1.47,5.52,STOP,2026-07-05 22:17:00,2026-07-05 22:15:00,2026-07-05 22:16:00,5,25,66,1.3,1.3,20,required,closed_all,1.2,2.0
BUY,4188.85,4183.88722,4193.81278,4183.88722,-4.96278,-1.0,1.62,5.64,STOP,2026-07-05 22:21:00,2026-07-05 22:19:00,2026-07-05 22:20:00,5,25,66,1.3,1.3,20,required,closed_all,1.2,2.0
BUY,4187.16,4182.52004,4191.79996,4191.79996,4.63996,1.0,7.22,2.59,TARGET,2026-07-05 22:32:00,2026-07-05 22:26:00,2026-07-05 22:27:00,5,25,66,1.3,1.3,20,required,closed_all,1.2,2.0
BUY,4188.14,4183.49996,4192.78004,4192.78004,4.64004,1.0,6.24,2.27,TARGET,2026-07-05 22:32:00,2026-07-05 22:27:00,2026-07-05 22:28:00,5,25,66,1.3,1.3,20,required,closed_all,1.2,2.0
BUY,4189.71,4185.14465,4194.27535,4194.27535,4.56535,1.0,4.67,2.34,TARGET,2026-07-05 22:32:00,2026-07-05 22:29:00,2026-07-05 22:30:00,5,25,66,1.3,1.3,20,required,closed_all,1.2,2.0
BUY,4190.51,4185.96533,4195.05467,4195.05467,4.54467,1.0,7.26,1.33,TARGET,2026-07-05 22:34:00,2026-07-05 22:31:00,2026-07-05 22:32:00,5,25,66,1.3,1.3,20,required,closed_all,1.2,2.0
BUY,4162.39,4161.14208,4163.63792,4161.14208,-1.24792,-1.0,0.85,2.28,STOP,2026-07-06 16:35:00,2026-07-06 16:26:00,2026-07-06 16:27:00,5,25,66,1.3,1.3,20,required,closed_all,1.2,2.0
BUY,4162.71,4161.45411,4163.96589,4161.45411,-1.25589,-1.0,0.53,1.37,STOP,2026-07-06 16:31:00,2026-07-06 16:28:00,2026-07-06 16:29:00,5,25,66,1.3,1.3,20,required,closed_all,1.2,2.0
BUY,4162.96,4162.08751,4163.83249,4163.83249,0.87249,1.0,1.44,0.59,TARGET,2026-07-06 17:33:00,2026-07-06 17:28:00,2026-07-06 17:29:00,5,25,66,1.3,1.3,20,required,closed_all,1.2,2.0
BUY,4163.33,4162.55829,4164.10171,4164.10171,0.77171,1.0,0.82,0.2,TARGET,2026-07-06 17:51:00,2026-07-06 17:47:00,2026-07-06 17:48:00,5,25,66,1.3,1.3,20,required,closed_all,1.2,2.0
BUY,4166.33,4165.46171,4167.19829,4167.19829,0.86829,1.0,1.17,0.3,TARGET,2026-07-06 19:32:00,2026-07-06 19:30:00,2026-07-06 19:31:00,5,25,66,1.3,1.3,20,required,closed_all,1.2,2.0
BUY,4136.9,4135.01684,4138.78316,4138.78316,1.88316,1.0,5.16,0.04,TARGET,2026-07-07 08:18:00,2026-07-07 08:17:00,2026-07-07 08:18:00,5,25,66,1.3,1.3,20,required,closed_all,1.2,2.0
BUY,4170.2,4166.1539,4174.2461,4166.1539,-4.0461,-1.0,2.2,4.81,STOP,2026-07-07 10:24:00,2026-07-07 10:16:00,2026-07-07 10:17:00,5,25,66,1.3,1.3,20,required,closed_all,1.2,2.0
BUY,4127.37,4124.8358,4129.9042,4124.8358,-2.5342,-1.0,0.01,2.66,STOP,2026-07-08 01:25:00,2026-07-08 01:22:00,2026-07-08 01:23:00,5,25,66,1.3,1.3,20,required,closed_all,1.2,2.0
BUY,4126.3,4124.06279,4128.53721,4124.06279,-2.23721,-1.0,1.85,2.24,STOP,2026-07-08 01:41:00,2026-07-08 01:27:00,2026-07-08 01:28:00,5,25,66,1.3,1.3,20,required,closed_all,1.2,2.0
BUY,4127.94,4125.93693,4129.94307,4129.94307,2.00307,1.0,2.66,0.18,TARGET,2026-07-08 02:05:00,2026-07-08 02:04:00,2026-07-08 02:05:00,5,25,66,1.3,1.3,20,required,closed_all,1.2,2.0
BUY,4128.92,4126.04666,4131.79334,4126.04666,-2.87334,-1.0,2.7,3.37,STOP,2026-07-08 02:48:00,2026-07-08 02:40:00,2026-07-08 02:41:00,5,25,66,1.3,1.3,20,required,closed_all,1.2,2.0
BUY,4129.73,4126.92725,4132.53275,4126.92725,-2.80275,-1.0,1.89,4.18,STOP,2026-07-08 02:48:00,2026-07-08 02:41:00,2026-07-08 02:42:00,5,25,66,1.3,1.3,20,required,closed_all,1.2,2.0
BUY,4130.85,4128.19845,4133.50155,4133.50155,2.65155,1.0,2.66,0.99,TARGET,2026-07-08 03:24:00,2026-07-08 03:21:00,2026-07-08 03:22:00,5,25,66,1.3,1.3,20,required,closed_all,1.2,2.0
BUY,4185.64,4180.92712,4189.26529,4189.26529,3.62529,0.76923,4.02,1.32,TARGET,2026-07-05 22:28:00,2026-07-05 22:25:00,2026-07-05 22:26:00,5,33,73,1.3,1.0,30,warning_only,closed_all,1.2,0.8
BUY,4187.16,4182.52004,4190.7292,4190.7292,3.5692,0.76923,4.41,2.59,TARGET,2026-07-05 22:30:00,2026-07-05 22:26:00,2026-07-05 22:27:00,5,33,73,1.3,1.0,30,warning_only,closed_all,1.2,0.8
BUY,4161.96,4160.63471,4162.97946,4162.97946,1.01946,0.76923,1.28,0.57,TARGET,2026-07-06 16:29:00,2026-07-06 16:23:00,2026-07-06 16:24:00,5,33,73,1.3,1.0,30,warning_only,closed_all,1.2,0.8
BUY,4108.98,4105.54559,4111.62185,4111.62185,2.64185,0.76923,3.24,0.87,TARGET,2026-07-07 23:06:00,2026-07-07 23:05:00,2026-07-07 23:06:00,5,33,73,1.3,1.0,30,warning_only,closed_all,1.2,0.8
BUY,4127.19,4124.39931,4129.33668,4129.33668,2.14668,0.76923,2.97,0.59,TARGET,2026-07-08 02:38:00,2026-07-08 02:36:00,2026-07-08 02:37:00,5,33,73,1.3,1.0,30,warning_only,closed_all,1.2,0.8
BUY,4128.26,4125.5145,4130.37192,4130.37192,2.11192,0.76923,2.82,1.7,TARGET,2026-07-08 02:42:00,2026-07-08 02:37:00,2026-07-08 02:38:00,5,33,73,1.3,1.0,30,warning_only,closed_all,1.2,0.8
BUY,4078.04,4072.85794,4082.0262,4072.85794,-5.18206,-1.0,2.16,7.75,STOP,2026-07-08 10:42:00,2026-07-08 10:36:00,2026-07-08 10:37:00,5,33,73,1.3,1.0,30,warning_only,closed_all,1.2,0.8
BUY,4128.89,4125.17725,4131.17477,4131.17477,2.28477,0.61538,6.43,2.32,TARGET,2026-07-02 21:13:00,2026-07-02 21:09:00,2026-07-02 21:10:00,8,28,85,1.3,0.8,5,required,closed_all,1.2,1.2
BUY,4187.79,4182.50396,4191.04295,4191.04295,3.25295,0.61538,3.52,0.85,TARGET,2026-07-05 22:15:00,2026-07-05 22:13:00,2026-07-05 22:14:00,8,28,85,1.3,0.8,5,required,closed_all,1.2,1.2
BUY,4185.64,4180.92712,4188.54024,4188.54024,2.90024,0.61538,4.02,1.32,TARGET,2026-07-05 22:28:00,2026-07-05 22:25:00,2026-07-05 22:26:00,8,28,85,1.3,0.8,5,required,closed_all,1.2,1.2
BUY,4187.16,4182.52004,4190.01536,4190.01536,2.85536,0.61538,4.41,2.59,TARGET,2026-07-05 22:30:00,2026-07-05 22:26:00,2026-07-05 22:27:00,8,28,85,1.3,0.8,5,required,closed_all,1.2,1.2
BUY,4188.14,4183.49996,4190.99541,4190.99541,2.85541,0.61538,3.43,2.27,TARGET,2026-07-05 22:30:00,2026-07-05 22:27:00,2026-07-05 22:28:00,8,28,85,1.3,0.8,5,required,closed_all,1.2,1.2
BUY,4127.19,4124.39931,4128.90735,4128.90735,1.71735,0.61538,2.97,0.59,TARGET,2026-07-08 02:38:00,2026-07-08 02:36:00,2026-07-08 02:37:00,8,28,85,1.3,0.8,5,required,closed_all,1.2,1.2
BUY,4128.26,4125.5145,4129.94954,4129.94954,1.68954,0.61538,1.9,1.34,TARGET,2026-07-08 02:38:00,2026-07-08 02:37:00,2026-07-08 02:38:00,8,28,85,1.3,0.8,5,required,closed_all,1.2,1.2
BUY,4128.92,4126.04666,4130.68821,4130.68821,1.76821,0.61538,2.16,0.64,TARGET,2026-07-08 02:42:00,2026-07-08 02:40:00,2026-07-08 02:41:00,8,28,85,1.3,0.8,5,required,closed_all,1.2,1.2
BUY,4128.6,4126.31989,4130.42409,4130.42409,1.82409,0.8,2.11,0.49,TARGET,2026-07-02 20:55:00,2026-07-02 20:54:00,2026-07-02 20:55:00,6,22,75,1.0,0.8,20,warning_only,closed_all,1.8,1.2
BUY,4128.89,4126.03404,4131.17477,4131.17477,2.28477,0.8,6.43,2.32,TARGET,2026-07-02 21:13:00,2026-07-02 21:09:00,2026-07-02 21:10:00,6,22,75,1.0,0.8,20,warning_only,closed_all,1.8,1.2
BUY,4187.79,4183.72381,4191.04295,4191.04295,3.25295,0.8,3.52,0.85,TARGET,2026-07-05 22:15:00,2026-07-05 22:13:00,2026-07-05 22:14:00,6,22,75,1.0,0.8,20,warning_only,closed_all,1.8,1.2
BUY,4188.14,4184.57074,4190.99541,4190.99541,2.85541,0.8,3.43,2.27,TARGET,2026-07-05 22:30:00,2026-07-05 22:27:00,2026-07-05 22:28:00,6,22,75,1.0,0.8,20,warning_only,closed_all,1.8,1.2
BUY,4155.65,4154.25198,4156.76842,4154.25198,-1.39802,-1.0,0.55,1.93,STOP,2026-07-06 09:00:00,2026-07-06 08:59:00,2026-07-06 09:00:00,6,22,75,1.0,0.8,20,warning_only,closed_all,1.8,1.2
BUY,4161.96,4160.94054,4162.77557,4162.77557,0.81557,0.8,1.28,0.57,TARGET,2026-07-06 16:29:00,2026-07-06 16:23:00,2026-07-06 16:24:00,6,22,75,1.0,0.8,20,warning_only,closed_all,1.8,1.2
BUY,4130.25,4128.51125,4131.641,4131.641,1.391,0.8,1.85,0.58,TARGET,2026-07-07 06:56:00,2026-07-07 06:55:00,2026-07-07 06:56:00,6,22,75,1.0,0.8,20,warning_only,closed_all,1.8,1.2
BUY,4108.98,4106.33815,4111.09348,4111.09348,2.11348,0.8,3.24,0.87,TARGET,2026-07-07 23:06:00,2026-07-07 23:05:00,2026-07-07 23:06:00,6,22,75,1.0,0.8,20,warning_only,closed_all,1.8,1.2
BUY,4112.22,4109.47328,4114.41738,4114.41738,2.19738,0.8,3.13,2.12,TARGET,2026-07-07 23:07:00,2026-07-07 23:06:00,2026-07-07 23:07:00,6,22,75,1.0,0.8,20,warning_only,closed_all,1.8,1.2
BUY,4126.98,4125.14792,4128.44567,4125.14792,-1.83208,-1.0,0.19,2.61,STOP,2026-07-08 01:30:00,2026-07-08 01:25:00,2026-07-08 01:26:00,6,22,75,1.0,0.8,20,warning_only,closed_all,1.8,1.2
BUY,4126.3,4124.57907,4127.67674,4124.57907,-1.72093,-1.0,0.82,1.93,STOP,2026-07-08 01:30:00,2026-07-08 01:27:00,2026-07-08 01:28:00,6,22,75,1.0,0.8,20,warning_only,closed_all,1.8,1.2
BUY,4127.05,4125.49483,4128.29413,4125.49483,-1.55517,-1.0,0.35,2.05,STOP,2026-07-08 02:03:00,2026-07-08 02:00:00,2026-07-08 02:01:00,6,22,75,1.0,0.8,20,warning_only,closed_all,1.8,1.2
BUY,4128.76,4126.86169,4130.27865,4126.86169,-1.89831,-1.0,0.21,2.44,STOP,2026-07-08 02:20:00,2026-07-08 02:18:00,2026-07-08 02:19:00,6,22,75,1.0,0.8,20,warning_only,closed_all,1.8,1.2
BUY,4128.26,4126.14808,4129.94954,4129.94954,1.68954,0.8,1.9,1.34,TARGET,2026-07-08 02:38:00,2026-07-08 02:37:00,2026-07-08 02:38:00,6,22,75,1.0,0.8,20,warning_only,closed_all,1.8,1.2
BUY,4128.92,4126.70974,4130.68821,4130.68821,1.76821,0.8,2.16,0.64,TARGET,2026-07-08 02:42:00,2026-07-08 02:40:00,2026-07-08 02:41:00,6,22,75,1.0,0.8,20,warning_only,closed_all,1.8,1.2
BUY,4078.04,4074.0538,4081.22896,4074.0538,-3.9862,-1.0,2.16,7.75,STOP,2026-07-08 10:42:00,2026-07-08 10:36:00,2026-07-08 10:37:00,6,22,75,1.0,0.8,20,warning_only,closed_all,1.8,1.2
BUY,4128.6,4124.95183,4130.88011,4130.88011,2.28011,0.625,3.12,1.59,TARGET,2026-07-02 20:56:00,2026-07-02 20:54:00,2026-07-02 20:55:00,5,35,60,1.6,1.0,20,warning_only,closed_all,1.8,1.2
BUY,4183.17,4180.31953,4184.95154,4180.31953,-2.85047,-1.0,0.61,3.12,STOP,2026-07-03 00:21:00,2026-07-03 00:13:00,2026-07-03 00:14:00,5,35,60,1.6,1.0,20,warning_only,closed_all,1.8,1.2
BUY,4185.64,4179.83953,4189.26529,4189.26529,3.62529,0.625,4.02,1.32,TARGET,2026-07-05 22:28:00,2026-07-05 22:25:00,2026-07-05 22:26:00,5,35,60,1.6,1.0,20,warning_only,closed_all,1.8,1.2
BUY,4187.16,4181.44928,4190.7292,4190.7292,3.5692,0.625,4.41,2.59,TARGET,2026-07-05 22:30:00,2026-07-05 22:26:00,2026-07-05 22:27:00,5,35,60,1.6,1.0,20,warning_only,closed_all,1.8,1.2
BUY,4188.14,4182.42919,4191.70926,4191.70926,3.56926,0.625,6.24,2.27,TARGET,2026-07-05 22:32:00,2026-07-05 22:27:00,2026-07-05 22:28:00,5,35,60,1.6,1.0,20,warning_only,closed_all,1.8,1.2
BUY,4155.65,4153.41317,4157.04802,4157.04802,1.39802,0.625,1.72,1.93,TARGET,2026-07-06 09:02:00,2026-07-06 08:59:00,2026-07-06 09:00:00,5,35,60,1.6,1.0,20,warning_only,closed_all,1.8,1.2
BUY,4156.2,4153.83951,4157.6753,4157.6753,1.4753,0.625,2.05,1.0,TARGET,2026-07-06 09:03:00,2026-07-06 09:00:00,2026-07-06 09:01:00,5,35,60,1.6,1.0,20,warning_only,closed_all,1.8,1.2
BUY,4161.96,4160.32887,4162.97946,4162.97946,1.01946,0.625,1.28,0.57,TARGET,2026-07-06 16:29:00,2026-07-06 16:23:00,2026-07-06 16:24:00,5,35,60,1.6,1.0,20,warning_only,closed_all,1.8,1.2
BUY,4162.39,4160.8541,4163.34994,4160.8541,-1.5359,-1.0,0.85,2.28,STOP,2026-07-06 16:35:00,2026-07-06 16:26:00,2026-07-06 16:27:00,5,35,60,1.6,1.0,20,warning_only,closed_all,1.8,1.2
BUY,4162.71,4161.16429,4163.67607,4161.16429,-1.54571,-1.0,0.53,2.6,STOP,2026-07-06 16:35:00,2026-07-06 16:28:00,2026-07-06 16:29:00,5,35,60,1.6,1.0,20,warning_only,closed_all,1.8,1.2
BUY,4162.82,4160.96595,4163.97878,4163.97878,1.15878,0.625,1.68,0.81,TARGET,2026-07-06 17:00:00,2026-07-06 16:58:00,2026-07-06 16:59:00,5,35,60,1.6,1.0,20,warning_only,closed_all,1.8,1.2
BUY,4130.22,4127.32246,4132.03096,4132.03096,1.81096,0.625,1.88,0.77,TARGET,2026-07-07 06:56:00,2026-07-07 06:54:00,2026-07-07 06:55:00,5,35,60,1.6,1.0,20,warning_only,closed_all,1.8,1.2
BUY,4130.25,4127.468,4131.98875,4131.98875,1.73875,0.625,1.85,0.58,TARGET,2026-07-07 06:56:00,2026-07-07 06:55:00,2026-07-07 06:56:00,5,35,60,1.6,1.0,20,warning_only,closed_all,1.8,1.2
BUY,4135.55,4133.55197,4136.79877,4133.55197,-1.99803,-1.0,0.36,2.0,STOP,2026-07-07 08:00:00,2026-07-07 07:59:00,2026-07-07 08:00:00,5,35,60,1.6,1.0,20,warning_only,closed_all,1.8,1.2
BUY,4108.98,4104.75303,4111.62185,4111.62185,2.64185,0.625,3.24,0.87,TARGET,2026-07-07 23:06:00,2026-07-07 23:05:00,2026-07-07 23:06:00,5,35,60,1.6,1.0,20,warning_only,closed_all,1.8,1.2
BUY,4112.22,4107.82525,4114.96672,4114.96672,2.74672,0.625,3.13,2.12,TARGET,2026-07-07 23:07:00,2026-07-07 23:06:00,2026-07-07 23:07:00,5,35,60,1.6,1.0,20,warning_only,closed_all,1.8,1.2
BUY,4126.98,4124.04867,4128.81208,4124.04867,-2.93133,-1.0,1.17,3.09,STOP,2026-07-08 01:42:00,2026-07-08 01:25:00,2026-07-08 01:26:00,5,35,60,1.6,1.0,20,warning_only,closed_all,1.8,1.2
BUY,4126.3,4123.54652,4128.02093,4128.02093,1.72093,0.625,1.85,1.93,TARGET,2026-07-08 01:32:00,2026-07-08 01:27:00,2026-07-08 01:28:00,5,35,60,1.6,1.0,20,warning_only,closed_all,1.8,1.2
BUY,4127.05,4124.56173,4128.60517,4128.60517,1.55517,0.625,3.55,2.05,TARGET,2026-07-08 02:05:00,2026-07-08 02:00:00,2026-07-08 02:01:00,5,35,60,1.6,1.0,20,warning_only,closed_all,1.8,1.2
BUY,4128.76,4125.7227,4130.65831,4125.7227,-3.0373,-1.0,0.21,5.07,STOP,2026-07-08 02:21:00,2026-07-08 02:18:00,2026-07-08 02:19:00,5,35,60,1.6,1.0,20,warning_only,closed_all,1.8,1.2
BUY,4128.92,4125.38358,4131.13026,4131.13026,2.21026,0.625,2.7,0.64,TARGET,2026-07-08 02:43:00,2026-07-08 02:40:00,2026-07-08 02:41:00,5,35,60,1.6,1.0,20,warning_only,closed_all,1.8,1.2
BUY,4129.73,4126.28046,4131.88596,4126.28046,-3.44954,-1.0,1.89,4.18,STOP,2026-07-08 02:48:00,2026-07-08 02:41:00,2026-07-08 02:42:00,5,35,60,1.6,1.0,20,warning_only,closed_all,1.8,1.2
BUY,4078.04,4071.66208,4082.0262,4071.66208,-6.37792,-1.0,2.16,7.75,STOP,2026-07-08 10:42:00,2026-07-08 10:36:00,2026-07-08 10:37:00,5,35,60,1.6,1.0,20,warning_only,closed_all,1.8,1.2
BUY,4185.64,4180.92712,4190.35288,4190.35288,4.71288,1.0,5.93,1.32,TARGET,2026-07-05 22:30:00,2026-07-05 22:25:00,2026-07-05 22:26:00,3,35,71,1.3,1.3,10,required,closed_all,0.8,0.8
BUY,4187.16,4182.52004,4191.79996,4191.79996,4.63996,1.0,7.22,2.59,TARGET,2026-07-05 22:32:00,2026-07-05 22:26:00,2026-07-05 22:27:00,3,35,71,1.3,1.3,10,required,closed_all,0.8,0.8
BUY,4127.19,4124.39931,4129.98069,4129.98069,2.79069,1.0,2.97,0.59,TARGET,2026-07-08 02:38:00,2026-07-08 02:36:00,2026-07-08 02:37:00,3,35,71,1.3,1.3,10,required,closed_all,0.8,0.8
BUY,4128.26,4125.5145,4131.0055,4131.0055,2.7455,1.0,2.82,1.7,TARGET,2026-07-08 02:42:00,2026-07-08 02:37:00,2026-07-08 02:38:00,3,35,71,1.3,1.3,10,required,closed_all,0.8,0.8
BUY,4128.02,4125.56569,4130.47431,4125.56569,-2.45431,-1.0,1.17,3.48,STOP,2026-07-08 03:02:00,2026-07-08 02:56:00,2026-07-08 02:57:00,3,35,71,1.3,1.3,10,required,closed_all,0.8,0.8
BUY,4187.16,4181.44928,4190.01536,4190.01536,2.85536,0.5,4.41,2.59,TARGET,2026-07-05 22:30:00,2026-07-05 22:26:00,2026-07-05 22:27:00,4,30,72,1.6,0.8,10,required,closed_all,1.2,0.8
BUY,4161.96,4160.32887,4162.77557,4162.77557,0.81557,0.5,1.28,0.57,TARGET,2026-07-06 16:29:00,2026-07-06 16:23:00,2026-07-06 16:24:00,4,30,72,1.6,0.8,10,required,closed_all,1.2,0.8
BUY,4128.26,4124.88093,4129.94954,4129.94954,1.68954,0.5,1.9,1.34,TARGET,2026-07-08 02:38:00,2026-07-08 02:37:00,2026-07-08 02:38:00,4,30,72,1.6,0.8,10,required,closed_all,1.2,0.8
BUY,4128.02,4124.99931,4129.53035,4124.99931,-3.02069,-1.0,1.17,3.48,STOP,2026-07-08 03:02:00,2026-07-08 02:56:00,2026-07-08 02:57:00,4,30,72,1.6,0.8,10,required,closed_all,1.2,0.8
BUY,4187.79,4182.50396,4191.85619,4191.85619,4.06619,0.76923,4.99,0.85,TARGET,2026-07-05 22:16:00,2026-07-05 22:13:00,2026-07-05 22:14:00,4,27,75,1.3,1.0,20,required,closed_all,1.2,1.2
BUY,4187.16,4182.52004,4190.7292,4190.7292,3.5692,0.76923,4.41,2.59,TARGET,2026-07-05 22:30:00,2026-07-05 22:26:00,2026-07-05 22:27:00,4,27,75,1.3,1.0,20,required,closed_all,1.2,1.2
BUY,4188.14,4183.49996,4191.70926,4191.70926,3.56926,0.76923,6.24,2.27,TARGET,2026-07-05 22:32:00,2026-07-05 22:27:00,2026-07-05 22:28:00,4,27,75,1.3,1.0,20,required,closed_all,1.2,1.2
BUY,4161.96,4160.63471,4162.97946,4162.97946,1.01946,0.76923,1.28,0.57,TARGET,2026-07-06 16:29:00,2026-07-06 16:23:00,2026-07-06 16:24:00,4,27,75,1.3,1.0,20,required,closed_all,1.2,1.2
BUY,4126.3,4124.06279,4128.02093,4128.02093,1.72093,0.76923,1.85,1.93,TARGET,2026-07-08 01:32:00,2026-07-08 01:27:00,2026-07-08 01:28:00,4,27,75,1.3,1.0,20,required,closed_all,1.2,1.2
BUY,4128.26,4125.5145,4130.37192,4130.37192,2.11192,0.76923,2.82,1.7,TARGET,2026-07-08 02:42:00,2026-07-08 02:37:00,2026-07-08 02:38:00,4,27,75,1.3,1.0,20,required,closed_all,1.2,1.2
BUY,4128.92,4126.04666,4131.13026,4131.13026,2.21026,0.76923,2.7,0.64,TARGET,2026-07-08 02:43:00,2026-07-08 02:40:00,2026-07-08 02:41:00,4,27,75,1.3,1.0,20,required,closed_all,1.2,1.2
BUY,4129.43,4126.51881,4131.66938,4126.51881,-2.91119,-1.0,1.25,3.19,STOP,2026-07-02 20:52:00,2026-07-02 20:47:00,2026-07-02 20:48:00,3,28,63,1.3,1.0,30,required,closed_all,0.8,2.0
BUY,4130.59,4127.73539,4132.78585,4127.73539,-2.85461,-1.0,0.09,3.38,STOP,2026-07-02 20:51:00,2026-07-02 20:48:00,2026-07-02 20:49:00,3,28,63,1.3,1.0,30,required,closed_all,0.8,2.0
BUY,4134.23,4130.44953,4137.13806,4137.13806,2.90806,0.76923,3.54,1.31,TARGET,2026-07-02 21:21:00,2026-07-02 21:17:00,2026-07-02 21:18:00,3,28,63,1.3,1.0,30,required,closed_all,0.8,2.0
BUY,4135.16,4131.44156,4138.02034,4138.02034,2.86034,0.76923,3.34,1.83,TARGET,2026-07-02 21:22:00,2026-07-02 21:18:00,2026-07-02 21:19:00,3,28,63,1.3,1.0,30,required,closed_all,0.8,2.0
BUY,4181.41,4178.79438,4183.42201,4183.42201,2.01201,0.76923,4.06,2.17,TARGET,2026-07-02 23:38:00,2026-07-02 23:33:00,2026-07-02 23:34:00,3,28,63,1.3,1.0,30,required,closed_all,0.8,2.0
BUY,4173.47,4171.09479,4175.29708,4171.09479,-2.37521,-1.0,0.91,2.68,STOP,2026-07-03 03:56:00,2026-07-03 03:52:00,2026-07-03 03:53:00,3,28,63,1.3,1.0,30,required,closed_all,0.8,2.0
BUY,4175.29,4173.04139,4177.0197,4177.0197,1.7297,0.76923,2.93,1.62,TARGET,2026-07-03 04:34:00,2026-07-03 04:29:00,2026-07-03 04:30:00,3,28,63,1.3,1.0,30,required,closed_all,0.8,2.0
BUY,4175.91,4173.6151,4177.6753,4177.6753,1.7653,0.76923,2.31,0.27,TARGET,2026-07-03 04:34:00,2026-07-03 04:33:00,2026-07-03 04:34:00,3,28,63,1.3,1.0,30,required,closed_all,0.8,2.0
BUY,4179.44,4177.91046,4180.61657,4177.91046,-1.52954,-1.0,0.1,2.02,STOP,2026-07-03 08:07:00,2026-07-03 08:05:00,2026-07-03 08:06:00,3,28,63,1.3,1.0,30,required,closed_all,0.8,2.0
BUY,4179.31,4175.99248,4181.86194,4181.86194,2.55194,0.76923,3.12,0.32,TARGET,2026-07-05 19:23:00,2026-07-05 19:20:00,2026-07-05 19:21:00,3,28,63,1.3,1.0,30,required,closed_all,0.8,2.0
BUY,4189.3,4184.17239,4193.24432,4184.17239,-5.12761,-1.0,3.48,6.09,STOP,2026-07-05 22:21:00,2026-07-05 22:14:00,2026-07-05 22:15:00,3,28,63,1.3,1.0,30,required,closed_all,0.8,2.0
BUY,4191.31,4186.27193,4195.18544,4186.27193,-5.03807,-1.0,1.47,5.52,STOP,2026-07-05 22:17:00,2026-07-05 22:15:00,2026-07-05 22:16:00,3,28,63,1.3,1.0,30,required,closed_all,0.8,2.0
BUY,4187.16,4182.52004,4190.7292,4190.7292,3.5692,0.76923,4.41,2.59,TARGET,2026-07-05 22:30:00,2026-07-05 22:26:00,2026-07-05 22:27:00,3,28,63,1.3,1.0,30,required,closed_all,0.8,2.0
BUY,4189.71,4185.14465,4193.22181,4193.22181,3.51181,0.76923,4.67,2.34,TARGET,2026-07-05 22:32:00,2026-07-05 22:29:00,2026-07-05 22:30:00,3,28,63,1.3,1.0,30,required,closed_all,0.8,2.0
BUY,4190.51,4185.96533,4194.0059,4194.0059,3.4959,0.76923,3.87,1.33,TARGET,2026-07-05 22:32:00,2026-07-05 22:31:00,2026-07-05 22:32:00,3,28,63,1.3,1.0,30,required,closed_all,0.8,2.0
BUY,4162.96,4162.08751,4163.63115,4163.63115,0.67115,0.76923,1.44,0.59,TARGET,2026-07-06 17:33:00,2026-07-06 17:28:00,2026-07-06 17:29:00,3,28,63,1.3,1.0,30,required,closed_all,0.8,2.0
BUY,4163.33,4162.55829,4163.92363,4163.92363,0.59363,0.76923,0.82,0.2,TARGET,2026-07-06 17:51:00,2026-07-06 17:47:00,2026-07-06 17:48:00,3,28,63,1.3,1.0,30,required,closed_all,0.8,2.0
BUY,4166.33,4165.46171,4166.99791,4166.99791,0.66791,0.76923,1.17,0.3,TARGET,2026-07-06 19:32:00,2026-07-06 19:30:00,2026-07-06 19:31:00,3,28,63,1.3,1.0,30,required,closed_all,0.8,2.0
BUY,4170.2,4166.1539,4173.31239,4166.1539,-4.0461,-1.0,2.2,4.81,STOP,2026-07-07 10:24:00,2026-07-07 10:16:00,2026-07-07 10:17:00,3,28,63,1.3,1.0,30,required,closed_all,0.8,2.0
BUY,4129.73,4126.92725,4131.88596,4126.92725,-2.80275,-1.0,1.89,4.18,STOP,2026-07-08 02:48:00,2026-07-08 02:41:00,2026-07-08 02:42:00,3,28,63,1.3,1.0,30,required,closed_all,0.8,2.0
BUY,4128.02,4125.56569,4129.90793,4125.56569,-2.45431,-1.0,1.17,3.48,STOP,2026-07-08 03:02:00,2026-07-08 02:56:00,2026-07-08 02:57:00,3,28,63,1.3,1.0,30,required,closed_all,0.8,2.0
BUY,4130.85,4128.19845,4132.88966,4132.88966,2.03966,0.76923,2.66,0.99,TARGET,2026-07-08 03:24:00,2026-07-08 03:21:00,2026-07-08 03:22:00,3,28,63,1.3,1.0,30,required,closed_all,0.8,2.0
BUY,4131.4,4128.85172,4133.36021,4133.36021,1.96021,0.76923,2.11,0.44,TARGET,2026-07-08 03:24:00,2026-07-08 03:23:00,2026-07-08 03:24:00,3,28,63,1.3,1.0,30,required,closed_all,0.8,2.0
BUY,4134.23,4130.44953,4138.01047,4138.01047,3.78047,1.0,4.27,1.31,TARGET,2026-07-02 21:22:00,2026-07-02 21:17:00,2026-07-02 21:18:00,5,20,88,1.3,1.3,30,warning_only,closed_all,0.8,2.0
BUY,4173.47,4171.09479,4175.84521,4171.09479,-2.37521,-1.0,0.91,2.68,STOP,2026-07-03 03:56:00,2026-07-03 03:52:00,2026-07-03 03:53:00,5,20,88,1.3,1.3,30,warning_only,closed_all,0.8,2.0
BUY,4175.29,4173.04139,4177.53861,4177.53861,2.24861,1.0,2.93,1.62,TARGET,2026-07-03 04:34:00,2026-07-03 04:29:00,2026-07-03 04:30:00,5,20,88,1.3,1.3,30,warning_only,closed_all,0.8,2.0
BUY,4175.91,4173.6151,4178.2049,4178.2049,2.2949,1.0,2.31,0.27,TARGET,2026-07-03 04:34:00,2026-07-03 04:33:00,2026-07-03 04:34:00,5,20,88,1.3,1.3,30,warning_only,closed_all,0.8,2.0
BUY,4179.44,4177.91046,4180.96954,4177.91046,-1.52954,-1.0,0.1,2.02,STOP,2026-07-03 08:07:00,2026-07-03 08:05:00,2026-07-03 08:06:00,5,20,88,1.3,1.3,30,warning_only,closed_all,0.8,2.0
BUY,4189.3,4184.17239,4194.42761,4184.17239,-5.12761,-1.0,3.48,6.09,STOP,2026-07-05 22:21:00,2026-07-05 22:14:00,2026-07-05 22:15:00,5,20,88,1.3,1.3,30,warning_only,closed_all,0.8,2.0
BUY,4191.31,4186.27193,4196.34807,4186.27193,-5.03807,-1.0,1.47,5.52,STOP,2026-07-05 22:17:00,2026-07-05 22:15:00,2026-07-05 22:16:00,5,20,88,1.3,1.3,30,warning_only,closed_all,0.8,2.0
BUY,4189.71,4185.14465,4194.27535,4194.27535,4.56535,1.0,4.67,2.34,TARGET,2026-07-05 22:32:00,2026-07-05 22:29:00,2026-07-05 22:30:00,5,20,88,1.3,1.3,30,warning_only,closed_all,0.8,2.0
BUY,4190.51,4185.96533,4195.05467,4195.05467,4.54467,1.0,7.26,1.33,TARGET,2026-07-05 22:34:00,2026-07-05 22:31:00,2026-07-05 22:32:00,5,20,88,1.3,1.3,30,warning_only,closed_all,0.8,2.0
BUY,4156.92,4154.96432,4158.87568,4154.96432,-1.95568,-1.0,1.31,2.28,STOP,2026-07-06 09:10:00,2026-07-06 09:05:00,2026-07-06 09:06:00,5,20,88,1.3,1.3,30,warning_only,closed_all,0.8,2.0
BUY,4147.29,4145.43414,4149.14586,4149.14586,1.85586,1.0,2.22,0.29,TARGET,2026-07-06 13:37:00,2026-07-06 13:35:00,2026-07-06 13:36:00,5,20,88,1.3,1.3,30,warning_only,closed_all,0.8,2.0
BUY,4162.57,4161.39869,4163.74131,4163.74131,1.17131,1.0,1.19,0.62,TARGET,2026-07-06 16:49:00,2026-07-06 16:46:00,2026-07-06 16:47:00,5,20,88,1.3,1.3,30,warning_only,closed_all,0.8,2.0
BUY,4162.96,4162.08751,4163.83249,4163.83249,0.87249,1.0,1.44,0.59,TARGET,2026-07-06 17:33:00,2026-07-06 17:28:00,2026-07-06 17:29:00,5,20,88,1.3,1.3,30,warning_only,closed_all,0.8,2.0
BUY,4163.33,4162.55829,4164.10171,4164.10171,0.77171,1.0,0.82,0.2,TARGET,2026-07-06 17:51:00,2026-07-06 17:47:00,2026-07-06 17:48:00,5,20,88,1.3,1.3,30,warning_only,closed_all,0.8,2.0
BUY,4131.76,4129.44047,4134.07953,4129.44047,-2.31953,-1.0,1.89,3.65,STOP,2026-07-07 06:47:00,2026-07-07 06:43:00,2026-07-07 06:44:00,5,20,88,1.3,1.3,30,warning_only,closed_all,0.8,2.0
BUY,4132.27,4130.02904,4134.51096,4134.51096,2.24096,1.0,2.37,0.43,TARGET,2026-07-07 07:13:00,2026-07-07 07:02:00,2026-07-07 07:03:00,5,20,88,1.3,1.3,30,warning_only,closed_all,0.8,2.0
BUY,4133.13,4131.09613,4135.16387,4135.16387,2.03387,1.0,3.52,1.2,TARGET,2026-07-07 07:18:00,2026-07-07 07:06:00,2026-07-07 07:07:00,5,20,88,1.3,1.3,30,warning_only,closed_all,0.8,2.0
BUY,4108.98,4105.54559,4112.41441,4112.41441,3.43441,1.0,6.37,0.87,TARGET,2026-07-07 23:07:00,2026-07-07 23:05:00,2026-07-07 23:06:00,5,20,88,1.3,1.3,30,warning_only,closed_all,0.8,2.0
BUY,4126.3,4124.06279,4128.53721,4124.06279,-2.23721,-1.0,1.85,2.24,STOP,2026-07-08 01:41:00,2026-07-08 01:27:00,2026-07-08 01:28:00,5,20,88,1.3,1.3,30,warning_only,closed_all,0.8,2.0
BUY,4127.19,4124.39931,4129.98069,4129.98069,2.79069,1.0,2.97,0.59,TARGET,2026-07-08 02:38:00,2026-07-08 02:36:00,2026-07-08 02:37:00,5,20,88,1.3,1.3,30,warning_only,closed_all,0.8,2.0
BUY,4128.26,4125.5145,4131.0055,4131.0055,2.7455,1.0,2.82,1.7,TARGET,2026-07-08 02:42:00,2026-07-08 02:37:00,2026-07-08 02:38:00,5,20,88,1.3,1.3,30,warning_only,closed_all,0.8,2.0
BUY,4129.73,4126.92725,4132.53275,4126.92725,-2.80275,-1.0,1.89,4.18,STOP,2026-07-08 02:48:00,2026-07-08 02:41:00,2026-07-08 02:42:00,5,20,88,1.3,1.3,30,warning_only,closed_all,0.8,2.0
BUY,4130.85,4128.19845,4133.50155,4133.50155,2.65155,1.0,2.66,0.99,TARGET,2026-07-08 03:24:00,2026-07-08 03:21:00,2026-07-08 03:22:00,5,20,88,1.3,1.3,30,warning_only,closed_all,0.8,2.0
BUY,4177.27,4175.40861,4178.78238,4178.78238,1.51238,0.8125,1.71,1.82,TARGET,2026-07-03 08:04:00,2026-07-03 07:56:00,2026-07-03 07:57:00,3,22,86,1.6,1.3,10,required,closed_all,1.8,0.8
BUY,4178.03,4176.2331,4179.48998,4179.48998,1.45998,0.8125,1.51,1.36,TARGET,2026-07-03 08:06:00,2026-07-03 08:03:00,2026-07-03 08:04:00,3,22,86,1.6,1.3,10,required,closed_all,1.8,0.8
BUY,4187.16,4181.44928,4191.79996,4191.79996,4.63996,0.8125,7.22,2.59,TARGET,2026-07-05 22:32:00,2026-07-05 22:26:00,2026-07-05 22:27:00,3,22,86,1.6,1.3,10,required,closed_all,1.8,0.8
BUY,4127.19,4123.75531,4129.98069,4129.98069,2.79069,0.8125,2.97,0.59,TARGET,2026-07-08 02:38:00,2026-07-08 02:36:00,2026-07-08 02:37:00,3,22,86,1.6,1.3,10,required,closed_all,1.8,0.8
BUY,4128.26,4124.88093,4131.0055,4131.0055,2.7455,0.8125,2.82,1.7,TARGET,2026-07-08 02:42:00,2026-07-08 02:37:00,2026-07-08 02:38:00,3,22,86,1.6,1.3,10,required,closed_all,1.8,0.8
BUY,4128.02,4124.99931,4130.47431,4124.99931,-3.02069,-1.0,1.17,3.48,STOP,2026-07-08 03:02:00,2026-07-08 02:56:00,2026-07-08 02:57:00,3,22,86,1.6,1.3,10,required,closed_all,1.8,0.8
BUY,4128.89,4125.17725,4131.17477,4131.17477,2.28477,0.61538,6.43,2.32,TARGET,2026-07-02 21:13:00,2026-07-02 21:09:00,2026-07-02 21:10:00,6,31,72,1.3,0.8,5,warning_only,closed_all,1.8,0.8
BUY,4185.64,4180.92712,4188.54024,4188.54024,2.90024,0.61538,4.02,1.32,TARGET,2026-07-05 22:28:00,2026-07-05 22:25:00,2026-07-05 22:26:00,6,31,72,1.3,0.8,5,warning_only,closed_all,1.8,0.8
BUY,4187.16,4182.52004,4190.01536,4190.01536,2.85536,0.61538,4.41,2.59,TARGET,2026-07-05 22:30:00,2026-07-05 22:26:00,2026-07-05 22:27:00,6,31,72,1.3,0.8,5,warning_only,closed_all,1.8,0.8
BUY,4108.98,4105.54559,4111.09348,4111.09348,2.11348,0.61538,3.24,0.87,TARGET,2026-07-07 23:06:00,2026-07-07 23:05:00,2026-07-07 23:06:00,6,31,72,1.3,0.8,5,warning_only,closed_all,1.8,0.8
BUY,4127.19,4124.39931,4128.90735,4128.90735,1.71735,0.61538,2.97,0.59,TARGET,2026-07-08 02:38:00,2026-07-08 02:36:00,2026-07-08 02:37:00,6,31,72,1.3,0.8,5,warning_only,closed_all,1.8,0.8
BUY,4128.26,4125.5145,4129.94954,4129.94954,1.68954,0.61538,1.9,1.34,TARGET,2026-07-08 02:38:00,2026-07-08 02:37:00,2026-07-08 02:38:00,6,31,72,1.3,0.8,5,warning_only,closed_all,1.8,0.8
BUY,4078.04,4072.85794,4081.22896,4077.91,-0.13,-0.02509,2.16,3.58,TIME_EXIT,2026-07-08 10:41:00,2026-07-08 10:36:00,2026-07-08 10:37:00,6,31,72,1.3,0.8,5,warning_only,closed_all,1.8,0.8
BUY,4187.16,4183.5908,4191.79996,4191.79996,4.63996,1.3,7.22,2.59,TARGET,2026-07-05 22:32:00,2026-07-05 22:26:00,2026-07-05 22:27:00,6,26,99,1.0,1.3,20,required,closed_all,0.8,1.2
BUY,4129.43,4126.51881,4132.34119,4126.51881,-2.91119,-1.0,1.25,3.19,STOP,2026-07-02 20:52:00,2026-07-02 20:47:00,2026-07-02 20:48:00,4,28,62,1.3,1.3,5,warning_only,closed_all,0.8,2.0
BUY,4130.59,4127.73539,4133.44461,4127.73539,-2.85461,-1.0,0.09,3.38,STOP,2026-07-02 20:51:00,2026-07-02 20:48:00,2026-07-02 20:49:00,4,28,62,1.3,1.3,5,warning_only,closed_all,0.8,2.0
BUY,4134.23,4130.44953,4138.01047,4138.01047,3.78047,1.0,4.27,1.31,TARGET,2026-07-02 21:22:00,2026-07-02 21:17:00,2026-07-02 21:18:00,4,28,62,1.3,1.3,5,warning_only,closed_all,0.8,2.0
BUY,4135.16,4131.44156,4138.87844,4138.87844,3.71844,1.0,5.73,1.83,TARGET,2026-07-02 21:23:00,2026-07-02 21:18:00,2026-07-02 21:19:00,4,28,62,1.3,1.3,5,warning_only,closed_all,0.8,2.0
BUY,4181.41,4178.79438,4184.02562,4184.02562,2.61562,1.0,4.06,2.17,TARGET,2026-07-02 23:38:00,2026-07-02 23:33:00,2026-07-02 23:34:00,4,28,62,1.3,1.3,5,warning_only,closed_all,0.8,2.0
BUY,4173.47,4171.09479,4175.84521,4171.09479,-2.37521,-1.0,0.91,2.68,STOP,2026-07-03 03:56:00,2026-07-03 03:52:00,2026-07-03 03:53:00,4,28,62,1.3,1.3,5,warning_only,closed_all,0.8,2.0
BUY,4175.29,4173.04139,4177.53861,4177.53861,2.24861,1.0,2.93,1.62,TARGET,2026-07-03 04:34:00,2026-07-03 04:29:00,2026-07-03 04:30:00,4,28,62,1.3,1.3,5,warning_only,closed_all,0.8,2.0
BUY,4175.91,4173.6151,4178.2049,4178.2049,2.2949,1.0,2.31,0.27,TARGET,2026-07-03 04:34:00,2026-07-03 04:33:00,2026-07-03 04:34:00,4,28,62,1.3,1.3,5,warning_only,closed_all,0.8,2.0
BUY,4179.44,4177.91046,4180.96954,4177.91046,-1.52954,-1.0,0.1,2.02,STOP,2026-07-03 08:07:00,2026-07-03 08:05:00,2026-07-03 08:06:00,4,28,62,1.3,1.3,5,warning_only,closed_all,0.8,2.0
BUY,4179.31,4175.99248,4182.62752,4182.62752,3.31752,1.0,3.73,0.32,TARGET,2026-07-05 19:25:00,2026-07-05 19:20:00,2026-07-05 19:21:00,4,28,62,1.3,1.3,5,warning_only,closed_all,0.8,2.0
BUY,4189.3,4184.17239,4194.42761,4188.63,-0.67,-0.13067,3.48,5.08,TIME_EXIT,2026-07-05 22:19:00,2026-07-05 22:14:00,2026-07-05 22:15:00,4,28,62,1.3,1.3,5,warning_only,closed_all,0.8,2.0
BUY,4191.31,4186.27193,4196.34807,4186.27193,-5.03807,-1.0,1.47,5.52,STOP,2026-07-05 22:17:00,2026-07-05 22:15:00,2026-07-05 22:16:00,4,28,62,1.3,1.3,5,warning_only,closed_all,0.8,2.0
BUY,4187.16,4182.52004,4191.79996,4190.48,3.32,0.71552,4.41,2.59,TIME_EXIT,2026-07-05 22:31:00,2026-07-05 22:26:00,2026-07-05 22:27:00,4,28,62,1.3,1.3,5,warning_only,closed_all,0.8,2.0
BUY,4189.71,4185.14465,4194.27535,4194.27535,4.56535,1.0,4.67,2.34,TARGET,2026-07-05 22:32:00,2026-07-05 22:29:00,2026-07-05 22:30:00,4,28,62,1.3,1.3,5,warning_only,closed_all,0.8,2.0
BUY,4190.51,4185.96533,4195.05467,4195.05467,4.54467,1.0,7.26,1.33,TARGET,2026-07-05 22:34:00,2026-07-05 22:31:00,2026-07-05 22:32:00,4,28,62,1.3,1.3,5,warning_only,closed_all,0.8,2.0
BUY,4148.5,4146.31496,4150.68504,4146.31496,-2.18504,-1.0,0.09,2.87,STOP,2026-07-06 13:00:00,2026-07-06 12:57:00,2026-07-06 12:58:00,4,28,62,1.3,1.3,5,warning_only,closed_all,0.8,2.0
BUY,4148.59,4146.46818,4150.71182,4146.46818,-2.12182,-1.0,0.0,2.96,STOP,2026-07-06 13:00:00,2026-07-06 12:58:00,2026-07-06 12:59:00,4,28,62,1.3,1.3,5,warning_only,closed_all,0.8,2.0
BUY,4147.29,4145.43414,4149.14586,4149.14586,1.85586,1.0,2.22,0.29,TARGET,2026-07-06 13:37:00,2026-07-06 13:35:00,2026-07-06 13:36:00,4,28,62,1.3,1.3,5,warning_only,closed_all,0.8,2.0
BUY,4162.96,4162.08751,4163.83249,4163.83249,0.87249,1.0,1.44,0.59,TARGET,2026-07-06 17:33:00,2026-07-06 17:28:00,2026-07-06 17:29:00,4,28,62,1.3,1.3,5,warning_only,closed_all,0.8,2.0
BUY,4163.33,4162.55829,4164.10171,4164.10171,0.77171,1.0,0.82,0.2,TARGET,2026-07-06 17:51:00,2026-07-06 17:47:00,2026-07-06 17:48:00,4,28,62,1.3,1.3,5,warning_only,closed_all,0.8,2.0
BUY,4166.33,4165.46171,4167.19829,4167.19829,0.86829,1.0,1.17,0.3,TARGET,2026-07-06 19:32:00,2026-07-06 19:30:00,2026-07-06 19:31:00,4,28,62,1.3,1.3,5,warning_only,closed_all,0.8,2.0
BUY,4131.76,4129.44047,4134.07953,4129.44047,-2.31953,-1.0,1.89,3.65,STOP,2026-07-07 06:47:00,2026-07-07 06:43:00,2026-07-07 06:44:00,4,28,62,1.3,1.3,5,warning_only,closed_all,0.8,2.0
BUY,4130.22,4127.86575,4132.57425,4131.13,0.91,0.38653,2.06,0.77,TIME_EXIT,2026-07-07 06:59:00,2026-07-07 06:54:00,2026-07-07 06:55:00,4,28,62,1.3,1.3,5,warning_only,closed_all,0.8,2.0
BUY,4130.25,4127.98963,4132.51037,4132.51037,2.26037,1.0,3.52,0.58,TARGET,2026-07-07 07:00:00,2026-07-07 06:55:00,2026-07-07 06:56:00,4,28,62,1.3,1.3,5,warning_only,closed_all,0.8,2.0
BUY,4131.98,4129.72627,4134.23373,4132.65,0.67,0.29728,1.79,1.04,TIME_EXIT,2026-07-07 07:03:00,2026-07-07 06:58:00,2026-07-07 06:59:00,4,28,62,1.3,1.3,5,warning_only,closed_all,0.8,2.0
BUY,4132.27,4130.02904,4134.51096,4133.18,0.91,0.40608,1.58,0.43,TIME_EXIT,2026-07-07 07:07:00,2026-07-07 07:02:00,2026-07-07 07:03:00,4,28,62,1.3,1.3,5,warning_only,closed_all,0.8,2.0
BUY,4133.6,4131.6696,4135.5304,4135.5304,1.9304,1.0,3.05,0.39,TARGET,2026-07-07 07:18:00,2026-07-07 07:16:00,2026-07-07 07:17:00,4,28,62,1.3,1.3,5,warning_only,closed_all,0.8,2.0
BUY,4170.2,4166.1539,4174.2461,4171.55,1.35,0.33365,2.2,2.2,TIME_EXIT,2026-07-07 10:21:00,2026-07-07 10:16:00,2026-07-07 10:17:00,4,28,62,1.3,1.3,5,warning_only,closed_all,0.8,2.0
BUY,4108.98,4105.54559,4112.41441,4112.41441,3.43441,1.0,6.37,0.87,TARGET,2026-07-07 23:07:00,2026-07-07 23:05:00,2026-07-07 23:06:00,4,28,62,1.3,1.3,5,warning_only,closed_all,0.8,2.0
BUY,4126.3,4124.06279,4128.53721,4126.8,0.5,0.22349,1.85,1.93,TIME_EXIT,2026-07-08 01:32:00,2026-07-08 01:27:00,2026-07-08 01:28:00,4,28,62,1.3,1.3,5,warning_only,closed_all,0.8,2.0
BUY,4129.73,4126.92725,4132.53275,4129.19,-0.54,-0.19267,1.89,2.07,TIME_EXIT,2026-07-08 02:46:00,2026-07-08 02:41:00,2026-07-08 02:42:00,4,28,62,1.3,1.3,5,warning_only,closed_all,0.8,2.0
BUY,4128.02,4125.56569,4130.47431,4128.18,0.16,0.06519,1.17,1.59,TIME_EXIT,2026-07-08 03:01:00,2026-07-08 02:56:00,2026-07-08 02:57:00,4,28,62,1.3,1.3,5,warning_only,closed_all,0.8,2.0
BUY,4130.85,4128.19845,4133.50155,4133.50155,2.65155,1.0,2.66,0.99,TARGET,2026-07-08 03:24:00,2026-07-08 03:21:00,2026-07-08 03:22:00,4,28,62,1.3,1.3,5,warning_only,closed_all,0.8,2.0
BUY,4131.4,4128.85172,4133.94828,4130.37,-1.03,-0.40419,2.11,2.1,TIME_EXIT,2026-07-08 03:28:00,2026-07-08 03:23:00,2026-07-08 03:24:00,4,28,62,1.3,1.3,5,warning_only,closed_all,0.8,2.0
BUY,4069.52,4065.22665,4073.81335,4073.81335,4.29335,1.0,4.51,2.33,TARGET,2026-07-08 09:30:00,2026-07-08 09:25:00,2026-07-08 09:26:00,4,28,62,1.3,1.3,5,warning_only,closed_all,0.8,2.0
BUY,4070.34,4066.31096,4074.36904,4074.36904,4.02904,1.0,4.44,0.84,TARGET,2026-07-08 09:40:00,2026-07-08 09:38:00,2026-07-08 09:39:00,4,28,62,1.3,1.3,5,warning_only,closed_all,0.8,2.0
BUY,4129.43,4127.19062,4131.2215,4127.19062,-2.23938,-1.0,1.25,3.19,STOP,2026-07-02 20:52:00,2026-07-02 20:47:00,2026-07-02 20:48:00,6,31,73,1.0,0.8,10,required,closed_all,1.8,2.0
BUY,4130.59,4128.39415,4132.34668,4128.39415,-2.19585,-1.0,0.09,3.38,STOP,2026-07-02 20:51:00,2026-07-02 20:48:00,2026-07-02 20:49:00,6,31,73,1.0,0.8,10,required,closed_all,1.8,2.0
BUY,4130.63,4128.44671,4132.37663,4128.44671,-2.18329,-1.0,0.05,3.42,STOP,2026-07-02 20:51:00,2026-07-02 20:49:00,2026-07-02 20:50:00,6,31,73,1.0,0.8,10,required,closed_all,1.8,2.0
BUY,4128.6,4126.31989,4130.42409,4130.42409,1.82409,0.8,2.11,0.49,TARGET,2026-07-02 20:55:00,2026-07-02 20:54:00,2026-07-02 20:55:00,6,31,73,1.0,0.8,10,required,closed_all,1.8,2.0
BUY,4131.32,4128.51143,4133.56686,4128.51143,-2.80857,-1.0,1.38,2.84,STOP,2026-07-02 21:05:00,2026-07-02 21:03:00,2026-07-02 21:04:00,6,31,73,1.0,0.8,10,required,closed_all,1.8,2.0
BUY,4128.89,4126.03404,4131.17477,4131.17477,2.28477,0.8,6.43,2.32,TARGET,2026-07-02 21:13:00,2026-07-02 21:09:00,2026-07-02 21:10:00,6,31,73,1.0,0.8,10,required,closed_all,1.8,2.0
BUY,4134.23,4131.32194,4136.55645,4136.55645,2.32645,0.8,2.45,1.31,TARGET,2026-07-02 21:20:00,2026-07-02 21:17:00,2026-07-02 21:18:00,6,31,73,1.0,0.8,10,required,closed_all,1.8,2.0
BUY,4135.16,4132.29966,4137.44827,4137.44827,2.28827,0.8,2.61,1.83,TARGET,2026-07-02 21:21:00,2026-07-02 21:18:00,2026-07-02 21:19:00,6,31,73,1.0,0.8,10,required,closed_all,1.8,2.0
BUY,4183.17,4181.38846,4184.59523,4181.38846,-1.78154,-1.0,0.61,1.8,STOP,2026-07-03 00:16:00,2026-07-03 00:13:00,2026-07-03 00:14:00,6,31,73,1.0,0.8,10,required,closed_all,1.8,2.0
BUY,4180.51,4179.19864,4181.55909,4179.19864,-1.31136,-1.0,0.56,2.08,STOP,2026-07-03 02:09:00,2026-07-03 02:06:00,2026-07-03 02:07:00,6,31,73,1.0,0.8,10,required,closed_all,1.8,2.0
BUY,4174.16,4172.38318,4175.58146,4172.38318,-1.77682,-1.0,0.02,2.71,STOP,2026-07-03 04:00:00,2026-07-03 03:58:00,2026-07-03 03:59:00,6,31,73,1.0,0.8,10,required,closed_all,1.8,2.0
BUY,4173.66,4171.73767,4175.19786,4175.19786,1.53786,0.8,3.09,0.53,TARGET,2026-07-03 04:05:00,2026-07-03 04:03:00,2026-07-03 04:04:00,6,31,73,1.0,0.8,10,required,closed_all,1.8,2.0
BUY,4174.9,4172.98855,4176.42916,4176.42916,1.52916,0.8,1.85,0.44,TARGET,2026-07-03 04:05:00,2026-07-03 04:04:00,2026-07-03 04:05:00,6,31,73,1.0,0.8,10,required,closed_all,1.8,2.0
BUY,4175.29,4173.5603,4176.67376,4176.67376,1.38376,0.8,1.72,0.34,TARGET,2026-07-03 04:30:00,2026-07-03 04:29:00,2026-07-03 04:30:00,6,31,73,1.0,0.8,10,required,closed_all,1.8,2.0
BUY,4175.84,4174.01736,4177.29811,4177.29811,1.45811,0.8,2.38,0.95,TARGET,2026-07-03 04:34:00,2026-07-03 04:32:00,2026-07-03 04:33:00,6,31,73,1.0,0.8,10,required,closed_all,1.8,2.0
BUY,4175.91,4174.1447,4177.32224,4177.32224,1.41224,0.8,2.31,0.27,TARGET,2026-07-03 04:34:00,2026-07-03 04:33:00,2026-07-03 04:34:00,6,31,73,1.0,0.8,10,required,closed_all,1.8,2.0
BUY,4184.16,4182.44036,4185.53571,4182.44036,-1.71964,-1.0,1.11,3.83,STOP,2026-07-03 05:46:00,2026-07-03 05:44:00,2026-07-03 05:45:00,6,31,73,1.0,0.8,10,required,closed_all,1.8,2.0
BUY,4179.44,4178.26343,4180.38126,4178.26343,-1.17657,-1.0,0.1,1.47,STOP,2026-07-03 08:06:00,2026-07-03 08:05:00,2026-07-03 08:06:00,6,31,73,1.0,0.8,10,required,closed_all,1.8,2.0
BUY,4186.78,4184.5224,4188.58608,4188.58608,1.80608,0.8,2.83,1.99,TARGET,2026-07-05 19:57:00,2026-07-05 19:54:00,2026-07-05 19:55:00,6,31,73,1.0,0.8,10,required,closed_all,1.8,2.0
BUY,4191.06,4186.95522,4194.34383,4186.95522,-4.10478,-1.0,1.75,4.17,STOP,2026-07-05 22:04:00,2026-07-05 22:03:00,2026-07-05 22:04:00,6,31,73,1.0,0.8,10,required,closed_all,1.8,2.0
BUY,4187.79,4183.72381,4191.04295,4191.04295,3.25295,0.8,3.52,0.85,TARGET,2026-07-05 22:15:00,2026-07-05 22:13:00,2026-07-05 22:14:00,6,31,73,1.0,0.8,10,required,closed_all,1.8,2.0
BUY,4189.3,4185.35568,4192.45545,4192.45545,3.15545,0.8,3.48,0.97,TARGET,2026-07-05 22:16:00,2026-07-05 22:14:00,2026-07-05 22:15:00,6,31,73,1.0,0.8,10,required,closed_all,1.8,2.0
BUY,4191.31,4187.43456,4194.41035,4187.43456,-3.87544,-1.0,1.47,5.52,STOP,2026-07-05 22:17:00,2026-07-05 22:15:00,2026-07-05 22:16:00,6,31,73,1.0,0.8,10,required,closed_all,1.8,2.0
BUY,4188.85,4185.03247,4191.90402,4185.03247,-3.81753,-1.0,1.62,5.64,STOP,2026-07-05 22:21:00,2026-07-05 22:19:00,2026-07-05 22:20:00,6,31,73,1.0,0.8,10,required,closed_all,1.8,2.0
BUY,4185.64,4182.01471,4188.54024,4188.54024,2.90024,0.8,4.02,1.32,TARGET,2026-07-05 22:28:00,2026-07-05 22:25:00,2026-07-05 22:26:00,6,31,73,1.0,0.8,10,required,closed_all,1.8,2.0
BUY,4187.16,4183.5908,4190.01536,4190.01536,2.85536,0.8,4.41,2.59,TARGET,2026-07-05 22:30:00,2026-07-05 22:26:00,2026-07-05 22:27:00,6,31,73,1.0,0.8,10,required,closed_all,1.8,2.0
BUY,4188.14,4184.57074,4190.99541,4190.99541,2.85541,0.8,3.43,2.27,TARGET,2026-07-05 22:30:00,2026-07-05 22:27:00,2026-07-05 22:28:00,6,31,73,1.0,0.8,10,required,closed_all,1.8,2.0
BUY,4189.71,4186.19819,4192.51945,4192.51945,2.80945,0.8,4.67,2.34,TARGET,2026-07-05 22:32:00,2026-07-05 22:29:00,2026-07-05 22:30:00,6,31,73,1.0,0.8,10,required,closed_all,1.8,2.0
BUY,4190.51,4187.0141,4193.30672,4193.30672,2.79672,0.8,3.87,1.33,TARGET,2026-07-05 22:32:00,2026-07-05 22:31:00,2026-07-05 22:32:00,6,31,73,1.0,0.8,10,required,closed_all,1.8,2.0
BUY,4162.39,4161.43006,4163.15795,4163.15795,0.76795,0.8,0.85,0.84,TARGET,2026-07-06 16:29:00,2026-07-06 16:26:00,2026-07-06 16:27:00,6,31,73,1.0,0.8,10,required,closed_all,1.8,2.0
BUY,4162.71,4161.74393,4163.48285,4161.74393,-0.96607,-1.0,0.53,1.14,STOP,2026-07-06 16:30:00,2026-07-06 16:28:00,2026-07-06 16:29:00,6,31,73,1.0,0.8,10,required,closed_all,1.8,2.0
BUY,4162.71,4161.69776,4163.51979,4161.69776,-1.01224,-1.0,0.08,1.12,STOP,2026-07-06 16:33:00,2026-07-06 16:31:00,2026-07-06 16:32:00,6,31,73,1.0,0.8,10,required,closed_all,1.8,2.0
BUY,4162.57,4161.669,4163.2908,4163.2908,0.7208,0.8,1.19,0.62,TARGET,2026-07-06 16:49:00,2026-07-06 16:46:00,2026-07-06 16:47:00,6,31,73,1.0,0.8,10,required,closed_all,1.8,2.0
BUY,4163.8,4162.59613,4164.7631,4162.59613,-1.20387,-1.0,0.7,1.45,STOP,2026-07-06 17:03:00,2026-07-06 16:59:00,2026-07-06 17:00:00,6,31,73,1.0,0.8,10,required,closed_all,1.8,2.0
BUY,4162.75,4162.03601,4163.32119,4163.32119,0.57119,0.8,0.65,0.38,TARGET,2026-07-06 17:31:00,2026-07-06 17:26:00,2026-07-06 17:27:00,6,31,73,1.0,0.8,10,required,closed_all,1.8,2.0
BUY,4162.96,4162.28885,4163.49692,4163.49692,0.53692,0.8,1.44,0.59,TARGET,2026-07-06 17:33:00,2026-07-06 17:28:00,2026-07-06 17:29:00,6,31,73,1.0,0.8,10,required,closed_all,1.8,2.0
BUY,4163.33,4162.73637,4163.8049,4163.8049,0.4749,0.8,0.54,0.2,TARGET,2026-07-06 17:50:00,2026-07-06 17:47:00,2026-07-06 17:48:00,6,31,73,1.0,0.8,10,required,closed_all,1.8,2.0
BUY,4166.09,4165.40763,4166.63589,4166.63589,0.54589,0.8,0.83,0.24,TARGET,2026-07-06 19:31:00,2026-07-06 19:29:00,2026-07-06 19:30:00,6,31,73,1.0,0.8,10,required,closed_all,1.8,2.0
BUY,4136.65,4135.21076,4137.8014,4137.8014,1.1514,0.8,5.41,1.32,TARGET,2026-07-07 08:18:00,2026-07-07 08:16:00,2026-07-07 08:17:00,6,31,73,1.0,0.8,10,required,closed_all,1.8,2.0
BUY,4136.9,4135.45142,4138.05887,4138.05887,1.15887,0.8,5.16,0.04,TARGET,2026-07-07 08:18:00,2026-07-07 08:17:00,2026-07-07 08:18:00,6,31,73,1.0,0.8,10,required,closed_all,1.8,2.0
BUY,4170.2,4167.08761,4172.68991,4167.08761,-3.11239,-1.0,2.2,4.81,STOP,2026-07-07 10:24:00,2026-07-07 10:16:00,2026-07-07 10:17:00,6,31,73,1.0,0.8,10,required,closed_all,1.8,2.0
BUY,4127.37,4125.42062,4128.92951,4125.42062,-1.94938,-1.0,0.01,2.66,STOP,2026-07-08 01:25:00,2026-07-08 01:22:00,2026-07-08 01:23:00,6,31,73,1.0,0.8,10,required,closed_all,1.8,2.0
BUY,4126.98,4125.14792,4128.44567,4125.14792,-1.83208,-1.0,0.19,2.61,STOP,2026-07-08 01:30:00,2026-07-08 01:25:00,2026-07-08 01:26:00,6,31,73,1.0,0.8,10,required,closed_all,1.8,2.0
BUY,4126.3,4124.57907,4127.67674,4124.57907,-1.72093,-1.0,0.82,1.93,STOP,2026-07-08 01:30:00,2026-07-08 01:27:00,2026-07-08 01:28:00,6,31,73,1.0,0.8,10,required,closed_all,1.8,2.0
BUY,4127.05,4125.49483,4128.29413,4125.49483,-1.55517,-1.0,0.35,2.05,STOP,2026-07-08 02:03:00,2026-07-08 02:00:00,2026-07-08 02:01:00,6,31,73,1.0,0.8,10,required,closed_all,1.8,2.0
BUY,4127.94,4126.39918,4129.17266,4129.17266,1.23266,0.8,2.66,0.18,TARGET,2026-07-08 02:05:00,2026-07-08 02:04:00,2026-07-08 02:05:00,6,31,73,1.0,0.8,10,required,closed_all,1.8,2.0
BUY,4127.19,4125.04332,4128.90735,4128.90735,1.71735,0.8,2.97,0.59,TARGET,2026-07-08 02:38:00,2026-07-08 02:36:00,2026-07-08 02:37:00,6,31,73,1.0,0.8,10,required,closed_all,1.8,2.0
BUY,4128.26,4126.14808,4129.94954,4129.94954,1.68954,0.8,1.9,1.34,TARGET,2026-07-08 02:38:00,2026-07-08 02:37:00,2026-07-08 02:38:00,6,31,73,1.0,0.8,10,required,closed_all,1.8,2.0
BUY,4128.92,4126.70974,4130.68821,4130.68821,1.76821,0.8,2.16,0.64,TARGET,2026-07-08 02:42:00,2026-07-08 02:40:00,2026-07-08 02:41:00,6,31,73,1.0,0.8,10,required,closed_all,1.8,2.0
BUY,4129.73,4127.57404,4131.45477,4131.45477,1.72477,0.8,1.89,1.18,TARGET,2026-07-08 02:43:00,2026-07-08 02:41:00,2026-07-08 02:42:00,6,31,73,1.0,0.8,10,required,closed_all,1.8,2.0
BUY,4130.85,4128.81034,4132.48172,4132.48172,1.63172,0.8,2.66,0.99,TARGET,2026-07-08 03:24:00,2026-07-08 03:21:00,2026-07-08 03:22:00,6,31,73,1.0,0.8,10,required,closed_all,1.8,2.0
BUY,4178.03,4176.90694,4179.48998,4176.90694,-1.12306,-1.0,0.95,1.36,STOP,2026-07-03 08:04:00,2026-07-03 08:03:00,2026-07-03 08:04:00,4,26,93,1.0,1.3,30,required,closed_all,1.8,0.8
BUY,4187.16,4183.5908,4191.79996,4191.79996,4.63996,1.3,7.22,2.59,TARGET,2026-07-05 22:32:00,2026-07-05 22:26:00,2026-07-05 22:27:00,4,26,93,1.0,1.3,30,required,closed_all,1.8,0.8
BUY,4127.19,4125.04332,4129.98069,4129.98069,2.79069,1.3,2.97,0.59,TARGET,2026-07-08 02:38:00,2026-07-08 02:36:00,2026-07-08 02:37:00,4,26,93,1.0,1.3,30,required,closed_all,1.8,0.8
BUY,4128.26,4126.14808,4131.0055,4131.0055,2.7455,1.3,2.82,1.7,TARGET,2026-07-08 02:42:00,2026-07-08 02:37:00,2026-07-08 02:38:00,4,26,93,1.0,1.3,30,required,closed_all,1.8,0.8
BUY,4146.33,4144.97936,4148.08583,4147.17,0.84,0.62193,1.33,0.35,TIME_EXIT,2026-07-07 14:45:00,2026-07-07 14:40:00,2026-07-07 14:41:00,3,20,97,1.0,1.3,5,warning_only,closed_all,0.8,1.2
BUY,4108.98,4106.33815,4112.41441,4112.41441,3.43441,1.3,6.37,0.87,TARGET,2026-07-07 23:07:00,2026-07-07 23:05:00,2026-07-07 23:06:00,3,20,97,1.0,1.3,5,warning_only,closed_all,0.8,1.2
BUY,4127.19,4125.04332,4129.98069,4129.98069,2.79069,1.3,2.97,0.59,TARGET,2026-07-08 02:38:00,2026-07-08 02:36:00,2026-07-08 02:37:00,3,20,97,1.0,1.3,5,warning_only,closed_all,0.8,1.2
BUY,4128.26,4126.14808,4131.0055,4131.0055,2.7455,1.3,2.82,1.7,TARGET,2026-07-08 02:42:00,2026-07-08 02:37:00,2026-07-08 02:38:00,3,20,97,1.0,1.3,5,warning_only,closed_all,0.8,1.2
BUY,4128.02,4126.13207,4130.47431,4128.18,0.16,0.08475,1.17,1.59,TIME_EXIT,2026-07-08 03:01:00,2026-07-08 02:56:00,2026-07-08 02:57:00,3,20,97,1.0,1.3,5,warning_only,closed_all,0.8,1.2
BUY,4187.16,4182.52004,4191.79996,4191.79996,4.63996,1.0,7.22,2.59,TARGET,2026-07-05 22:32:00,2026-07-05 22:26:00,2026-07-05 22:27:00,3,28,99,1.3,1.3,15,warning_only,closed_all,0.8,1.2
BUY,4146.33,4144.57417,4148.08583,4144.57417,-1.75583,-1.0,1.33,2.93,STOP,2026-07-07 14:50:00,2026-07-07 14:40:00,2026-07-07 14:41:00,3,28,99,1.3,1.3,15,warning_only,closed_all,0.8,1.2
BUY,4108.98,4105.54559,4112.41441,4112.41441,3.43441,1.0,6.37,0.87,TARGET,2026-07-07 23:07:00,2026-07-07 23:05:00,2026-07-07 23:06:00,3,28,99,1.3,1.3,15,warning_only,closed_all,0.8,1.2
BUY,4127.19,4124.39931,4129.98069,4129.98069,2.79069,1.0,2.97,0.59,TARGET,2026-07-08 02:38:00,2026-07-08 02:36:00,2026-07-08 02:37:00,3,28,99,1.3,1.3,15,warning_only,closed_all,0.8,1.2
BUY,4128.26,4125.5145,4131.0055,4131.0055,2.7455,1.0,2.82,1.7,TARGET,2026-07-08 02:42:00,2026-07-08 02:37:00,2026-07-08 02:38:00,3,28,99,1.3,1.3,15,warning_only,closed_all,0.8,1.2
BUY,4128.02,4125.56569,4130.47431,4125.56569,-2.45431,-1.0,1.17,3.48,STOP,2026-07-08 03:02:00,2026-07-08 02:56:00,2026-07-08 02:57:00,3,28,99,1.3,1.3,15,warning_only,closed_all,0.8,1.2
BUY,4128.6,4126.31989,4131.56414,4131.56414,2.96414,1.3,3.12,1.59,TARGET,2026-07-02 20:56:00,2026-07-02 20:54:00,2026-07-02 20:55:00,7,25,76,1.0,1.3,20,warning_only,closed_all,1.8,1.2
BUY,4128.89,4126.03404,4132.60275,4132.60275,3.71275,1.3,6.43,2.32,TARGET,2026-07-02 21:13:00,2026-07-02 21:09:00,2026-07-02 21:10:00,7,25,76,1.0,1.3,20,warning_only,closed_all,1.8,1.2
BUY,4187.79,4183.72381,4193.07604,4183.72381,-4.06619,-1.0,4.99,4.58,STOP,2026-07-05 22:21:00,2026-07-05 22:13:00,2026-07-05 22:14:00,7,25,76,1.0,1.3,20,warning_only,closed_all,1.8,1.2
BUY,4185.64,4182.01471,4190.35288,4190.35288,4.71288,1.3,5.93,1.32,TARGET,2026-07-05 22:30:00,2026-07-05 22:25:00,2026-07-05 22:26:00,7,25,76,1.0,1.3,20,warning_only,closed_all,1.8,1.2
BUY,4187.16,4183.5908,4191.79996,4191.79996,4.63996,1.3,7.22,2.59,TARGET,2026-07-05 22:32:00,2026-07-05 22:26:00,2026-07-05 22:27:00,7,25,76,1.0,1.3,20,warning_only,closed_all,1.8,1.2
BUY,4188.14,4184.57074,4192.78004,4192.78004,4.64004,1.3,6.24,2.27,TARGET,2026-07-05 22:32:00,2026-07-05 22:27:00,2026-07-05 22:28:00,7,25,76,1.0,1.3,20,warning_only,closed_all,1.8,1.2
BUY,4155.65,4154.25198,4157.46743,4154.25198,-1.39802,-1.0,0.55,1.93,STOP,2026-07-06 09:00:00,2026-07-06 08:59:00,2026-07-06 09:00:00,7,25,76,1.0,1.3,20,warning_only,closed_all,1.8,1.2
BUY,4161.96,4160.94054,4163.28529,4160.94054,-1.01946,-1.0,1.28,1.85,STOP,2026-07-06 16:35:00,2026-07-06 16:23:00,2026-07-06 16:24:00,7,25,76,1.0,1.3,20,warning_only,closed_all,1.8,1.2
BUY,4130.25,4128.51125,4132.51037,4132.51037,2.26037,1.3,3.52,0.58,TARGET,2026-07-07 07:00:00,2026-07-07 06:55:00,2026-07-07 06:56:00,7,25,76,1.0,1.3,20,warning_only,closed_all,1.8,1.2
BUY,4108.98,4106.33815,4112.41441,4112.41441,3.43441,1.3,6.37,0.87,TARGET,2026-07-07 23:07:00,2026-07-07 23:05:00,2026-07-07 23:06:00,7,25,76,1.0,1.3,20,warning_only,closed_all,1.8,1.2
BUY,4112.22,4109.47328,4115.79074,4115.79074,3.57074,1.3,5.2,2.12,TARGET,2026-07-07 23:08:00,2026-07-07 23:06:00,2026-07-07 23:07:00,7,25,76,1.0,1.3,20,warning_only,closed_all,1.8,1.2
BUY,4126.98,4125.14792,4129.36171,4125.14792,-1.83208,-1.0,0.19,2.61,STOP,2026-07-08 01:30:00,2026-07-08 01:25:00,2026-07-08 01:26:00,7,25,76,1.0,1.3,20,warning_only,closed_all,1.8,1.2
BUY,4126.3,4124.57907,4128.53721,4124.57907,-1.72093,-1.0,0.82,1.93,STOP,2026-07-08 01:30:00,2026-07-08 01:27:00,2026-07-08 01:28:00,7,25,76,1.0,1.3,20,warning_only,closed_all,1.8,1.2
BUY,4127.05,4125.49483,4129.07172,4125.49483,-1.55517,-1.0,0.35,2.05,STOP,2026-07-08 02:03:00,2026-07-08 02:00:00,2026-07-08 02:01:00,7,25,76,1.0,1.3,20,warning_only,closed_all,1.8,1.2
BUY,4128.76,4126.86169,4131.2278,4126.86169,-1.89831,-1.0,0.21,2.44,STOP,2026-07-08 02:20:00,2026-07-08 02:18:00,2026-07-08 02:19:00,7,25,76,1.0,1.3,20,warning_only,closed_all,1.8,1.2
BUY,4128.26,4126.14808,4131.0055,4131.0055,2.7455,1.3,2.82,1.7,TARGET,2026-07-08 02:42:00,2026-07-08 02:37:00,2026-07-08 02:38:00,7,25,76,1.0,1.3,20,warning_only,closed_all,1.8,1.2
BUY,4128.92,4126.70974,4131.79334,4126.70974,-2.21026,-1.0,2.7,3.37,STOP,2026-07-08 02:48:00,2026-07-08 02:40:00,2026-07-08 02:41:00,7,25,76,1.0,1.3,20,warning_only,closed_all,1.8,1.2
BUY,4078.04,4074.0538,4083.22206,4074.0538,-3.9862,-1.0,2.16,7.75,STOP,2026-07-08 10:42:00,2026-07-08 10:36:00,2026-07-08 10:37:00,7,25,76,1.0,1.3,20,warning_only,closed_all,1.8,1.2
BUY,4134.23,4129.57711,4138.01047,4138.01047,3.78047,0.8125,4.27,1.31,TARGET,2026-07-02 21:22:00,2026-07-02 21:17:00,2026-07-02 21:18:00,6,36,88,1.6,1.3,15,warning_only,closed_all,0.8,2.0
BUY,4175.29,4172.52248,4177.53861,4177.53861,2.24861,0.8125,2.93,1.62,TARGET,2026-07-03 04:34:00,2026-07-03 04:29:00,2026-07-03 04:30:00,6,36,88,1.6,1.3,15,warning_only,closed_all,0.8,2.0
BUY,4175.91,4173.08551,4178.2049,4178.2049,2.2949,0.8125,2.31,0.27,TARGET,2026-07-03 04:34:00,2026-07-03 04:33:00,2026-07-03 04:34:00,6,36,88,1.6,1.3,15,warning_only,closed_all,0.8,2.0
BUY,4179.44,4177.55749,4180.96954,4177.55749,-1.88251,-1.0,0.1,2.02,STOP,2026-07-03 08:07:00,2026-07-03 08:05:00,2026-07-03 08:06:00,6,36,88,1.6,1.3,15,warning_only,closed_all,0.8,2.0
BUY,4189.3,4182.98909,4194.42761,4182.98909,-6.31091,-1.0,3.48,7.81,STOP,2026-07-05 22:22:00,2026-07-05 22:14:00,2026-07-05 22:15:00,6,36,88,1.6,1.3,15,warning_only,closed_all,0.8,2.0
BUY,4191.31,4185.1093,4196.34807,4185.1093,-6.2007,-1.0,1.47,7.09,STOP,2026-07-05 22:18:00,2026-07-05 22:15:00,2026-07-05 22:16:00,6,36,88,1.6,1.3,15,warning_only,closed_all,0.8,2.0
BUY,4185.64,4179.83953,4190.35288,4190.35288,4.71288,0.8125,5.93,1.32,TARGET,2026-07-05 22:30:00,2026-07-05 22:25:00,2026-07-05 22:26:00,6,36,88,1.6,1.3,15,warning_only,closed_all,0.8,2.0
BUY,4187.16,4181.44928,4191.79996,4191.79996,4.63996,0.8125,7.22,2.59,TARGET,2026-07-05 22:32:00,2026-07-05 22:26:00,2026-07-05 22:27:00,6,36,88,1.6,1.3,15,warning_only,closed_all,0.8,2.0
BUY,4189.71,4184.0911,4194.27535,4194.27535,4.56535,0.8125,4.67,2.34,TARGET,2026-07-05 22:32:00,2026-07-05 22:29:00,2026-07-05 22:30:00,6,36,88,1.6,1.3,15,warning_only,closed_all,0.8,2.0
BUY,4190.51,4184.91656,4195.05467,4195.05467,4.54467,0.8125,7.26,1.33,TARGET,2026-07-05 22:34:00,2026-07-05 22:31:00,2026-07-05 22:32:00,6,36,88,1.6,1.3,15,warning_only,closed_all,0.8,2.0
BUY,4156.92,4154.51301,4158.87568,4154.51301,-2.40699,-1.0,1.31,2.5,STOP,2026-07-06 09:11:00,2026-07-06 09:05:00,2026-07-06 09:06:00,6,36,88,1.6,1.3,15,warning_only,closed_all,0.8,2.0
